entry_date,day_of_week,status,skip_reason,expiry_date,expiry_type,spot_entry_timestamp,spot_entry_open,atm_strike,ce_contract_file,ce_entry_timestamp,ce_entry_open,ce_stop_price,ce_exit_timestamp,ce_exit_price,ce_exit_reason,ce_points_pnl,ce_gross_pnl,ce_brokerage,ce_net_pnl,pe_contract_file,pe_entry_timestamp,pe_entry_open,pe_stop_price,pe_exit_timestamp,pe_exit_price,pe_exit_reason,pe_points_pnl,pe_gross_pnl,pe_brokerage,pe_net_pnl,gross_pnl,brokerage,net_pnl,remarks
2025-01-01,Wednesday,TRADED,,2025-01-02,current_week,2025-01-01T09:20:00+05:30,23673.1,23650,NIFTY_23650_CE_02_JAN_25.csv,2025-01-01T09:20:00+05:30,129.69,259.38,2025-01-01T14:02:00+05:30,259.38,sl,-130.69,-9801.75,50.00,-9851.75,NIFTY_23650_PE_02_JAN_25.csv,2025-01-01T09:20:00+05:30,108.25,216.50,2025-01-01T15:20:00+05:30,69.00,day_close,38.25,2868.75,50.00,2818.75,-6933.00,100.00,-7033.00,
2025-01-02,Thursday,TRADED,,2025-01-09,next_week,2025-01-02T09:20:00+05:30,23788.2,23800,NIFTY_23800_CE_09_JAN_25.csv,2025-01-02T09:20:00+05:30,233.8,467.60,2025-01-02T14:51:00+05:30,467.60,sl,-234.80,-17610.00,50.00,-17660.00,NIFTY_23800_PE_09_JAN_25.csv,2025-01-02T09:20:00+05:30,223.4,446.80,2025-01-02T15:20:00+05:30,62.20,day_close,160.20,12015.00,50.00,11965.00,-5595.00,100.00,-5695.00,
2025-01-03,Friday,TRADED,,2025-01-09,current_week,2025-01-03T09:20:00+05:30,24176.05,24200,NIFTY_24200_CE_09_JAN_25.csv,2025-01-03T09:20:00+05:30,167.75,335.50,2025-01-03T15:20:00+05:30,78.84,day_close,87.91,6593.25,50.00,6543.25,NIFTY_24200_PE_09_JAN_25.csv,2025-01-03T09:20:00+05:30,197.05,394.10,2025-01-03T15:20:00+05:30,276.25,day_close,-80.20,-6015.00,50.00,-6065.00,578.25,100.00,478.25,
2025-01-06,Monday,TRADED,,2025-01-09,current_week,2025-01-06T09:20:00+05:30,24031.8,24050,NIFTY_24050_CE_09_JAN_25.csv,2025-01-06T09:20:00+05:30,132.85,265.70,2025-01-06T15:20:00+05:30,46.95,day_close,84.90,6367.50,50.00,6317.50,NIFTY_24050_PE_09_JAN_25.csv,2025-01-06T09:20:00+05:30,165.9,331.80,2025-01-06T11:09:00+05:30,331.80,sl,-166.90,-12517.50,50.00,-12567.50,-6150.00,100.00,-6250.00,
2025-01-07,Tuesday,TRADED,,2025-01-09,current_week,2025-01-07T09:20:00+05:30,23754.6,23750,NIFTY_23750_CE_09_JAN_25.csv,2025-01-07T09:20:00+05:30,163.8,327.60,2025-01-07T15:20:00+05:30,97.60,day_close,65.20,4890.00,50.00,4840.00,NIFTY_23750_PE_09_JAN_25.csv,2025-01-07T09:20:00+05:30,166.3,332.60,2025-01-07T15:20:00+05:30,146.35,day_close,18.95,1421.25,50.00,1371.25,6311.25,100.00,6211.25,
2025-01-08,Wednesday,TRADED,,2025-01-09,current_week,2025-01-08T09:20:00+05:30,23679.5,23700,NIFTY_23700_CE_09_JAN_25.csv,2025-01-08T09:20:00+05:30,86.75,173.50,2025-01-08T15:20:00+05:30,66.15,day_close,19.60,1470.00,50.00,1420.00,NIFTY_23700_PE_09_JAN_25.csv,2025-01-08T09:20:00+05:30,119.7,239.40,2025-01-08T15:20:00+05:30,77.59,day_close,41.11,3083.25,50.00,3033.25,4553.25,100.00,4453.25,
2025-01-09,Thursday,TRADED,,2025-01-16,next_week,2025-01-09T09:20:00+05:30,23616.55,23600,NIFTY_23600_CE_16_JAN_25.csv,2025-01-09T09:20:00+05:30,205.6,411.20,2025-01-09T15:20:00+05:30,175.65,day_close,28.95,2171.25,50.00,2121.25,NIFTY_23600_PE_16_JAN_25.csv,2025-01-09T09:20:00+05:30,164.85,329.70,2025-01-09T15:20:00+05:30,183.90,day_close,-20.05,-1503.75,50.00,-1553.75,667.50,100.00,567.50,
2025-01-10,Friday,TRADED,,2025-01-16,current_week,2025-01-10T09:20:00+05:30,23561.2,23550,NIFTY_23550_CE_16_JAN_25.csv,2025-01-10T09:20:00+05:30,191.2,382.40,2025-01-10T15:20:00+05:30,118.45,day_close,71.75,5381.25,50.00,5331.25,NIFTY_23550_PE_16_JAN_25.csv,2025-01-10T09:20:00+05:30,164.55,329.10,2025-01-10T15:20:00+05:30,198.15,day_close,-34.60,-2595.00,50.00,-2645.00,2786.25,100.00,2686.25,
2025-01-13,Monday,TRADED,,2025-01-16,current_week,2025-01-13T09:20:00+05:30,23242.85,23250,NIFTY_23250_CE_16_JAN_25.csv,2025-01-13T09:20:00+05:30,168.05,336.10,2025-01-13T15:20:00+05:30,82.70,day_close,84.35,6326.25,50.00,6276.25,NIFTY_23250_PE_16_JAN_25.csv,2025-01-13T09:20:00+05:30,171.2,342.40,2025-01-13T15:20:00+05:30,188.15,day_close,-17.95,-1346.25,50.00,-1396.25,4980.00,100.00,4880.00,
2025-01-14,Tuesday,TRADED,,2025-01-16,current_week,2025-01-14T09:20:00+05:30,23211.35,23200,NIFTY_23200_CE_16_JAN_25.csv,2025-01-14T09:20:00+05:30,130.8,261.60,2025-01-14T15:20:00+05:30,107.35,day_close,22.45,1683.75,50.00,1633.75,NIFTY_23200_PE_16_JAN_25.csv,2025-01-14T09:20:00+05:30,98.7,197.40,2025-01-14T15:20:00+05:30,70.55,day_close,27.15,2036.25,50.00,1986.25,3720.00,100.00,3620.00,
2025-01-15,Wednesday,TRADED,,2025-01-16,current_week,2025-01-15T09:20:00+05:30,23225.15,23250,NIFTY_23250_CE_16_JAN_25.csv,2025-01-15T09:20:00+05:30,74.84,149.68,2025-01-15T15:20:00+05:30,37.35,day_close,36.49,2736.75,50.00,2686.75,NIFTY_23250_PE_16_JAN_25.csv,2025-01-15T09:20:00+05:30,80.15,160.30,2025-01-15T15:20:00+05:30,75.30,day_close,3.85,288.75,50.00,238.75,3025.50,100.00,2925.50,
2025-01-16,Thursday,TRADED,,2025-01-23,next_week,2025-01-16T09:20:00+05:30,23335.5,23350,NIFTY_23350_CE_23_JAN_25.csv,2025-01-16T09:20:00+05:30,165.35,330.70,2025-01-16T15:20:00+05:30,175.05,day_close,-10.70,-802.50,50.00,-852.50,NIFTY_23350_PE_23_JAN_25.csv,2025-01-16T09:20:00+05:30,166.0,332.00,2025-01-16T15:20:00+05:30,192.55,day_close,-27.55,-2066.25,50.00,-2116.25,-2868.75,100.00,-2968.75,
2025-01-17,Friday,TRADED,,2025-01-23,current_week,2025-01-17T09:20:00+05:30,23178.2,23200,NIFTY_23200_CE_23_JAN_25.csv,2025-01-17T09:20:00+05:30,183.05,366.10,2025-01-17T15:20:00+05:30,183.10,day_close,-1.05,-78.75,50.00,-128.75,NIFTY_23200_PE_23_JAN_25.csv,2025-01-17T09:20:00+05:30,180.65,361.30,2025-01-17T15:20:00+05:30,145.80,day_close,33.85,2538.75,50.00,2488.75,2460.00,100.00,2360.00,
2025-01-20,Monday,TRADED,,2025-01-23,current_week,2025-01-20T09:20:00+05:30,23226.95,23250,NIFTY_23250_CE_23_JAN_25.csv,2025-01-20T09:20:00+05:30,162.05,324.10,2025-01-20T15:20:00+05:30,209.65,day_close,-48.60,-3645.00,50.00,-3695.00,NIFTY_23250_PE_23_JAN_25.csv,2025-01-20T09:20:00+05:30,168.25,336.50,2025-01-20T15:20:00+05:30,91.70,day_close,75.55,5666.25,50.00,5616.25,2021.25,100.00,1921.25,
2025-01-21,Tuesday,TRADED,,2025-01-23,current_week,2025-01-21T09:20:00+05:30,23395.55,23400,NIFTY_23400_CE_23_JAN_25.csv,2025-01-21T09:20:00+05:30,127.0,254.00,2025-01-21T15:20:00+05:30,27.85,day_close,98.15,7361.25,50.00,7311.25,NIFTY_23400_PE_23_JAN_25.csv,2025-01-21T09:20:00+05:30,130.65,261.30,2025-01-21T10:21:00+05:30,261.30,sl,-131.65,-9873.75,50.00,-9923.75,-2512.50,100.00,-2612.50,
2025-01-22,Wednesday,TRADED,,2025-01-23,current_week,2025-01-22T09:20:00+05:30,23108.25,23100,NIFTY_23100_CE_23_JAN_25.csv,2025-01-22T09:20:00+05:30,120.3,240.60,2025-01-22T15:20:00+05:30,98.70,day_close,20.60,1545.00,50.00,1495.00,NIFTY_23100_PE_23_JAN_25.csv,2025-01-22T09:20:00+05:30,108.0,216.00,2025-01-22T15:20:00+05:30,36.25,day_close,70.75,5306.25,50.00,5256.25,6851.25,100.00,6751.25,
2025-01-23,Thursday,TRADED,,2025-01-30,next_week,2025-01-23T09:20:00+05:30,23108.1,23100,NIFTY_23100_CE_30_JAN_25.csv,2025-01-23T09:20:00+05:30,213.2,426.40,2025-01-23T15:20:00+05:30,286.30,day_close,-74.10,-5557.50,50.00,-5607.50,NIFTY_23100_PE_30_JAN_25.csv,2025-01-23T09:20:00+05:30,171.3,342.60,2025-01-23T15:20:00+05:30,121.10,day_close,49.20,3690.00,50.00,3640.00,-1867.50,100.00,-1967.50,
2025-01-24,Friday,TRADED,,2025-01-30,current_week,2025-01-24T09:20:00+05:30,23275.8,23300,NIFTY_23300_CE_30_JAN_25.csv,2025-01-24T09:20:00+05:30,185.2,370.40,2025-01-24T15:20:00+05:30,92.25,day_close,91.95,6896.25,50.00,6846.25,NIFTY_23300_PE_30_JAN_25.csv,2025-01-24T09:20:00+05:30,191.4,382.80,2025-01-24T15:20:00+05:30,259.50,day_close,-69.10,-5182.50,50.00,-5232.50,1713.75,100.00,1613.75,
2025-01-27,Monday,TRADED,,2025-01-30,current_week,2025-01-27T09:20:00+05:30,22927.3,22950,NIFTY_22950_CE_30_JAN_25.csv,2025-01-27T09:20:00+05:30,162.0,324.00,2025-01-27T15:20:00+05:30,108.40,day_close,52.60,3945.00,50.00,3895.00,NIFTY_22950_PE_30_JAN_25.csv,2025-01-27T09:20:00+05:30,184.55,369.10,2025-01-27T15:20:00+05:30,205.20,day_close,-21.65,-1623.75,50.00,-1673.75,2321.25,100.00,2221.25,
2025-01-28,Tuesday,TRADED,,2025-01-30,current_week,2025-01-28T09:20:00+05:30,22927.25,22950,NIFTY_22950_CE_30_JAN_25.csv,2025-01-28T09:20:00+05:30,147.44,294.88,2025-01-28T15:20:00+05:30,160.75,day_close,-14.31,-1073.25,50.00,-1123.25,NIFTY_22950_PE_30_JAN_25.csv,2025-01-28T09:20:00+05:30,141.9,283.80,2025-01-28T15:20:00+05:30,119.95,day_close,20.95,1571.25,50.00,1521.25,498.00,100.00,398.00,
2025-01-29,Wednesday,TRADED,,2025-01-30,current_week,2025-01-29T09:20:00+05:30,23032.85,23050,NIFTY_23050_CE_30_JAN_25.csv,2025-01-29T09:20:00+05:30,127.6,255.20,2025-01-29T15:20:00+05:30,203.00,day_close,-76.40,-5730.00,50.00,-5780.00,NIFTY_23050_PE_30_JAN_25.csv,2025-01-29T09:20:00+05:30,132.6,265.20,2025-01-29T15:20:00+05:30,107.75,day_close,23.85,1788.75,50.00,1738.75,-3941.25,100.00,-4041.25,
2025-01-30,Thursday,TRADED,,2025-02-06,next_week,2025-01-30T09:20:00+05:30,23158.2,23150,NIFTY_23150_CE_06_FEB_25.csv,2025-01-30T09:20:00+05:30,381.15,762.30,2025-01-30T15:20:00+05:30,414.70,day_close,-34.55,-2591.25,50.00,-2641.25,NIFTY_23150_PE_06_FEB_25.csv,2025-01-30T09:20:00+05:30,317.45,634.90,2025-01-30T15:20:00+05:30,222.30,day_close,94.15,7061.25,50.00,7011.25,4470.00,100.00,4370.00,
2025-01-31,Friday,TRADED,,2025-02-06,current_week,2025-01-31T09:20:00+05:30,23301.2,23300,NIFTY_23300_CE_06_FEB_25.csv,2025-01-31T09:20:00+05:30,350.1,700.20,2025-01-31T15:20:00+05:30,415.35,day_close,-66.25,-4968.75,50.00,-5018.75,NIFTY_23300_PE_06_FEB_25.csv,2025-01-31T09:20:00+05:30,294.2,588.40,2025-01-31T15:20:00+05:30,145.10,day_close,148.10,11107.50,50.00,11057.50,6138.75,100.00,6038.75,
2025-02-03,Monday,TRADED,,2025-02-06,current_week,2025-02-03T09:20:00+05:30,23261.5,23250,NIFTY_23250_CE_06_FEB_25.csv,2025-02-03T09:20:00+05:30,175.05,350.10,2025-02-03T15:20:00+05:30,202.20,day_close,-28.15,-2111.25,50.00,-2161.25,NIFTY_23250_PE_06_FEB_25.csv,2025-02-03T09:20:00+05:30,118.8,237.60,2025-02-03T15:20:00+05:30,67.45,day_close,50.35,3776.25,50.00,3726.25,1665.00,100.00,1565.00,
2025-02-04,Tuesday,TRADED,,2025-02-06,current_week,2025-02-04T09:20:00+05:30,23501.5,23500,NIFTY_23500_CE_06_FEB_25.csv,2025-02-04T09:20:00+05:30,98.85,197.70,2025-02-04T11:50:00+05:30,197.70,sl,-99.85,-7488.75,50.00,-7538.75,NIFTY_23500_PE_06_FEB_25.csv,2025-02-04T09:20:00+05:30,96.8,193.60,2025-02-04T15:20:00+05:30,30.50,day_close,65.30,4897.50,50.00,4847.50,-2591.25,100.00,-2691.25,
2025-02-05,Wednesday,TRADED,,2025-02-06,current_week,2025-02-05T09:20:00+05:30,23766.05,23750,NIFTY_23750_CE_06_FEB_25.csv,2025-02-05T09:20:00+05:30,81.05,162.10,2025-02-05T15:20:00+05:30,50.30,day_close,29.75,2231.25,50.00,2181.25,NIFTY_23750_PE_06_FEB_25.csv,2025-02-05T09:20:00+05:30,94.95,189.90,2025-02-05T15:20:00+05:30,113.75,day_close,-19.80,-1485.00,50.00,-1535.00,746.25,100.00,646.25,
2025-02-06,Thursday,TRADED,,2025-02-13,next_week,2025-02-06T09:20:00+05:30,23723.7,23700,NIFTY_23700_CE_13_FEB_25.csv,2025-02-06T09:20:00+05:30,218.85,437.70,2025-02-06T15:20:00+05:30,165.00,day_close,52.85,3963.75,50.00,3913.75,NIFTY_23700_PE_13_FEB_25.csv,2025-02-06T09:20:00+05:30,174.0,348.00,2025-02-06T15:20:00+05:30,208.20,day_close,-35.20,-2640.00,50.00,-2690.00,1323.75,100.00,1223.75,
2025-02-07,Friday,TRADED,,2025-02-13,current_week,2025-02-07T09:20:00+05:30,23583.1,23600,NIFTY_23600_CE_13_FEB_25.csv,2025-02-07T09:20:00+05:30,209.25,418.50,2025-02-07T15:20:00+05:30,143.30,day_close,64.95,4871.25,50.00,4821.25,NIFTY_23600_PE_13_FEB_25.csv,2025-02-07T09:20:00+05:30,184.05,368.10,2025-02-07T15:20:00+05:30,159.25,day_close,23.80,1785.00,50.00,1735.00,6656.25,100.00,6556.25,
2025-02-10,Monday,TRADED,,2025-02-13,current_week,2025-02-10T09:20:00+05:30,23467.65,23450,NIFTY_23450_CE_13_FEB_25.csv,2025-02-10T09:20:00+05:30,175.2,350.40,2025-02-10T15:20:00+05:30,121.45,day_close,52.75,3956.25,50.00,3906.25,NIFTY_23450_PE_13_FEB_25.csv,2025-02-10T09:20:00+05:30,131.69,263.38,2025-02-10T15:20:00+05:30,156.15,day_close,-25.46,-1909.50,50.00,-1959.50,2046.75,100.00,1946.75,
2025-02-11,Tuesday,TRADED,,2025-02-13,current_week,2025-02-11T09:20:00+05:30,23348.0,23350,NIFTY_23350_CE_13_FEB_25.csv,2025-02-11T09:20:00+05:30,148.75,297.50,2025-02-11T15:20:00+05:30,35.85,day_close,111.90,8392.50,50.00,8342.50,NIFTY_23350_PE_13_FEB_25.csv,2025-02-11T09:20:00+05:30,140.5,281.00,2025-02-11T13:10:00+05:30,281.00,sl,-141.50,-10612.50,50.00,-10662.50,-2220.00,100.00,-2320.00,
2025-02-12,Wednesday,TRADED,,2025-02-13,current_week,2025-02-12T09:20:00+05:30,23031.55,23050,NIFTY_23050_CE_13_FEB_25.csv,2025-02-12T09:20:00+05:30,107.5,215.00,2025-02-12T15:20:00+05:30,87.35,day_close,19.15,1436.25,50.00,1386.25,NIFTY_23050_PE_13_FEB_25.csv,2025-02-12T09:20:00+05:30,97.35,194.70,2025-02-12T09:49:00+05:30,194.70,sl,-98.35,-7376.25,50.00,-7426.25,-5940.00,100.00,-6040.00,
2025-02-13,Thursday,TRADED,,2025-02-20,next_week,2025-02-13T09:20:00+05:30,23081.45,23100,NIFTY_23100_CE_20_FEB_25.csv,2025-02-13T09:20:00+05:30,211.0,422.00,2025-02-13T15:20:00+05:30,168.50,day_close,41.50,3112.50,50.00,3062.50,NIFTY_23100_PE_20_FEB_25.csv,2025-02-13T09:20:00+05:30,183.75,367.50,2025-02-13T15:20:00+05:30,193.00,day_close,-10.25,-768.75,50.00,-818.75,2343.75,100.00,2243.75,
2025-02-14,Friday,TRADED,,2025-02-20,current_week,2025-02-14T09:20:00+05:30,23092.05,23100,NIFTY_23100_CE_20_FEB_25.csv,2025-02-14T09:20:00+05:30,188.85,377.70,2025-02-14T15:20:00+05:30,105.95,day_close,81.90,6142.50,50.00,6092.50,NIFTY_23100_PE_20_FEB_25.csv,2025-02-14T09:20:00+05:30,159.5,319.00,2025-02-14T12:08:00+05:30,319.00,sl,-160.50,-12037.50,50.00,-12087.50,-5895.00,100.00,-5995.00,
2025-02-17,Monday,TRADED,,2025-02-20,current_week,2025-02-17T09:20:00+05:30,22806.05,22800,NIFTY_22800_CE_20_FEB_25.csv,2025-02-17T09:20:00+05:30,195.8,391.60,2025-02-17T15:20:00+05:30,266.70,day_close,-71.90,-5392.50,50.00,-5442.50,NIFTY_22800_PE_20_FEB_25.csv,2025-02-17T09:20:00+05:30,150.0,300.00,2025-02-17T15:20:00+05:30,81.55,day_close,67.45,5058.75,50.00,5008.75,-333.75,100.00,-433.75,
2025-02-18,Tuesday,TRADED,,2025-02-20,current_week,2025-02-18T09:20:00+05:30,22909.65,22900,NIFTY_22900_CE_20_FEB_25.csv,2025-02-18T09:20:00+05:30,172.85,345.70,2025-02-18T15:20:00+05:30,139.50,day_close,32.35,2426.25,50.00,2376.25,NIFTY_22900_PE_20_FEB_25.csv,2025-02-18T09:20:00+05:30,141.75,283.50,2025-02-18T15:20:00+05:30,102.35,day_close,38.40,2880.00,50.00,2830.00,5306.25,100.00,5206.25,
2025-02-19,Wednesday,TRADED,,2025-02-20,current_week,2025-02-19T09:20:00+05:30,22858.45,22850,NIFTY_22850_CE_20_FEB_25.csv,2025-02-19T09:20:00+05:30,122.5,245.00,2025-02-19T10:16:00+05:30,245.00,sl,-123.50,-9262.50,50.00,-9312.50,NIFTY_22850_PE_20_FEB_25.csv,2025-02-19T09:20:00+05:30,103.25,206.50,2025-02-19T15:20:00+05:30,47.95,day_close,54.30,4072.50,50.00,4022.50,-5190.00,100.00,-5290.00,
2025-02-20,Thursday,TRADED,,2025-02-27,next_week,2025-02-20T09:20:00+05:30,22857.2,22850,NIFTY_22850_CE_27_FEB_25.csv,2025-02-20T09:20:00+05:30,218.25,436.50,2025-02-20T15:20:00+05:30,215.55,day_close,1.70,127.50,50.00,77.50,NIFTY_22850_PE_27_FEB_25.csv,2025-02-20T09:20:00+05:30,165.3,330.60,2025-02-20T15:20:00+05:30,122.65,day_close,41.65,3123.75,50.00,3073.75,3251.25,100.00,3151.25,
2025-02-21,Friday,TRADED,,2025-02-27,current_week,2025-02-21T09:20:00+05:30,22906.7,22900,NIFTY_22900_CE_27_FEB_25.csv,2025-02-21T09:20:00+05:30,176.7,353.40,2025-02-21T15:20:00+05:30,103.00,day_close,72.70,5452.50,50.00,5402.50,NIFTY_22900_PE_27_FEB_25.csv,2025-02-21T09:20:00+05:30,146.65,293.30,2025-02-21T15:20:00+05:30,185.60,day_close,-39.95,-2996.25,50.00,-3046.25,2456.25,100.00,2356.25,
2025-02-24,Monday,TRADED,,2025-02-27,current_week,2025-02-24T09:20:00+05:30,22644.65,22650,NIFTY_22650_CE_27_FEB_25.csv,2025-02-24T09:20:00+05:30,150.0,300.00,2025-02-24T15:20:00+05:30,83.00,day_close,66.00,4950.00,50.00,4900.00,NIFTY_22650_PE_27_FEB_25.csv,2025-02-24T09:20:00+05:30,121.4,242.80,2025-02-24T15:20:00+05:30,119.25,day_close,1.15,86.25,50.00,36.25,5036.25,100.00,4936.25,
2025-02-25,Tuesday,TRADED,,2025-02-27,current_week,2025-02-25T09:20:00+05:30,22548.0,22550,NIFTY_22550_CE_27_FEB_25.csv,2025-02-25T09:20:00+05:30,103.3,206.60,2025-02-25T15:20:00+05:30,81.00,day_close,21.30,1597.50,50.00,1547.50,NIFTY_22550_PE_27_FEB_25.csv,2025-02-25T09:20:00+05:30,81.7,163.40,2025-02-25T15:20:00+05:30,46.10,day_close,34.60,2595.00,50.00,2545.00,4192.50,100.00,4092.50,
2025-02-27,Thursday,TRADED,,2025-03-06,next_week,2025-02-27T09:20:00+05:30,22579.4,22600,NIFTY_22600_CE_06_MAR_25.csv,2025-02-27T09:20:00+05:30,171.95,343.90,2025-02-27T15:20:00+05:30,142.00,day_close,28.95,2171.25,50.00,2121.25,NIFTY_22600_PE_06_MAR_25.csv,2025-02-27T09:20:00+05:30,129.8,259.60,2025-02-27T15:20:00+05:30,140.80,day_close,-12.00,-900.00,50.00,-950.00,1271.25,100.00,1171.25,
2025-02-28,Friday,TRADED,,2025-03-06,current_week,2025-02-28T09:20:00+05:30,22320.05,22300,NIFTY_22300_CE_06_MAR_25.csv,2025-02-28T09:20:00+05:30,201.4,402.80,2025-02-28T15:20:00+05:30,97.15,day_close,103.25,7743.75,50.00,7693.75,NIFTY_22300_PE_06_MAR_25.csv,2025-02-28T09:20:00+05:30,106.05,212.10,2025-02-28T12:54:00+05:30,212.10,sl,-107.05,-8028.75,50.00,-8078.75,-285.00,100.00,-385.00,
2025-03-03,Monday,TRADED,,2025-03-06,current_week,2025-03-03T09:20:00+05:30,22256.4,22250,NIFTY_22250_CE_06_MAR_25.csv,2025-03-03T09:20:00+05:30,139.75,279.50,2025-03-03T15:20:00+05:30,71.09,day_close,67.66,5074.50,50.00,5024.50,NIFTY_22250_PE_06_MAR_25.csv,2025-03-03T09:20:00+05:30,117.8,235.60,2025-03-03T10:01:00+05:30,235.60,sl,-118.80,-8910.00,50.00,-8960.00,-3835.50,100.00,-3935.50,
2025-03-04,Tuesday,TRADED,,2025-03-06,current_week,2025-03-04T09:20:00+05:30,21985.15,22000,NIFTY_22000_CE_06_MAR_25.csv,2025-03-04T09:20:00+05:30,106.1,212.20,2025-03-04T15:20:00+05:30,144.25,day_close,-39.15,-2936.25,50.00,-2986.25,NIFTY_22000_PE_06_MAR_25.csv,2025-03-04T09:20:00+05:30,96.5,193.00,2025-03-04T15:20:00+05:30,61.75,day_close,33.75,2531.25,50.00,2481.25,-405.00,100.00,-505.00,
2025-03-05,Wednesday,TRADED,,2025-03-06,current_week,2025-03-05T09:20:00+05:30,22136.1,22150,NIFTY_22150_CE_06_MAR_25.csv,2025-03-05T09:20:00+05:30,70.2,140.40,2025-03-05T09:43:00+05:30,140.40,sl,-71.20,-5340.00,50.00,-5390.00,NIFTY_22150_PE_06_MAR_25.csv,2025-03-05T09:20:00+05:30,95.25,190.50,2025-03-05T15:20:00+05:30,24.05,day_close,70.20,5265.00,50.00,5215.00,-75.00,100.00,-175.00,
2025-03-06,Thursday,TRADED,,2025-03-13,next_week,2025-03-06T09:20:00+05:30,22433.1,22450,NIFTY_22450_CE_13_MAR_25.csv,2025-03-06T09:20:00+05:30,160.8,321.60,2025-03-06T15:20:00+05:30,219.55,day_close,-59.75,-4481.25,50.00,-4531.25,NIFTY_22450_PE_13_MAR_25.csv,2025-03-06T09:20:00+05:30,153.75,307.50,2025-03-06T15:20:00+05:30,115.35,day_close,37.40,2805.00,50.00,2755.00,-1676.25,100.00,-1776.25,
2025-03-07,Friday,TRADED,,2025-03-13,current_week,2025-03-07T09:20:00+05:30,22560.35,22550,NIFTY_22550_CE_13_MAR_25.csv,2025-03-07T09:20:00+05:30,170.05,340.10,2025-03-07T15:20:00+05:30,152.80,day_close,16.25,1218.75,50.00,1168.75,NIFTY_22550_PE_13_MAR_25.csv,2025-03-07T09:20:00+05:30,145.3,290.60,2025-03-07T15:20:00+05:30,127.00,day_close,17.30,1297.50,50.00,1247.50,2516.25,100.00,2416.25,
2025-03-10,Monday,TRADED,,2025-03-13,current_week,2025-03-10T09:20:00+05:30,22578.35,22600,NIFTY_22600_CE_13_MAR_25.csv,2025-03-10T09:20:00+05:30,118.45,236.90,2025-03-10T15:20:00+05:30,61.60,day_close,55.85,4188.75,50.00,4138.75,NIFTY_22600_PE_13_MAR_25.csv,2025-03-10T09:20:00+05:30,151.0,302.00,2025-03-10T15:20:00+05:30,199.40,day_close,-49.40,-3705.00,50.00,-3755.00,483.75,100.00,383.75,
2025-03-11,Tuesday,TRADED,,2025-03-13,current_week,2025-03-11T09:20:00+05:30,22343.75,22350,NIFTY_22350_CE_13_MAR_25.csv,2025-03-11T09:20:00+05:30,102.0,204.00,2025-03-11T11:01:00+05:30,204.00,sl,-103.00,-7725.00,50.00,-7775.00,NIFTY_22350_PE_13_MAR_25.csv,2025-03-11T09:20:00+05:30,132.0,264.00,2025-03-11T15:20:00+05:30,50.30,day_close,80.70,6052.50,50.00,6002.50,-1672.50,100.00,-1772.50,
2025-03-12,Wednesday,TRADED,,2025-03-13,current_week,2025-03-12T09:20:00+05:30,22533.25,22550,NIFTY_22550_CE_13_MAR_25.csv,2025-03-12T09:20:00+05:30,81.7,163.40,2025-03-12T15:20:00+05:30,35.70,day_close,45.00,3375.00,50.00,3325.00,NIFTY_22550_PE_13_MAR_25.csv,2025-03-12T09:20:00+05:30,102.15,204.30,2025-03-12T11:37:00+05:30,204.30,sl,-103.15,-7736.25,50.00,-7786.25,-4361.25,100.00,-4461.25,
2025-03-13,Thursday,TRADED,,2025-03-20,next_week,2025-03-13T09:20:00+05:30,22485.0,22500,NIFTY_22500_CE_20_MAR_25.csv,2025-03-13T09:20:00+05:30,145.7,291.40,2025-03-13T15:20:00+05:30,95.35,day_close,49.35,3701.25,50.00,3651.25,NIFTY_22500_PE_20_MAR_25.csv,2025-03-13T09:20:00+05:30,153.7,307.40,2025-03-13T15:20:00+05:30,175.75,day_close,-23.05,-1728.75,50.00,-1778.75,1972.50,100.00,1872.50,
2025-03-17,Monday,TRADED,,2025-03-20,current_week,2025-03-17T09:20:00+05:30,22504.2,22500,NIFTY_22500_CE_20_MAR_25.csv,2025-03-17T09:20:00+05:30,148.44,296.88,2025-03-17T15:20:00+05:30,131.00,day_close,16.44,1233.00,50.00,1183.00,NIFTY_22500_PE_20_MAR_25.csv,2025-03-17T09:20:00+05:30,101.9,203.80,2025-03-17T15:20:00+05:30,99.70,day_close,1.20,90.00,50.00,40.00,1323.00,100.00,1223.00,
2025-03-18,Tuesday,TRADED,,2025-03-20,current_week,2025-03-18T09:20:00+05:30,22610.45,22600,NIFTY_22600_CE_20_MAR_25.csv,2025-03-18T09:20:00+05:30,127.25,254.50,2025-03-18T14:57:00+05:30,254.50,sl,-128.25,-9618.75,50.00,-9668.75,NIFTY_22600_PE_20_MAR_25.csv,2025-03-18T09:20:00+05:30,97.1,194.20,2025-03-18T15:20:00+05:30,26.30,day_close,69.80,5235.00,50.00,5185.00,-4383.75,100.00,-4483.75,
2025-03-19,Wednesday,TRADED,,2025-03-20,current_week,2025-03-19T09:20:00+05:30,22877.4,22900,NIFTY_22900_CE_20_MAR_25.csv,2025-03-19T09:20:00+05:30,90.85,181.70,2025-03-19T15:20:00+05:30,97.15,day_close,-7.30,-547.50,50.00,-597.50,NIFTY_22900_PE_20_MAR_25.csv,2025-03-19T09:20:00+05:30,89.5,179.00,2025-03-19T15:20:00+05:30,67.59,day_close,20.91,1568.25,50.00,1518.25,1020.75,100.00,920.75,
2025-03-20,Thursday,SKIPPED,missing_entry_candle,2025-03-27,next_week,2025-03-20T09:20:00+05:30,23022.3,23000,,,,,,,,0.00,0.00,0.00,0.00,,,,,,,,0.00,0.00,0.00,0.00,0.00,0.00,0.00,NIFTY_23000_CE_27_MAR_25.csv missing 2025-03-20T09:20:00+05:30; NIFTY_23000_PE_27_MAR_25.csv missing 2025-03-20T09:20:00+05:30
2025-03-21,Friday,TRADED,,2025-03-27,current_week,2025-03-21T09:20:00+05:30,23195.0,23200,NIFTY_23200_CE_27_MAR_25.csv,2025-03-21T09:20:00+05:30,142.0,284.00,2025-03-21T12:43:00+05:30,284.00,sl,-143.00,-10725.00,50.00,-10775.00,NIFTY_23200_PE_27_MAR_25.csv,2025-03-21T09:20:00+05:30,130.9,261.80,2025-03-21T15:20:00+05:30,64.70,day_close,65.20,4890.00,50.00,4840.00,-5835.00,100.00,-5935.00,
2025-03-24,Monday,TRADED,,2025-03-27,current_week,2025-03-24T09:20:00+05:30,23513.2,23500,NIFTY_23500_CE_27_MAR_25.csv,2025-03-24T09:20:00+05:30,136.05,272.10,2025-03-24T14:15:00+05:30,272.10,sl,-137.05,-10278.75,50.00,-10328.75,NIFTY_23500_PE_27_MAR_25.csv,2025-03-24T09:20:00+05:30,111.05,222.10,2025-03-24T15:20:00+05:30,61.65,day_close,48.40,3630.00,50.00,3580.00,-6648.75,100.00,-6748.75,
2025-03-25,Tuesday,TRADED,,2025-03-27,current_week,2025-03-25T09:20:00+05:30,23726.3,23750,NIFTY_23750_CE_27_MAR_25.csv,2025-03-25T09:20:00+05:30,139.5,279.00,2025-03-25T15:20:00+05:30,92.90,day_close,45.60,3420.00,50.00,3370.00,NIFTY_23750_PE_27_MAR_25.csv,2025-03-25T09:20:00+05:30,152.4,304.80,2025-03-25T15:20:00+05:30,120.30,day_close,31.10,2332.50,50.00,2282.50,5752.50,100.00,5652.50,
2025-03-26,Wednesday,TRADED,,2025-03-27,current_week,2025-03-26T09:20:00+05:30,23701.95,23700,NIFTY_23700_CE_27_MAR_25.csv,2025-03-26T09:20:00+05:30,105.5,211.00,2025-03-26T15:20:00+05:30,22.70,day_close,81.80,6135.00,50.00,6085.00,NIFTY_23700_PE_27_MAR_25.csv,2025-03-26T09:20:00+05:30,90.35,180.70,2025-03-26T13:44:00+05:30,180.70,sl,-91.35,-6851.25,50.00,-6901.25,-716.25,100.00,-816.25,
2025-03-27,Thursday,TRADED,,2025-04-03,next_week,2025-03-27T09:20:00+05:30,23507.8,23500,NIFTY_23500_CE_03_APR_25.csv,2025-03-27T09:20:00+05:30,212.4,424.80,2025-03-27T15:20:00+05:30,265.25,day_close,-53.85,-4038.75,50.00,-4088.75,NIFTY_23500_PE_03_APR_25.csv,2025-03-27T09:20:00+05:30,139.35,278.70,2025-03-27T15:20:00+05:30,90.85,day_close,47.50,3562.50,50.00,3512.50,-476.25,100.00,-576.25,
2025-03-28,Friday,TRADED,,2025-04-03,current_week,2025-03-28T09:20:00+05:30,23604.9,23600,NIFTY_23600_CE_03_APR_25.csv,2025-03-28T09:20:00+05:30,186.7,373.40,2025-03-28T15:20:00+05:30,79.70,day_close,106.00,7950.00,50.00,7900.00,NIFTY_23600_PE_03_APR_25.csv,2025-03-28T09:20:00+05:30,133.9,267.80,2025-03-28T15:20:00+05:30,160.19,day_close,-27.29,-2046.75,50.00,-2096.75,5903.25,100.00,5803.25,
2025-04-01,Tuesday,TRADED,,2025-04-03,current_week,2025-04-01T09:20:00+05:30,23417.1,23400,NIFTY_23400_CE_03_APR_25.csv,2025-04-01T09:20:00+05:30,124.6,249.20,2025-04-01T15:20:00+05:30,31.75,day_close,91.85,6888.75,50.00,6838.75,NIFTY_23400_PE_03_APR_25.csv,2025-04-01T09:20:00+05:30,97.15,194.30,2025-04-01T10:57:00+05:30,194.30,sl,-98.15,-7361.25,50.00,-7411.25,-472.50,100.00,-572.50,
2025-04-02,Wednesday,TRADED,,2025-04-03,current_week,2025-04-02T09:20:00+05:30,23205.1,23200,NIFTY_23200_CE_03_APR_25.csv,2025-04-02T09:20:00+05:30,112.4,224.80,2025-04-02T15:20:00+05:30,142.85,day_close,-31.45,-2358.75,50.00,-2408.75,NIFTY_23200_PE_03_APR_25.csv,2025-04-02T09:20:00+05:30,90.3,180.60,2025-04-02T15:20:00+05:30,36.95,day_close,52.35,3926.25,50.00,3876.25,1567.50,100.00,1467.50,
2025-04-03,Thursday,TRADED,,2025-04-09,next_week,2025-04-03T09:20:00+05:30,23218.65,23200,NIFTY_23200_CE_09_APR_25.csv,2025-04-03T09:20:00+05:30,193.0,386.00,2025-04-03T15:20:00+05:30,175.15,day_close,16.85,1263.75,50.00,1213.75,NIFTY_23200_PE_09_APR_25.csv,2025-04-03T09:20:00+05:30,159.85,319.70,2025-04-03T15:20:00+05:30,142.35,day_close,16.50,1237.50,50.00,1187.50,2501.25,100.00,2401.25,
2025-04-04,Friday,TRADED,,2025-04-09,current_week,2025-04-04T09:20:00+05:30,23094.65,23100,NIFTY_23100_CE_09_APR_25.csv,2025-04-04T09:20:00+05:30,141.8,283.60,2025-04-04T15:20:00+05:30,41.35,day_close,99.45,7458.75,50.00,7408.75,NIFTY_23100_PE_09_APR_25.csv,2025-04-04T09:20:00+05:30,171.85,343.70,2025-04-04T15:20:00+05:30,256.14,day_close,-85.29,-6396.75,50.00,-6446.75,1062.00,100.00,962.00,
2025-04-07,Monday,TRADED,,2025-04-09,current_week,2025-04-07T09:20:00+05:30,21890.1,21900,NIFTY_21900_CE_09_APR_25.csv,2025-04-07T09:20:00+05:30,356.85,713.70,2025-04-07T15:20:00+05:30,512.65,day_close,-156.80,-11760.00,50.00,-11810.00,NIFTY_21900_PE_09_APR_25.csv,2025-04-07T09:20:00+05:30,332.55,665.10,2025-04-07T15:20:00+05:30,216.50,day_close,115.05,8628.75,50.00,8578.75,-3131.25,100.00,-3231.25,
2025-04-08,Tuesday,TRADED,,2025-04-09,current_week,2025-04-08T09:20:00+05:30,22525.05,22550,NIFTY_22550_CE_09_APR_25.csv,2025-04-08T09:20:00+05:30,167.2,334.40,2025-04-08T15:20:00+05:30,173.50,day_close,-7.30,-547.50,50.00,-597.50,NIFTY_22550_PE_09_APR_25.csv,2025-04-08T09:20:00+05:30,180.1,360.20,2025-04-08T15:20:00+05:30,174.05,day_close,5.05,378.75,50.00,328.75,-168.75,100.00,-268.75,
2025-04-09,Wednesday,TRADED,,2025-04-17,next_week,2025-04-09T09:20:00+05:30,22412.35,22400,NIFTY_22400_CE_17_APR_25.csv,2025-04-09T09:20:00+05:30,346.95,693.90,2025-04-09T15:20:00+05:30,324.80,day_close,21.15,1586.25,50.00,1536.25,NIFTY_22400_PE_17_APR_25.csv,2025-04-09T09:20:00+05:30,300.95,601.90,2025-04-09T15:20:00+05:30,287.60,day_close,12.35,926.25,50.00,876.25,2512.50,100.00,2412.50,
2025-04-11,Friday,TRADED,,2025-04-17,current_week,2025-04-11T09:20:00+05:30,22766.05,22750,NIFTY_22750_CE_17_APR_25.csv,2025-04-11T09:20:00+05:30,271.2,542.40,2025-04-11T15:20:00+05:30,305.64,day_close,-35.44,-2658.00,50.00,-2708.00,NIFTY_22750_PE_17_APR_25.csv,2025-04-11T09:20:00+05:30,202.4,404.80,2025-04-11T15:20:00+05:30,211.25,day_close,-9.85,-738.75,50.00,-788.75,-3396.75,100.00,-3496.75,
2025-04-15,Tuesday,TRADED,,2025-04-17,current_week,2025-04-15T09:20:00+05:30,23278.4,23300,NIFTY_23300_CE_17_APR_25.csv,2025-04-15T09:20:00+05:30,145.05,290.10,2025-04-15T15:20:00+05:30,102.00,day_close,42.05,3153.75,50.00,3103.75,NIFTY_23300_PE_17_APR_25.csv,2025-04-15T09:20:00+05:30,151.65,303.30,2025-04-15T15:20:00+05:30,99.95,day_close,50.70,3802.50,50.00,3752.50,6956.25,100.00,6856.25,
2025-04-16,Wednesday,TRADED,,2025-04-17,current_week,2025-04-16T09:20:00+05:30,23285.3,23300,NIFTY_23300_CE_17_APR_25.csv,2025-04-16T09:20:00+05:30,47.9,95.80,2025-04-16T09:43:00+05:30,95.80,sl,-48.90,-3667.50,50.00,-3717.50,NIFTY_23300_PE_17_APR_25.csv,2025-04-16T09:20:00+05:30,86.0,172.00,2025-04-16T15:20:00+05:30,44.60,day_close,40.40,3030.00,50.00,2980.00,-637.50,100.00,-737.50,
2025-04-17,Thursday,TRADED,,2025-04-24,next_week,2025-04-17T09:20:00+05:30,23357.65,23350,NIFTY_23350_CE_24_APR_25.csv,2025-04-17T09:20:00+05:30,207.0,414.00,2025-04-17T12:27:00+05:30,414.00,sl,-208.00,-15600.00,50.00,-15650.00,NIFTY_23350_PE_24_APR_25.csv,2025-04-17T09:20:00+05:30,172.9,345.80,2025-04-17T15:20:00+05:30,61.90,day_close,110.00,8250.00,50.00,8200.00,-7350.00,100.00,-7450.00,
2025-04-21,Monday,TRADED,,2025-04-24,current_week,2025-04-21T09:20:00+05:30,23959.4,23950,NIFTY_23950_CE_24_APR_25.csv,2025-04-21T09:20:00+05:30,161.69,323.38,2025-04-21T15:20:00+05:30,254.35,day_close,-93.66,-7024.50,50.00,-7074.50,NIFTY_23950_PE_24_APR_25.csv,2025-04-21T09:20:00+05:30,171.2,342.40,2025-04-21T15:20:00+05:30,54.60,day_close,115.60,8670.00,50.00,8620.00,1645.50,100.00,1545.50,
2025-04-22,Tuesday,TRADED,,2025-04-24,current_week,2025-04-22T09:20:00+05:30,24089.4,24100,NIFTY_24100_CE_24_APR_25.csv,2025-04-22T09:20:00+05:30,113.0,226.00,2025-04-22T15:20:00+05:30,137.80,day_close,-25.80,-1935.00,50.00,-1985.00,NIFTY_24100_PE_24_APR_25.csv,2025-04-22T09:20:00+05:30,122.4,244.80,2025-04-22T15:20:00+05:30,62.30,day_close,59.10,4432.50,50.00,4382.50,2497.50,100.00,2397.50,
2025-04-23,Wednesday,TRADED,,2025-04-24,current_week,2025-04-23T09:20:00+05:30,24312.85,24300,NIFTY_24300_CE_24_APR_25.csv,2025-04-23T09:20:00+05:30,86.75,173.50,2025-04-23T15:20:00+05:30,67.25,day_close,18.50,1387.50,50.00,1337.50,NIFTY_24300_PE_24_APR_25.csv,2025-04-23T09:20:00+05:30,80.55,161.10,2025-04-23T10:35:00+05:30,161.10,sl,-81.55,-6116.25,50.00,-6166.25,-4728.75,100.00,-4828.75,
2025-04-24,Thursday,TRADED,,2025-04-30,next_week,2025-04-24T09:20:00+05:30,24272.4,24250,NIFTY_24250_CE_30_APR_25.csv,2025-04-24T09:20:00+05:30,234.3,468.60,2025-04-24T15:20:00+05:30,207.40,day_close,25.90,1942.50,50.00,1892.50,NIFTY_24250_PE_30_APR_25.csv,2025-04-24T09:20:00+05:30,160.9,321.80,2025-04-24T15:20:00+05:30,181.80,day_close,-21.90,-1642.50,50.00,-1692.50,300.00,100.00,200.00,
2025-04-25,Friday,TRADED,,2025-04-30,current_week,2025-04-25T09:20:00+05:30,24327.35,24350,NIFTY_24350_CE_30_APR_25.csv,2025-04-25T09:20:00+05:30,177.65,355.30,2025-04-25T15:20:00+05:30,59.05,day_close,117.60,8820.00,50.00,8770.00,NIFTY_24350_PE_30_APR_25.csv,2025-04-25T09:20:00+05:30,173.9,347.80,2025-04-25T10:00:00+05:30,347.80,sl,-174.90,-13117.50,50.00,-13167.50,-4297.50,100.00,-4397.50,
2025-04-28,Monday,TRADED,,2025-04-30,current_week,2025-04-28T09:20:00+05:30,24130.15,24150,NIFTY_24150_CE_30_APR_25.csv,2025-04-28T09:20:00+05:30,130.0,260.00,2025-04-28T12:28:00+05:30,260.00,sl,-131.00,-9825.00,50.00,-9875.00,NIFTY_24150_PE_30_APR_25.csv,2025-04-28T09:20:00+05:30,139.25,278.50,2025-04-28T15:20:00+05:30,46.65,day_close,91.60,6870.00,50.00,6820.00,-2955.00,100.00,-3055.00,
2025-04-29,Tuesday,TRADED,,2025-04-30,current_week,2025-04-29T09:20:00+05:30,24438.5,24450,NIFTY_24450_CE_30_APR_25.csv,2025-04-29T09:20:00+05:30,76.09,152.18,2025-04-29T15:20:00+05:30,19.20,day_close,55.89,4191.75,50.00,4141.75,NIFTY_24450_PE_30_APR_25.csv,2025-04-29T09:20:00+05:30,89.6,179.20,2025-04-29T09:43:00+05:30,179.20,sl,-90.60,-6795.00,50.00,-6845.00,-2603.25,100.00,-2703.25,
2025-04-30,Wednesday,TRADED,,2025-05-08,next_week,2025-04-30T09:20:00+05:30,24320.35,24300,NIFTY_24300_CE_08_MAY_25.csv,2025-04-30T09:20:00+05:30,246.2,492.40,2025-04-30T15:20:00+05:30,271.50,day_close,-26.30,-1972.50,50.00,-2022.50,NIFTY_24300_PE_08_MAY_25.csv,2025-04-30T09:20:00+05:30,212.25,424.50,2025-04-30T15:20:00+05:30,211.85,day_close,-0.60,-45.00,50.00,-95.00,-2017.50,100.00,-2117.50,
2025-05-02,Friday,TRADED,,2025-05-08,current_week,2025-05-02T09:20:00+05:30,24410.3,24400,NIFTY_24400_CE_08_MAY_25.csv,2025-05-02T09:20:00+05:30,224.4,448.80,2025-05-02T15:20:00+05:30,126.05,day_close,97.35,7301.25,50.00,7251.25,NIFTY_24400_PE_08_MAY_25.csv,2025-05-02T09:20:00+05:30,180.8,361.60,2025-05-02T15:20:00+05:30,217.65,day_close,-37.85,-2838.75,50.00,-2888.75,4462.50,100.00,4362.50,
2025-05-05,Monday,TRADED,,2025-05-08,current_week,2025-05-05T09:20:00+05:30,24435.8,24450,NIFTY_24450_CE_08_MAY_25.csv,2025-05-05T09:20:00+05:30,127.8,255.60,2025-05-05T15:20:00+05:30,110.10,day_close,16.70,1252.50,50.00,1202.50,NIFTY_24450_PE_08_MAY_25.csv,2025-05-05T09:20:00+05:30,149.0,298.00,2025-05-05T15:20:00+05:30,99.15,day_close,48.85,3663.75,50.00,3613.75,4916.25,100.00,4816.25,
2025-05-06,Tuesday,TRADED,,2025-05-08,current_week,2025-05-06T09:20:00+05:30,24454.95,24450,NIFTY_24450_CE_08_MAY_25.csv,2025-05-06T09:20:00+05:30,93.8,187.60,2025-05-06T15:20:00+05:30,33.40,day_close,59.40,4455.00,50.00,4405.00,NIFTY_24450_PE_08_MAY_25.csv,2025-05-06T09:20:00+05:30,95.45,190.90,2025-05-06T15:20:00+05:30,145.25,day_close,-50.80,-3810.00,50.00,-3860.00,645.00,100.00,545.00,
2025-05-07,Wednesday,TRADED,,2025-05-08,current_week,2025-05-07T09:20:00+05:30,24366.25,24350,NIFTY_24350_CE_08_MAY_25.csv,2025-05-07T09:20:00+05:30,96.8,193.60,2025-05-07T15:20:00+05:30,68.59,day_close,27.21,2040.75,50.00,1990.75,NIFTY_24350_PE_08_MAY_25.csv,2025-05-07T09:20:00+05:30,95.8,191.60,2025-05-07T15:20:00+05:30,56.70,day_close,38.10,2857.50,50.00,2807.50,4898.25,100.00,4798.25,
2025-05-08,Thursday,TRADED,,2025-05-15,next_week,2025-05-08T09:20:00+05:30,24398.45,24400,NIFTY_24400_CE_15_MAY_25.csv,2025-05-08T09:20:00+05:30,216.1,432.20,2025-05-08T15:20:00+05:30,172.70,day_close,42.40,3180.00,50.00,3130.00,NIFTY_24400_PE_15_MAY_25.csv,2025-05-08T09:20:00+05:30,208.25,416.50,2025-05-08T15:20:00+05:30,341.45,day_close,-134.20,-10065.00,50.00,-10115.00,-6885.00,100.00,-6985.00,
2025-05-09,Friday,TRADED,,2025-05-15,current_week,2025-05-09T09:20:00+05:30,24113.5,24100,NIFTY_24100_CE_15_MAY_25.csv,2025-05-09T09:20:00+05:30,264.1,528.20,2025-05-09T15:20:00+05:30,177.75,day_close,85.35,6401.25,50.00,6351.25,NIFTY_24100_PE_15_MAY_25.csv,2025-05-09T09:20:00+05:30,268.05,536.10,2025-05-09T15:20:00+05:30,282.14,day_close,-15.09,-1131.75,50.00,-1181.75,5269.50,100.00,5169.50,
2025-05-12,Monday,TRADED,,2025-05-15,current_week,2025-05-12T09:20:00+05:30,24562.45,24550,NIFTY_24550_CE_15_MAY_25.csv,2025-05-12T09:20:00+05:30,149.35,298.70,2025-05-12T09:59:00+05:30,298.70,sl,-150.35,-11276.25,50.00,-11326.25,NIFTY_24550_PE_15_MAY_25.csv,2025-05-12T09:20:00+05:30,138.4,276.80,2025-05-12T15:20:00+05:30,72.65,day_close,64.75,4856.25,50.00,4806.25,-6420.00,100.00,-6520.00,
2025-05-13,Tuesday,TRADED,,2025-05-15,current_week,2025-05-13T09:20:00+05:30,24868.35,24850,NIFTY_24850_CE_15_MAY_25.csv,2025-05-13T09:20:00+05:30,204.3,408.60,2025-05-13T15:20:00+05:30,53.20,day_close,150.10,11257.50,50.00,11207.50,NIFTY_24850_PE_15_MAY_25.csv,2025-05-13T09:20:00+05:30,185.7,371.40,2025-05-13T15:20:00+05:30,322.00,day_close,-137.30,-10297.50,50.00,-10347.50,960.00,100.00,860.00,
2025-05-14,Wednesday,TRADED,,2025-05-15,current_week,2025-05-14T09:20:00+05:30,24664.1,24650,NIFTY_24650_CE_15_MAY_25.csv,2025-05-14T09:20:00+05:30,116.1,232.20,2025-05-14T15:20:00+05:30,78.05,day_close,37.05,2778.75,50.00,2728.75,NIFTY_24650_PE_15_MAY_25.csv,2025-05-14T09:20:00+05:30,122.35,244.70,2025-05-14T15:20:00+05:30,109.50,day_close,11.85,888.75,50.00,838.75,3667.50,100.00,3567.50,
2025-05-15,Thursday,TRADED,,2025-05-22,next_week,2025-05-15T09:20:00+05:30,24620.0,24600,NIFTY_24600_CE_22_MAY_25.csv,2025-05-15T09:20:00+05:30,246.0,492.00,2025-05-15T13:45:00+05:30,492.00,sl,-247.00,-18525.00,50.00,-18575.00,NIFTY_24600_PE_22_MAY_25.csv,2025-05-15T09:20:00+05:30,194.85,389.70,2025-05-15T15:20:00+05:30,75.05,day_close,118.80,8910.00,50.00,8860.00,-9615.00,100.00,-9715.00,
2025-05-16,Friday,TRADED,,2025-05-22,current_week,2025-05-16T09:20:00+05:30,25003.5,25000,NIFTY_25000_CE_22_MAY_25.csv,2025-05-16T09:20:00+05:30,213.0,426.00,2025-05-16T15:20:00+05:30,192.80,day_close,19.20,1440.00,50.00,1390.00,NIFTY_25000_PE_22_MAY_25.csv,2025-05-16T09:20:00+05:30,186.0,372.00,2025-05-16T15:20:00+05:30,162.60,day_close,22.40,1680.00,50.00,1630.00,3120.00,100.00,3020.00,
2025-05-19,Monday,TRADED,,2025-05-22,current_week,2025-05-19T09:20:00+05:30,25027.85,25050,NIFTY_25050_CE_22_MAY_25.csv,2025-05-19T09:20:00+05:30,164.4,328.80,2025-05-19T15:20:00+05:30,107.45,day_close,55.95,4196.25,50.00,4146.25,NIFTY_25050_PE_22_MAY_25.csv,2025-05-19T09:20:00+05:30,188.9,377.80,2025-05-19T15:20:00+05:30,222.30,day_close,-34.40,-2580.00,50.00,-2630.00,1616.25,100.00,1516.25,
2025-05-20,Tuesday,TRADED,,2025-05-22,current_week,2025-05-20T09:20:00+05:30,24975.6,25000,NIFTY_25000_CE_22_MAY_25.csv,2025-05-20T09:20:00+05:30,125.0,250.00,2025-05-20T15:20:00+05:30,39.85,day_close,84.15,6311.25,50.00,6261.25,NIFTY_25000_PE_22_MAY_25.csv,2025-05-20T09:20:00+05:30,144.3,288.60,2025-05-20T14:08:00+05:30,288.60,sl,-145.30,-10897.50,50.00,-10947.50,-4586.25,100.00,-4686.25,
2025-05-21,Wednesday,TRADED,,2025-05-22,current_week,2025-05-21T09:20:00+05:30,24723.55,24700,NIFTY_24700_CE_22_MAY_25.csv,2025-05-21T09:20:00+05:30,124.75,249.50,2025-05-21T10:13:00+05:30,249.50,sl,-125.75,-9431.25,50.00,-9481.25,NIFTY_24700_PE_22_MAY_25.csv,2025-05-21T09:20:00+05:30,100.25,200.50,2025-05-21T15:20:00+05:30,68.50,day_close,30.75,2306.25,50.00,2256.25,-7125.00,100.00,-7225.00,
2025-05-22,Thursday,TRADED,,2025-05-29,next_week,2025-05-22T09:20:00+05:30,24644.7,24650,NIFTY_24650_CE_29_MAY_25.csv,2025-05-22T09:20:00+05:30,247.35,494.70,2025-05-22T15:20:00+05:30,204.95,day_close,41.40,3105.00,50.00,3055.00,NIFTY_24650_PE_29_MAY_25.csv,2025-05-22T09:20:00+05:30,222.0,444.00,2025-05-22T15:20:00+05:30,204.65,day_close,16.35,1226.25,50.00,1176.25,4331.25,100.00,4231.25,
2025-05-23,Friday,TRADED,,2025-05-29,current_week,2025-05-23T09:20:00+05:30,24626.5,24650,NIFTY_24650_CE_29_MAY_25.csv,2025-05-23T09:20:00+05:30,189.9,379.80,2025-05-23T10:49:00+05:30,379.80,sl,-190.90,-14317.50,50.00,-14367.50,NIFTY_24650_PE_29_MAY_25.csv,2025-05-23T09:20:00+05:30,195.7,391.40,2025-05-23T15:20:00+05:30,114.30,day_close,80.40,6030.00,50.00,5980.00,-8287.50,100.00,-8387.50,
2025-05-26,Monday,TRADED,,2025-05-29,current_week,2025-05-26T09:20:00+05:30,25005.2,25000,NIFTY_25000_CE_29_MAY_25.csv,2025-05-26T09:20:00+05:30,222.75,445.50,2025-05-26T15:20:00+05:30,224.65,day_close,-2.90,-217.50,50.00,-267.50,NIFTY_25000_PE_29_MAY_25.csv,2025-05-26T09:20:00+05:30,189.6,379.20,2025-05-26T15:20:00+05:30,185.70,day_close,2.90,217.50,50.00,167.50,0.00,100.00,-100.00,
2025-05-27,Tuesday,TRADED,,2025-05-29,current_week,2025-05-27T09:20:00+05:30,24876.2,24900,NIFTY_24900_CE_29_MAY_25.csv,2025-05-27T09:20:00+05:30,211.05,422.10,2025-05-27T15:20:00+05:30,167.50,day_close,42.55,3191.25,50.00,3141.25,NIFTY_24900_PE_29_MAY_25.csv,2025-05-27T09:20:00+05:30,214.4,428.80,2025-05-27T15:20:00+05:30,204.50,day_close,8.90,667.50,50.00,617.50,3858.75,100.00,3758.75,
2025-05-28,Wednesday,TRADED,,2025-05-29,current_week,2025-05-28T09:20:00+05:30,24817.75,24800,NIFTY_24800_CE_29_MAY_25.csv,2025-05-28T09:20:00+05:30,220.65,441.30,2025-05-28T15:20:00+05:30,94.80,day_close,124.85,9363.75,50.00,9313.75,NIFTY_24800_PE_29_MAY_25.csv,2025-05-28T09:20:00+05:30,178.05,356.10,2025-05-28T15:20:00+05:30,128.55,day_close,48.50,3637.50,50.00,3587.50,13001.25,100.00,12901.25,
2025-05-29,Thursday,TRADED,,2025-06-05,next_week,2025-05-29T09:20:00+05:30,24845.2,24850,NIFTY_24850_CE_05_JUN_25.csv,2025-05-29T09:20:00+05:30,249.4,498.80,2025-05-29T15:20:00+05:30,210.00,day_close,38.40,2880.00,50.00,2830.00,NIFTY_24850_PE_05_JUN_25.csv,2025-05-29T09:20:00+05:30,223.3,446.60,2025-05-29T15:20:00+05:30,198.60,day_close,23.70,1777.50,50.00,1727.50,4657.50,100.00,4557.50,
2025-05-30,Friday,TRADED,,2025-06-05,current_week,2025-05-30T09:20:00+05:30,24805.55,24800,NIFTY_24800_CE_05_JUN_25.csv,2025-05-30T09:20:00+05:30,215.4,430.80,2025-05-30T15:20:00+05:30,201.35,day_close,13.05,978.75,50.00,928.75,NIFTY_24800_PE_05_JUN_25.csv,2025-05-30T09:20:00+05:30,184.0,368.00,2025-05-30T15:20:00+05:30,205.75,day_close,-22.75,-1706.25,50.00,-1756.25,-727.50,100.00,-827.50,
2025-06-02,Monday,TRADED,,2025-06-05,current_week,2025-06-02T09:20:00+05:30,24567.75,24550,NIFTY_24550_CE_05_JUN_25.csv,2025-06-02T09:20:00+05:30,218.5,437.00,2025-06-02T15:20:00+05:30,316.40,day_close,-98.90,-7417.50,50.00,-7467.50,NIFTY_24550_PE_05_JUN_25.csv,2025-06-02T09:20:00+05:30,209.45,418.90,2025-06-02T15:20:00+05:30,137.65,day_close,70.80,5310.00,50.00,5260.00,-2107.50,100.00,-2207.50,
2025-06-03,Tuesday,TRADED,,2025-06-05,current_week,2025-06-03T09:20:00+05:30,24691.85,24700,NIFTY_24700_CE_05_JUN_25.csv,2025-06-03T09:20:00+05:30,227.9,455.80,2025-06-03T15:20:00+05:30,91.60,day_close,135.30,10147.50,50.00,10097.50,NIFTY_24700_PE_05_JUN_25.csv,2025-06-03T09:20:00+05:30,219.35,438.70,2025-06-03T15:20:00+05:30,204.80,day_close,13.55,1016.25,50.00,966.25,11163.75,100.00,11063.75,
2025-06-04,Wednesday,TRADED,,2025-06-05,current_week,2025-06-04T09:20:00+05:30,24571.25,24550,NIFTY_24550_CE_05_JUN_25.csv,2025-06-04T09:20:00+05:30,125.65,251.30,2025-06-04T15:20:00+05:30,115.70,day_close,8.95,671.25,50.00,621.25,NIFTY_24550_PE_05_JUN_25.csv,2025-06-04T09:20:00+05:30,101.6,203.20,2025-06-04T15:20:00+05:30,53.25,day_close,47.35,3551.25,50.00,3501.25,4222.50,100.00,4122.50,
2025-06-05,Thursday,TRADED,,2025-06-12,next_week,2025-06-05T09:20:00+05:30,24625.55,24650,NIFTY_24650_CE_12_JUN_25.csv,2025-06-05T09:20:00+05:30,206.1,412.20,2025-06-05T15:20:00+05:30,265.00,day_close,-59.90,-4492.50,50.00,-4542.50,NIFTY_24650_PE_12_JUN_25.csv,2025-06-05T09:20:00+05:30,197.4,394.80,2025-06-05T15:20:00+05:30,125.30,day_close,71.10,5332.50,50.00,5282.50,840.00,100.00,740.00,
2025-06-06,Friday,TRADED,,2025-06-12,current_week,2025-06-06T09:20:00+05:30,24749.65,24750,NIFTY_24750_CE_12_JUN_25.csv,2025-06-06T09:20:00+05:30,183.15,366.30,2025-06-06T11:41:00+05:30,366.30,sl,-184.15,-13811.25,50.00,-13861.25,NIFTY_24750_PE_12_JUN_25.csv,2025-06-06T09:20:00+05:30,169.8,339.60,2025-06-06T15:20:00+05:30,70.55,day_close,98.25,7368.75,50.00,7318.75,-6442.50,100.00,-6542.50,
2025-06-09,Monday,TRADED,,2025-06-12,current_week,2025-06-09T09:20:00+05:30,25107.6,25100,NIFTY_25100_CE_12_JUN_25.csv,2025-06-09T09:20:00+05:30,161.65,323.30,2025-06-09T15:20:00+05:30,136.60,day_close,24.05,1803.75,50.00,1753.75,NIFTY_25100_PE_12_JUN_25.csv,2025-06-09T09:20:00+05:30,152.25,304.50,2025-06-09T15:20:00+05:30,129.65,day_close,21.60,1620.00,50.00,1570.00,3423.75,100.00,3323.75,
2025-06-10,Tuesday,TRADED,,2025-06-12,current_week,2025-06-10T09:20:00+05:30,25128.4,25150,NIFTY_25150_CE_12_JUN_25.csv,2025-06-10T09:20:00+05:30,110.25,220.50,2025-06-10T15:20:00+05:30,64.55,day_close,44.70,3352.50,50.00,3302.50,NIFTY_25150_PE_12_JUN_25.csv,2025-06-10T09:20:00+05:30,136.2,272.40,2025-06-10T15:20:00+05:30,123.70,day_close,11.50,862.50,50.00,812.50,4215.00,100.00,4115.00,
2025-06-11,Wednesday,TRADED,,2025-06-12,current_week,2025-06-11T09:20:00+05:30,25127.6,25150,NIFTY_25150_CE_12_JUN_25.csv,2025-06-11T09:20:00+05:30,62.5,125.00,2025-06-11T12:23:00+05:30,125.00,sl,-63.50,-4762.50,50.00,-4812.50,NIFTY_25150_PE_12_JUN_25.csv,2025-06-11T09:20:00+05:30,100.4,200.80,2025-06-11T15:20:00+05:30,85.00,day_close,14.40,1080.00,50.00,1030.00,-3682.50,100.00,-3782.50,
2025-06-12,Thursday,TRADED,,2025-06-19,next_week,2025-06-12T09:20:00+05:30,25164.9,25150,NIFTY_25150_CE_19_JUN_25.csv,2025-06-12T09:20:00+05:30,194.6,389.20,2025-06-12T15:20:00+05:30,77.45,day_close,116.15,8711.25,50.00,8661.25,NIFTY_25150_PE_19_JUN_25.csv,2025-06-12T09:20:00+05:30,152.15,304.30,2025-06-12T13:41:00+05:30,304.30,sl,-153.15,-11486.25,50.00,-11536.25,-2775.00,100.00,-2875.00,
2025-06-13,Friday,TRADED,,2025-06-19,current_week,2025-06-13T09:20:00+05:30,24604.6,24600,NIFTY_24600_CE_19_JUN_25.csv,2025-06-13T09:20:00+05:30,204.5,409.00,2025-06-13T15:20:00+05:30,228.50,day_close,-25.00,-1875.00,50.00,-1925.00,NIFTY_24600_PE_19_JUN_25.csv,2025-06-13T09:20:00+05:30,188.15,376.30,2025-06-13T15:20:00+05:30,149.80,day_close,37.35,2801.25,50.00,2751.25,926.25,100.00,826.25,
2025-06-16,Monday,TRADED,,2025-06-19,current_week,2025-06-16T09:20:00+05:30,24788.3,24800,NIFTY_24800_CE_19_JUN_25.csv,2025-06-16T09:20:00+05:30,144.7,289.40,2025-06-16T15:20:00+05:30,242.60,day_close,-98.90,-7417.50,50.00,-7467.50,NIFTY_24800_PE_19_JUN_25.csv,2025-06-16T09:20:00+05:30,153.7,307.40,2025-06-16T15:20:00+05:30,80.85,day_close,71.85,5388.75,50.00,5338.75,-2028.75,100.00,-2128.75,
2025-06-17,Tuesday,TRADED,,2025-06-19,current_week,2025-06-17T09:20:00+05:30,24896.05,24900,NIFTY_24900_CE_19_JUN_25.csv,2025-06-17T09:20:00+05:30,128.4,256.80,2025-06-17T15:20:00+05:30,76.50,day_close,50.90,3817.50,50.00,3767.50,NIFTY_24900_PE_19_JUN_25.csv,2025-06-17T09:20:00+05:30,140.75,281.50,2025-06-17T15:20:00+05:30,139.05,day_close,0.70,52.50,50.00,2.50,3870.00,100.00,3770.00,
2025-06-18,Wednesday,TRADED,,2025-06-19,current_week,2025-06-18T09:20:00+05:30,24831.45,24850,NIFTY_24850_CE_19_JUN_25.csv,2025-06-18T09:20:00+05:30,79.05,158.10,2025-06-18T09:37:00+05:30,158.10,sl,-80.05,-6003.75,50.00,-6053.75,NIFTY_24850_PE_19_JUN_25.csv,2025-06-18T09:20:00+05:30,110.5,221.00,2025-06-18T15:20:00+05:30,109.65,day_close,-0.15,-11.25,50.00,-61.25,-6015.00,100.00,-6115.00,
2025-06-19,Thursday,TRADED,,2025-06-26,next_week,2025-06-19T09:20:00+05:30,24755.3,24750,NIFTY_24750_CE_26_JUN_25.csv,2025-06-19T09:20:00+05:30,206.3,412.60,2025-06-19T15:20:00+05:30,223.25,day_close,-17.95,-1346.25,50.00,-1396.25,NIFTY_24750_PE_26_JUN_25.csv,2025-06-19T09:20:00+05:30,186.9,373.80,2025-06-19T15:20:00+05:30,167.30,day_close,18.60,1395.00,50.00,1345.00,48.75,100.00,-51.25,
2025-06-20,Friday,TRADED,,2025-06-26,current_week,2025-06-20T09:20:00+05:30,24861.15,24850,NIFTY_24850_CE_26_JUN_25.csv,2025-06-20T09:20:00+05:30,183.85,367.70,2025-06-20T15:20:00+05:30,336.40,day_close,-153.55,-11516.25,50.00,-11566.25,NIFTY_24850_PE_26_JUN_25.csv,2025-06-20T09:20:00+05:30,155.1,310.20,2025-06-20T15:20:00+05:30,75.80,day_close,78.30,5872.50,50.00,5822.50,-5643.75,100.00,-5743.75,
2025-06-23,Monday,TRADED,,2025-06-26,current_week,2025-06-23T09:20:00+05:30,24930.95,24950,NIFTY_24950_CE_26_JUN_25.csv,2025-06-23T09:20:00+05:30,139.5,279.00,2025-06-23T15:20:00+05:30,156.50,day_close,-18.00,-1350.00,50.00,-1400.00,NIFTY_24950_PE_26_JUN_25.csv,2025-06-23T09:20:00+05:30,145.5,291.00,2025-06-23T15:20:00+05:30,116.10,day_close,28.40,2130.00,50.00,2080.00,780.00,100.00,680.00,
2025-06-24,Tuesday,TRADED,,2025-06-26,current_week,2025-06-24T09:20:00+05:30,25234.8,25250,NIFTY_25250_CE_26_JUN_25.csv,2025-06-24T09:20:00+05:30,118.9,237.80,2025-06-24T15:20:00+05:30,45.50,day_close,72.40,5430.00,50.00,5380.00,NIFTY_25250_PE_26_JUN_25.csv,2025-06-24T09:20:00+05:30,116.2,232.40,2025-06-24T13:37:00+05:30,232.40,sl,-117.20,-8790.00,50.00,-8840.00,-3360.00,100.00,-3460.00,
2025-06-25,Wednesday,TRADED,,2025-06-26,current_week,2025-06-25T09:20:00+05:30,25161.9,25150,NIFTY_25150_CE_26_JUN_25.csv,2025-06-25T09:20:00+05:30,101.1,202.20,2025-06-25T15:20:00+05:30,136.25,day_close,-36.15,-2711.25,50.00,-2761.25,NIFTY_25150_PE_26_JUN_25.csv,2025-06-25T09:20:00+05:30,81.75,163.50,2025-06-25T15:20:00+05:30,36.50,day_close,44.25,3318.75,50.00,3268.75,607.50,100.00,507.50,
2025-06-26,Thursday,TRADED,,2025-07-03,next_week,2025-06-26T09:20:00+05:30,25282.75,25300,NIFTY_25300_CE_03_JUL_25.csv,2025-06-26T09:20:00+05:30,175.65,351.30,2025-06-26T15:20:00+05:30,310.40,day_close,-135.75,-10181.25,50.00,-10231.25,NIFTY_25300_PE_03_JUL_25.csv,2025-06-26T09:20:00+05:30,181.75,363.50,2025-06-26T15:20:00+05:30,90.45,day_close,90.30,6772.50,50.00,6722.50,-3408.75,100.00,-3508.75,
2025-06-27,Friday,TRADED,,2025-07-03,current_week,2025-06-27T09:20:00+05:30,25597.8,25600,NIFTY_25600_CE_03_JUL_25.csv,2025-06-27T09:20:00+05:30,174.2,348.40,2025-06-27T15:20:00+05:30,171.65,day_close,1.55,116.25,50.00,66.25,NIFTY_25600_PE_03_JUL_25.csv,2025-06-27T09:20:00+05:30,151.3,302.60,2025-06-27T15:20:00+05:30,112.35,day_close,37.95,2846.25,50.00,2796.25,2962.50,100.00,2862.50,
2025-06-30,Monday,TRADED,,2025-07-03,current_week,2025-06-30T09:20:00+05:30,25610.55,25600,NIFTY_25600_CE_03_JUL_25.csv,2025-06-30T09:20:00+05:30,158.25,316.50,2025-06-30T15:20:00+05:30,93.80,day_close,63.45,4758.75,50.00,4708.75,NIFTY_25600_PE_03_JUL_25.csv,2025-06-30T09:20:00+05:30,120.9,241.80,2025-06-30T15:20:00+05:30,165.50,day_close,-45.60,-3420.00,50.00,-3470.00,1338.75,100.00,1238.75,
2025-07-01,Tuesday,TRADED,,2025-07-03,current_week,2025-07-01T09:20:00+05:30,25538.75,25550,NIFTY_25550_CE_03_JUL_25.csv,2025-07-01T09:20:00+05:30,119.05,238.10,2025-07-01T15:20:00+05:30,96.70,day_close,21.35,1601.25,50.00,1551.25,NIFTY_25550_PE_03_JUL_25.csv,2025-07-01T09:20:00+05:30,136.25,272.50,2025-07-01T15:20:00+05:30,83.20,day_close,52.05,3903.75,50.00,3853.75,5505.00,100.00,5405.00,
2025-07-02,Wednesday,TRADED,,2025-07-03,current_week,2025-07-02T09:20:00+05:30,25591.35,25600,NIFTY_25600_CE_03_JUL_25.csv,2025-07-02T09:20:00+05:30,79.5,159.00,2025-07-02T15:20:00+05:30,23.90,day_close,54.60,4095.00,50.00,4045.00,NIFTY_25600_PE_03_JUL_25.csv,2025-07-02T09:20:00+05:30,83.35,166.70,2025-07-02T13:19:00+05:30,166.70,sl,-84.35,-6326.25,50.00,-6376.25,-2231.25,100.00,-2331.25,
2025-07-03,Thursday,TRADED,,2025-07-10,next_week,2025-07-03T09:20:00+05:30,25522.75,25500,NIFTY_25500_CE_10_JUL_25.csv,2025-07-03T09:20:00+05:30,183.8,367.60,2025-07-03T15:20:00+05:30,131.65,day_close,51.15,3836.25,50.00,3786.25,NIFTY_25500_PE_10_JUL_25.csv,2025-07-03T09:20:00+05:30,142.35,284.70,2025-07-03T15:20:00+05:30,183.80,day_close,-42.45,-3183.75,50.00,-3233.75,652.50,100.00,552.50,
2025-07-04,Friday,TRADED,,2025-07-10,current_week,2025-07-04T09:20:00+05:30,25411.95,25400,NIFTY_25400_CE_10_JUL_25.csv,2025-07-04T09:20:00+05:30,168.55,337.10,2025-07-04T15:20:00+05:30,169.65,day_close,-2.10,-157.50,50.00,-207.50,NIFTY_25400_PE_10_JUL_25.csv,2025-07-04T09:20:00+05:30,144.2,288.40,2025-07-04T15:20:00+05:30,107.30,day_close,35.90,2692.50,50.00,2642.50,2535.00,100.00,2435.00,
2025-07-07,Monday,TRADED,,2025-07-10,current_week,2025-07-07T09:20:00+05:30,25445.2,25450,NIFTY_25450_CE_10_JUL_25.csv,2025-07-07T09:20:00+05:30,124.65,249.30,2025-07-07T15:20:00+05:30,120.55,day_close,3.10,232.50,50.00,182.50,NIFTY_25450_PE_10_JUL_25.csv,2025-07-07T09:20:00+05:30,125.15,250.30,2025-07-07T15:20:00+05:30,108.65,day_close,15.50,1162.50,50.00,1112.50,1395.00,100.00,1295.00,
2025-07-08,Tuesday,TRADED,,2025-07-10,current_week,2025-07-08T09:20:00+05:30,25457.5,25450,NIFTY_25450_CE_10_JUL_25.csv,2025-07-08T09:20:00+05:30,112.85,225.70,2025-07-08T15:20:00+05:30,144.65,day_close,-32.80,-2460.00,50.00,-2510.00,NIFTY_25450_PE_10_JUL_25.csv,2025-07-08T09:20:00+05:30,105.6,211.20,2025-07-08T15:20:00+05:30,49.35,day_close,55.25,4143.75,50.00,4093.75,1683.75,100.00,1583.75,
2025-07-09,Wednesday,TRADED,,2025-07-10,current_week,2025-07-09T09:20:00+05:30,25488.8,25500,NIFTY_25500_CE_10_JUL_25.csv,2025-07-09T09:20:00+05:30,78.95,157.90,2025-07-09T15:20:00+05:30,58.95,day_close,19.00,1425.00,50.00,1375.00,NIFTY_25500_PE_10_JUL_25.csv,2025-07-09T09:20:00+05:30,72.65,145.30,2025-07-09T15:20:00+05:30,70.90,day_close,0.75,56.25,50.00,6.25,1481.25,100.00,1381.25,
2025-07-10,Thursday,TRADED,,2025-07-17,next_week,2025-07-10T09:20:00+05:30,25470.6,25450,NIFTY_25450_CE_17_JUL_25.csv,2025-07-10T09:20:00+05:30,174.35,348.70,2025-07-10T15:20:00+05:30,110.75,day_close,62.60,4695.00,50.00,4645.00,NIFTY_25450_PE_17_JUL_25.csv,2025-07-10T09:20:00+05:30,122.75,245.50,2025-07-10T15:20:00+05:30,170.95,day_close,-49.20,-3690.00,50.00,-3740.00,1005.00,100.00,905.00,
2025-07-11,Friday,TRADED,,2025-07-17,current_week,2025-07-11T09:20:00+05:30,25288.45,25300,NIFTY_25300_CE_17_JUL_25.csv,2025-07-11T09:20:00+05:30,129.05,258.10,2025-07-11T15:20:00+05:30,72.85,day_close,55.20,4140.00,50.00,4090.00,NIFTY_25300_PE_17_JUL_25.csv,2025-07-11T09:20:00+05:30,127.45,254.90,2025-07-11T15:20:00+05:30,191.90,day_close,-65.45,-4908.75,50.00,-4958.75,-768.75,100.00,-868.75,
2025-07-14,Monday,TRADED,,2025-07-17,current_week,2025-07-14T09:20:00+05:30,25100.6,25100,NIFTY_25100_CE_17_JUL_25.csv,2025-07-14T09:20:00+05:30,125.75,251.50,2025-07-14T15:20:00+05:30,116.75,day_close,8.00,600.00,50.00,550.00,NIFTY_25100_PE_17_JUL_25.csv,2025-07-14T09:20:00+05:30,103.45,206.90,2025-07-14T15:20:00+05:30,90.50,day_close,11.95,896.25,50.00,846.25,1496.25,100.00,1396.25,
2025-07-15,Tuesday,TRADED,,2025-07-17,current_week,2025-07-15T09:20:00+05:30,25140.0,25150,NIFTY_25150_CE_17_JUL_25.csv,2025-07-15T09:20:00+05:30,99.65,199.30,2025-07-15T15:20:00+05:30,117.80,day_close,-19.15,-1436.25,50.00,-1486.25,NIFTY_25150_PE_17_JUL_25.csv,2025-07-15T09:20:00+05:30,89.25,178.50,2025-07-15T15:20:00+05:30,41.85,day_close,46.40,3480.00,50.00,3430.00,2043.75,100.00,1943.75,
2025-07-16,Wednesday,TRADED,,2025-07-17,current_week,2025-07-16T09:20:00+05:30,25159.7,25150,NIFTY_25150_CE_17_JUL_25.csv,2025-07-16T09:20:00+05:30,74.9,149.80,2025-07-16T15:20:00+05:30,97.30,day_close,-23.40,-1755.00,50.00,-1805.00,NIFTY_25150_PE_17_JUL_25.csv,2025-07-16T09:20:00+05:30,56.5,113.00,2025-07-16T15:20:00+05:30,26.40,day_close,29.10,2182.50,50.00,2132.50,427.50,100.00,327.50,
2025-07-17,Thursday,TRADED,,2025-07-24,next_week,2025-07-17T09:20:00+05:30,25216.6,25200,NIFTY_25200_CE_24_JUL_25.csv,2025-07-17T09:20:00+05:30,151.8,303.60,2025-07-17T15:20:00+05:30,110.50,day_close,40.30,3022.50,50.00,2972.50,NIFTY_25200_PE_24_JUL_25.csv,2025-07-17T09:20:00+05:30,117.0,234.00,2025-07-17T15:20:00+05:30,150.60,day_close,-34.60,-2595.00,50.00,-2645.00,427.50,100.00,327.50,
2025-07-18,Friday,TRADED,,2025-07-24,current_week,2025-07-18T09:20:00+05:30,25087.3,25100,NIFTY_25100_CE_24_JUL_25.csv,2025-07-18T09:20:00+05:30,135.85,271.70,2025-07-18T15:20:00+05:30,87.10,day_close,47.75,3581.25,50.00,3531.25,NIFTY_25100_PE_24_JUL_25.csv,2025-07-18T09:20:00+05:30,120.0,240.00,2025-07-18T15:20:00+05:30,172.20,day_close,-53.20,-3990.00,50.00,-4040.00,-408.75,100.00,-508.75,
2025-07-21,Monday,TRADED,,2025-07-24,current_week,2025-07-21T09:20:00+05:30,24955.2,24950,NIFTY_24950_CE_24_JUL_25.csv,2025-07-21T09:20:00+05:30,124.2,248.40,2025-07-21T15:20:00+05:30,199.00,day_close,-75.80,-5685.00,50.00,-5735.00,NIFTY_24950_PE_24_JUL_25.csv,2025-07-21T09:20:00+05:30,96.65,193.30,2025-07-21T15:20:00+05:30,37.70,day_close,57.95,4346.25,50.00,4296.25,-1338.75,100.00,-1438.75,
2025-07-22,Tuesday,TRADED,,2025-07-24,current_week,2025-07-22T09:20:00+05:30,25129.55,25150,NIFTY_25150_CE_24_JUL_25.csv,2025-07-22T09:20:00+05:30,80.1,160.20,2025-07-22T15:20:00+05:30,44.85,day_close,34.25,2568.75,50.00,2518.75,NIFTY_25150_PE_24_JUL_25.csv,2025-07-22T09:20:00+05:30,90.45,180.90,2025-07-22T15:20:00+05:30,105.10,day_close,-15.65,-1173.75,50.00,-1223.75,1395.00,100.00,1295.00,
2025-07-23,Wednesday,TRADED,,2025-07-24,current_week,2025-07-23T09:20:00+05:30,25132.55,25150,NIFTY_25150_CE_24_JUL_25.csv,2025-07-23T09:20:00+05:30,56.05,112.10,2025-07-23T15:20:00+05:30,96.45,day_close,-41.40,-3105.00,50.00,-3155.00,NIFTY_25150_PE_24_JUL_25.csv,2025-07-23T09:20:00+05:30,67.2,134.40,2025-07-23T15:20:00+05:30,21.45,day_close,44.75,3356.25,50.00,3306.25,251.25,100.00,151.25,
2025-07-24,Thursday,TRADED,,2025-07-31,next_week,2025-07-24T09:20:00+05:30,25204.1,25200,NIFTY_25200_CE_31_JUL_25.csv,2025-07-24T09:20:00+05:30,142.2,284.40,2025-07-24T15:20:00+05:30,76.45,day_close,64.75,4856.25,50.00,4806.25,NIFTY_25200_PE_31_JUL_25.csv,2025-07-24T09:20:00+05:30,109.4,218.80,2025-07-24T12:05:00+05:30,218.80,sl,-110.40,-8280.00,50.00,-8330.00,-3423.75,100.00,-3523.75,
2025-07-25,Friday,TRADED,,2025-07-31,current_week,2025-07-25T09:20:00+05:30,24935.05,24950,NIFTY_24950_CE_31_JUL_25.csv,2025-07-25T09:20:00+05:30,127.25,254.50,2025-07-25T15:20:00+05:30,79.80,day_close,46.45,3483.75,50.00,3433.75,NIFTY_24950_PE_31_JUL_25.csv,2025-07-25T09:20:00+05:30,126.5,253.00,2025-07-25T15:20:00+05:30,176.50,day_close,-51.00,-3825.00,50.00,-3875.00,-341.25,100.00,-441.25,
2025-07-28,Monday,TRADED,,2025-07-31,current_week,2025-07-28T09:20:00+05:30,24787.8,24800,NIFTY_24800_CE_31_JUL_25.csv,2025-07-28T09:20:00+05:30,119.85,239.70,2025-07-28T15:20:00+05:30,70.90,day_close,47.95,3596.25,50.00,3546.25,NIFTY_24800_PE_31_JUL_25.csv,2025-07-28T09:20:00+05:30,115.8,231.60,2025-07-28T15:20:00+05:30,155.75,day_close,-40.95,-3071.25,50.00,-3121.25,525.00,100.00,425.00,
2025-07-29,Tuesday,TRADED,,2025-07-31,current_week,2025-07-29T09:20:00+05:30,24684.5,24700,NIFTY_24700_CE_31_JUL_25.csv,2025-07-29T09:20:00+05:30,109.9,219.80,2025-07-29T15:20:00+05:30,175.35,day_close,-66.45,-4983.75,50.00,-5033.75,NIFTY_24700_PE_31_JUL_25.csv,2025-07-29T09:20:00+05:30,103.8,207.60,2025-07-29T15:20:00+05:30,29.05,day_close,73.75,5531.25,50.00,5481.25,547.50,100.00,447.50,
2025-07-30,Wednesday,TRADED,,2025-07-31,current_week,2025-07-30T09:20:00+05:30,24862.0,24850,NIFTY_24850_CE_31_JUL_25.csv,2025-07-30T09:20:00+05:30,72.5,145.00,2025-07-30T15:20:00+05:30,69.80,day_close,1.70,127.50,50.00,77.50,NIFTY_24850_PE_31_JUL_25.csv,2025-07-30T09:20:00+05:30,76.6,153.20,2025-07-30T15:20:00+05:30,49.15,day_close,26.45,1983.75,50.00,1933.75,2111.25,100.00,2011.25,
2025-07-31,Thursday,TRADED,,2025-08-07,next_week,2025-07-31T09:20:00+05:30,24680.35,24700,NIFTY_24700_CE_07_AUG_25.csv,2025-07-31T09:20:00+05:30,163.3,326.60,2025-07-31T13:12:00+05:30,326.60,sl,-164.30,-12322.50,50.00,-12372.50,NIFTY_24700_PE_07_AUG_25.csv,2025-07-31T09:20:00+05:30,159.9,319.80,2025-07-31T15:20:00+05:30,113.45,day_close,45.45,3408.75,50.00,3358.75,-8913.75,100.00,-9013.75,
2025-08-01,Friday,TRADED,,2025-08-07,current_week,2025-08-01T09:20:00+05:30,24725.9,24750,NIFTY_24750_CE_07_AUG_25.csv,2025-08-01T09:20:00+05:30,140.35,280.70,2025-08-01T15:20:00+05:30,73.95,day_close,65.40,4905.00,50.00,4855.00,NIFTY_24750_PE_07_AUG_25.csv,2025-08-01T09:20:00+05:30,161.95,323.90,2025-08-01T15:20:00+05:30,261.30,day_close,-100.35,-7526.25,50.00,-7576.25,-2621.25,100.00,-2721.25,
2025-08-04,Monday,TRADED,,2025-08-07,current_week,2025-08-04T09:20:00+05:30,24642.75,24650,NIFTY_24650_CE_07_AUG_25.csv,2025-08-04T09:20:00+05:30,138.45,276.90,2025-08-04T15:20:00+05:30,166.40,day_close,-28.95,-2171.25,50.00,-2221.25,NIFTY_24650_PE_07_AUG_25.csv,2025-08-04T09:20:00+05:30,134.35,268.70,2025-08-04T15:20:00+05:30,82.15,day_close,51.20,3840.00,50.00,3790.00,1668.75,100.00,1568.75,
2025-08-05,Tuesday,TRADED,,2025-08-07,current_week,2025-08-05T09:20:00+05:30,24684.75,24700,NIFTY_24700_CE_07_AUG_25.csv,2025-08-05T09:20:00+05:30,101.5,203.00,2025-08-05T15:20:00+05:30,72.95,day_close,27.55,2066.25,50.00,2016.25,NIFTY_24700_PE_07_AUG_25.csv,2025-08-05T09:20:00+05:30,110.65,221.30,2025-08-05T15:20:00+05:30,115.05,day_close,-5.40,-405.00,50.00,-455.00,1661.25,100.00,1561.25,
2025-08-06,Wednesday,TRADED,,2025-08-07,current_week,2025-08-06T09:20:00+05:30,24652.1,24650,NIFTY_24650_CE_07_AUG_25.csv,2025-08-06T09:20:00+05:30,91.55,183.10,2025-08-06T15:20:00+05:30,42.15,day_close,48.40,3630.00,50.00,3580.00,NIFTY_24650_PE_07_AUG_25.csv,2025-08-06T09:20:00+05:30,85.1,170.20,2025-08-06T15:20:00+05:30,109.80,day_close,-25.70,-1927.50,50.00,-1977.50,1702.50,100.00,1602.50,
2025-08-07,Thursday,TRADED,,2025-08-14,next_week,2025-08-07T09:20:00+05:30,24519.2,24500,NIFTY_24500_CE_14_AUG_25.csv,2025-08-07T09:20:00+05:30,170.8,341.60,2025-08-07T15:20:00+05:30,215.55,day_close,-45.75,-3431.25,50.00,-3481.25,NIFTY_24500_PE_14_AUG_25.csv,2025-08-07T09:20:00+05:30,133.9,267.80,2025-08-07T15:20:00+05:30,78.90,day_close,54.00,4050.00,50.00,4000.00,618.75,100.00,518.75,
2025-08-08,Friday,TRADED,,2025-08-14,current_week,2025-08-08T09:20:00+05:30,24573.0,24550,NIFTY_24550_CE_14_AUG_25.csv,2025-08-08T09:20:00+05:30,158.7,317.40,2025-08-08T15:20:00+05:30,72.25,day_close,85.45,6408.75,50.00,6358.75,NIFTY_24550_PE_14_AUG_25.csv,2025-08-08T09:20:00+05:30,112.25,224.50,2025-08-08T15:12:00+05:30,224.50,sl,-113.25,-8493.75,50.00,-8543.75,-2085.00,100.00,-2185.00,
2025-08-11,Monday,TRADED,,2025-08-14,current_week,2025-08-11T09:20:00+05:30,24401.2,24400,NIFTY_24400_CE_14_AUG_25.csv,2025-08-11T09:20:00+05:30,137.5,275.00,2025-08-11T15:20:00+05:30,213.00,day_close,-76.50,-5737.50,50.00,-5787.50,NIFTY_24400_PE_14_AUG_25.csv,2025-08-11T09:20:00+05:30,114.65,229.30,2025-08-11T15:20:00+05:30,45.95,day_close,67.70,5077.50,50.00,5027.50,-660.00,100.00,-760.00,
2025-08-12,Tuesday,TRADED,,2025-08-14,current_week,2025-08-12T09:20:00+05:30,24573.3,24550,NIFTY_24550_CE_14_AUG_25.csv,2025-08-12T09:20:00+05:30,110.45,220.90,2025-08-12T15:20:00+05:30,64.40,day_close,45.05,3378.75,50.00,3328.75,NIFTY_24550_PE_14_AUG_25.csv,2025-08-12T09:20:00+05:30,79.0,158.00,2025-08-12T15:20:00+05:30,99.95,day_close,-21.95,-1646.25,50.00,-1696.25,1732.50,100.00,1632.50,
2025-08-13,Wednesday,TRADED,,2025-08-14,current_week,2025-08-13T09:20:00+05:30,24566.2,24550,NIFTY_24550_CE_14_AUG_25.csv,2025-08-13T09:20:00+05:30,96.55,193.10,2025-08-13T15:20:00+05:30,117.50,day_close,-21.95,-1646.25,50.00,-1696.25,NIFTY_24550_PE_14_AUG_25.csv,2025-08-13T09:20:00+05:30,62.6,125.20,2025-08-13T15:20:00+05:30,28.25,day_close,33.35,2501.25,50.00,2451.25,855.00,100.00,755.00,
2025-08-14,Thursday,TRADED,,2025-08-21,next_week,2025-08-14T09:20:00+05:30,24640.15,24650,NIFTY_24650_CE_21_AUG_25.csv,2025-08-14T09:20:00+05:30,155.1,310.20,2025-08-14T15:20:00+05:30,146.75,day_close,7.35,551.25,50.00,501.25,NIFTY_24650_PE_21_AUG_25.csv,2025-08-14T09:20:00+05:30,131.75,263.50,2025-08-14T15:20:00+05:30,133.35,day_close,-2.60,-195.00,50.00,-245.00,356.25,100.00,256.25,
2025-08-18,Monday,TRADED,,2025-08-21,current_week,2025-08-18T09:20:00+05:30,24945.05,24950,NIFTY_24950_CE_21_AUG_25.csv,2025-08-18T09:20:00+05:30,149.15,298.30,2025-08-18T15:20:00+05:30,103.95,day_close,44.20,3315.00,50.00,3265.00,NIFTY_24950_PE_21_AUG_25.csv,2025-08-18T09:20:00+05:30,121.6,243.20,2025-08-18T15:20:00+05:30,112.10,day_close,8.50,637.50,50.00,587.50,3952.50,100.00,3852.50,
2025-08-19,Tuesday,TRADED,,2025-08-21,current_week,2025-08-19T09:20:00+05:30,24905.5,24900,NIFTY_24900_CE_21_AUG_25.csv,2025-08-19T09:20:00+05:30,105.2,210.40,2025-08-19T15:20:00+05:30,140.50,day_close,-36.30,-2722.50,50.00,-2772.50,NIFTY_24900_PE_21_AUG_25.csv,2025-08-19T09:20:00+05:30,87.3,174.60,2025-08-19T15:20:00+05:30,39.90,day_close,46.40,3480.00,50.00,3430.00,757.50,100.00,657.50,
2025-08-20,Wednesday,TRADED,,2025-08-21,current_week,2025-08-20T09:20:00+05:30,24942.9,24950,NIFTY_24950_CE_21_AUG_25.csv,2025-08-20T09:20:00+05:30,69.0,138.00,2025-08-20T13:06:00+05:30,138.00,sl,-70.00,-5250.00,50.00,-5300.00,NIFTY_24950_PE_21_AUG_25.csv,2025-08-20T09:20:00+05:30,74.5,149.00,2025-08-20T15:20:00+05:30,26.35,day_close,47.15,3536.25,50.00,3486.25,-1713.75,100.00,-1813.75,
2025-08-21,Thursday,TRADED,,2025-08-28,next_week,2025-08-21T09:20:00+05:30,25074.7,25050,NIFTY_25050_CE_28_AUG_25.csv,2025-08-21T09:20:00+05:30,169.5,339.00,2025-08-21T15:20:00+05:30,163.20,day_close,5.30,397.50,50.00,347.50,NIFTY_25050_PE_28_AUG_25.csv,2025-08-21T09:20:00+05:30,105.3,210.60,2025-08-21T15:20:00+05:30,87.35,day_close,16.95,1271.25,50.00,1221.25,1668.75,100.00,1568.75,
2025-08-22,Friday,TRADED,,2025-08-28,current_week,2025-08-22T09:20:00+05:30,25022.25,25000,NIFTY_25000_CE_28_AUG_25.csv,2025-08-22T09:20:00+05:30,133.1,266.20,2025-08-22T15:20:00+05:30,72.80,day_close,59.30,4447.50,50.00,4397.50,NIFTY_25000_PE_28_AUG_25.csv,2025-08-22T09:20:00+05:30,96.95,193.90,2025-08-22T15:20:00+05:30,165.85,day_close,-69.90,-5242.50,50.00,-5292.50,-795.00,100.00,-895.00,
2025-08-25,Monday,TRADED,,2025-08-28,current_week,2025-08-25T09:20:00+05:30,24922.9,24900,NIFTY_24900_CE_28_AUG_25.csv,2025-08-25T09:20:00+05:30,116.15,232.30,2025-08-25T15:20:00+05:30,134.10,day_close,-18.95,-1421.25,50.00,-1471.25,NIFTY_24900_PE_28_AUG_25.csv,2025-08-25T09:20:00+05:30,86.5,173.00,2025-08-25T15:20:00+05:30,41.80,day_close,43.70,3277.50,50.00,3227.50,1856.25,100.00,1756.25,
2025-08-26,Tuesday,TRADED,,2025-08-28,current_week,2025-08-26T09:20:00+05:30,24846.6,24850,NIFTY_24850_CE_28_AUG_25.csv,2025-08-26T09:20:00+05:30,79.75,159.50,2025-08-26T15:20:00+05:30,30.00,day_close,48.75,3656.25,50.00,3606.25,NIFTY_24850_PE_28_AUG_25.csv,2025-08-26T09:20:00+05:30,66.9,133.80,2025-08-26T15:02:00+05:30,133.80,sl,-67.90,-5092.50,50.00,-5142.50,-1436.25,100.00,-1536.25,
2025-08-28,Thursday,TRADED,,2025-09-02,next_week,2025-08-28T09:20:00+05:30,24575.55,24600,NIFTY_24600_CE_02_SEP_25.csv,2025-08-28T09:20:00+05:30,135.5,271.00,2025-08-28T15:20:00+05:30,88.20,day_close,46.30,3472.50,50.00,3422.50,NIFTY_24600_PE_02_SEP_25.csv,2025-08-28T09:20:00+05:30,115.35,230.70,2025-08-28T15:20:00+05:30,143.45,day_close,-29.10,-2182.50,50.00,-2232.50,1290.00,100.00,1190.00,
2025-08-29,Friday,TRADED,,2025-09-02,current_week,2025-08-29T09:20:00+05:30,24508.7,24500,NIFTY_24500_CE_02_SEP_25.csv,2025-08-29T09:20:00+05:30,134.65,269.30,2025-08-29T15:20:00+05:30,68.45,day_close,65.20,4890.00,50.00,4840.00,NIFTY_24500_PE_02_SEP_25.csv,2025-08-29T09:20:00+05:30,91.95,183.90,2025-08-29T15:20:00+05:30,111.60,day_close,-20.65,-1548.75,50.00,-1598.75,3341.25,100.00,3241.25,
2025-09-01,Monday,TRADED,,2025-09-02,current_week,2025-09-01T09:20:00+05:30,24522.55,24500,NIFTY_24500_CE_02_SEP_25.csv,2025-09-01T09:20:00+05:30,102.0,204.00,2025-09-01T15:20:00+05:30,156.40,day_close,-55.40,-4155.00,50.00,-4205.00,NIFTY_24500_PE_02_SEP_25.csv,2025-09-01T09:20:00+05:30,47.2,94.40,2025-09-01T15:20:00+05:30,17.45,day_close,28.75,2156.25,50.00,2106.25,-1998.75,100.00,-2098.75,
2025-09-02,Tuesday,TRADED,,2025-09-09,next_week,2025-09-02T09:20:00+05:30,24662.05,24650,NIFTY_24650_CE_09_SEP_25.csv,2025-09-02T09:20:00+05:30,160.0,320.00,2025-09-02T15:20:00+05:30,117.80,day_close,41.20,3090.00,50.00,3040.00,NIFTY_24650_PE_09_SEP_25.csv,2025-09-02T09:20:00+05:30,107.3,214.60,2025-09-02T15:20:00+05:30,145.05,day_close,-38.75,-2906.25,50.00,-2956.25,183.75,100.00,83.75,
2025-09-03,Wednesday,TRADED,,2025-09-09,current_week,2025-09-03T09:20:00+05:30,24541.2,24550,NIFTY_24550_CE_09_SEP_25.csv,2025-09-03T09:20:00+05:30,137.35,274.70,2025-09-03T15:20:00+05:30,242.25,day_close,-105.90,-7942.50,50.00,-7992.50,NIFTY_24550_PE_09_SEP_25.csv,2025-09-03T09:20:00+05:30,120.0,240.00,2025-09-03T15:20:00+05:30,47.20,day_close,71.80,5385.00,50.00,5335.00,-2557.50,100.00,-2657.50,
2025-09-04,Thursday,TRADED,,2025-09-09,current_week,2025-09-04T09:20:00+05:30,24864.85,24850,NIFTY_24850_CE_09_SEP_25.csv,2025-09-04T09:20:00+05:30,128.85,257.70,2025-09-04T15:20:00+05:30,60.40,day_close,67.45,5058.75,50.00,5008.75,NIFTY_24850_PE_09_SEP_25.csv,2025-09-04T09:20:00+05:30,92.45,184.90,2025-09-04T15:20:00+05:30,152.55,day_close,-61.10,-4582.50,50.00,-4632.50,476.25,100.00,376.25,
2025-09-05,Friday,TRADED,,2025-09-09,current_week,2025-09-05T09:20:00+05:30,24826.25,24850,NIFTY_24850_CE_09_SEP_25.csv,2025-09-05T09:20:00+05:30,82.5,165.00,2025-09-05T15:20:00+05:30,53.25,day_close,28.25,2118.75,50.00,2068.75,NIFTY_24850_PE_09_SEP_25.csv,2025-09-05T09:20:00+05:30,90.3,180.60,2025-09-05T10:12:00+05:30,180.60,sl,-91.30,-6847.50,50.00,-6897.50,-4728.75,100.00,-4828.75,
2025-09-08,Monday,TRADED,,2025-09-09,current_week,2025-09-08T09:20:00+05:30,24788.95,24800,NIFTY_24800_CE_09_SEP_25.csv,2025-09-08T09:20:00+05:30,69.6,139.20,2025-09-08T15:20:00+05:30,58.95,day_close,9.65,723.75,50.00,673.75,NIFTY_24800_PE_09_SEP_25.csv,2025-09-08T09:20:00+05:30,69.25,138.50,2025-09-08T15:20:00+05:30,51.00,day_close,17.25,1293.75,50.00,1243.75,2017.50,100.00,1917.50,
2025-09-09,Tuesday,TRADED,,2025-09-16,next_week,2025-09-09T09:20:00+05:30,24851.85,24850,NIFTY_24850_CE_16_SEP_25.csv,2025-09-09T09:20:00+05:30,156.6,313.20,2025-09-09T15:20:00+05:30,149.20,day_close,6.40,480.00,50.00,430.00,NIFTY_24850_PE_16_SEP_25.csv,2025-09-09T09:20:00+05:30,112.35,224.70,2025-09-09T15:20:00+05:30,105.45,day_close,5.90,442.50,50.00,392.50,922.50,100.00,822.50,
2025-09-10,Wednesday,TRADED,,2025-09-16,current_week,2025-09-10T09:20:00+05:30,24963.0,24950,NIFTY_24950_CE_16_SEP_25.csv,2025-09-10T09:20:00+05:30,136.65,273.30,2025-09-10T15:20:00+05:30,150.15,day_close,-14.50,-1087.50,50.00,-1137.50,NIFTY_24950_PE_16_SEP_25.csv,2025-09-10T09:20:00+05:30,102.8,205.60,2025-09-10T15:20:00+05:30,78.20,day_close,23.60,1770.00,50.00,1720.00,682.50,100.00,582.50,
2025-09-11,Thursday,TRADED,,2025-09-16,current_week,2025-09-11T09:20:00+05:30,25002.35,25000,NIFTY_25000_CE_16_SEP_25.csv,2025-09-11T09:20:00+05:30,124.4,248.80,2025-09-11T15:20:00+05:30,120.15,day_close,3.25,243.75,50.00,193.75,NIFTY_25000_PE_16_SEP_25.csv,2025-09-11T09:20:00+05:30,85.15,170.30,2025-09-11T15:20:00+05:30,71.15,day_close,13.00,975.00,50.00,925.00,1218.75,100.00,1118.75,
2025-09-12,Friday,TRADED,,2025-09-16,current_week,2025-09-12T09:20:00+05:30,25055.35,25050,NIFTY_25050_CE_16_SEP_25.csv,2025-09-12T09:20:00+05:30,102.2,204.40,2025-09-12T15:20:00+05:30,126.15,day_close,-24.95,-1871.25,50.00,-1921.25,NIFTY_25050_PE_16_SEP_25.csv,2025-09-12T09:20:00+05:30,66.4,132.80,2025-09-12T15:20:00+05:30,41.75,day_close,23.65,1773.75,50.00,1723.75,-97.50,100.00,-197.50,
2025-09-15,Monday,TRADED,,2025-09-16,current_week,2025-09-15T09:20:00+05:30,25091.05,25100,NIFTY_25100_CE_16_SEP_25.csv,2025-09-15T09:20:00+05:30,67.5,135.00,2025-09-15T15:20:00+05:30,46.50,day_close,20.00,1500.00,50.00,1450.00,NIFTY_25100_PE_16_SEP_25.csv,2025-09-15T09:20:00+05:30,57.2,114.40,2025-09-15T15:20:00+05:30,45.15,day_close,11.05,828.75,50.00,778.75,2328.75,100.00,2228.75,
2025-09-16,Tuesday,TRADED,,2025-09-23,next_week,2025-09-16T09:20:00+05:30,25107.25,25100,NIFTY_25100_CE_23_SEP_25.csv,2025-09-16T09:20:00+05:30,150.55,301.10,2025-09-16T15:20:00+05:30,247.90,day_close,-98.35,-7376.25,50.00,-7426.25,NIFTY_25100_PE_23_SEP_25.csv,2025-09-16T09:20:00+05:30,109.25,218.50,2025-09-16T15:20:00+05:30,54.60,day_close,53.65,4023.75,50.00,3973.75,-3352.50,100.00,-3452.50,
2025-09-17,Wednesday,TRADED,,2025-09-23,current_week,2025-09-17T09:20:00+05:30,25296.45,25300,NIFTY_25300_CE_23_SEP_25.csv,2025-09-17T09:20:00+05:30,137.25,274.50,2025-09-17T15:20:00+05:30,156.30,day_close,-20.05,-1503.75,50.00,-1553.75,NIFTY_25300_PE_23_SEP_25.csv,2025-09-17T09:20:00+05:30,96.8,193.60,2025-09-17T15:20:00+05:30,71.90,day_close,23.90,1792.50,50.00,1742.50,288.75,100.00,188.75,
2025-09-18,Thursday,TRADED,,2025-09-23,current_week,2025-09-18T09:20:00+05:30,25410.65,25400,NIFTY_25400_CE_23_SEP_25.csv,2025-09-18T09:20:00+05:30,117.8,235.60,2025-09-18T15:20:00+05:30,123.85,day_close,-7.05,-528.75,50.00,-578.75,NIFTY_25400_PE_23_SEP_25.csv,2025-09-18T09:20:00+05:30,67.5,135.00,2025-09-18T15:20:00+05:30,50.80,day_close,15.70,1177.50,50.00,1127.50,648.75,100.00,548.75,
2025-09-19,Friday,TRADED,,2025-09-23,current_week,2025-09-19T09:20:00+05:30,25382.0,25400,NIFTY_25400_CE_23_SEP_25.csv,2025-09-19T09:20:00+05:30,68.75,137.50,2025-09-19T15:20:00+05:30,57.30,day_close,10.45,783.75,50.00,733.75,NIFTY_25400_PE_23_SEP_25.csv,2025-09-19T09:20:00+05:30,77.05,154.10,2025-09-19T15:20:00+05:30,80.75,day_close,-4.70,-352.50,50.00,-402.50,431.25,100.00,331.25,
2025-09-22,Monday,TRADED,,2025-09-23,current_week,2025-09-22T09:20:00+05:30,25257.5,25250,NIFTY_25250_CE_23_SEP_25.csv,2025-09-22T09:20:00+05:30,77.45,154.90,2025-09-22T15:20:00+05:30,42.50,day_close,33.95,2546.25,50.00,2496.25,NIFTY_25250_PE_23_SEP_25.csv,2025-09-22T09:20:00+05:30,46.25,92.50,2025-09-22T15:20:00+05:30,62.25,day_close,-17.00,-1275.00,50.00,-1325.00,1271.25,100.00,1171.25,
2025-09-23,Tuesday,TRADED,,2025-09-30,next_week,2025-09-23T09:20:00+05:30,25224.95,25200,NIFTY_25200_CE_30_SEP_25.csv,2025-09-23T09:20:00+05:30,176.6,353.20,2025-09-23T15:20:00+05:30,155.00,day_close,20.60,1545.00,50.00,1495.00,NIFTY_25200_PE_30_SEP_25.csv,2025-09-23T09:20:00+05:30,95.6,191.20,2025-09-23T15:20:00+05:30,96.45,day_close,-1.85,-138.75,50.00,-188.75,1406.25,100.00,1306.25,
2025-09-24,Wednesday,TRADED,,2025-09-30,current_week,2025-09-24T09:20:00+05:30,25092.5,25100,NIFTY_25100_CE_30_SEP_25.csv,2025-09-24T09:20:00+05:30,137.65,275.30,2025-09-24T15:20:00+05:30,112.30,day_close,24.35,1826.25,50.00,1776.25,NIFTY_25100_PE_30_SEP_25.csv,2025-09-24T09:20:00+05:30,98.6,197.20,2025-09-24T15:20:00+05:30,99.10,day_close,-1.50,-112.50,50.00,-162.50,1713.75,100.00,1613.75,
2025-09-25,Thursday,TRADED,,2025-09-30,current_week,2025-09-25T09:20:00+05:30,25054.4,25050,NIFTY_25050_CE_30_SEP_25.csv,2025-09-25T09:20:00+05:30,121.7,243.40,2025-09-25T15:20:00+05:30,64.15,day_close,56.55,4241.25,50.00,4191.25,NIFTY_25050_PE_30_SEP_25.csv,2025-09-25T09:20:00+05:30,80.8,161.60,2025-09-25T15:20:00+05:30,137.90,day_close,-58.10,-4357.50,50.00,-4407.50,-116.25,100.00,-216.25,
2025-09-26,Friday,TRADED,,2025-09-30,current_week,2025-09-26T09:20:00+05:30,24815.15,24800,NIFTY_24800_CE_30_SEP_25.csv,2025-09-26T09:20:00+05:30,131.35,262.70,2025-09-26T15:20:00+05:30,45.10,day_close,85.25,6393.75,50.00,6343.75,NIFTY_24800_PE_30_SEP_25.csv,2025-09-26T09:20:00+05:30,61.5,123.00,2025-09-26T13:50:00+05:30,123.00,sl,-62.50,-4687.50,50.00,-4737.50,1706.25,100.00,1606.25,
2025-09-29,Monday,TRADED,,2025-09-30,current_week,2025-09-29T09:20:00+05:30,24672.75,24650,NIFTY_24650_CE_30_SEP_25.csv,2025-09-29T09:20:00+05:30,127.75,255.50,2025-09-29T15:20:00+05:30,73.00,day_close,53.75,4031.25,50.00,3981.25,NIFTY_24650_PE_30_SEP_25.csv,2025-09-29T09:20:00+05:30,44.6,89.20,2025-09-29T15:20:00+05:30,47.80,day_close,-4.20,-315.00,50.00,-365.00,3716.25,100.00,3616.25,
2025-09-30,Tuesday,TRADED,,2025-10-07,next_week,2025-09-30T09:20:00+05:30,24712.55,24700,NIFTY_24700_CE_07_OCT_25.csv,2025-09-30T09:20:00+05:30,181.1,362.20,2025-09-30T15:20:00+05:30,120.85,day_close,59.25,4443.75,50.00,4393.75,NIFTY_24700_PE_07_OCT_25.csv,2025-09-30T09:20:00+05:30,112.7,225.40,2025-09-30T15:20:00+05:30,137.25,day_close,-25.55,-1916.25,50.00,-1966.25,2527.50,100.00,2427.50,
2025-10-01,Wednesday,TRADED,,2025-10-07,current_week,2025-10-01T09:20:00+05:30,24621.8,24600,NIFTY_24600_CE_07_OCT_25.csv,2025-10-01T09:20:00+05:30,153.9,307.80,2025-10-01T14:44:00+05:30,307.80,sl,-154.90,-11617.50,50.00,-11667.50,NIFTY_24600_PE_07_OCT_25.csv,2025-10-01T09:20:00+05:30,99.75,199.50,2025-10-01T15:20:00+05:30,24.00,day_close,74.75,5606.25,50.00,5556.25,-6011.25,100.00,-6111.25,
2025-10-03,Friday,TRADED,,2025-10-07,current_week,2025-10-03T09:20:00+05:30,24783.65,24800,NIFTY_24800_CE_07_OCT_25.csv,2025-10-03T09:20:00+05:30,95.3,190.60,2025-10-03T15:20:00+05:30,141.30,day_close,-47.00,-3525.00,50.00,-3575.00,NIFTY_24800_PE_07_OCT_25.csv,2025-10-03T09:20:00+05:30,78.7,157.40,2025-10-03T15:20:00+05:30,34.90,day_close,42.80,3210.00,50.00,3160.00,-315.00,100.00,-415.00,
2025-10-06,Monday,TRADED,,2025-10-07,current_week,2025-10-06T09:20:00+05:30,24927.5,24950,NIFTY_24950_CE_07_OCT_25.csv,2025-10-06T09:20:00+05:30,50.8,101.60,2025-10-06T11:29:00+05:30,101.60,sl,-51.80,-3885.00,50.00,-3935.00,NIFTY_24950_PE_07_OCT_25.csv,2025-10-06T09:20:00+05:30,72.5,145.00,2025-10-06T15:20:00+05:30,12.00,day_close,59.50,4462.50,50.00,4412.50,577.50,100.00,477.50,
2025-10-07,Tuesday,TRADED,,2025-10-14,next_week,2025-10-07T09:20:00+05:30,25083.7,25100,NIFTY_25100_CE_14_OCT_25.csv,2025-10-07T09:20:00+05:30,142.65,285.30,2025-10-07T15:20:00+05:30,147.50,day_close,-5.85,-438.75,50.00,-488.75,NIFTY_25100_PE_14_OCT_25.csv,2025-10-07T09:20:00+05:30,112.45,224.90,2025-10-07T15:20:00+05:30,81.85,day_close,29.60,2220.00,50.00,2170.00,1781.25,100.00,1681.25,
2025-10-08,Wednesday,TRADED,,2025-10-14,current_week,2025-10-08T09:20:00+05:30,25147.0,25150,NIFTY_25150_CE_14_OCT_25.csv,2025-10-08T09:20:00+05:30,130.45,260.90,2025-10-08T15:20:00+05:30,63.45,day_close,66.00,4950.00,50.00,4900.00,NIFTY_25150_PE_14_OCT_25.csv,2025-10-08T09:20:00+05:30,95.05,190.10,2025-10-08T15:20:00+05:30,146.60,day_close,-52.55,-3941.25,50.00,-3991.25,1008.75,100.00,908.75,
2025-10-09,Thursday,TRADED,,2025-10-14,current_week,2025-10-09T09:20:00+05:30,25059.6,25050,NIFTY_25050_CE_14_OCT_25.csv,2025-10-09T09:20:00+05:30,118.7,237.40,2025-10-09T15:20:00+05:30,192.60,day_close,-74.90,-5617.50,50.00,-5667.50,NIFTY_25050_PE_14_OCT_25.csv,2025-10-09T09:20:00+05:30,86.9,173.80,2025-10-09T15:20:00+05:30,31.75,day_close,54.15,4061.25,50.00,4011.25,-1556.25,100.00,-1656.25,
2025-10-10,Friday,TRADED,,2025-10-14,current_week,2025-10-10T09:20:00+05:30,25221.1,25200,NIFTY_25200_CE_14_OCT_25.csv,2025-10-10T09:20:00+05:30,116.95,233.90,2025-10-10T15:20:00+05:30,170.20,day_close,-54.25,-4068.75,50.00,-4118.75,NIFTY_25200_PE_14_OCT_25.csv,2025-10-10T09:20:00+05:30,63.15,126.30,2025-10-10T15:20:00+05:30,29.00,day_close,33.15,2486.25,50.00,2436.25,-1582.50,100.00,-1682.50,
2025-10-13,Monday,TRADED,,2025-10-14,current_week,2025-10-13T09:20:00+05:30,25213.85,25200,NIFTY_25200_CE_14_OCT_25.csv,2025-10-13T09:20:00+05:30,95.95,191.90,2025-10-13T15:20:00+05:30,84.80,day_close,10.15,761.25,50.00,711.25,NIFTY_25200_PE_14_OCT_25.csv,2025-10-13T09:20:00+05:30,64.5,129.00,2025-10-13T15:20:00+05:30,34.45,day_close,29.05,2178.75,50.00,2128.75,2940.00,100.00,2840.00,
2025-10-14,Tuesday,TRADED,,2025-10-20,next_week,2025-10-14T09:20:00+05:30,25290.75,25300,NIFTY_25300_CE_20_OCT_25.csv,2025-10-14T09:20:00+05:30,147.75,295.50,2025-10-14T15:20:00+05:30,79.20,day_close,67.55,5066.25,50.00,5016.25,NIFTY_25300_PE_20_OCT_25.csv,2025-10-14T09:20:00+05:30,117.25,234.50,2025-10-14T12:10:00+05:30,234.50,sl,-118.25,-8868.75,50.00,-8918.75,-3802.50,100.00,-3902.50,
2025-10-15,Wednesday,TRADED,,2025-10-20,current_week,2025-10-15T09:20:00+05:30,25242.0,25250,NIFTY_25250_CE_20_OCT_25.csv,2025-10-15T09:20:00+05:30,153.95,307.90,2025-10-15T15:20:00+05:30,198.00,day_close,-45.05,-3378.75,50.00,-3428.75,NIFTY_25250_PE_20_OCT_25.csv,2025-10-15T09:20:00+05:30,89.6,179.20,2025-10-15T15:20:00+05:30,55.20,day_close,33.40,2505.00,50.00,2455.00,-873.75,100.00,-973.75,
2025-10-16,Thursday,TRADED,,2025-10-20,current_week,2025-10-16T09:20:00+05:30,25412.5,25400,NIFTY_25400_CE_20_OCT_25.csv,2025-10-16T09:20:00+05:30,139.15,278.30,2025-10-16T15:20:00+05:30,237.50,day_close,-99.35,-7451.25,50.00,-7501.25,NIFTY_25400_PE_20_OCT_25.csv,2025-10-16T09:20:00+05:30,69.45,138.90,2025-10-16T15:20:00+05:30,32.95,day_close,35.50,2662.50,50.00,2612.50,-4788.75,100.00,-4888.75,
2025-10-17,Friday,TRADED,,2025-10-20,current_week,2025-10-17T09:20:00+05:30,25553.2,25550,NIFTY_25550_CE_20_OCT_25.csv,2025-10-17T09:20:00+05:30,97.9,195.80,2025-10-17T10:17:00+05:30,195.80,sl,-98.90,-7417.50,50.00,-7467.50,NIFTY_25550_PE_20_OCT_25.csv,2025-10-17T09:20:00+05:30,80.5,161.00,2025-10-17T15:20:00+05:30,29.30,day_close,50.20,3765.00,50.00,3715.00,-3652.50,100.00,-3752.50,
2025-10-20,Monday,TRADED,,2025-10-28,next_week,2025-10-20T09:20:00+05:30,25903.25,25900,NIFTY_25900_CE_28_OCT_25.csv,2025-10-20T09:20:00+05:30,179.2,358.40,2025-10-20T15:20:00+05:30,152.10,day_close,26.10,1957.50,50.00,1907.50,NIFTY_25900_PE_28_OCT_25.csv,2025-10-20T09:20:00+05:30,123.25,246.50,2025-10-20T15:20:00+05:30,129.85,day_close,-7.60,-570.00,50.00,-620.00,1387.50,100.00,1287.50,
2025-10-21,Tuesday,SKIPPED,missing_spot_entry,,,2025-10-21T09:20:00+05:30,,,,,,,,,,0.00,0.00,0.00,0.00,,,,,,,,0.00,0.00,0.00,0.00,0.00,0.00,0.00,No spot candle at 2025-10-21T09:20:00+05:30.
2025-10-23,Thursday,TRADED,,2025-10-28,current_week,2025-10-23T09:20:00+05:30,26003.2,26000,NIFTY_26000_CE_28_OCT_25.csv,2025-10-23T09:20:00+05:30,175.3,350.60,2025-10-23T15:20:00+05:30,108.80,day_close,65.50,4912.50,50.00,4862.50,NIFTY_26000_PE_28_OCT_25.csv,2025-10-23T09:20:00+05:30,88.45,176.90,2025-10-23T15:20:00+05:30,119.10,day_close,-31.65,-2373.75,50.00,-2423.75,2538.75,100.00,2438.75,
2025-10-24,Friday,TRADED,,2025-10-28,current_week,2025-10-24T09:20:00+05:30,25851.15,25850,NIFTY_25850_CE_28_OCT_25.csv,2025-10-24T09:20:00+05:30,142.5,285.00,2025-10-24T15:20:00+05:30,79.50,day_close,62.00,4650.00,50.00,4600.00,NIFTY_25850_PE_28_OCT_25.csv,2025-10-24T09:20:00+05:30,78.25,156.50,2025-10-24T13:39:00+05:30,156.50,sl,-79.25,-5943.75,50.00,-5993.75,-1293.75,100.00,-1393.75,
2025-10-27,Monday,TRADED,,2025-10-28,current_week,2025-10-27T09:20:00+05:30,25862.85,25850,NIFTY_25850_CE_28_OCT_25.csv,2025-10-27T09:20:00+05:30,119.9,239.80,2025-10-27T15:20:00+05:30,185.75,day_close,-66.85,-5013.75,50.00,-5063.75,NIFTY_25850_PE_28_OCT_25.csv,2025-10-27T09:20:00+05:30,51.8,103.60,2025-10-27T15:20:00+05:30,23.60,day_close,27.20,2040.00,50.00,1990.00,-2973.75,100.00,-3073.75,
2025-10-28,Tuesday,TRADED,,2025-11-04,next_week,2025-10-28T09:20:00+05:30,25968.05,25950,NIFTY_25950_CE_04_NOV_25.csv,2025-10-28T09:20:00+05:30,244.65,489.30,2025-10-28T15:20:00+05:30,192.05,day_close,51.60,3870.00,50.00,3820.00,NIFTY_25950_PE_04_NOV_25.csv,2025-10-28T09:20:00+05:30,136.45,272.90,2025-10-28T15:20:00+05:30,138.95,day_close,-3.50,-262.50,50.00,-312.50,3607.50,100.00,3507.50,
2025-10-29,Wednesday,TRADED,,2025-11-04,current_week,2025-10-29T09:20:00+05:30,25980.55,26000,NIFTY_26000_CE_04_NOV_25.csv,2025-10-29T09:20:00+05:30,185.15,370.30,2025-10-29T15:20:00+05:30,226.20,day_close,-42.05,-3153.75,50.00,-3203.75,NIFTY_26000_PE_04_NOV_25.csv,2025-10-29T09:20:00+05:30,128.85,257.70,2025-10-29T15:20:00+05:30,90.65,day_close,37.20,2790.00,50.00,2740.00,-363.75,100.00,-463.75,
2025-10-30,Thursday,TRADED,,2025-11-04,current_week,2025-10-30T09:20:00+05:30,25982.05,26000,NIFTY_26000_CE_04_NOV_25.csv,2025-10-30T09:20:00+05:30,148.8,297.60,2025-10-30T15:20:00+05:30,95.75,day_close,52.05,3903.75,50.00,3853.75,NIFTY_26000_PE_04_NOV_25.csv,2025-10-30T09:20:00+05:30,116.8,233.60,2025-10-30T15:20:00+05:30,150.95,day_close,-35.15,-2636.25,50.00,-2686.25,1267.50,100.00,1167.50,
2025-10-31,Friday,TRADED,,2025-11-04,current_week,2025-10-31T09:20:00+05:30,25863.65,25850,NIFTY_25850_CE_04_NOV_25.csv,2025-10-31T09:20:00+05:30,140.5,281.00,2025-10-31T15:20:00+05:30,82.50,day_close,57.00,4275.00,50.00,4225.00,NIFTY_25850_PE_04_NOV_25.csv,2025-10-31T09:20:00+05:30,88.7,177.40,2025-10-31T15:20:00+05:30,121.65,day_close,-33.95,-2546.25,50.00,-2596.25,1728.75,100.00,1628.75,
2025-11-03,Monday,TRADED,,2025-11-04,current_week,2025-11-03T09:20:00+05:30,25687.45,25700,NIFTY_25700_CE_04_NOV_25.csv,2025-11-03T09:20:00+05:30,106.05,212.10,2025-11-03T15:20:00+05:30,121.35,day_close,-16.30,-1222.50,50.00,-1272.50,NIFTY_25700_PE_04_NOV_25.csv,2025-11-03T09:20:00+05:30,85.15,170.30,2025-11-03T15:20:00+05:30,38.90,day_close,45.25,3393.75,50.00,3343.75,2171.25,100.00,2071.25,
2025-11-04,Tuesday,TRADED,,2025-11-11,next_week,2025-11-04T09:20:00+05:30,25754.6,25750,NIFTY_25750_CE_11_NOV_25.csv,2025-11-04T09:20:00+05:30,192.0,384.00,2025-11-04T15:20:00+05:30,90.45,day_close,100.55,7541.25,50.00,7491.25,NIFTY_25750_PE_11_NOV_25.csv,2025-11-04T09:20:00+05:30,140.65,281.30,2025-11-04T15:20:00+05:30,206.05,day_close,-66.40,-4980.00,50.00,-5030.00,2561.25,100.00,2461.25,
2025-11-06,Thursday,TRADED,,2025-11-11,current_week,2025-11-06T09:20:00+05:30,25664.1,25650,NIFTY_25650_CE_11_NOV_25.csv,2025-11-06T09:20:00+05:30,166.0,332.00,2025-11-06T15:20:00+05:30,65.65,day_close,99.35,7451.25,50.00,7401.25,NIFTY_25650_PE_11_NOV_25.csv,2025-11-06T09:20:00+05:30,95.3,190.60,2025-11-06T15:20:00+05:30,158.10,day_close,-63.80,-4785.00,50.00,-4835.00,2666.25,100.00,2566.25,
2025-11-07,Friday,TRADED,,2025-11-11,current_week,2025-11-07T09:20:00+05:30,25374.2,25350,NIFTY_25350_CE_11_NOV_25.csv,2025-11-07T09:20:00+05:30,131.35,262.70,2025-11-07T15:20:00+05:30,200.80,day_close,-70.45,-5283.75,50.00,-5333.75,NIFTY_25350_PE_11_NOV_25.csv,2025-11-07T09:20:00+05:30,74.5,149.00,2025-11-07T15:20:00+05:30,33.30,day_close,40.20,3015.00,50.00,2965.00,-2268.75,100.00,-2368.75,
2025-11-10,Monday,TRADED,,2025-11-11,current_week,2025-11-10T09:20:00+05:30,25551.65,25550,NIFTY_25550_CE_11_NOV_25.csv,2025-11-10T09:20:00+05:30,94.2,188.40,2025-11-10T15:20:00+05:30,102.25,day_close,-9.05,-678.75,50.00,-728.75,NIFTY_25550_PE_11_NOV_25.csv,2025-11-10T09:20:00+05:30,64.15,128.30,2025-11-10T15:20:00+05:30,34.00,day_close,29.15,2186.25,50.00,2136.25,1507.50,100.00,1407.50,
2025-11-11,Tuesday,TRADED,,2025-11-18,next_week,2025-11-11T09:20:00+05:30,25544.65,25550,NIFTY_25550_CE_18_NOV_25.csv,2025-11-11T09:20:00+05:30,197.65,395.30,2025-11-11T15:20:00+05:30,284.55,day_close,-87.90,-6592.50,50.00,-6642.50,NIFTY_25550_PE_18_NOV_25.csv,2025-11-11T09:20:00+05:30,138.0,276.00,2025-11-11T15:20:00+05:30,72.80,day_close,64.20,4815.00,50.00,4765.00,-1777.50,100.00,-1877.50,
2025-11-12,Wednesday,TRADED,,2025-11-18,current_week,2025-11-12T09:20:00+05:30,25808.6,25800,NIFTY_25800_CE_18_NOV_25.csv,2025-11-12T09:20:00+05:30,187.15,374.30,2025-11-12T15:20:00+05:30,214.65,day_close,-28.50,-2137.50,50.00,-2187.50,NIFTY_25800_PE_18_NOV_25.csv,2025-11-12T09:20:00+05:30,108.0,216.00,2025-11-12T15:20:00+05:30,79.95,day_close,27.05,2028.75,50.00,1978.75,-108.75,100.00,-208.75,
2025-11-13,Thursday,TRADED,,2025-11-18,current_week,2025-11-13T09:20:00+05:30,25842.75,25850,NIFTY_25850_CE_18_NOV_25.csv,2025-11-13T09:20:00+05:30,141.45,282.90,2025-11-13T15:20:00+05:30,168.85,day_close,-28.40,-2130.00,50.00,-2180.00,NIFTY_25850_PE_18_NOV_25.csv,2025-11-13T09:20:00+05:30,113.2,226.40,2025-11-13T15:20:00+05:30,117.15,day_close,-4.95,-371.25,50.00,-421.25,-2501.25,100.00,-2601.25,
2025-11-14,Friday,TRADED,,2025-11-18,current_week,2025-11-14T09:20:00+05:30,25811.1,25800,NIFTY_25800_CE_18_NOV_25.csv,2025-11-14T09:20:00+05:30,159.0,318.00,2025-11-14T15:20:00+05:30,180.05,day_close,-22.05,-1653.75,50.00,-1703.75,NIFTY_25800_PE_18_NOV_25.csv,2025-11-14T09:20:00+05:30,109.15,218.30,2025-11-14T15:20:00+05:30,55.80,day_close,52.35,3926.25,50.00,3876.25,2272.50,100.00,2172.50,
2025-11-17,Monday,TRADED,,2025-11-18,current_week,2025-11-17T09:20:00+05:30,25952.45,25950,NIFTY_25950_CE_18_NOV_25.csv,2025-11-17T09:20:00+05:30,97.4,194.80,2025-11-17T15:20:00+05:30,104.75,day_close,-8.35,-626.25,50.00,-676.25,NIFTY_25950_PE_18_NOV_25.csv,2025-11-17T09:20:00+05:30,74.5,149.00,2025-11-17T15:20:00+05:30,40.45,day_close,33.05,2478.75,50.00,2428.75,1852.50,100.00,1752.50,
2025-11-18,Tuesday,TRADED,,2025-11-25,next_week,2025-11-18T09:20:00+05:30,25946.1,25950,NIFTY_25950_CE_25_NOV_25.csv,2025-11-18T09:20:00+05:30,184.85,369.70,2025-11-18T15:20:00+05:30,158.05,day_close,25.80,1935.00,50.00,1885.00,NIFTY_25950_PE_25_NOV_25.csv,2025-11-18T09:20:00+05:30,151.35,302.70,2025-11-18T15:20:00+05:30,161.10,day_close,-10.75,-806.25,50.00,-856.25,1128.75,100.00,1028.75,
2025-11-19,Wednesday,TRADED,,2025-11-25,current_week,2025-11-19T09:20:00+05:30,25858.6,25850,NIFTY_25850_CE_25_NOV_25.csv,2025-11-19T09:20:00+05:30,174.95,349.90,2025-11-19T15:20:00+05:30,282.30,day_close,-108.35,-8126.25,50.00,-8176.25,NIFTY_25850_PE_25_NOV_25.csv,2025-11-19T09:20:00+05:30,128.65,257.30,2025-11-19T15:20:00+05:30,66.05,day_close,61.60,4620.00,50.00,4570.00,-3506.25,100.00,-3606.25,
2025-11-20,Thursday,TRADED,,2025-11-25,current_week,2025-11-20T09:20:00+05:30,26099.45,26100,NIFTY_26100_CE_25_NOV_25.csv,2025-11-20T09:20:00+05:30,139.05,278.10,2025-11-20T15:20:00+05:30,198.55,day_close,-60.50,-4537.50,50.00,-4587.50,NIFTY_26100_PE_25_NOV_25.csv,2025-11-20T09:20:00+05:30,120.05,240.10,2025-11-20T15:20:00+05:30,69.80,day_close,49.25,3693.75,50.00,3643.75,-843.75,100.00,-943.75,
2025-11-21,Friday,TRADED,,2025-11-25,current_week,2025-11-21T09:20:00+05:30,26136.5,26150,NIFTY_26150_CE_25_NOV_25.csv,2025-11-21T09:20:00+05:30,118.35,236.70,2025-11-21T15:20:00+05:30,73.00,day_close,44.35,3326.25,50.00,3276.25,NIFTY_26150_PE_25_NOV_25.csv,2025-11-21T09:20:00+05:30,110.75,221.50,2025-11-21T15:20:00+05:30,139.40,day_close,-29.65,-2223.75,50.00,-2273.75,1102.50,100.00,1002.50,
2025-11-24,Monday,TRADED,,2025-11-25,current_week,2025-11-24T09:20:00+05:30,26096.95,26100,NIFTY_26100_CE_25_NOV_25.csv,2025-11-24T09:20:00+05:30,98.3,196.60,2025-11-24T15:20:00+05:30,30.80,day_close,66.50,4987.50,50.00,4937.50,NIFTY_26100_PE_25_NOV_25.csv,2025-11-24T09:20:00+05:30,72.5,145.00,2025-11-24T15:05:00+05:30,145.00,sl,-73.50,-5512.50,50.00,-5562.50,-525.00,100.00,-625.00,
2025-11-25,Tuesday,TRADED,,2025-12-02,next_week,2025-11-25T09:20:00+05:30,25963.75,25950,NIFTY_25950_CE_02_DEC_25.csv,2025-11-25T09:20:00+05:30,202.3,404.60,2025-11-25T15:20:00+05:30,133.50,day_close,67.80,5085.00,50.00,5035.00,NIFTY_25950_PE_02_DEC_25.csv,2025-11-25T09:20:00+05:30,134.9,269.80,2025-11-25T15:20:00+05:30,151.75,day_close,-17.85,-1338.75,50.00,-1388.75,3746.25,100.00,3646.25,
2025-11-26,Wednesday,TRADED,,2025-12-02,current_week,2025-11-26T09:20:00+05:30,25969.85,25950,NIFTY_25950_CE_02_DEC_25.csv,2025-11-26T09:20:00+05:30,182.6,365.20,2025-11-26T15:20:00+05:30,316.95,day_close,-135.35,-10151.25,50.00,-10201.25,NIFTY_25950_PE_02_DEC_25.csv,2025-11-26T09:20:00+05:30,95.7,191.40,2025-11-26T15:20:00+05:30,49.10,day_close,45.60,3420.00,50.00,3370.00,-6731.25,100.00,-6831.25,
2025-11-27,Thursday,TRADED,,2025-12-02,current_week,2025-11-27T09:20:00+05:30,26250.85,26250,NIFTY_26250_CE_02_DEC_25.csv,2025-11-27T09:20:00+05:30,144.6,289.20,2025-11-27T15:20:00+05:30,105.25,day_close,38.35,2876.25,50.00,2826.25,NIFTY_26250_PE_02_DEC_25.csv,2025-11-27T09:20:00+05:30,101.3,202.60,2025-11-27T15:20:00+05:30,105.10,day_close,-4.80,-360.00,50.00,-410.00,2516.25,100.00,2416.25,
2025-11-28,Friday,TRADED,,2025-12-02,current_week,2025-11-28T09:20:00+05:30,26242.95,26250,NIFTY_26250_CE_02_DEC_25.csv,2025-11-28T09:20:00+05:30,114.25,228.50,2025-11-28T15:20:00+05:30,82.05,day_close,31.20,2340.00,50.00,2290.00,NIFTY_26250_PE_02_DEC_25.csv,2025-11-28T09:20:00+05:30,93.95,187.90,2025-11-28T15:20:00+05:30,90.40,day_close,2.55,191.25,50.00,141.25,2531.25,100.00,2431.25,
2025-12-01,Monday,TRADED,,2025-12-02,current_week,2025-12-01T09:20:00+05:30,26283.5,26300,NIFTY_26300_CE_02_DEC_25.csv,2025-12-01T09:20:00+05:30,81.4,162.80,2025-12-01T15:20:00+05:30,23.15,day_close,57.25,4293.75,50.00,4243.75,NIFTY_26300_PE_02_DEC_25.csv,2025-12-01T09:20:00+05:30,73.55,147.10,2025-12-01T12:10:00+05:30,147.10,sl,-74.55,-5591.25,50.00,-5641.25,-1297.50,100.00,-1397.50,
2025-12-02,Tuesday,TRADED,,2025-12-09,next_week,2025-12-02T09:20:00+05:30,26141.55,26150,NIFTY_26150_CE_09_DEC_25.csv,2025-12-02T09:20:00+05:30,181.15,362.30,2025-12-02T15:20:00+05:30,118.90,day_close,61.25,4593.75,50.00,4543.75,NIFTY_26150_PE_09_DEC_25.csv,2025-12-02T09:20:00+05:30,125.65,251.30,2025-12-02T15:20:00+05:30,157.95,day_close,-33.30,-2497.50,50.00,-2547.50,2096.25,100.00,1996.25,
2025-12-03,Wednesday,TRADED,,2025-12-09,current_week,2025-12-03T09:20:00+05:30,26029.75,26050,NIFTY_26050_CE_09_DEC_25.csv,2025-12-03T09:20:00+05:30,141.25,282.50,2025-12-03T15:20:00+05:30,112.60,day_close,27.65,2073.75,50.00,2023.75,NIFTY_26050_PE_09_DEC_25.csv,2025-12-03T09:20:00+05:30,124.85,249.70,2025-12-03T15:20:00+05:30,134.10,day_close,-10.25,-768.75,50.00,-818.75,1305.00,100.00,1205.00,
2025-12-04,Thursday,TRADED,,2025-12-09,current_week,2025-12-04T09:20:00+05:30,25949.5,25950,NIFTY_25950_CE_09_DEC_25.csv,2025-12-04T09:20:00+05:30,125.0,250.00,2025-12-04T15:20:00+05:30,177.35,day_close,-53.35,-4001.25,50.00,-4051.25,NIFTY_25950_PE_09_DEC_25.csv,2025-12-04T09:20:00+05:30,106.25,212.50,2025-12-04T15:20:00+05:30,51.85,day_close,53.40,4005.00,50.00,3955.00,3.75,100.00,-96.25,
2025-12-05,Friday,TRADED,,2025-12-09,current_week,2025-12-05T09:20:00+05:30,26051.35,26050,NIFTY_26050_CE_09_DEC_25.csv,2025-12-05T09:20:00+05:30,118.75,237.50,2025-12-05T15:20:00+05:30,181.00,day_close,-63.25,-4743.75,50.00,-4793.75,NIFTY_26050_PE_09_DEC_25.csv,2025-12-05T09:20:00+05:30,88.4,176.80,2025-12-05T15:20:00+05:30,27.30,day_close,60.10,4507.50,50.00,4457.50,-236.25,100.00,-336.25,
2025-12-08,Monday,TRADED,,2025-12-09,current_week,2025-12-08T09:20:00+05:30,26157.35,26150,NIFTY_26150_CE_09_DEC_25.csv,2025-12-08T09:20:00+05:30,88.0,176.00,2025-12-08T15:20:00+05:30,11.15,day_close,75.85,5688.75,50.00,5638.75,NIFTY_26150_PE_09_DEC_25.csv,2025-12-08T09:20:00+05:30,57.5,115.00,2025-12-08T12:27:00+05:30,115.00,sl,-58.50,-4387.50,50.00,-4437.50,1301.25,100.00,1201.25,
2025-12-09,Tuesday,TRADED,,2025-12-16,next_week,2025-12-09T09:20:00+05:30,25819.6,25800,NIFTY_25800_CE_16_DEC_25.csv,2025-12-09T09:20:00+05:30,196.0,392.00,2025-12-09T15:20:00+05:30,180.30,day_close,14.70,1102.50,50.00,1052.50,NIFTY_25800_PE_16_DEC_25.csv,2025-12-09T09:20:00+05:30,113.85,227.70,2025-12-09T15:20:00+05:30,96.00,day_close,16.85,1263.75,50.00,1213.75,2366.25,100.00,2266.25,
2025-12-10,Wednesday,TRADED,,2025-12-16,current_week,2025-12-10T09:20:00+05:30,25880.4,25900,NIFTY_25900_CE_16_DEC_25.csv,2025-12-10T09:20:00+05:30,136.6,273.20,2025-12-10T15:20:00+05:30,83.85,day_close,51.75,3881.25,50.00,3831.25,NIFTY_25900_PE_16_DEC_25.csv,2025-12-10T09:20:00+05:30,126.35,252.70,2025-12-10T15:20:00+05:30,186.90,day_close,-61.55,-4616.25,50.00,-4666.25,-735.00,100.00,-835.00,
2025-12-11,Thursday,TRADED,,2025-12-16,current_week,2025-12-11T09:20:00+05:30,25755.95,25750,NIFTY_25750_CE_16_DEC_25.csv,2025-12-11T09:20:00+05:30,151.1,302.20,2025-12-11T15:20:00+05:30,221.65,day_close,-71.55,-5366.25,50.00,-5416.25,NIFTY_25750_PE_16_DEC_25.csv,2025-12-11T09:20:00+05:30,97.8,195.60,2025-12-11T15:20:00+05:30,36.70,day_close,60.10,4507.50,50.00,4457.50,-858.75,100.00,-958.75,
2025-12-12,Friday,TRADED,,2025-12-16,current_week,2025-12-12T09:20:00+05:30,26003.3,26000,NIFTY_26000_CE_16_DEC_25.csv,2025-12-12T09:20:00+05:30,108.95,217.90,2025-12-12T15:20:00+05:30,109.25,day_close,-1.30,-97.50,50.00,-147.50,NIFTY_26000_PE_16_DEC_25.csv,2025-12-12T09:20:00+05:30,83.0,166.00,2025-12-12T15:20:00+05:30,54.35,day_close,27.65,2073.75,50.00,2023.75,1976.25,100.00,1876.25,
2025-12-15,Monday,TRADED,,2025-12-16,current_week,2025-12-15T09:20:00+05:30,25952.3,25950,NIFTY_25950_CE_16_DEC_25.csv,2025-12-15T09:20:00+05:30,78.55,157.10,2025-12-15T15:20:00+05:30,103.40,day_close,-25.85,-1938.75,50.00,-1988.75,NIFTY_25950_PE_16_DEC_25.csv,2025-12-15T09:20:00+05:30,71.35,142.70,2025-12-15T15:20:00+05:30,29.20,day_close,41.15,3086.25,50.00,3036.25,1147.50,100.00,1047.50,
2025-12-16,Tuesday,TRADED,,2025-12-23,next_week,2025-12-16T09:20:00+05:30,25938.35,25950,NIFTY_25950_CE_23_DEC_25.csv,2025-12-16T09:20:00+05:30,156.9,313.80,2025-12-16T15:20:00+05:30,101.95,day_close,53.95,4046.25,50.00,3996.25,NIFTY_25950_PE_23_DEC_25.csv,2025-12-16T09:20:00+05:30,122.1,244.20,2025-12-16T15:20:00+05:30,155.95,day_close,-34.85,-2613.75,50.00,-2663.75,1432.50,100.00,1332.50,
2025-12-17,Wednesday,TRADED,,2025-12-23,current_week,2025-12-17T09:20:00+05:30,25873.45,25850,NIFTY_25850_CE_23_DEC_25.csv,2025-12-17T09:20:00+05:30,161.15,322.30,2025-12-17T15:20:00+05:30,118.95,day_close,41.20,3090.00,50.00,3040.00,NIFTY_25850_PE_23_DEC_25.csv,2025-12-17T09:20:00+05:30,94.75,189.50,2025-12-17T15:20:00+05:30,110.70,day_close,-16.95,-1271.25,50.00,-1321.25,1818.75,100.00,1718.75,
2025-12-18,Thursday,TRADED,,2025-12-23,current_week,2025-12-18T09:20:00+05:30,25777.8,25800,NIFTY_25800_CE_23_DEC_25.csv,2025-12-18T09:20:00+05:30,113.15,226.30,2025-12-18T15:20:00+05:30,121.00,day_close,-8.85,-663.75,50.00,-713.75,NIFTY_25800_PE_23_DEC_25.csv,2025-12-18T09:20:00+05:30,105.65,211.30,2025-12-18T15:20:00+05:30,80.90,day_close,23.75,1781.25,50.00,1731.25,1117.50,100.00,1017.50,
2025-12-19,Friday,TRADED,,2025-12-23,current_week,2025-12-19T09:20:00+05:30,25924.1,25900,NIFTY_25900_CE_23_DEC_25.csv,2025-12-19T09:20:00+05:30,116.45,232.90,2025-12-19T15:20:00+05:30,122.65,day_close,-7.20,-540.00,50.00,-590.00,NIFTY_25900_PE_23_DEC_25.csv,2025-12-19T09:20:00+05:30,73.65,147.30,2025-12-19T15:20:00+05:30,44.90,day_close,27.75,2081.25,50.00,2031.25,1541.25,100.00,1441.25,
2025-12-22,Monday,TRADED,,2025-12-23,current_week,2025-12-22T09:20:00+05:30,26094.55,26100,NIFTY_26100_CE_23_DEC_25.csv,2025-12-22T09:20:00+05:30,76.0,152.00,2025-12-22T15:20:00+05:30,84.45,day_close,-9.45,-708.75,50.00,-758.75,NIFTY_26100_PE_23_DEC_25.csv,2025-12-22T09:20:00+05:30,60.0,120.00,2025-12-22T15:20:00+05:30,33.25,day_close,25.75,1931.25,50.00,1881.25,1222.50,100.00,1122.50,
2025-12-23,Tuesday,TRADED,,2025-12-30,next_week,2025-12-23T09:20:00+05:30,26166.65,26150,NIFTY_26150_CE_30_DEC_25.csv,2025-12-23T09:20:00+05:30,162.9,325.80,2025-12-23T15:20:00+05:30,140.00,day_close,21.90,1642.50,50.00,1592.50,NIFTY_26150_PE_30_DEC_25.csv,2025-12-23T09:20:00+05:30,99.55,199.10,2025-12-23T15:20:00+05:30,86.05,day_close,12.50,937.50,50.00,887.50,2580.00,100.00,2480.00,
2025-12-24,Wednesday,TRADED,,2025-12-30,current_week,2025-12-24T09:20:00+05:30,26200.65,26200,NIFTY_26200_CE_30_DEC_25.csv,2025-12-24T09:20:00+05:30,121.0,242.00,2025-12-24T15:20:00+05:30,73.59,day_close,46.41,3480.75,50.00,3430.75,NIFTY_26200_PE_30_DEC_25.csv,2025-12-24T09:20:00+05:30,91.55,183.10,2025-12-24T15:20:00+05:30,99.65,day_close,-9.10,-682.50,50.00,-732.50,2798.25,100.00,2698.25,
2025-12-26,Friday,TRADED,,2025-12-30,current_week,2025-12-26T09:20:00+05:30,26128.8,26150,NIFTY_26150_CE_30_DEC_25.csv,2025-12-26T09:20:00+05:30,67.95,135.90,2025-12-26T15:20:00+05:30,32.60,day_close,34.35,2576.25,50.00,2526.25,NIFTY_26150_PE_30_DEC_25.csv,2025-12-26T09:20:00+05:30,89.45,178.90,2025-12-26T15:20:00+05:30,122.45,day_close,-34.00,-2550.00,50.00,-2600.00,26.25,100.00,-73.75,
2025-12-29,Monday,TRADED,,2025-12-30,current_week,2025-12-29T09:20:00+05:30,26050.85,26050,NIFTY_26050_CE_30_DEC_25.csv,2025-12-29T09:20:00+05:30,63.0,126.00,2025-12-29T15:20:00+05:30,18.95,day_close,43.05,3228.75,50.00,3178.75,NIFTY_26050_PE_30_DEC_25.csv,2025-12-29T09:20:00+05:30,51.3,102.60,2025-12-29T13:14:00+05:30,102.60,sl,-52.30,-3922.50,50.00,-3972.50,-693.75,100.00,-793.75,
2025-12-30,Tuesday,SKIPPED,no_expiry_found,,next_week,2025-12-30T09:20:00+05:30,25908.65,,,,,,,,,0.00,0.00,0.00,0.00,,,,,,,,0.00,0.00,0.00,0.00,0.00,0.00,0.00,No suitable expiry found.
2025-12-31,Wednesday,SKIPPED,no_expiry_found,,current_week,2025-12-31T09:20:00+05:30,26012.55,,,,,,,,,0.00,0.00,0.00,0.00,,,,,,,,0.00,0.00,0.00,0.00,0.00,0.00,0.00,No suitable expiry found.
