entry_date,status,skip_reason,expiry_date,next_trading_day,spot_signal_timestamp,spot_signal_close,spot_sma_25,spot_signal_relation,atm_strike,bought_side,contract_name,option_entry_timestamp,option_entry_open,option_exit_timestamp,option_exit_open,gross_pnl,brokerage,net_pnl,remarks
2025-01-01,TRADED,,2025-01-02,2025-01-02,2025-01-01T15:15:00+05:30,23758.7,23718.99,ABOVE_SMA,23750,CE,NIFTY_23750_CE_02_JAN_25.csv,2025-01-01T15:29:00+05:30,146.44,2025-01-02T09:16:00+05:30,136.69,-3055.00,50.00,-3105.00,
2025-01-02,TRADED,,2025-01-09,2025-01-03,2025-01-02T15:15:00+05:30,24167.95,24012.97,ABOVE_SMA,24150,CE,NIFTY_24150_CE_09_JAN_25.csv,2025-01-02T15:29:00+05:30,201.3,2025-01-03T09:16:00+05:30,183.9,-5044.00,50.00,-5094.00,
2025-01-03,TRADED,,2025-01-09,2025-01-06,2025-01-03T15:15:00+05:30,23990.15,24065.33,BELOW_SMA,24000,PE,NIFTY_24000_PE_09_JAN_25.csv,2025-01-03T15:29:00+05:30,164.3,2025-01-06T09:16:00+05:30,138.25,-7293.00,50.00,-7343.00,
2025-01-06,TRADED,,2025-01-09,2025-01-07,2025-01-06T15:15:00+05:30,23629.6,23748.89,BELOW_SMA,23650,PE,NIFTY_23650_PE_09_JAN_25.csv,2025-01-06T15:29:00+05:30,196.85,2025-01-07T09:16:00+05:30,126.3,-18863.00,50.00,-18913.00,
2025-01-07,TRADED,,2025-01-09,2025-01-08,2025-01-07T15:15:00+05:30,23694.6,23727.07,BELOW_SMA,23700,PE,NIFTY_23700_PE_09_JAN_25.csv,2025-01-07T15:29:00+05:30,118.85,2025-01-08T09:16:00+05:30,120.25,-156.00,50.00,-206.00,
2025-01-08,TRADED,,2025-01-09,2025-01-09,2025-01-08T15:15:00+05:30,23675.2,23611.72,ABOVE_SMA,23700,CE,NIFTY_23700_CE_09_JAN_25.csv,2025-01-08T15:29:00+05:30,56.6,2025-01-09T09:16:00+05:30,25.25,-8671.00,50.00,-8721.00,
2025-01-09,TRADED,,2025-01-16,2025-01-10,2025-01-09T15:15:00+05:30,23557.2,23561.38,BELOW_SMA,23550,PE,NIFTY_23550_PE_16_JAN_25.csv,2025-01-09T15:29:00+05:30,151.25,2025-01-10T09:16:00+05:30,163.8,2743.00,50.00,2693.00,
2025-01-10,TRADED,,2025-01-16,2025-01-13,2025-01-10T15:15:00+05:30,23437.35,23475.84,BELOW_SMA,23450,PE,NIFTY_23450_PE_16_JAN_25.csv,2025-01-10T15:29:00+05:30,152.25,2025-01-13T09:16:00+05:30,272.14,30651.40,50.00,30601.40,
2025-01-13,TRADED,,2025-01-16,2025-01-14,2025-01-13T15:15:00+05:30,23088.7,23198.22,BELOW_SMA,23100,PE,NIFTY_23100_PE_16_JAN_25.csv,2025-01-13T15:29:00+05:30,115.85,2025-01-14T09:16:00+05:30,68.4,-12857.00,50.00,-12907.00,
2025-01-14,TRADED,,2025-01-16,2025-01-15,2025-01-14T15:15:00+05:30,23206.85,23183.34,ABOVE_SMA,23200,CE,NIFTY_23200_CE_16_JAN_25.csv,2025-01-14T15:29:00+05:30,114.85,2025-01-15T09:16:00+05:30,114.2,-689.00,50.00,-739.00,
2025-01-15,TRADED,,2025-01-16,2025-01-16,2025-01-15T15:15:00+05:30,23228.1,23219.45,ABOVE_SMA,23250,CE,NIFTY_23250_CE_16_JAN_25.csv,2025-01-15T15:29:00+05:30,39.4,2025-01-16T09:16:00+05:30,87.35,11947.00,50.00,11897.00,
2025-01-16,TRADED,,2025-01-23,2025-01-17,2025-01-16T15:15:00+05:30,23350.8,23312.68,ABOVE_SMA,23350,CE,NIFTY_23350_CE_23_JAN_25.csv,2025-01-16T15:29:00+05:30,193.3,2025-01-17T09:16:00+05:30,124.15,-18499.00,50.00,-18549.00,
2025-01-17,TRADED,,2025-01-23,2025-01-20,2025-01-17T15:15:00+05:30,23203.1,23197.05,ABOVE_SMA,23200,CE,NIFTY_23200_CE_23_JAN_25.csv,2025-01-17T15:29:00+05:30,181.45,2025-01-20T09:16:00+05:30,198.9,4017.00,50.00,3967.00,
2025-01-20,TRADED,,2025-01-23,2025-01-21,2025-01-20T15:15:00+05:30,23337.05,23312.84,ABOVE_SMA,23350,CE,NIFTY_23350_CE_23_JAN_25.csv,2025-01-20T15:29:00+05:30,142.94,2025-01-21T09:16:00+05:30,153.0,2095.60,50.00,2045.60,
2025-01-21,TRADED,,2025-01-23,2025-01-22,2025-01-21T15:15:00+05:30,23053.05,23199.63,BELOW_SMA,23050,PE,NIFTY_23050_PE_23_JAN_25.csv,2025-01-21T15:29:00+05:30,104.0,2025-01-22T09:16:00+05:30,88.7,-4498.00,50.00,-4548.00,
2025-01-22,TRADED,,2025-01-23,2025-01-23,2025-01-22T15:15:00+05:30,23161.75,23072.46,ABOVE_SMA,23150,CE,NIFTY_23150_CE_23_JAN_25.csv,2025-01-22T15:29:00+05:30,68.15,2025-01-23T09:16:00+05:30,28.85,-10738.00,50.00,-10788.00,
2025-01-23,TRADED,,2025-01-30,2025-01-24,2025-01-23T15:15:00+05:30,23216.3,23224.13,BELOW_SMA,23200,PE,NIFTY_23200_PE_30_JAN_25.csv,2025-01-23T15:29:00+05:30,158.05,2025-01-24T09:16:00+05:30,155.1,-1287.00,50.00,-1337.00,
2025-01-24,TRADED,,2025-01-30,2025-01-27,2025-01-24T15:15:00+05:30,23090.35,23198.75,BELOW_SMA,23100,PE,NIFTY_23100_PE_30_JAN_25.csv,2025-01-24T15:29:00+05:30,159.0,2025-01-27T09:16:00+05:30,250.9,23374.00,50.00,23324.00,
2025-01-27,TRADED,,2025-01-30,2025-01-28,2025-01-27T15:15:00+05:30,22816.85,22877.90,BELOW_SMA,22800,PE,NIFTY_22800_PE_30_JAN_25.csv,2025-01-27T15:29:00+05:30,136.85,2025-01-28T09:16:00+05:30,79.25,-15496.00,50.00,-15546.00,
2025-01-28,TRADED,,2025-01-30,2025-01-29,2025-01-28T15:15:00+05:30,22976.3,22987.69,BELOW_SMA,23000,PE,NIFTY_23000_PE_30_JAN_25.csv,2025-01-28T15:29:00+05:30,144.0,2025-01-29T09:16:00+05:30,120.8,-6552.00,50.00,-6602.00,
2025-01-29,TRADED,,2025-01-30,2025-01-30,2025-01-29T15:15:00+05:30,23176.2,23113.26,ABOVE_SMA,23200,CE,NIFTY_23200_CE_30_JAN_25.csv,2025-01-29T15:29:00+05:30,128.9,2025-01-30T09:16:00+05:30,107.2,-6162.00,50.00,-6212.00,
2025-01-30,TRADED,,2025-02-06,2025-01-31,2025-01-30T15:15:00+05:30,23297.95,23239.75,ABOVE_SMA,23300,CE,NIFTY_23300_CE_06_FEB_25.csv,2025-01-30T15:29:00+05:30,344.0,2025-01-31T09:16:00+05:30,341.4,-1196.00,50.00,-1246.00,
2025-01-31,TRADED,,2025-02-06,2025-02-01,2025-01-31T15:15:00+05:30,23533.85,23442.03,ABOVE_SMA,23550,CE,NIFTY_23550_CE_06_FEB_25.csv,2025-01-31T15:29:00+05:30,259.5,2025-02-01T09:16:00+05:30,248.05,-3497.00,50.00,-3547.00,
2025-02-01,TRADED,,2025-02-06,2025-02-03,2025-02-01T15:15:00+05:30,23495.3,23508.35,BELOW_SMA,23500,PE,NIFTY_23500_PE_06_FEB_25.csv,2025-02-01T15:29:00+05:30,143.75,2025-02-03T09:16:00+05:30,246.85,26286.00,50.00,26236.00,
2025-02-03,TRADED,,2025-02-06,2025-02-04,2025-02-03T15:15:00+05:30,23359.7,23313.21,ABOVE_SMA,23350,CE,NIFTY_23350_CE_06_FEB_25.csv,2025-02-03T15:29:00+05:30,133.6,2025-02-04T09:16:00+05:30,191.65,14573.00,50.00,14523.00,
2025-02-04,TRADED,,2025-02-06,2025-02-05,2025-02-04T15:15:00+05:30,23707.7,23595.98,ABOVE_SMA,23700,CE,NIFTY_23700_CE_06_FEB_25.csv,2025-02-04T15:29:00+05:30,91.6,2025-02-05T09:16:00+05:30,115.25,5629.00,50.00,5579.00,
2025-02-05,TRADED,,2025-02-06,2025-02-06,2025-02-05T15:15:00+05:30,23686.75,23743.89,BELOW_SMA,23700,PE,NIFTY_23700_PE_06_FEB_25.csv,2025-02-05T15:29:00+05:30,89.45,2025-02-06T09:16:00+05:30,59.45,-8320.00,50.00,-8370.00,
2025-02-06,TRADED,,2025-02-13,2025-02-07,2025-02-06T15:15:00+05:30,23628.05,23611.54,ABOVE_SMA,23650,CE,NIFTY_23650_CE_13_FEB_25.csv,2025-02-06T15:29:00+05:30,191.8,2025-02-07T09:16:00+05:30,194.0,52.00,50.00,2.00,
2025-02-07,TRADED,,2025-02-13,2025-02-10,2025-02-07T15:15:00+05:30,23563.15,23571.58,BELOW_SMA,23550,PE,NIFTY_23550_PE_13_FEB_25.csv,2025-02-07T15:29:00+05:30,136.5,2025-02-10T09:16:00+05:30,172.5,8840.00,50.00,8790.00,
2025-02-10,TRADED,,2025-02-13,2025-02-11,2025-02-10T15:15:00+05:30,23376.05,23378.53,BELOW_SMA,23400,PE,NIFTY_23400_PE_13_FEB_25.csv,2025-02-10T15:29:00+05:30,134.35,2025-02-11T09:16:00+05:30,155.4,4953.00,50.00,4903.00,
2025-02-11,TRADED,,2025-02-13,2025-02-12,2025-02-11T15:15:00+05:30,23070.5,23180.78,BELOW_SMA,23050,PE,NIFTY_23050_PE_13_FEB_25.csv,2025-02-11T15:29:00+05:30,97.85,2025-02-12T09:16:00+05:30,99.75,-26.00,50.00,-76.00,
2025-02-12,TRADED,,2025-02-13,2025-02-13,2025-02-12T15:15:00+05:30,23057.8,22988.75,ABOVE_SMA,23050,CE,NIFTY_23050_CE_13_FEB_25.csv,2025-02-12T15:29:00+05:30,89.0,2025-02-13T09:16:00+05:30,109.15,4719.00,50.00,4669.00,
2025-02-13,TRADED,,2025-02-20,2025-02-14,2025-02-13T15:15:00+05:30,23019.4,23132.52,BELOW_SMA,23000,PE,NIFTY_23000_PE_20_FEB_25.csv,2025-02-13T15:29:00+05:30,157.19,2025-02-14T09:16:00+05:30,111.0,-12529.40,50.00,-12579.40,
2025-02-14,TRADED,,2025-02-20,2025-02-17,2025-02-14T15:15:00+05:30,22897.25,22902.97,BELOW_SMA,22900,PE,NIFTY_22900_PE_20_FEB_25.csv,2025-02-14T15:29:00+05:30,146.44,2025-02-17T09:16:00+05:30,223.45,19502.60,50.00,19452.60,
2025-02-17,TRADED,,2025-02-20,2025-02-18,2025-02-17T15:15:00+05:30,22963.5,22864.70,ABOVE_SMA,22950,CE,NIFTY_22950_CE_20_FEB_25.csv,2025-02-17T15:29:00+05:30,177.75,2025-02-18T09:16:00+05:30,165.45,-3718.00,50.00,-3768.00,
2025-02-18,TRADED,,2025-02-20,2025-02-19,2025-02-18T15:15:00+05:30,22923.15,22889.31,ABOVE_SMA,22900,CE,NIFTY_22900_CE_20_FEB_25.csv,2025-02-18T15:29:00+05:30,132.0,2025-02-19T09:16:00+05:30,97.55,-9477.00,50.00,-9527.00,
2025-02-19,TRADED,,2025-02-20,2025-02-20,2025-02-19T15:15:00+05:30,22914.4,22947.21,BELOW_SMA,22900,PE,NIFTY_22900_PE_20_FEB_25.csv,2025-02-19T15:29:00+05:30,71.65,2025-02-20T09:16:00+05:30,91.6,4667.00,50.00,4617.00,
2025-02-20,TRADED,,2025-02-27,2025-02-21,2025-02-20T15:15:00+05:30,22906.25,22894.60,ABOVE_SMA,22900,CE,NIFTY_22900_CE_27_FEB_25.csv,2025-02-20T15:29:00+05:30,181.35,2025-02-21T09:16:00+05:30,164.05,-5018.00,50.00,-5068.00,
2025-02-21,TRADED,,2025-02-27,2025-02-24,2025-02-21T15:15:00+05:30,22764.35,22786.86,BELOW_SMA,22750,PE,NIFTY_22750_PE_27_FEB_25.csv,2025-02-21T15:29:00+05:30,117.5,2025-02-24T09:16:00+05:30,160.44,10644.40,50.00,10594.40,
2025-02-24,TRADED,,2025-02-27,2025-02-25,2025-02-24T15:15:00+05:30,22548.85,22567.00,BELOW_SMA,22550,PE,NIFTY_22550_PE_27_FEB_25.csv,2025-02-24T15:29:00+05:30,78.45,2025-02-25T09:16:00+05:30,78.3,-559.00,50.00,-609.00,
2025-02-25,TRADED,,2025-02-27,2025-02-27,2025-02-25T15:15:00+05:30,22526.3,22574.33,BELOW_SMA,22550,PE,NIFTY_22550_PE_27_FEB_25.csv,2025-02-25T15:29:00+05:30,50.25,2025-02-27T09:16:00+05:30,26.35,-6734.00,50.00,-6784.00,
2025-02-27,TRADED,,2025-03-06,2025-02-28,2025-02-27T15:15:00+05:30,22510.85,22539.35,BELOW_SMA,22500,PE,NIFTY_22500_PE_06_MAR_25.csv,2025-02-27T15:29:00+05:30,108.65,2025-02-28T09:16:00+05:30,199.8,23179.00,50.00,23129.00,
2025-02-28,TRADED,,2025-03-06,2025-03-03,2025-02-28T15:15:00+05:30,22127.4,22200.59,BELOW_SMA,22150,PE,NIFTY_22150_PE_06_MAR_25.csv,2025-02-28T15:29:00+05:30,133.3,2025-03-03T09:16:00+05:30,93.55,-10855.00,50.00,-10905.00,
2025-03-03,TRADED,,2025-03-06,2025-03-04,2025-03-03T15:15:00+05:30,22143.15,22092.64,ABOVE_SMA,22150,CE,NIFTY_22150_CE_06_MAR_25.csv,2025-03-03T15:29:00+05:30,121.85,2025-03-04T09:16:00+05:30,50.05,-19188.00,50.00,-19238.00,
2025-03-04,TRADED,,2025-03-06,2025-03-05,2025-03-04T15:15:00+05:30,22080.3,22065.48,ABOVE_SMA,22100,CE,NIFTY_22100_CE_06_MAR_25.csv,2025-03-04T15:29:00+05:30,85.35,2025-03-05T09:16:00+05:30,88.05,182.00,50.00,132.00,
2025-03-05,TRADED,,2025-03-06,2025-03-06,2025-03-05T15:15:00+05:30,22346.65,22313.18,ABOVE_SMA,22350,CE,NIFTY_22350_CE_06_MAR_25.csv,2025-03-05T15:29:00+05:30,74.25,2025-03-06T09:16:00+05:30,112.5,9425.00,50.00,9375.00,
2025-03-06,TRADED,,2025-03-13,2025-03-07,2025-03-06T15:15:00+05:30,22529.2,22432.01,ABOVE_SMA,22550,CE,NIFTY_22550_CE_13_MAR_25.csv,2025-03-06T15:29:00+05:30,154.0,2025-03-07T09:16:00+05:30,132.0,-6240.00,50.00,-6290.00,
2025-03-07,TRADED,,2025-03-13,2025-03-10,2025-03-07T15:15:00+05:30,22536.95,22564.86,BELOW_SMA,22550,PE,NIFTY_22550_PE_13_MAR_25.csv,2025-03-07T15:29:00+05:30,127.0,2025-03-10T09:16:00+05:30,130.1,286.00,50.00,236.00,
2025-03-10,TRADED,,2025-03-13,2025-03-11,2025-03-10T15:15:00+05:30,22441.1,22575.33,BELOW_SMA,22450,PE,NIFTY_22450_PE_13_MAR_25.csv,2025-03-10T15:29:00+05:30,120.15,2025-03-11T09:16:00+05:30,177.35,14352.00,50.00,14302.00,
2025-03-11,TRADED,,2025-03-13,2025-03-12,2025-03-11T15:15:00+05:30,22520.5,22453.13,ABOVE_SMA,22500,CE,NIFTY_22500_CE_13_MAR_25.csv,2025-03-11T15:29:00+05:30,116.15,2025-03-12T09:16:00+05:30,118.8,169.00,50.00,119.00,
2025-03-12,TRADED,,2025-03-13,2025-03-13,2025-03-12T15:15:00+05:30,22468.5,22419.46,ABOVE_SMA,22450,CE,NIFTY_22450_CE_13_MAR_25.csv,2025-03-12T15:29:00+05:30,81.35,2025-03-13T09:16:00+05:30,74.0,-2431.00,50.00,-2481.00,
2025-03-13,TRADED,,2025-03-20,2025-03-17,2025-03-13T15:15:00+05:30,22383.3,22455.65,BELOW_SMA,22400,PE,NIFTY_22400_PE_20_MAR_25.csv,2025-03-13T15:29:00+05:30,130.85,2025-03-17T09:16:00+05:30,75.55,-14898.00,50.00,-14948.00,
2025-03-17,TRADED,,2025-03-20,2025-03-18,2025-03-17T15:15:00+05:30,22515.25,22501.77,ABOVE_SMA,22500,CE,NIFTY_22500_CE_20_MAR_25.csv,2025-03-17T15:29:00+05:30,135.94,2025-03-18T09:16:00+05:30,189.0,13275.60,50.00,13225.60,
2025-03-18,TRADED,,2025-03-20,2025-03-19,2025-03-18T15:15:00+05:30,22848.75,22759.58,ABOVE_SMA,22850,CE,NIFTY_22850_CE_20_MAR_25.csv,2025-03-18T15:29:00+05:30,100.6,2025-03-19T09:16:00+05:30,97.5,-1326.00,50.00,-1376.00,
2025-03-19,TRADED,,2025-03-20,2025-03-20,2025-03-19T15:15:00+05:30,22911.8,22901.21,ABOVE_SMA,22900,CE,NIFTY_22900_CE_20_MAR_25.csv,2025-03-19T15:29:00+05:30,98.95,2025-03-20T09:16:00+05:30,127.75,6968.00,50.00,6918.00,
2025-03-20,TRADED,,2025-03-27,2025-03-21,2025-03-20T15:15:00+05:30,23165.7,23106.73,ABOVE_SMA,23150,CE,NIFTY_23150_CE_27_MAR_25.csv,2025-03-20T15:29:00+05:30,155.6,2025-03-21T09:16:00+05:30,157.6,0.00,50.00,-50.00,
2025-03-21,TRADED,,2025-03-27,2025-03-24,2025-03-21T15:15:00+05:30,23355.65,23333.50,ABOVE_SMA,23350,CE,NIFTY_23350_CE_27_MAR_25.csv,2025-03-21T15:29:00+05:30,143.35,2025-03-24T09:16:00+05:30,207.9,16263.00,50.00,16213.00,
2025-03-24,TRADED,,2025-03-27,2025-03-25,2025-03-24T15:15:00+05:30,23674.15,23619.53,ABOVE_SMA,23650,CE,NIFTY_23650_CE_27_MAR_25.csv,2025-03-24T15:29:00+05:30,169.75,2025-03-25T09:16:00+05:30,211.9,10439.00,50.00,10389.00,
2025-03-25,TRADED,,2025-03-27,2025-03-26,2025-03-25T15:15:00+05:30,23605.95,23711.13,BELOW_SMA,23600,PE,NIFTY_23600_PE_27_MAR_25.csv,2025-03-25T15:29:00+05:30,80.0,2025-03-26T09:16:00+05:30,66.4,-4056.00,50.00,-4106.00,
2025-03-26,TRADED,,2025-03-27,2025-03-27,2025-03-26T15:15:00+05:30,23464.3,23597.70,BELOW_SMA,23450,PE,NIFTY_23450_PE_27_MAR_25.csv,2025-03-26T15:29:00+05:30,53.4,2025-03-27T09:16:00+05:30,61.5,1586.00,50.00,1536.00,
2025-03-27,TRADED,,2025-04-03,2025-03-28,2025-03-27T15:15:00+05:30,23601.05,23593.97,ABOVE_SMA,23600,CE,NIFTY_23600_CE_03_APR_25.csv,2025-03-27T15:29:00+05:30,208.5,2025-03-28T09:16:00+05:30,188.7,-5668.00,50.00,-5718.00,
2025-03-28,TRADED,,2025-04-03,2025-04-01,2025-03-28T15:15:00+05:30,23495.15,23547.31,BELOW_SMA,23500,PE,NIFTY_23500_PE_03_APR_25.csv,2025-03-28T15:29:00+05:30,102.75,2025-04-01T09:16:00+05:30,145.5,10595.00,50.00,10545.00,
2025-04-01,TRADED,,2025-04-03,2025-04-02,2025-04-01T15:15:00+05:30,23179.7,23249.91,BELOW_SMA,23200,PE,NIFTY_23200_PE_03_APR_25.csv,2025-04-01T15:29:00+05:30,101.5,2025-04-02T09:16:00+05:30,86.55,-4407.00,50.00,-4457.00,
2025-04-02,TRADED,,2025-04-03,2025-04-03,2025-04-02T15:15:00+05:30,23330.8,23278.42,ABOVE_SMA,23350,CE,NIFTY_23350_CE_03_APR_25.csv,2025-04-02T15:29:00+05:30,57.5,2025-04-03T09:16:00+05:30,7.85,-13429.00,50.00,-13479.00,
2025-04-03,TRADED,,2025-04-09,2025-04-04,2025-04-03T15:15:00+05:30,23241.6,23265.57,BELOW_SMA,23250,PE,NIFTY_23250_PE_09_APR_25.csv,2025-04-03T15:29:00+05:30,162.8,2025-04-04T09:16:00+05:30,244.9,20826.00,50.00,20776.00,
2025-04-04,TRADED,,2025-04-09,2025-04-07,2025-04-04T15:15:00+05:30,22912.05,22953.71,BELOW_SMA,22900,PE,NIFTY_22900_PE_09_APR_25.csv,2025-04-04T15:29:00+05:30,121.9,2025-04-07T09:16:00+05:30,686.7,146328.00,50.00,146278.00,
2025-04-07,TRADED,,2025-04-09,2025-04-08,2025-04-07T15:15:00+05:30,22238.0,21984.42,ABOVE_SMA,22250,CE,NIFTY_22250_CE_09_APR_25.csv,2025-04-07T15:29:00+05:30,303.85,2025-04-08T09:16:00+05:30,412.5,27729.00,50.00,27679.00,
2025-04-08,TRADED,,2025-04-09,2025-04-09,2025-04-08T15:15:00+05:30,22547.2,22516.34,ABOVE_SMA,22550,CE,NIFTY_22550_CE_09_APR_25.csv,2025-04-08T15:29:00+05:30,188.3,2025-04-09T09:16:00+05:30,78.65,-29029.00,50.00,-29079.00,
2025-04-09,TRADED,,2025-04-17,2025-04-11,2025-04-09T15:15:00+05:30,22420.4,22408.67,ABOVE_SMA,22400,CE,NIFTY_22400_CE_17_APR_25.csv,2025-04-09T15:29:00+05:30,334.15,2025-04-11T09:16:00+05:30,502.0,43121.00,50.00,43071.00,
2025-04-11,TRADED,,2025-04-17,2025-04-15,2025-04-11T15:15:00+05:30,22844.5,22841.92,ABOVE_SMA,22850,CE,NIFTY_22850_CE_17_APR_25.csv,2025-04-11T15:29:00+05:30,259.75,2025-04-15T09:16:00+05:30,483.95,57772.00,50.00,57722.00,
2025-04-15,TRADED,,2025-04-17,2025-04-16,2025-04-15T15:15:00+05:30,23344.1,23319.80,ABOVE_SMA,23350,CE,NIFTY_23350_CE_17_APR_25.csv,2025-04-15T15:29:00+05:30,85.95,2025-04-16T09:16:00+05:30,34.9,-13793.00,50.00,-13843.00,
2025-04-16,TRADED,,2025-04-17,2025-04-17,2025-04-16T15:15:00+05:30,23433.3,23355.16,ABOVE_SMA,23450,CE,NIFTY_23450_CE_17_APR_25.csv,2025-04-16T15:29:00+05:30,56.95,2025-04-17T09:16:00+05:30,20.8,-9919.00,50.00,-9969.00,
2025-04-17,TRADED,,2025-04-24,2025-04-21,2025-04-17T15:15:00+05:30,23837.75,23636.06,ABOVE_SMA,23850,CE,NIFTY_23850_CE_24_APR_25.csv,2025-04-17T15:29:00+05:30,191.65,2025-04-21T09:16:00+05:30,226.9,8645.00,50.00,8595.00,
2025-04-21,TRADED,,2025-04-24,2025-04-22,2025-04-21T15:15:00+05:30,24121.2,24112.33,ABOVE_SMA,24100,CE,NIFTY_24100_CE_24_APR_25.csv,2025-04-21T15:29:00+05:30,133.3,2025-04-22T09:16:00+05:30,126.3,-2340.00,50.00,-2390.00,
2025-04-22,TRADED,,2025-04-24,2025-04-23,2025-04-22T15:15:00+05:30,24134.05,24187.02,BELOW_SMA,24150,PE,NIFTY_24150_PE_24_APR_25.csv,2025-04-22T15:29:00+05:30,86.0,2025-04-23T09:16:00+05:30,36.54,-13379.60,50.00,-13429.60,
2025-04-23,TRADED,,2025-04-24,2025-04-24,2025-04-23T15:15:00+05:30,24300.85,24254.51,ABOVE_SMA,24300,CE,NIFTY_24300_CE_24_APR_25.csv,2025-04-23T15:29:00+05:30,64.34,2025-04-24T09:16:00+05:30,30.75,-9253.40,50.00,-9303.40,
2025-04-24,TRADED,,2025-04-30,2025-04-25,2025-04-24T15:15:00+05:30,24245.05,24260.66,BELOW_SMA,24250,PE,NIFTY_24250_PE_30_APR_25.csv,2025-04-24T15:29:00+05:30,184.5,2025-04-25T09:16:00+05:30,132.0,-14170.00,50.00,-14220.00,
2025-04-25,TRADED,,2025-04-30,2025-04-28,2025-04-25T15:15:00+05:30,23991.65,24025.77,BELOW_SMA,24000,PE,NIFTY_24000_PE_30_APR_25.csv,2025-04-25T15:29:00+05:30,165.85,2025-04-28T09:16:00+05:30,94.05,-19188.00,50.00,-19238.00,
2025-04-28,TRADED,,2025-04-30,2025-04-29,2025-04-28T15:15:00+05:30,24312.9,24285.76,ABOVE_SMA,24300,CE,NIFTY_24300_CE_30_APR_25.csv,2025-04-28T15:29:00+05:30,127.85,2025-04-29T09:16:00+05:30,163.15,8658.00,50.00,8608.00,
2025-04-29,TRADED,,2025-04-30,2025-04-30,2025-04-29T15:15:00+05:30,24325.45,24345.77,BELOW_SMA,24350,PE,NIFTY_24350_PE_30_APR_25.csv,2025-04-29T15:29:00+05:30,70.75,2025-04-30T09:16:00+05:30,95.35,5876.00,50.00,5826.00,
2025-04-30,TRADED,,2025-05-08,2025-05-02,2025-04-30T15:15:00+05:30,24246.25,24338.16,BELOW_SMA,24250,PE,NIFTY_24250_PE_08_MAY_25.csv,2025-04-30T15:29:00+05:30,218.85,2025-05-02T09:16:00+05:30,134.4,-22477.00,50.00,-22527.00,
2025-05-02,TRADED,,2025-05-08,2025-05-05,2025-05-02T15:15:00+05:30,24313.65,24389.81,BELOW_SMA,24300,PE,NIFTY_24300_PE_08_MAY_25.csv,2025-05-02T15:29:00+05:30,160.55,2025-05-05T09:16:00+05:30,87.4,-19539.00,50.00,-19589.00,
2025-05-05,TRADED,,2025-05-08,2025-05-06,2025-05-05T15:15:00+05:30,24459.5,24467.32,BELOW_SMA,24450,PE,NIFTY_24450_PE_08_MAY_25.csv,2025-05-05T15:29:00+05:30,89.55,2025-05-06T09:16:00+05:30,88.5,-793.00,50.00,-843.00,
2025-05-06,TRADED,,2025-05-08,2025-05-07,2025-05-06T15:15:00+05:30,24335.9,24388.45,BELOW_SMA,24350,PE,NIFTY_24350_PE_08_MAY_25.csv,2025-05-06T15:29:00+05:30,86.0,2025-05-07T09:16:00+05:30,94.35,1651.00,50.00,1601.00,
2025-05-07,TRADED,,2025-05-08,2025-05-08,2025-05-07T15:15:00+05:30,24409.3,24378.63,ABOVE_SMA,24400,CE,NIFTY_24400_CE_08_MAY_25.csv,2025-05-07T15:29:00+05:30,43.75,2025-05-08T09:16:00+05:30,41.8,-1027.00,50.00,-1077.00,
2025-05-08,TRADED,,2025-05-15,2025-05-09,2025-05-08T15:15:00+05:30,24154.1,24365.21,BELOW_SMA,24150,PE,NIFTY_24150_PE_15_MAY_25.csv,2025-05-08T15:29:00+05:30,283.64,2025-05-09T09:16:00+05:30,300.85,3954.60,50.00,3904.60,
2025-05-09,TRADED,,2025-05-15,2025-05-12,2025-05-09T15:15:00+05:30,24038.65,24023.40,ABOVE_SMA,24050,CE,NIFTY_24050_CE_15_MAY_25.csv,2025-05-09T15:29:00+05:30,209.65,2025-05-12T09:16:00+05:30,497.05,74204.00,50.00,74154.00,
2025-05-12,TRADED,,2025-05-15,2025-05-13,2025-05-12T15:15:00+05:30,24920.25,24769.59,ABOVE_SMA,24900,CE,NIFTY_24900_CE_15_MAY_25.csv,2025-05-12T15:29:00+05:30,235.45,2025-05-13T09:16:00+05:30,218.4,-4953.00,50.00,-5003.00,
2025-05-13,TRADED,,2025-05-15,2025-05-14,2025-05-13T15:15:00+05:30,24593.65,24671.45,BELOW_SMA,24600,PE,NIFTY_24600_PE_15_MAY_25.csv,2025-05-13T15:29:00+05:30,161.4,2025-05-14T09:16:00+05:30,135.15,-7345.00,50.00,-7395.00,
2025-05-14,TRADED,,2025-05-15,2025-05-15,2025-05-14T15:15:00+05:30,24685.75,24671.97,ABOVE_SMA,24700,CE,NIFTY_24700_CE_15_MAY_25.csv,2025-05-14T15:29:00+05:30,70.84,2025-05-15T09:16:00+05:30,42.6,-7862.40,50.00,-7912.40,
2025-05-15,TRADED,,2025-05-22,2025-05-16,2025-05-15T15:15:00+05:30,25035.3,24792.60,ABOVE_SMA,25050,CE,NIFTY_25050_CE_22_MAY_25.csv,2025-05-15T15:29:00+05:30,190.4,2025-05-16T09:16:00+05:30,189.5,-754.00,50.00,-804.00,
2025-05-16,TRADED,,2025-05-22,2025-05-19,2025-05-16T15:15:00+05:30,25013.1,25001.58,ABOVE_SMA,25000,CE,NIFTY_25000_CE_22_MAY_25.csv,2025-05-16T15:29:00+05:30,195.0,2025-05-19T09:16:00+05:30,163.35,-8749.00,50.00,-8799.00,
2025-05-19,TRADED,,2025-05-22,2025-05-20,2025-05-19T15:15:00+05:30,24935.35,24991.10,BELOW_SMA,24950,PE,NIFTY_24950_PE_22_MAY_25.csv,2025-05-19T15:29:00+05:30,163.6,2025-05-20T09:16:00+05:30,114.35,-13325.00,50.00,-13375.00,
2025-05-20,TRADED,,2025-05-22,2025-05-21,2025-05-20T15:15:00+05:30,24713.85,24824.80,BELOW_SMA,24700,PE,NIFTY_24700_PE_22_MAY_25.csv,2025-05-20T15:29:00+05:30,95.8,2025-05-21T09:16:00+05:30,85.05,-3315.00,50.00,-3365.00,
2025-05-21,TRADED,,2025-05-22,2025-05-22,2025-05-21T15:15:00+05:30,24800.95,24814.12,BELOW_SMA,24800,PE,NIFTY_24800_PE_22_MAY_25.csv,2025-05-21T15:29:00+05:30,123.75,2025-05-22T09:16:00+05:30,173.95,12532.00,50.00,12482.00,
2025-05-22,TRADED,,2025-05-29,2025-05-23,2025-05-22T15:15:00+05:30,24637.0,24573.45,ABOVE_SMA,24650,CE,NIFTY_24650_CE_29_MAY_25.csv,2025-05-22T15:29:00+05:30,210.95,2025-05-23T09:16:00+05:30,203.75,-2392.00,50.00,-2442.00,
2025-05-23,TRADED,,2025-05-29,2025-05-26,2025-05-23T15:15:00+05:30,24845.15,24844.74,ABOVE_SMA,24850,CE,NIFTY_24850_CE_29_MAY_25.csv,2025-05-23T15:29:00+05:30,219.8,2025-05-26T09:16:00+05:30,297.64,19718.40,50.00,19668.40,
2025-05-26,TRADED,,2025-05-29,2025-05-27,2025-05-26T15:15:00+05:30,24996.35,24995.95,ABOVE_SMA,25000,CE,NIFTY_25000_CE_29_MAY_25.csv,2025-05-26T15:29:00+05:30,223.0,2025-05-27T09:16:00+05:30,189.85,-9139.00,50.00,-9189.00,
2025-05-27,TRADED,,2025-05-29,2025-05-28,2025-05-27T15:15:00+05:30,24837.7,24831.57,ABOVE_SMA,24850,CE,NIFTY_24850_CE_29_MAY_25.csv,2025-05-27T15:29:00+05:30,189.2,2025-05-28T09:16:00+05:30,190.0,-312.00,50.00,-362.00,
2025-05-28,TRADED,,2025-05-29,2025-05-29,2025-05-28T15:15:00+05:30,24757.15,24773.97,BELOW_SMA,24750,PE,NIFTY_24750_PE_29_MAY_25.csv,2025-05-28T15:29:00+05:30,104.4,2025-05-29T09:16:00+05:30,29.8,-19916.00,50.00,-19966.00,
2025-05-29,TRADED,,2025-06-05,2025-05-30,2025-05-29T15:15:00+05:30,24880.85,24763.44,ABOVE_SMA,24900,CE,NIFTY_24900_CE_05_JUN_25.csv,2025-05-29T15:29:00+05:30,195.4,2025-05-30T09:16:00+05:30,172.15,-6565.00,50.00,-6615.00,
2025-05-30,TRADED,,2025-06-05,2025-06-02,2025-05-30T15:15:00+05:30,24736.65,24766.73,BELOW_SMA,24750,PE,NIFTY_24750_PE_05_JUN_25.csv,2025-05-30T15:29:00+05:30,189.8,2025-06-02T09:16:00+05:30,298.75,27807.00,50.00,27757.00,
2025-06-02,TRADED,,2025-06-05,2025-06-03,2025-06-02T15:15:00+05:30,24690.35,24658.64,ABOVE_SMA,24700,CE,NIFTY_24700_CE_05_JUN_25.csv,2025-06-02T15:29:00+05:30,224.8,2025-06-03T09:16:00+05:30,270.05,11245.00,50.00,11195.00,
2025-06-03,TRADED,,2025-06-05,2025-06-04,2025-06-03T15:15:00+05:30,24538.4,24598.05,BELOW_SMA,24550,PE,NIFTY_24550_PE_05_JUN_25.csv,2025-06-03T15:29:00+05:30,132.0,2025-06-04T09:16:00+05:30,108.9,-6526.00,50.00,-6576.00,
2025-06-04,TRADED,,2025-06-05,2025-06-05,2025-06-04T15:15:00+05:30,24612.0,24598.13,ABOVE_SMA,24600,CE,NIFTY_24600_CE_05_JUN_25.csv,2025-06-04T15:29:00+05:30,83.9,2025-06-05T09:16:00+05:30,78.7,-1872.00,50.00,-1922.00,
2025-06-05,TRADED,,2025-06-12,2025-06-06,2025-06-05T15:15:00+05:30,24761.1,24750.84,ABOVE_SMA,24750,CE,NIFTY_24750_CE_12_JUN_25.csv,2025-06-05T15:29:00+05:30,213.0,2025-06-06T09:16:00+05:30,188.1,-6994.00,50.00,-7044.00,
2025-06-06,TRADED,,2025-06-12,2025-06-09,2025-06-06T15:15:00+05:30,25000.3,24936.37,ABOVE_SMA,25000,CE,NIFTY_25000_CE_12_JUN_25.csv,2025-06-06T15:29:00+05:30,178.0,2025-06-09T09:16:00+05:30,223.75,11375.00,50.00,11325.00,
2025-06-09,TRADED,,2025-06-12,2025-06-10,2025-06-09T15:15:00+05:30,25103.1,25110.09,BELOW_SMA,25100,PE,NIFTY_25100_PE_12_JUN_25.csv,2025-06-09T15:29:00+05:30,129.9,2025-06-10T09:16:00+05:30,101.65,-7865.00,50.00,-7915.00,
2025-06-10,TRADED,,2025-06-12,2025-06-11,2025-06-10T15:15:00+05:30,25091.5,25124.96,BELOW_SMA,25100,PE,NIFTY_25100_PE_12_JUN_25.csv,2025-06-10T15:29:00+05:30,98.55,2025-06-11T09:16:00+05:30,84.25,-4238.00,50.00,-4288.00,
2025-06-11,TRADED,,2025-06-12,2025-06-12,2025-06-11T15:15:00+05:30,25126.8,25165.44,BELOW_SMA,25150,PE,NIFTY_25150_PE_12_JUN_25.csv,2025-06-11T15:29:00+05:30,89.6,2025-06-12T09:16:00+05:30,78.5,-3406.00,50.00,-3456.00,
2025-06-12,TRADED,,2025-06-19,2025-06-13,2025-06-12T15:15:00+05:30,24856.0,25004.30,BELOW_SMA,24850,PE,NIFTY_24850_PE_19_JUN_25.csv,2025-06-12T15:29:00+05:30,168.65,2025-06-13T09:16:00+05:30,378.4,54015.00,50.00,53965.00,
2025-06-13,TRADED,,2025-06-19,2025-06-16,2025-06-13T15:15:00+05:30,24735.55,24683.42,ABOVE_SMA,24750,CE,NIFTY_24750_CE_19_JUN_25.csv,2025-06-13T15:29:00+05:30,155.15,2025-06-16T09:16:00+05:30,160.2,793.00,50.00,743.00,
2025-06-16,TRADED,,2025-06-19,2025-06-17,2025-06-16T15:15:00+05:30,24940.95,24892.89,ABOVE_SMA,24950,CE,NIFTY_24950_CE_19_JUN_25.csv,2025-06-16T15:29:00+05:30,140.2,2025-06-17T09:16:00+05:30,112.85,-7631.00,50.00,-7681.00,
2025-06-17,TRADED,,2025-06-19,2025-06-18,2025-06-17T15:15:00+05:30,24841.5,24862.50,BELOW_SMA,24850,PE,NIFTY_24850_PE_19_JUN_25.csv,2025-06-17T15:29:00+05:30,117.95,2025-06-18T09:16:00+05:30,120.95,260.00,50.00,210.00,
2025-06-18,TRADED,,2025-06-19,2025-06-19,2025-06-18T15:15:00+05:30,24798.75,24823.27,BELOW_SMA,24800,PE,NIFTY_24800_PE_19_JUN_25.csv,2025-06-18T15:29:00+05:30,83.95,2025-06-19T09:16:00+05:30,70.25,-4082.00,50.00,-4132.00,
2025-06-19,TRADED,,2025-06-26,2025-06-20,2025-06-19T15:15:00+05:30,24744.7,24807.67,BELOW_SMA,24750,PE,NIFTY_24750_PE_26_JUN_25.csv,2025-06-19T15:29:00+05:30,179.9,2025-06-20T09:16:00+05:30,117.0,-16874.00,50.00,-16924.00,
2025-06-20,TRADED,,2025-06-26,2025-06-23,2025-06-20T15:15:00+05:30,25079.75,25007.03,ABOVE_SMA,25100,CE,NIFTY_25100_CE_26_JUN_25.csv,2025-06-20T15:29:00+05:30,154.45,2025-06-23T09:16:00+05:30,92.75,-16562.00,50.00,-16612.00,
2025-06-23,TRADED,,2025-06-26,2025-06-24,2025-06-23T15:15:00+05:30,24958.9,24950.38,ABOVE_SMA,24950,CE,NIFTY_24950_CE_26_JUN_25.csv,2025-06-23T15:29:00+05:30,152.65,2025-06-24T09:16:00+05:30,326.8,44759.00,50.00,44709.00,
2025-06-24,TRADED,,2025-06-26,2025-06-25,2025-06-24T15:15:00+05:30,25071.55,25173.15,BELOW_SMA,25050,PE,NIFTY_25050_PE_26_JUN_25.csv,2025-06-24T15:29:00+05:30,85.75,2025-06-25T09:16:00+05:30,51.3,-9477.00,50.00,-9527.00,
2025-06-25,TRADED,,2025-06-26,2025-06-26,2025-06-25T15:15:00+05:30,25236.35,25217.90,ABOVE_SMA,25250,CE,NIFTY_25250_CE_26_JUN_25.csv,2025-06-25T15:29:00+05:30,63.9,2025-06-26T09:16:00+05:30,77.45,3003.00,50.00,2953.00,
2025-06-26,TRADED,,2025-07-03,2025-06-27,2025-06-26T15:15:00+05:30,25530.4,25411.44,ABOVE_SMA,25550,CE,NIFTY_25550_CE_03_JUL_25.csv,2025-06-26T15:29:00+05:30,158.3,2025-06-27T09:16:00+05:30,214.55,14105.00,50.00,14055.00,
2025-06-27,TRADED,,2025-07-03,2025-06-30,2025-06-27T15:15:00+05:30,25632.45,25605.94,ABOVE_SMA,25650,CE,NIFTY_25650_CE_03_JUL_25.csv,2025-06-27T15:29:00+05:30,141.3,2025-06-30T09:16:00+05:30,135.6,-2002.00,50.00,-2052.00,
2025-06-30,TRADED,,2025-07-03,2025-07-01,2025-06-30T15:15:00+05:30,25507.45,25540.81,BELOW_SMA,25500,PE,NIFTY_25500_PE_03_JUL_25.csv,2025-06-30T15:29:00+05:30,107.85,2025-07-01T09:16:00+05:30,113.55,962.00,50.00,912.00,
2025-07-01,TRADED,,2025-07-03,2025-07-02,2025-07-01T15:15:00+05:30,25533.0,25537.07,BELOW_SMA,25550,PE,NIFTY_25550_PE_03_JUL_25.csv,2025-07-01T15:29:00+05:30,84.95,2025-07-02T09:16:00+05:30,65.0,-5707.00,50.00,-5757.00,
2025-07-02,TRADED,,2025-07-03,2025-07-03,2025-07-02T15:15:00+05:30,25442.85,25472.09,BELOW_SMA,25450,PE,NIFTY_25450_PE_03_JUL_25.csv,2025-07-02T15:29:00+05:30,63.65,2025-07-03T09:16:00+05:30,44.6,-5473.00,50.00,-5523.00,
2025-07-03,TRADED,,2025-07-10,2025-07-04,2025-07-03T15:15:00+05:30,25397.4,25498.29,BELOW_SMA,25400,PE,NIFTY_25400_PE_10_JUL_25.csv,2025-07-03T15:29:00+05:30,138.55,2025-07-04T09:16:00+05:30,136.15,-1144.00,50.00,-1194.00,
2025-07-04,TRADED,,2025-07-10,2025-07-07,2025-07-04T15:15:00+05:30,25467.8,25397.62,ABOVE_SMA,25450,CE,NIFTY_25450_CE_10_JUL_25.csv,2025-07-04T15:29:00+05:30,147.75,2025-07-07T09:16:00+05:30,110.95,-10088.00,50.00,-10138.00,
2025-07-07,TRADED,,2025-07-10,2025-07-08,2025-07-07T15:15:00+05:30,25454.95,25447.43,ABOVE_SMA,25450,CE,NIFTY_25450_CE_10_JUL_25.csv,2025-07-07T15:29:00+05:30,125.8,2025-07-08T09:16:00+05:30,111.6,-4212.00,50.00,-4262.00,
2025-07-08,TRADED,,2025-07-10,2025-07-09,2025-07-08T15:15:00+05:30,25523.1,25465.27,ABOVE_SMA,25500,CE,NIFTY_25500_CE_10_JUL_25.csv,2025-07-08T15:29:00+05:30,114.55,2025-07-09T09:16:00+05:30,87.65,-7514.00,50.00,-7564.00,
2025-07-09,TRADED,,2025-07-10,2025-07-10,2025-07-09T15:15:00+05:30,25464.65,25514.59,BELOW_SMA,25450,PE,NIFTY_25450_PE_10_JUL_25.csv,2025-07-09T15:29:00+05:30,43.25,2025-07-10T09:16:00+05:30,33.65,-3016.00,50.00,-3066.00,
2025-07-10,TRADED,,2025-07-17,2025-07-11,2025-07-10T15:15:00+05:30,25348.15,25393.26,BELOW_SMA,25350,PE,NIFTY_25350_PE_17_JUL_25.csv,2025-07-10T15:29:00+05:30,122.0,2025-07-11T09:16:00+05:30,165.45,10777.00,50.00,10727.00,
2025-07-11,TRADED,,2025-07-17,2025-07-14,2025-07-11T15:15:00+05:30,25140.55,25188.27,BELOW_SMA,25150,PE,NIFTY_25150_PE_17_JUL_25.csv,2025-07-11T15:29:00+05:30,109.15,2025-07-14T09:16:00+05:30,123.75,3276.00,50.00,3226.00,
2025-07-14,TRADED,,2025-07-17,2025-07-15,2025-07-14T15:15:00+05:30,25087.1,25064.73,ABOVE_SMA,25100,CE,NIFTY_25100_CE_17_JUL_25.csv,2025-07-14T15:29:00+05:30,116.05,2025-07-15T09:16:00+05:30,131.4,3471.00,50.00,3421.00,
2025-07-15,TRADED,,2025-07-17,2025-07-16,2025-07-15T15:15:00+05:30,25219.65,25182.01,ABOVE_SMA,25200,CE,NIFTY_25200_CE_17_JUL_25.csv,2025-07-15T15:29:00+05:30,94.3,2025-07-16T09:16:00+05:30,55.5,-10608.00,50.00,-10658.00,
2025-07-16,TRADED,,2025-07-17,2025-07-17,2025-07-16T15:15:00+05:30,25198.55,25184.42,ABOVE_SMA,25200,CE,NIFTY_25200_CE_17_JUL_25.csv,2025-07-16T15:29:00+05:30,58.75,2025-07-17T09:16:00+05:30,55.2,-1443.00,50.00,-1493.00,
2025-07-17,TRADED,,2025-07-24,2025-07-18,2025-07-17T15:15:00+05:30,25109.5,25166.27,BELOW_SMA,25100,PE,NIFTY_25100_PE_24_JUL_25.csv,2025-07-17T15:29:00+05:30,108.95,2025-07-18T09:16:00+05:30,106.0,-1287.00,50.00,-1337.00,
2025-07-18,TRADED,,2025-07-24,2025-07-21,2025-07-18T15:15:00+05:30,24967.45,24968.53,BELOW_SMA,24950,PE,NIFTY_24950_PE_24_JUL_25.csv,2025-07-18T15:29:00+05:30,97.4,2025-07-21T09:16:00+05:30,100.45,273.00,50.00,223.00,
2025-07-21,TRADED,,2025-07-24,2025-07-22,2025-07-21T15:15:00+05:30,25093.3,25035.60,ABOVE_SMA,25100,CE,NIFTY_25100_CE_24_JUL_25.csv,2025-07-21T15:29:00+05:30,97.9,2025-07-22T09:16:00+05:30,122.85,5967.00,50.00,5917.00,
2025-07-22,TRADED,,2025-07-24,2025-07-23,2025-07-22T15:15:00+05:30,25064.9,25086.08,BELOW_SMA,25050,PE,NIFTY_25050_PE_24_JUL_25.csv,2025-07-22T15:29:00+05:30,55.15,2025-07-23T09:16:00+05:30,28.95,-7332.00,50.00,-7382.00,
2025-07-23,TRADED,,2025-07-24,2025-07-24,2025-07-23T15:15:00+05:30,25209.2,25156.61,ABOVE_SMA,25200,CE,NIFTY_25200_CE_24_JUL_25.csv,2025-07-23T15:29:00+05:30,62.35,2025-07-24T09:16:00+05:30,52.45,-3094.00,50.00,-3144.00,
2025-07-24,TRADED,,2025-07-31,2025-07-25,2025-07-24T15:15:00+05:30,25051.9,25103.21,BELOW_SMA,25050,PE,NIFTY_25050_PE_31_JUL_25.csv,2025-07-24T15:29:00+05:30,107.6,2025-07-25T09:16:00+05:30,165.65,14573.00,50.00,14523.00,
2025-07-25,TRADED,,2025-07-31,2025-07-28,2025-07-25T15:15:00+05:30,24832.2,24867.58,BELOW_SMA,24850,PE,NIFTY_24850_PE_31_JUL_25.csv,2025-07-25T15:29:00+05:30,120.05,2025-07-28T09:16:00+05:30,163.75,10842.00,50.00,10792.00,
2025-07-28,TRADED,,2025-07-31,2025-07-29,2025-07-28T15:15:00+05:30,24673.95,24756.14,BELOW_SMA,24650,PE,NIFTY_24650_PE_31_JUL_25.csv,2025-07-28T15:29:00+05:30,78.0,2025-07-29T09:16:00+05:30,96.35,4251.00,50.00,4201.00,
2025-07-29,TRADED,,2025-07-31,2025-07-30,2025-07-29T15:15:00+05:30,24830.4,24721.43,ABOVE_SMA,24850,CE,NIFTY_24850_CE_31_JUL_25.csv,2025-07-29T15:29:00+05:30,75.1,2025-07-30T09:16:00+05:30,60.1,-4420.00,50.00,-4470.00,
2025-07-30,TRADED,,2025-07-31,2025-07-31,2025-07-30T15:15:00+05:30,24844.55,24853.34,BELOW_SMA,24850,PE,NIFTY_24850_PE_31_JUL_25.csv,2025-07-30T15:29:00+05:30,51.85,2025-07-31T09:16:00+05:30,179.4,32643.00,50.00,32593.00,
2025-07-31,TRADED,,2025-08-07,2025-08-01,2025-07-31T15:15:00+05:30,24765.6,24804.71,BELOW_SMA,24750,PE,NIFTY_24750_PE_07_AUG_25.csv,2025-07-31T15:29:00+05:30,132.45,2025-08-01T09:16:00+05:30,164.15,7722.00,50.00,7672.00,
2025-08-01,TRADED,,2025-08-07,2025-08-04,2025-08-01T15:15:00+05:30,24572.15,24668.28,BELOW_SMA,24550,PE,NIFTY_24550_PE_07_AUG_25.csv,2025-08-01T15:29:00+05:30,145.0,2025-08-04T09:16:00+05:30,102.9,-11466.00,50.00,-11516.00,
2025-08-04,TRADED,,2025-08-07,2025-08-05,2025-08-04T15:15:00+05:30,24726.9,24677.03,ABOVE_SMA,24750,CE,NIFTY_24750_CE_07_AUG_25.csv,2025-08-04T15:29:00+05:30,108.3,2025-08-05T09:16:00+05:30,89.9,-5304.00,50.00,-5354.00,
2025-08-05,TRADED,,2025-08-07,2025-08-06,2025-08-05T15:15:00+05:30,24649.5,24631.21,ABOVE_SMA,24650,CE,NIFTY_24650_CE_07_AUG_25.csv,2025-08-05T15:29:00+05:30,93.55,2025-08-06T09:16:00+05:30,82.2,-3471.00,50.00,-3521.00,
2025-08-06,TRADED,,2025-08-07,2025-08-07,2025-08-06T15:15:00+05:30,24569.6,24591.81,BELOW_SMA,24550,PE,NIFTY_24550_PE_07_AUG_25.csv,2025-08-06T15:29:00+05:30,61.1,2025-08-07T09:16:00+05:30,80.15,4433.00,50.00,4383.00,
2025-08-07,TRADED,,2025-08-14,2025-08-08,2025-08-07T15:15:00+05:30,24626.65,24457.54,ABOVE_SMA,24650,CE,NIFTY_24650_CE_14_AUG_25.csv,2025-08-07T15:29:00+05:30,145.2,2025-08-08T09:16:00+05:30,105.65,-10803.00,50.00,-10853.00,
2025-08-08,TRADED,,2025-08-14,2025-08-11,2025-08-08T15:15:00+05:30,24350.85,24433.97,BELOW_SMA,24350,PE,NIFTY_24350_PE_14_AUG_25.csv,2025-08-08T15:29:00+05:30,112.95,2025-08-11T09:16:00+05:30,109.8,-1339.00,50.00,-1389.00,
2025-08-11,TRADED,,2025-08-14,2025-08-12,2025-08-11T15:15:00+05:30,24562.15,24474.58,ABOVE_SMA,24550,CE,NIFTY_24550_CE_14_AUG_25.csv,2025-08-11T15:29:00+05:30,107.5,2025-08-12T09:16:00+05:30,101.3,-2132.00,50.00,-2182.00,
2025-08-12,TRADED,,2025-08-14,2025-08-13,2025-08-12T15:15:00+05:30,24485.85,24576.88,BELOW_SMA,24500,PE,NIFTY_24500_PE_14_AUG_25.csv,2025-08-12T15:29:00+05:30,76.0,2025-08-13T09:16:00+05:30,35.45,-11063.00,50.00,-11113.00,
2025-08-13,TRADED,,2025-08-14,2025-08-14,2025-08-13T15:15:00+05:30,24630.4,24603.25,ABOVE_SMA,24650,CE,NIFTY_24650_CE_14_AUG_25.csv,2025-08-13T15:29:00+05:30,54.3,2025-08-14T09:16:00+05:30,50.6,-1482.00,50.00,-1532.00,
2025-08-14,TRADED,,2025-08-21,2025-08-18,2025-08-14T15:15:00+05:30,24616.05,24639.56,BELOW_SMA,24600,PE,NIFTY_24600_PE_21_AUG_25.csv,2025-08-14T15:29:00+05:30,119.0,2025-08-18T09:16:00+05:30,28.7,-23998.00,50.00,-24048.00,
2025-08-18,TRADED,,2025-08-21,2025-08-19,2025-08-18T15:15:00+05:30,24884.05,24937.15,BELOW_SMA,24900,PE,NIFTY_24900_PE_21_AUG_25.csv,2025-08-18T15:29:00+05:30,86.45,2025-08-19T09:16:00+05:30,92.75,1118.00,50.00,1068.00,
2025-08-19,TRADED,,2025-08-21,2025-08-20,2025-08-19T15:15:00+05:30,24989.7,24953.05,ABOVE_SMA,25000,CE,NIFTY_25000_CE_21_AUG_25.csv,2025-08-19T15:29:00+05:30,78.0,2025-08-20T09:16:00+05:30,52.25,-7215.00,50.00,-7265.00,
2025-08-20,TRADED,,2025-08-21,2025-08-21,2025-08-20T15:15:00+05:30,25047.15,25030.09,ABOVE_SMA,25050,CE,NIFTY_25050_CE_21_AUG_25.csv,2025-08-20T15:29:00+05:30,50.9,2025-08-21T09:16:00+05:30,65.8,3354.00,50.00,3304.00,
2025-08-21,TRADED,,2025-08-28,2025-08-22,2025-08-21T15:15:00+05:30,25076.95,25108.29,BELOW_SMA,25100,PE,NIFTY_25100_PE_28_AUG_25.csv,2025-08-21T15:29:00+05:30,111.3,2025-08-22T09:16:00+05:30,134.4,5486.00,50.00,5436.00,
2025-08-22,TRADED,,2025-08-28,2025-08-25,2025-08-22T15:15:00+05:30,24869.45,24925.55,BELOW_SMA,24850,PE,NIFTY_24850_PE_28_AUG_25.csv,2025-08-22T15:29:00+05:30,93.15,2025-08-25T09:16:00+05:30,59.3,-9321.00,50.00,-9371.00,
2025-08-25,TRADED,,2025-08-28,2025-08-26,2025-08-25T15:15:00+05:30,24978.55,24966.02,ABOVE_SMA,25000,CE,NIFTY_25000_CE_28_AUG_25.csv,2025-08-25T15:29:00+05:30,75.7,2025-08-26T09:16:00+05:30,33.6,-11466.00,50.00,-11516.00,
2025-08-26,TRADED,,2025-08-28,2025-08-28,2025-08-26T15:15:00+05:30,24710.7,24786.84,BELOW_SMA,24700,PE,NIFTY_24700_PE_28_AUG_25.csv,2025-08-26T15:29:00+05:30,57.55,2025-08-28T09:16:00+05:30,125.45,17134.00,50.00,17084.00,
2025-08-28,TRADED,,2025-09-02,2025-08-29,2025-08-28T15:15:00+05:30,24533.1,24580.83,BELOW_SMA,24550,PE,NIFTY_24550_PE_02_SEP_25.csv,2025-08-28T15:29:00+05:30,109.95,2025-08-29T09:16:00+05:30,96.35,-4056.00,50.00,-4106.00,
2025-08-29,TRADED,,2025-09-02,2025-09-01,2025-08-29T15:15:00+05:30,24433.65,24509.28,BELOW_SMA,24450,PE,NIFTY_24450_PE_02_SEP_25.csv,2025-08-29T15:29:00+05:30,73.55,2025-09-01T09:16:00+05:30,38.0,-9763.00,50.00,-9813.00,
2025-09-01,TRADED,,2025-09-02,2025-09-02,2025-09-01T15:15:00+05:30,24624.3,24569.60,ABOVE_SMA,24600,CE,NIFTY_24600_CE_02_SEP_25.csv,2025-09-01T15:29:00+05:30,74.65,2025-09-02T09:16:00+05:30,99.35,5902.00,50.00,5852.00,
2025-09-02,TRADED,,2025-09-09,2025-09-03,2025-09-02T15:15:00+05:30,24575.0,24677.96,BELOW_SMA,24600,PE,NIFTY_24600_PE_09_SEP_25.csv,2025-09-02T15:29:00+05:30,128.7,2025-09-03T09:16:00+05:30,126.25,-1157.00,50.00,-1207.00,
2025-09-03,TRADED,,2025-09-09,2025-09-04,2025-09-03T15:15:00+05:30,24713.6,24620.43,ABOVE_SMA,24700,CE,NIFTY_24700_CE_09_SEP_25.csv,2025-09-03T15:29:00+05:30,130.4,2025-09-04T09:16:00+05:30,236.85,27157.00,50.00,27107.00,
2025-09-04,TRADED,,2025-09-09,2025-09-05,2025-09-04T15:15:00+05:30,24739.8,24807.21,BELOW_SMA,24750,PE,NIFTY_24750_PE_09_SEP_25.csv,2025-09-04T15:29:00+05:30,95.8,2025-09-05T09:16:00+05:30,55.45,-11011.00,50.00,-11061.00,
2025-09-05,TRADED,,2025-09-09,2025-09-08,2025-09-05T15:15:00+05:30,24743.95,24709.83,ABOVE_SMA,24750,CE,NIFTY_24750_CE_09_SEP_25.csv,2025-09-05T15:29:00+05:30,92.85,2025-09-08T09:16:00+05:30,108.8,3627.00,50.00,3577.00,
2025-09-08,TRADED,,2025-09-09,2025-09-09,2025-09-08T15:15:00+05:30,24791.2,24825.36,BELOW_SMA,24800,PE,NIFTY_24800_PE_09_SEP_25.csv,2025-09-08T15:29:00+05:30,44.65,2025-09-09T09:16:00+05:30,24.7,-5707.00,50.00,-5757.00,
2025-09-09,TRADED,,2025-09-16,2025-09-10,2025-09-09T15:15:00+05:30,24878.8,24850.16,ABOVE_SMA,24900,CE,NIFTY_24900_CE_16_SEP_25.csv,2025-09-09T15:29:00+05:30,126.7,2025-09-10T09:16:00+05:30,165.6,9594.00,50.00,9544.00,
2025-09-10,TRADED,,2025-09-16,2025-09-11,2025-09-10T15:15:00+05:30,24977.55,24981.44,BELOW_SMA,25000,PE,NIFTY_25000_PE_16_SEP_25.csv,2025-09-10T15:29:00+05:30,96.5,2025-09-11T09:16:00+05:30,102.45,1027.00,50.00,977.00,
2025-09-11,TRADED,,2025-09-16,2025-09-12,2025-09-11T15:15:00+05:30,25008.1,24994.45,ABOVE_SMA,25000,CE,NIFTY_25000_CE_16_SEP_25.csv,2025-09-11T15:29:00+05:30,121.0,2025-09-12T09:16:00+05:30,142.0,4940.00,50.00,4890.00,
2025-09-12,TRADED,,2025-09-16,2025-09-15,2025-09-12T15:15:00+05:30,25107.7,25102.96,ABOVE_SMA,25100,CE,NIFTY_25100_CE_16_SEP_25.csv,2025-09-12T15:29:00+05:30,92.85,2025-09-15T09:16:00+05:30,70.9,-6227.00,50.00,-6277.00,
2025-09-15,TRADED,,2025-09-16,2025-09-16,2025-09-15T15:15:00+05:30,25069.7,25088.68,BELOW_SMA,25050,PE,NIFTY_25050_PE_16_SEP_25.csv,2025-09-15T15:29:00+05:30,28.1,2025-09-16T09:16:00+05:30,23.15,-1807.00,50.00,-1857.00,
2025-09-16,TRADED,,2025-09-23,2025-09-17,2025-09-16T15:15:00+05:30,25254.45,25179.79,ABOVE_SMA,25250,CE,NIFTY_25250_CE_23_SEP_25.csv,2025-09-16T15:29:00+05:30,160.0,2025-09-17T09:16:00+05:30,179.7,4602.00,50.00,4552.00,
2025-09-17,TRADED,,2025-09-23,2025-09-18,2025-09-17T15:15:00+05:30,25330.15,25323.42,ABOVE_SMA,25350,CE,NIFTY_25350_CE_23_SEP_25.csv,2025-09-17T15:29:00+05:30,126.75,2025-09-18T09:16:00+05:30,154.35,6656.00,50.00,6606.00,
2025-09-18,TRADED,,2025-09-23,2025-09-19,2025-09-18T15:15:00+05:30,25420.75,25400.86,ABOVE_SMA,25400,CE,NIFTY_25400_CE_23_SEP_25.csv,2025-09-18T15:29:00+05:30,122.0,2025-09-19T09:16:00+05:30,79.45,-11583.00,50.00,-11633.00,
2025-09-19,TRADED,,2025-09-23,2025-09-22,2025-09-19T15:15:00+05:30,25352.5,25326.67,ABOVE_SMA,25350,CE,NIFTY_25350_CE_23_SEP_25.csv,2025-09-19T15:29:00+05:30,82.2,2025-09-22T09:16:00+05:30,30.5,-13962.00,50.00,-14012.00,
2025-09-22,TRADED,,2025-09-23,2025-09-23,2025-09-22T15:15:00+05:30,25200.2,25276.56,BELOW_SMA,25200,PE,NIFTY_25200_PE_23_SEP_25.csv,2025-09-22T15:29:00+05:30,35.7,2025-09-23T09:16:00+05:30,24.65,-3393.00,50.00,-3443.00,
2025-09-23,TRADED,,2025-09-30,2025-09-24,2025-09-23T15:15:00+05:30,25185.8,25164.55,ABOVE_SMA,25200,CE,NIFTY_25200_CE_30_SEP_25.csv,2025-09-23T15:29:00+05:30,151.0,2025-09-24T09:16:00+05:30,92.25,-15795.00,50.00,-15845.00,
2025-09-24,TRADED,,2025-09-30,2025-09-25,2025-09-24T15:15:00+05:30,25060.9,25086.07,BELOW_SMA,25050,PE,NIFTY_25050_PE_30_SEP_25.csv,2025-09-24T15:29:00+05:30,76.45,2025-09-25T09:16:00+05:30,98.8,5291.00,50.00,5241.00,
2025-09-25,TRADED,,2025-09-30,2025-09-26,2025-09-25T15:15:00+05:30,24904.55,24988.58,BELOW_SMA,24900,PE,NIFTY_24900_PE_30_SEP_25.csv,2025-09-25T15:29:00+05:30,67.1,2025-09-26T09:16:00+05:30,109.65,10543.00,50.00,10493.00,
2025-09-26,TRADED,,2025-09-30,2025-09-29,2025-09-26T15:15:00+05:30,24673.1,24739.79,BELOW_SMA,24650,PE,NIFTY_24650_PE_30_SEP_25.csv,2025-09-26T15:29:00+05:30,66.0,2025-09-29T09:16:00+05:30,33.4,-8996.00,50.00,-9046.00,
2025-09-29,TRADED,,2025-09-30,2025-09-30,2025-09-29T15:15:00+05:30,24677.55,24701.98,BELOW_SMA,24700,PE,NIFTY_24700_PE_30_SEP_25.csv,2025-09-29T15:29:00+05:30,56.05,2025-09-30T09:16:00+05:30,40.55,-4550.00,50.00,-4600.00,
2025-09-30,TRADED,,2025-10-07,2025-10-01,2025-09-30T15:15:00+05:30,24633.6,24642.45,BELOW_SMA,24650,PE,NIFTY_24650_PE_07_OCT_25.csv,2025-09-30T15:29:00+05:30,109.45,2025-10-01T09:16:00+05:30,123.95,3250.00,50.00,3200.00,
2025-10-01,TRADED,,2025-10-07,2025-10-03,2025-10-01T15:15:00+05:30,24853.4,24755.01,ABOVE_SMA,24850,CE,NIFTY_24850_CE_07_OCT_25.csv,2025-10-01T15:29:00+05:30,109.15,2025-10-03T09:16:00+05:30,77.0,-8879.00,50.00,-8929.00,
2025-10-03,TRADED,,2025-10-07,2025-10-06,2025-10-03T15:15:00+05:30,24895.0,24827.37,ABOVE_SMA,24900,CE,NIFTY_24900_CE_07_OCT_25.csv,2025-10-03T15:29:00+05:30,73.4,2025-10-06T09:16:00+05:30,72.75,-689.00,50.00,-739.00,
2025-10-06,TRADED,,2025-10-07,2025-10-07,2025-10-06T15:15:00+05:30,25072.55,25018.13,ABOVE_SMA,25050,CE,NIFTY_25050_CE_07_OCT_25.csv,2025-10-06T15:29:00+05:30,77.85,2025-10-07T09:16:00+05:30,88.5,2249.00,50.00,2199.00,
2025-10-07,TRADED,,2025-10-14,2025-10-08,2025-10-07T15:15:00+05:30,25112.8,25158.57,BELOW_SMA,25100,PE,NIFTY_25100_PE_14_OCT_25.csv,2025-10-07T15:29:00+05:30,78.0,2025-10-08T09:16:00+05:30,90.8,2808.00,50.00,2758.00,
2025-10-08,TRADED,,2025-10-14,2025-10-09,2025-10-08T15:15:00+05:30,25023.8,25085.89,BELOW_SMA,25000,PE,NIFTY_25000_PE_14_OCT_25.csv,2025-10-08T15:29:00+05:30,75.2,2025-10-09T09:16:00+05:30,60.35,-4381.00,50.00,-4431.00,
2025-10-09,TRADED,,2025-10-14,2025-10-10,2025-10-09T15:15:00+05:30,25170.3,25129.69,ABOVE_SMA,25150,CE,NIFTY_25150_CE_14_OCT_25.csv,2025-10-09T15:29:00+05:30,119.2,2025-10-10T09:16:00+05:30,126.8,1456.00,50.00,1406.00,
2025-10-10,TRADED,,2025-10-14,2025-10-13,2025-10-10T15:15:00+05:30,25278.2,25288.78,BELOW_SMA,25300,PE,NIFTY_25300_PE_14_OCT_25.csv,2025-10-10T15:29:00+05:30,52.4,2025-10-13T09:16:00+05:30,105.05,13169.00,50.00,13119.00,
2025-10-13,TRADED,,2025-10-14,2025-10-14,2025-10-13T15:15:00+05:30,25237.15,25206.24,ABOVE_SMA,25250,CE,NIFTY_25250_CE_14_OCT_25.csv,2025-10-13T15:29:00+05:30,57.65,2025-10-14T09:16:00+05:30,80.25,5356.00,50.00,5306.00,
2025-10-14,TRADED,,2025-10-20,2025-10-15,2025-10-14T15:15:00+05:30,25123.35,25155.02,BELOW_SMA,25100,PE,NIFTY_25100_PE_20_OCT_25.csv,2025-10-14T15:29:00+05:30,113.6,2025-10-15T09:16:00+05:30,51.2,-16744.00,50.00,-16794.00,
2025-10-15,TRADED,,2025-10-20,2025-10-16,2025-10-15T15:15:00+05:30,25327.75,25304.76,ABOVE_SMA,25350,CE,NIFTY_25350_CE_20_OCT_25.csv,2025-10-15T15:29:00+05:30,129.1,2025-10-16T09:16:00+05:30,174.55,11297.00,50.00,11247.00,
2025-10-16,TRADED,,2025-10-20,2025-10-17,2025-10-16T15:15:00+05:30,25566.3,25500.89,ABOVE_SMA,25550,CE,NIFTY_25550_CE_20_OCT_25.csv,2025-10-16T15:29:00+05:30,123.45,2025-10-17T09:16:00+05:30,95.45,-7800.00,50.00,-7850.00,
2025-10-17,TRADED,,2025-10-20,2025-10-20,2025-10-17T15:15:00+05:30,25704.7,25700.58,ABOVE_SMA,25700,CE,NIFTY_25700_CE_20_OCT_25.csv,2025-10-17T15:29:00+05:30,92.0,2025-10-20T09:16:00+05:30,238.9,37674.00,50.00,37624.00,
2025-10-20,SKIPPED,missing_entry_or_exit_timestamp,2025-10-28,2025-10-21,2025-10-20T15:15:00+05:30,25850.7,25854.64,BELOW_SMA,25850,PE,NIFTY_25850_PE_28_OCT_25.csv,2025-10-20T15:29:00+05:30,,2025-10-21T09:16:00+05:30,,0.00,0.00,0.00,"NIFTY_25850_PE_28_OCT_25.csv missing exit timestamp 2025-10-21T09:16:00+05:30; Next trading day is a special session that starts at 13:45, so the exact 09:16 exit candle is unavailable."
2025-10-21,SKIPPED,missing_spot_signal_timestamp,,,2025-10-21T15:15:00+05:30,,,,,,,,,,,0.00,0.00,0.00,Missing spot signal timestamp 2025-10-21T15:15:00+05:30
2025-10-23,TRADED,,2025-10-28,2025-10-24,2025-10-23T15:15:00+05:30,25870.3,26029.46,BELOW_SMA,25850,PE,NIFTY_25850_PE_28_OCT_25.csv,2025-10-23T15:29:00+05:30,72.75,2025-10-24T09:16:00+05:30,68.55,-1612.00,50.00,-1662.00,
2025-10-24,TRADED,,2025-10-28,2025-10-27,2025-10-24T15:15:00+05:30,25797.45,25814.09,BELOW_SMA,25800,PE,NIFTY_25800_PE_28_OCT_25.csv,2025-10-24T15:29:00+05:30,87.95,2025-10-27T09:16:00+05:30,37.05,-13754.00,50.00,-13804.00,
2025-10-27,TRADED,,2025-10-28,2025-10-28,2025-10-27T15:15:00+05:30,25974.0,25961.31,ABOVE_SMA,25950,CE,NIFTY_25950_CE_28_OCT_25.csv,2025-10-27T15:29:00+05:30,118.55,2025-10-28T09:16:00+05:30,118.45,-546.00,50.00,-596.00,
2025-10-28,TRADED,,2025-11-04,2025-10-29,2025-10-28T15:15:00+05:30,25965.4,25899.76,ABOVE_SMA,25950,CE,NIFTY_25950_CE_04_NOV_25.csv,2025-10-28T15:29:00+05:30,189.15,2025-10-29T09:16:00+05:30,234.0,11141.00,50.00,11091.00,
2025-10-29,TRADED,,2025-11-04,2025-10-30,2025-10-29T15:15:00+05:30,26068.3,26044.46,ABOVE_SMA,26050,CE,NIFTY_26050_CE_04_NOV_25.csv,2025-10-29T15:29:00+05:30,199.85,2025-10-30T09:16:00+05:30,128.65,-19032.00,50.00,-19082.00,
2025-10-30,TRADED,,2025-11-04,2025-10-31,2025-10-30T15:15:00+05:30,25891.2,25914.13,BELOW_SMA,25900,PE,NIFTY_25900_PE_04_NOV_25.csv,2025-10-30T15:29:00+05:30,101.2,2025-10-31T09:16:00+05:30,128.2,6500.00,50.00,6450.00,
2025-10-31,TRADED,,2025-11-04,2025-11-03,2025-10-31T15:15:00+05:30,25732.55,25804.40,BELOW_SMA,25750,PE,NIFTY_25750_PE_04_NOV_25.csv,2025-10-31T15:29:00+05:30,71.2,2025-11-03T09:16:00+05:30,101.25,7293.00,50.00,7243.00,
2025-11-03,TRADED,,2025-11-04,2025-11-04,2025-11-03T15:15:00+05:30,25774.3,25745.78,ABOVE_SMA,25750,CE,NIFTY_25750_CE_04_NOV_25.csv,2025-11-03T15:29:00+05:30,89.0,2025-11-04T09:16:00+05:30,80.95,-2613.00,50.00,-2663.00,
2025-11-04,TRADED,,2025-11-11,2025-11-06,2025-11-04T15:15:00+05:30,25586.25,25666.44,BELOW_SMA,25600,PE,NIFTY_25600_PE_11_NOV_25.csv,2025-11-04T15:29:00+05:30,129.5,2025-11-06T09:16:00+05:30,82.6,-12714.00,50.00,-12764.00,
2025-11-06,TRADED,,2025-11-11,2025-11-07,2025-11-06T15:15:00+05:30,25519.95,25558.89,BELOW_SMA,25500,PE,NIFTY_25500_PE_11_NOV_25.csv,2025-11-06T15:29:00+05:30,79.35,2025-11-07T09:16:00+05:30,157.8,19877.00,50.00,19827.00,
2025-11-07,TRADED,,2025-11-11,2025-11-10,2025-11-07T15:15:00+05:30,25510.05,25446.45,ABOVE_SMA,25500,CE,NIFTY_25500_CE_11_NOV_25.csv,2025-11-07T15:29:00+05:30,100.95,2025-11-10T09:16:00+05:30,141.8,10101.00,50.00,10051.00,
2025-11-10,TRADED,,2025-11-11,2025-11-11,2025-11-10T15:15:00+05:30,25574.25,25609.19,BELOW_SMA,25550,PE,NIFTY_25550_PE_11_NOV_25.csv,2025-11-10T15:29:00+05:30,33.1,2025-11-11T09:16:00+05:30,26.8,-2158.00,50.00,-2208.00,
2025-11-11,TRADED,,2025-11-18,2025-11-12,2025-11-11T15:15:00+05:30,25705.55,25571.13,ABOVE_SMA,25700,CE,NIFTY_25700_CE_18_NOV_25.csv,2025-11-11T15:29:00+05:30,200.35,2025-11-12T09:16:00+05:30,268.2,17121.00,50.00,17071.00,
2025-11-12,TRADED,,2025-11-18,2025-11-13,2025-11-12T15:15:00+05:30,25874.0,25883.36,BELOW_SMA,25850,PE,NIFTY_25850_PE_18_NOV_25.csv,2025-11-12T15:29:00+05:30,99.85,2025-11-13T09:16:00+05:30,114.45,3276.00,50.00,3226.00,
2025-11-13,TRADED,,2025-11-18,2025-11-14,2025-11-13T15:15:00+05:30,25884.1,25932.95,BELOW_SMA,25900,PE,NIFTY_25900_PE_18_NOV_25.csv,2025-11-13T15:29:00+05:30,133.65,2025-11-14T09:16:00+05:30,153.5,4641.00,50.00,4591.00,
2025-11-14,TRADED,,2025-11-18,2025-11-17,2025-11-14T15:15:00+05:30,25916.8,25811.88,ABOVE_SMA,25900,CE,NIFTY_25900_CE_18_NOV_25.csv,2025-11-14T15:29:00+05:30,118.0,2025-11-17T09:16:00+05:30,119.25,-195.00,50.00,-245.00,
2025-11-17,TRADED,,2025-11-18,2025-11-18,2025-11-17T15:15:00+05:30,26014.3,25972.90,ABOVE_SMA,26000,CE,NIFTY_26000_CE_18_NOV_25.csv,2025-11-17T15:29:00+05:30,75.95,2025-11-18T09:16:00+05:30,35.05,-11154.00,50.00,-11204.00,
2025-11-18,TRADED,,2025-11-25,2025-11-19,2025-11-18T15:15:00+05:30,25894.7,25941.05,BELOW_SMA,25900,PE,NIFTY_25900_PE_25_NOV_25.csv,2025-11-18T15:29:00+05:30,140.0,2025-11-19T09:16:00+05:30,142.45,117.00,50.00,67.00,
2025-11-19,TRADED,,2025-11-25,2025-11-20,2025-11-19T15:15:00+05:30,26052.7,25990.69,ABOVE_SMA,26050,CE,NIFTY_26050_CE_25_NOV_25.csv,2025-11-19T15:29:00+05:30,157.0,2025-11-20T09:16:00+05:30,179.1,5226.00,50.00,5176.00,
2025-11-20,TRADED,,2025-11-25,2025-11-21,2025-11-20T15:15:00+05:30,26197.4,26159.02,ABOVE_SMA,26200,CE,NIFTY_26200_CE_25_NOV_25.csv,2025-11-20T15:29:00+05:30,135.9,2025-11-21T09:16:00+05:30,84.0,-14014.00,50.00,-14064.00,
2025-11-21,TRADED,,2025-11-25,2025-11-24,2025-11-21T15:15:00+05:30,26063.95,26113.34,BELOW_SMA,26050,PE,NIFTY_26050_PE_25_NOV_25.csv,2025-11-21T15:29:00+05:30,91.4,2025-11-24T09:16:00+05:30,51.35,-10933.00,50.00,-10983.00,
2025-11-24,TRADED,,2025-11-25,2025-11-25,2025-11-24T15:15:00+05:30,25943.35,26073.67,BELOW_SMA,25950,PE,NIFTY_25950_PE_25_NOV_25.csv,2025-11-24T15:29:00+05:30,60.8,2025-11-25T09:16:00+05:30,63.1,78.00,50.00,28.00,
2025-11-25,TRADED,,2025-12-02,2025-11-26,2025-11-25T15:15:00+05:30,25860.3,25969.53,BELOW_SMA,25850,PE,NIFTY_25850_PE_02_DEC_25.csv,2025-11-25T15:29:00+05:30,109.0,2025-11-26T09:16:00+05:30,64.75,-12025.00,50.00,-12075.00,
2025-11-26,TRADED,,2025-12-02,2025-11-27,2025-11-26T15:15:00+05:30,26203.5,26138.44,ABOVE_SMA,26200,CE,NIFTY_26200_CE_02_DEC_25.csv,2025-11-26T15:29:00+05:30,149.95,2025-11-27T09:16:00+05:30,168.8,4381.00,50.00,4331.00,
2025-11-27,TRADED,,2025-12-02,2025-11-28,2025-11-27T15:15:00+05:30,26219.85,26234.63,BELOW_SMA,26200,PE,NIFTY_26200_PE_02_DEC_25.csv,2025-11-27T15:29:00+05:30,84.05,2025-11-28T09:16:00+05:30,89.4,871.00,50.00,821.00,
2025-11-28,TRADED,,2025-12-02,2025-12-01,2025-11-28T15:15:00+05:30,26204.55,26229.24,BELOW_SMA,26200,PE,NIFTY_26200_PE_02_DEC_25.csv,2025-11-28T15:29:00+05:30,65.95,2025-12-01T09:16:00+05:30,34.8,-8619.00,50.00,-8669.00,
2025-12-01,TRADED,,2025-12-02,2025-12-02,2025-12-01T15:15:00+05:30,26175.95,26214.11,BELOW_SMA,26200,PE,NIFTY_26200_PE_02_DEC_25.csv,2025-12-01T15:29:00+05:30,66.45,2025-12-02T09:16:00+05:30,100.0,8203.00,50.00,8153.00,
2025-12-02,TRADED,,2025-12-09,2025-12-03,2025-12-02T15:15:00+05:30,26057.0,26057.90,BELOW_SMA,26050,PE,NIFTY_26050_PE_09_DEC_25.csv,2025-12-02T15:29:00+05:30,104.4,2025-12-03T09:16:00+05:30,133.1,6942.00,50.00,6892.00,
2025-12-03,TRADED,,2025-12-09,2025-12-04,2025-12-03T15:15:00+05:30,25985.1,25939.03,ABOVE_SMA,26000,CE,NIFTY_26000_CE_09_DEC_25.csv,2025-12-03T15:29:00+05:30,137.85,2025-12-04T09:16:00+05:30,98.85,-10660.00,50.00,-10710.00,
2025-12-04,TRADED,,2025-12-09,2025-12-05,2025-12-04T15:15:00+05:30,26017.1,26027.15,BELOW_SMA,26000,PE,NIFTY_26000_PE_09_DEC_25.csv,2025-12-04T15:29:00+05:30,70.4,2025-12-05T09:16:00+05:30,76.9,1170.00,50.00,1120.00,
2025-12-05,TRADED,,2025-12-09,2025-12-08,2025-12-05T15:15:00+05:30,26176.65,26135.78,ABOVE_SMA,26200,CE,NIFTY_26200_CE_09_DEC_25.csv,2025-12-05T15:29:00+05:30,79.2,2025-12-08T09:16:00+05:30,60.4,-5408.00,50.00,-5458.00,
2025-12-08,TRADED,,2025-12-09,2025-12-09,2025-12-08T15:15:00+05:30,25932.8,26021.12,BELOW_SMA,25950,PE,NIFTY_25950_PE_09_DEC_25.csv,2025-12-08T15:29:00+05:30,64.8,2025-12-09T09:16:00+05:30,109.4,11076.00,50.00,11026.00,
2025-12-09,TRADED,,2025-12-16,2025-12-10,2025-12-09T15:15:00+05:30,25841.75,25843.60,BELOW_SMA,25850,PE,NIFTY_25850_PE_16_DEC_25.csv,2025-12-09T15:29:00+05:30,116.0,2025-12-10T09:16:00+05:30,123.55,1443.00,50.00,1393.00,
2025-12-10,TRADED,,2025-12-16,2025-12-11,2025-12-10T15:15:00+05:30,25742.65,25825.89,BELOW_SMA,25750,PE,NIFTY_25750_PE_16_DEC_25.csv,2025-12-10T15:29:00+05:30,110.0,2025-12-11T09:16:00+05:30,99.15,-3341.00,50.00,-3391.00,
2025-12-11,TRADED,,2025-12-16,2025-12-12,2025-12-11T15:15:00+05:30,25898.4,25845.40,ABOVE_SMA,25900,CE,NIFTY_25900_CE_16_DEC_25.csv,2025-12-11T15:29:00+05:30,112.35,2025-12-12T09:16:00+05:30,160.2,11921.00,50.00,11871.00,
2025-12-12,TRADED,,2025-12-16,2025-12-15,2025-12-12T15:15:00+05:30,26043.0,26014.22,ABOVE_SMA,26050,CE,NIFTY_26050_CE_16_DEC_25.csv,2025-12-12T15:29:00+05:30,83.75,2025-12-15T09:16:00+05:30,38.25,-12350.00,50.00,-12400.00,
2025-12-15,TRADED,,2025-12-16,2025-12-16,2025-12-15T15:15:00+05:30,26014.0,25998.45,ABOVE_SMA,26000,CE,NIFTY_26000_CE_16_DEC_25.csv,2025-12-15T15:29:00+05:30,71.25,2025-12-16T09:16:00+05:30,28.35,-11674.00,50.00,-11724.00,
2025-12-16,TRADED,,2025-12-23,2025-12-17,2025-12-16T15:15:00+05:30,25851.35,25891.62,BELOW_SMA,25850,PE,NIFTY_25850_PE_23_DEC_25.csv,2025-12-16T15:29:00+05:30,108.7,2025-12-17T09:16:00+05:30,103.95,-1755.00,50.00,-1805.00,
2025-12-17,TRADED,,2025-12-23,2025-12-18,2025-12-17T15:15:00+05:30,25821.8,25817.14,ABOVE_SMA,25800,CE,NIFTY_25800_CE_23_DEC_25.csv,2025-12-17T15:29:00+05:30,152.95,2025-12-18T09:16:00+05:30,108.9,-11973.00,50.00,-12023.00,
2025-12-18,TRADED,,2025-12-23,2025-12-19,2025-12-18T15:15:00+05:30,25815.65,25831.26,BELOW_SMA,25800,PE,NIFTY_25800_PE_23_DEC_25.csv,2025-12-18T15:29:00+05:30,86.75,2025-12-19T09:16:00+05:30,43.05,-11882.00,50.00,-11932.00,
2025-12-19,TRADED,,2025-12-23,2025-12-22,2025-12-19T15:15:00+05:30,25961.4,25953.74,ABOVE_SMA,25950,CE,NIFTY_25950_CE_23_DEC_25.csv,2025-12-19T15:29:00+05:30,94.65,2025-12-22T09:16:00+05:30,177.15,20930.00,50.00,20880.00,
2025-12-22,TRADED,,2025-12-23,2025-12-23,2025-12-22T15:15:00+05:30,26162.75,26140.60,ABOVE_SMA,26150,CE,NIFTY_26150_CE_23_DEC_25.csv,2025-12-22T15:29:00+05:30,57.0,2025-12-23T09:16:00+05:30,62.7,962.00,50.00,912.00,
2025-12-23,TRADED,,2025-12-30,2025-12-24,2025-12-23T15:15:00+05:30,26165.95,26179.99,BELOW_SMA,26150,PE,NIFTY_26150_PE_30_DEC_25.csv,2025-12-23T15:29:00+05:30,88.0,2025-12-24T09:16:00+05:30,94.3,1118.00,50.00,1068.00,
2025-12-24,TRADED,,2025-12-30,2025-12-26,2025-12-24T15:15:00+05:30,26141.65,26186.74,BELOW_SMA,26150,PE,NIFTY_26150_PE_30_DEC_25.csv,2025-12-24T15:29:00+05:30,76.3,2025-12-26T09:16:00+05:30,99.2,5434.00,50.00,5384.00,
2025-12-26,TRADED,,2025-12-30,2025-12-29,2025-12-26T15:15:00+05:30,26047.65,26061.44,BELOW_SMA,26050,PE,NIFTY_26050_PE_30_DEC_25.csv,2025-12-26T15:29:00+05:30,61.2,2025-12-29T09:16:00+05:30,48.7,-3770.00,50.00,-3820.00,
2025-12-29,TRADED,,2025-12-30,2025-12-30,2025-12-29T15:15:00+05:30,25949.8,25979.27,BELOW_SMA,25950,PE,NIFTY_25950_PE_30_DEC_25.csv,2025-12-29T15:29:00+05:30,45.65,2025-12-30T09:16:00+05:30,67.95,5278.00,50.00,5228.00,
2025-12-30,SKIPPED,no_next_weekly_expiry,,2025-12-31,2025-12-30T15:15:00+05:30,25970.55,25922.70,ABOVE_SMA,25950,CE,,,,,,0.00,0.00,0.00,No weekly expiry folder exists strictly after the trade date.
2025-12-31,SKIPPED,no_next_trading_day,,,2025-12-31T15:15:00+05:30,26141.85,26094.01,ABOVE_SMA,26150,CE,,,,,,0.00,0.00,0.00,No next trading day exists in the dataset.
