entry_date,status,skip_reason,trades,skipped_rows,long_trades,short_trades,stop_exits,day_close_exits,winning_trades,losing_trades,break_even_trades,total_points,total_rupees,average_points,max_profit_points,max_loss_points,max_consecutive_wins,max_consecutive_losses,max_drawdown_points,max_drawdown_rupees,remarks
2022-05-05,SKIPPED,insufficient_spot_history,0,1,0,0,0,0,0,0,0,0.00,0.00,0.00,,,0,0,0.00,0.00,No entry signal had 25 completed SMA bars between 09:30 and 15:00.
2022-05-06,TRADED,,2,0,0,2,1,1,0,2,0,-37.65,-2447.25,-18.83,-14.80,-22.85,0,2,37.65,2447.25,
2022-05-09,TRADED,,6,0,3,3,6,0,0,6,0,-324.78,-21110.70,-54.13,-5.45,-172.84,0,6,324.78,21110.70,
2022-05-10,TRADED,,8,0,6,2,8,0,0,8,0,-126.89,-8247.85,-15.86,-5.81,-32.97,0,8,126.89,8247.85,
2022-05-11,TRADED,,3,0,2,1,3,0,1,2,0,50.17,3261.05,16.72,142.76,-54.77,1,2,92.59,6018.35,
2022-05-12,TRADED,,1,0,0,1,0,1,1,0,0,90.50,5882.50,90.50,90.50,90.50,1,0,0.00,0.00,
2022-05-13,TRADED,,2,0,1,1,1,1,1,1,0,47.20,3068.00,23.60,109.30,-62.10,1,1,62.10,4036.50,
2022-05-16,TRADED,,4,0,2,2,4,0,1,3,0,-38.30,-2489.50,-9.57,64.88,-67.69,1,2,67.69,4399.85,
2022-05-17,TRADED,,1,0,1,0,0,1,1,0,0,281.40,18291.00,281.40,281.40,281.40,1,0,0.00,0.00,
2022-05-18,TRADED,,4,0,2,2,3,1,1,3,0,-143.71,-9341.15,-35.93,37.30,-98.50,1,3,181.01,11765.65,
2022-05-19,TRADED,,1,0,0,1,0,1,1,0,0,159.60,10374.00,159.60,159.60,159.60,1,0,0.00,0.00,
2022-05-20,TRADED,,1,0,1,0,0,1,1,0,0,167.30,10874.50,167.30,167.30,167.30,1,0,0.00,0.00,
2022-05-23,TRADED,,2,0,1,1,1,1,2,0,0,103.40,6721.00,51.70,58.40,45.00,2,0,0.00,0.00,
2022-05-24,TRADED,,3,0,1,2,2,1,1,2,0,25.32,1645.80,8.44,76.20,-47.26,1,2,50.88,3307.20,
2022-05-25,TRADED,,3,0,1,2,2,1,1,2,0,7.86,510.90,2.62,69.80,-31.46,1,2,61.94,4026.10,
2022-05-26,TRADED,,3,0,1,2,2,1,2,1,0,114.70,7455.50,38.23,78.00,-4.61,2,1,4.61,299.65,
2022-05-27,TRADED,,1,0,1,0,0,1,1,0,0,30.70,1995.50,30.70,30.70,30.70,1,0,0.00,0.00,
2022-05-30,TRADED,,1,0,1,0,0,1,1,0,0,67.90,4413.50,67.90,67.90,67.90,1,0,0.00,0.00,
2022-05-31,TRADED,,7,0,3,4,7,0,0,7,0,-195.25,-12691.25,-27.89,-2.55,-99.64,0,7,195.25,12691.25,
2022-06-01,TRADED,,3,0,0,3,2,1,1,2,0,-3.78,-245.70,-1.26,83.80,-77.79,1,2,87.58,5692.70,
2022-06-02,TRADED,,4,0,2,2,3,1,1,3,0,41.57,2702.05,10.39,85.00,-21.49,1,3,43.43,2822.95,
2022-06-03,TRADED,,3,0,1,2,2,1,1,2,0,-47.42,-3082.30,-15.81,67.70,-82.40,1,2,115.12,7482.80,
2022-06-06,TRADED,,3,0,1,2,2,1,0,3,0,-128.32,-8340.80,-42.77,-4.46,-106.36,0,3,128.32,8340.80,
2022-06-07,TRADED,,1,0,0,1,1,0,1,0,0,22.74,1478.10,22.74,22.74,22.74,1,0,0.00,0.00,
2022-06-08,TRADED,,3,0,1,2,2,1,1,2,0,-65.63,-4265.95,-21.88,17.10,-77.49,1,2,82.73,5377.45,
2022-06-09,TRADED,,5,0,3,2,4,1,1,4,0,-25.22,-1639.30,-5.04,103.10,-69.54,1,4,128.32,8340.80,
2022-06-10,TRADED,,1,0,0,1,0,1,1,0,0,53.30,3464.50,53.30,53.30,53.30,1,0,0.00,0.00,
2022-06-13,TRADED,,1,0,0,1,0,1,1,0,0,23.90,1553.50,23.90,23.90,23.90,1,0,0.00,0.00,
2022-06-14,TRADED,,6,0,2,4,5,1,1,5,0,-149.78,-9735.70,-24.96,35.00,-94.17,1,5,184.78,12010.70,
2022-06-15,TRADED,,4,0,3,1,4,0,0,4,0,-84.90,-5518.50,-21.22,-2.88,-38.57,0,4,84.90,5518.50,
2022-06-16,TRADED,,3,0,1,2,2,1,1,2,0,219.15,14244.75,73.05,336.80,-88.44,1,2,117.65,7647.25,
2022-06-17,TRADED,,4,0,2,2,4,0,0,4,0,-157.47,-10235.55,-39.37,-5.88,-116.42,0,4,157.47,10235.55,
2022-06-20,TRADED,,7,0,1,6,7,0,1,6,0,-85.80,-5577.00,-12.26,4.42,-20.14,1,3,85.80,5577.00,
2022-06-21,TRADED,,1,0,1,0,0,1,1,0,0,199.30,12954.50,199.30,199.30,199.30,1,0,0.00,0.00,
2022-06-22,TRADED,,1,0,0,1,0,1,1,0,0,63.00,4095.00,63.00,63.00,63.00,1,0,0.00,0.00,
2022-06-23,TRADED,,4,0,3,1,3,1,1,3,0,-51.22,-3329.30,-12.80,44.20,-63.79,1,3,95.42,6202.30,
2022-06-24,TRADED,,1,0,1,0,0,1,1,0,0,8.60,559.00,8.60,8.60,8.60,1,0,0.00,0.00,
2022-06-27,TRADED,,2,0,2,0,2,0,0,2,0,-54.92,-3569.80,-27.46,-2.39,-52.53,0,2,54.92,3569.80,
2022-06-28,TRADED,,5,0,2,3,4,1,1,4,0,-77.46,-5034.90,-15.49,25.80,-85.71,1,4,103.26,6711.90,
2022-06-29,TRADED,,4,0,2,2,4,0,1,3,0,-99.84,-6489.60,-24.96,6.58,-67.28,1,3,106.42,6917.30,
2022-06-30,TRADED,,7,0,5,2,7,0,0,7,0,-207.04,-13457.60,-29.58,-10.69,-42.89,0,7,207.04,13457.60,
2022-07-01,TRADED,,4,0,2,2,3,1,1,3,0,17.15,1114.75,4.29,43.60,-14.45,1,3,26.45,1719.25,
2022-07-04,TRADED,,2,0,2,0,1,1,1,1,0,63.43,4122.95,31.71,138.10,-74.67,1,1,74.67,4853.55,
2022-07-05,TRADED,,2,0,1,1,1,1,2,0,0,53.36,3468.40,26.68,43.00,10.36,2,0,0.00,0.00,
2022-07-06,TRADED,,3,0,1,2,2,1,1,2,0,43.76,2844.40,14.59,71.40,-24.05,1,2,27.64,1796.60,
2022-07-07,TRADED,,2,0,2,0,1,1,1,1,0,19.38,1259.70,9.69,30.10,-10.72,1,1,10.72,696.80,
2022-07-08,TRADED,,2,0,1,1,2,0,0,2,0,-19.00,-1235.00,-9.50,-4.65,-14.35,0,2,19.00,1235.00,
2022-07-11,TRADED,,3,0,1,2,2,1,1,2,0,0.95,61.75,0.32,29.00,-27.88,1,2,28.05,1823.25,
2022-07-12,TRADED,,2,0,0,2,1,1,2,0,0,23.30,1514.50,11.65,20.70,2.60,2,0,0.00,0.00,
2022-07-13,TRADED,,5,0,2,3,4,1,1,4,0,58.89,3827.85,11.78,94.00,-10.16,1,4,35.11,2282.15,
2022-07-14,TRADED,,5,0,1,4,4,1,1,4,0,-67.92,-4414.80,-13.58,12.64,-35.15,1,3,71.76,4664.40,
2022-07-15,TRADED,,5,0,4,1,4,1,1,4,0,17.32,1125.80,3.46,80.10,-33.98,1,4,62.78,4080.70,
2022-07-18,TRADED,,1,0,1,0,0,1,1,0,0,98.60,6409.00,98.60,98.60,98.60,1,0,0.00,0.00,
2022-07-19,TRADED,,4,0,4,0,3,1,2,2,0,9.02,586.30,2.26,15.50,-17.09,1,2,20.70,1345.50,
2022-07-20,TRADED,,1,0,1,0,1,0,0,1,0,-3.76,-244.40,-3.76,-3.76,-3.76,0,1,3.76,244.40,
2022-07-21,TRADED,,4,0,2,2,3,1,1,3,0,-35.68,-2319.20,-8.92,26.00,-29.44,1,3,61.68,4009.20,
2022-07-22,TRADED,,1,0,1,0,0,1,1,0,0,27.50,1787.50,27.50,27.50,27.50,1,0,0.00,0.00,
2022-07-25,TRADED,,2,0,1,1,1,1,1,1,0,-4.70,-305.50,-2.35,41.90,-46.60,1,1,46.60,3029.00,
2022-07-26,TRADED,,2,0,0,2,1,1,1,1,0,47.95,3116.75,23.97,58.30,-10.35,1,1,10.35,672.75,
2022-07-27,TRADED,,2,0,1,1,1,1,1,1,0,46.15,2999.75,23.07,113.60,-67.45,1,1,67.45,4384.25,
2022-07-28,TRADED,,1,0,1,0,0,1,1,0,0,155.20,10088.00,155.20,155.20,155.20,1,0,0.00,0.00,
2022-07-29,TRADED,,1,0,1,0,1,0,0,1,0,-27.00,-1755.00,-27.00,-27.00,-27.00,0,1,27.00,1755.00,
2022-08-01,TRADED,,1,0,1,0,0,1,1,0,0,112.10,7286.50,112.10,112.10,112.10,1,0,0.00,0.00,
2022-08-02,TRADED,,6,0,4,2,5,1,1,5,0,-69.21,-4498.65,-11.53,49.70,-60.38,1,5,118.91,7729.15,
2022-08-03,TRADED,,6,0,3,3,5,1,1,5,0,-38.18,-2481.70,-6.36,86.30,-64.57,1,5,124.48,8091.20,
2022-08-04,TRADED,,3,0,1,2,3,0,0,3,0,-253.10,-16451.50,-84.37,-19.36,-118.70,0,3,253.10,16451.50,
2022-08-05,TRADED,,3,0,2,1,2,1,1,2,0,-82.54,-5365.10,-27.51,1.27,-51.01,1,1,82.54,5365.10,
2022-08-08,TRADED,,3,0,3,0,2,1,1,2,0,66.16,4300.40,22.05,71.10,-4.52,1,2,4.94,321.10,
2022-08-10,TRADED,,8,0,4,4,7,1,1,7,0,-120.73,-7847.45,-15.09,5.30,-46.98,1,7,126.03,8191.95,
2022-08-11,TRADED,,2,0,2,0,2,0,0,2,0,-47.70,-3100.50,-23.85,-12.54,-35.16,0,2,47.70,3100.50,
2022-08-12,TRADED,,4,0,2,2,4,0,1,3,0,-70.91,-4609.15,-17.73,1.79,-55.75,1,2,70.91,4609.15,
2022-08-16,TRADED,,1,0,1,0,1,0,0,1,0,-11.05,-718.25,-11.05,-11.05,-11.05,0,1,11.05,718.25,
2022-08-17,TRADED,,1,0,1,0,0,1,1,0,0,66.00,4290.00,66.00,66.00,66.00,1,0,0.00,0.00,
2022-08-18,TRADED,,5,0,2,3,4,1,2,3,0,-32.09,-2085.85,-6.42,41.90,-50.12,1,2,73.99,4809.35,
2022-08-19,TRADED,,2,0,1,1,1,1,1,1,0,70.18,4561.70,35.09,114.40,-44.22,1,1,44.22,2874.30,
2022-08-22,TRADED,,1,0,0,1,0,1,1,0,0,127.50,8287.50,127.50,127.50,127.50,1,0,0.00,0.00,
2022-08-23,TRADED,,3,0,1,2,2,1,2,1,0,-27.26,-1771.90,-9.09,23.90,-65.24,2,1,65.24,4240.60,
2022-08-24,TRADED,,7,0,5,2,6,1,2,5,0,-60.84,-3954.60,-8.69,33.70,-50.75,1,4,94.54,6145.10,
2022-08-25,TRADED,,2,0,1,1,1,1,1,1,0,125.70,8170.50,62.85,146.90,-21.20,1,1,21.20,1378.00,
2022-08-26,TRADED,,4,0,0,4,3,1,2,2,0,38.37,2494.05,9.59,35.00,-21.37,1,1,21.37,1389.05,
2022-08-29,TRADED,,1,0,0,1,0,1,0,1,0,-51.10,-3321.50,-51.10,-51.10,-51.10,0,1,51.10,3321.50,
2022-08-30,TRADED,,1,0,1,0,0,1,1,0,0,307.90,20013.50,307.90,307.90,307.90,1,0,0.00,0.00,
2022-09-01,TRADED,,5,0,2,3,4,1,1,4,0,-74.46,-4839.90,-14.89,33.90,-50.12,1,4,108.36,7043.40,
2022-09-02,TRADED,,2,0,1,1,2,0,2,0,0,22.09,1435.85,11.04,20.58,1.51,2,0,0.00,0.00,
2022-09-05,TRADED,,1,0,1,0,0,1,1,0,0,77.20,5018.00,77.20,77.20,77.20,1,0,0.00,0.00,
2022-09-06,TRADED,,5,0,2,3,5,0,0,5,0,-154.64,-10051.60,-30.93,-1.32,-65.64,0,5,154.64,10051.60,
2022-09-07,TRADED,,4,0,2,2,3,1,1,3,0,-106.75,-6938.75,-26.69,1.20,-60.90,1,3,107.95,7016.75,
2022-09-08,TRADED,,2,0,2,0,1,1,1,1,0,-18.29,-1188.85,-9.15,54.50,-72.79,1,1,72.79,4731.35,
2022-09-09,TRADED,,5,0,3,2,5,0,0,5,0,-136.84,-8894.60,-27.37,-1.93,-75.51,0,5,136.84,8894.60,
2022-09-12,TRADED,,1,0,1,0,1,0,1,0,0,26.58,1727.70,26.58,26.58,26.58,1,0,0.00,0.00,
2022-09-13,TRADED,,1,0,1,0,0,1,1,0,0,32.00,2080.00,32.00,32.00,32.00,1,0,0.00,0.00,
2022-09-14,TRADED,,2,0,1,1,2,0,0,2,0,-113.14,-7354.10,-56.57,-17.46,-95.68,0,2,113.14,7354.10,
2022-09-15,TRADED,,3,0,1,2,2,1,2,1,0,-11.29,-733.85,-3.76,35.00,-70.70,2,1,70.70,4595.50,
2022-09-16,TRADED,,1,0,0,1,0,1,1,0,0,240.80,15652.00,240.80,240.80,240.80,1,0,0.00,0.00,
2022-09-19,TRADED,,6,0,5,1,6,0,0,6,0,-252.46,-16409.90,-42.08,-6.75,-156.84,0,6,252.46,16409.90,
2022-09-20,TRADED,,1,0,1,0,1,0,1,0,0,30.16,1960.40,30.16,30.16,30.16,1,0,0.00,0.00,
2022-09-21,TRADED,,2,0,0,2,1,1,2,0,0,101.03,6566.95,50.52,54.03,47.00,2,0,0.00,0.00,
2022-09-22,TRADED,,2,0,1,1,2,0,1,1,0,-37.25,-2421.25,-18.62,5.88,-43.13,1,1,43.13,2803.45,
2022-09-23,TRADED,,1,0,0,1,0,1,1,0,0,219.40,14261.00,219.40,219.40,219.40,1,0,0.00,0.00,
2022-09-26,TRADED,,2,0,0,2,1,1,2,0,0,98.67,6413.55,49.34,64.70,33.97,2,0,0.00,0.00,
2022-09-27,TRADED,,6,0,3,3,5,1,1,5,0,-196.63,-12780.95,-32.77,29.50,-77.49,1,5,226.13,14698.45,
2022-09-28,TRADED,,5,0,1,4,4,1,1,4,0,-102.96,-6692.40,-20.59,55.20,-120.10,1,4,158.16,10280.40,
2022-09-29,TRADED,,3,0,1,2,2,1,1,2,0,67.29,4373.85,22.43,99.00,-17.62,1,2,31.71,2061.15,
2022-09-30,TRADED,,2,0,1,1,1,1,1,1,0,38.70,2515.50,19.35,120.90,-82.20,1,1,82.20,5343.00,
2022-10-03,TRADED,,3,0,1,2,2,1,1,2,0,54.52,3543.80,18.17,143.30,-69.12,1,2,88.78,5770.70,
2022-10-04,TRADED,,1,0,1,0,0,1,1,0,0,58.10,3776.50,58.10,58.10,58.10,1,0,0.00,0.00,
2022-10-06,TRADED,,2,0,1,1,1,1,1,1,0,-14.14,-919.10,-7.07,22.60,-36.74,1,1,36.74,2388.10,
2022-10-07,TRADED,,3,0,2,1,2,1,1,2,0,-21.18,-1376.70,-7.06,2.30,-21.59,1,2,23.48,1526.20,
2022-10-10,TRADED,,5,0,3,2,4,1,1,4,0,-97.14,-6314.10,-19.43,55.90,-87.90,1,4,153.04,9947.60,
2022-10-11,TRADED,,3,0,1,2,2,1,1,2,0,112.56,7316.40,37.52,170.40,-46.10,1,2,57.84,3759.60,
2022-10-12,TRADED,,4,0,2,2,3,1,1,3,0,8.64,561.60,2.16,74.70,-42.54,1,3,66.06,4293.90,
2022-10-13,TRADED,,4,0,2,2,4,0,0,4,0,-98.34,-6392.10,-24.59,-10.78,-39.59,0,4,98.34,6392.10,
2022-10-14,TRADED,,2,0,1,1,1,1,1,1,0,-2.70,-175.50,-1.35,45.80,-48.50,1,1,48.50,3152.50,
2022-10-17,TRADED,,5,0,2,3,4,1,1,4,0,-124.18,-8071.70,-24.84,10.30,-127.84,1,4,134.48,8741.20,
2022-10-18,TRADED,,2,0,1,1,2,0,0,2,0,-20.68,-1344.20,-10.34,-2.18,-18.50,0,2,20.68,1344.20,
2022-10-19,TRADED,,6,0,4,2,5,1,0,6,0,-91.77,-5965.05,-15.29,-0.77,-33.76,0,6,91.77,5965.05,
2022-10-20,TRADED,,5,0,3,2,4,1,1,4,0,-24.83,-1613.95,-4.97,63.90,-56.38,1,4,88.73,5767.45,
2022-10-21,TRADED,,2,0,1,1,1,1,1,1,0,-9.09,-590.85,-4.54,31.30,-40.39,1,1,40.39,2625.35,
2022-10-24,SKIPPED,missing_required_session_timestamp,0,1,0,0,0,0,0,0,0,0.00,0.00,0.00,,,0,0,0.00,0.00,"Missing required NIFTY timestamps: 24 missing timestamps from 2022-10-24T09:15:00+05:30 through 2022-10-24T15:00:00+05:30; first 5: 2022-10-24T09:15:00+05:30, 2022-10-24T09:30:00+05:30, 2022-10-24T09:45:00+05:30, 2022-10-24T10:00:00+05:30, 2022-10-24T10:15:00+05:30; last 5: 2022-10-24T14:00:00+05:30, 2022-10-24T14:15:00+05:30, 2022-10-24T14:30:00+05:30, 2022-10-24T14:45:00+05:30, 2022-10-24T15:00:00+05:30"
2022-10-25,TRADED,,5,0,4,1,5,0,1,4,0,-83.98,-5458.70,-16.80,0.01,-71.72,1,3,83.98,5458.70,
2022-10-27,TRADED,,4,0,2,2,4,0,0,4,0,-115.04,-7477.60,-28.76,-3.80,-61.18,0,4,115.04,7477.60,
2022-10-28,TRADED,,5,0,2,3,5,0,0,5,0,-95.78,-6225.70,-19.16,-1.34,-46.03,0,5,95.78,6225.70,
2022-10-31,TRADED,,1,0,1,0,0,1,1,0,0,66.00,4290.00,66.00,66.00,66.00,1,0,0.00,0.00,
2022-11-01,TRADED,,4,0,2,2,4,0,0,4,0,-70.50,-4582.50,-17.62,-7.48,-43.84,0,4,70.50,4582.50,
2022-11-02,TRADED,,5,0,1,4,4,1,1,4,0,-7.16,-465.40,-1.43,18.60,-10.74,1,4,25.76,1674.40,
2022-11-03,TRADED,,4,0,2,2,4,0,0,4,0,-62.41,-4056.65,-15.60,-3.70,-44.51,0,4,62.41,4056.65,
2022-11-04,TRADED,,5,0,3,2,4,1,1,4,0,16.61,1079.65,3.32,58.80,-32.89,1,4,42.19,2742.35,
2022-11-07,TRADED,,3,0,2,1,2,1,1,2,0,-52.40,-3406.00,-17.47,46.30,-86.42,1,2,98.70,6415.50,
2022-11-09,TRADED,,4,0,3,1,3,1,2,2,0,-38.65,-2512.25,-9.66,21.80,-64.75,1,1,64.75,4208.75,
2022-11-10,TRADED,,1,0,0,1,1,0,1,0,0,34.66,2252.90,34.66,34.66,34.66,1,0,0.00,0.00,
2022-11-11,TRADED,,1,0,1,0,0,1,1,0,0,52.50,3412.50,52.50,52.50,52.50,1,0,0.00,0.00,
2022-11-14,TRADED,,8,0,4,4,8,0,0,8,0,-129.52,-8418.80,-16.19,-0.79,-51.18,0,8,129.52,8418.80,
2022-11-15,TRADED,,5,0,4,1,4,1,2,3,0,45.26,2941.90,9.05,65.70,-17.41,1,3,28.21,1833.65,
2022-11-16,TRADED,,2,0,1,1,2,0,1,1,0,7.55,490.75,3.78,29.69,-22.14,1,1,22.14,1439.10,
2022-11-17,TRADED,,5,0,3,2,5,0,0,5,0,-51.97,-3378.05,-10.39,-2.66,-18.65,0,5,51.97,3378.05,
2022-11-18,TRADED,,1,0,0,1,1,0,1,0,0,56.84,3694.60,56.84,56.84,56.84,1,0,0.00,0.00,
2022-11-21,TRADED,,1,0,0,1,0,1,1,0,0,2.80,182.00,2.80,2.80,2.80,1,0,0.00,0.00,
2022-11-22,TRADED,,3,0,2,1,2,1,2,1,0,29.70,1930.50,9.90,28.50,-7.16,2,1,7.16,465.40,
2022-11-23,TRADED,,1,0,1,0,1,0,0,1,0,-22.22,-1444.30,-22.22,-22.22,-22.22,0,1,22.22,1444.30,
2022-11-24,TRADED,,1,0,1,0,0,1,1,0,0,178.70,11615.50,178.70,178.70,178.70,1,0,0.00,0.00,
2022-11-25,TRADED,,2,0,2,0,1,1,1,1,0,11.86,770.90,5.93,22.20,-10.34,1,1,10.34,672.10,
2022-11-28,TRADED,,1,0,1,0,1,0,1,0,0,49.76,3234.40,49.76,49.76,49.76,1,0,0.00,0.00,
2022-11-29,TRADED,,2,0,1,1,1,1,2,0,0,34.28,2228.20,17.14,19.60,14.68,2,0,0.00,0.00,
2022-11-30,TRADED,,6,0,4,2,5,1,1,5,0,48.75,3168.75,8.12,95.50,-17.00,1,5,46.75,3038.75,
2022-12-01,TRADED,,4,0,3,1,4,0,0,4,0,-93.85,-6100.25,-23.46,-3.03,-61.06,0,4,93.85,6100.25,
2022-12-02,TRADED,,1,0,0,1,1,0,1,0,0,32.92,2139.80,32.92,32.92,32.92,1,0,0.00,0.00,
2022-12-05,TRADED,,5,0,3,2,4,1,1,4,0,-52.11,-3387.15,-10.42,42.60,-48.57,1,4,94.71,6156.15,
2022-12-06,TRADED,,2,0,0,2,2,0,0,2,0,-35.27,-2292.55,-17.63,-12.46,-22.81,0,2,35.27,2292.55,
2022-12-07,TRADED,,4,0,2,2,4,0,0,4,0,-74.54,-4845.10,-18.64,-3.52,-27.79,0,4,74.54,4845.10,
2022-12-08,TRADED,,9,0,4,5,9,0,0,9,0,-98.94,-6431.10,-10.99,-0.88,-22.96,0,9,98.94,6431.10,
2022-12-09,TRADED,,2,0,1,1,1,1,1,1,0,24.44,1588.60,12.22,59.20,-34.76,1,1,34.76,2259.40,
2022-12-12,TRADED,,7,0,5,2,7,0,0,7,0,-227.30,-14774.50,-32.47,-3.10,-145.11,0,7,227.30,14774.50,
2022-12-13,TRADED,,1,0,1,0,0,1,1,0,0,71.90,4673.50,71.90,71.90,71.90,1,0,0.00,0.00,
2022-12-14,TRADED,,3,0,1,2,3,0,0,3,0,-60.84,-3954.60,-20.28,-16.20,-23.87,0,3,60.84,3954.60,
2022-12-15,TRADED,,1,0,0,1,0,1,1,0,0,203.80,13247.00,203.80,203.80,203.80,1,0,0.00,0.00,
2022-12-16,TRADED,,3,0,0,3,2,1,1,2,0,84.61,5499.65,28.20,101.50,-13.35,1,2,16.89,1097.85,
2022-12-19,TRADED,,4,0,3,1,3,1,1,3,0,-11.56,-751.40,-2.89,68.30,-41.32,1,3,79.86,5190.90,
2022-12-20,TRADED,,2,0,1,1,1,1,2,0,0,83.44,5423.60,41.72,71.00,12.44,2,0,0.00,0.00,
2022-12-21,TRADED,,2,0,1,1,1,1,1,1,0,-10.88,-707.20,-5.44,108.00,-118.88,1,1,118.88,7727.20,
2022-12-22,TRADED,,3,0,1,2,3,0,1,2,0,-1.92,-124.80,-0.64,44.18,-31.19,1,2,46.10,2996.50,
2022-12-23,TRADED,,1,0,0,1,0,1,1,0,0,167.20,10868.00,167.20,167.20,167.20,1,0,0.00,0.00,
2022-12-26,TRADED,,2,0,2,0,1,1,1,1,0,55.06,3578.90,27.53,61.00,-5.94,1,1,5.94,386.10,
2022-12-27,TRADED,,4,0,4,0,3,1,1,3,0,-14.10,-916.50,-3.53,77.10,-74.54,1,3,91.20,5928.00,
2022-12-28,TRADED,,2,0,2,0,2,0,1,1,0,27.88,1812.20,13.94,30.35,-2.47,1,1,2.47,160.55,
2022-12-29,TRADED,,2,0,1,1,1,1,1,1,0,97.44,6333.60,48.72,103.40,-5.96,1,1,5.96,387.40,
2022-12-30,TRADED,,2,0,1,1,1,1,1,1,0,45.49,2956.85,22.74,101.10,-55.61,1,1,55.61,3614.65,
2023-01-02,TRADED,,9,0,3,6,9,0,0,9,0,-140.47,-9130.55,-15.61,-0.72,-84.11,0,9,140.47,9130.55,
2023-01-03,TRADED,,4,0,2,2,3,1,1,3,0,-4.62,-300.30,-1.16,37.30,-16.20,1,3,41.92,2724.80,
2023-01-04,TRADED,,2,0,1,1,1,1,1,1,0,56.81,3692.65,28.41,75.50,-18.69,1,1,18.69,1214.85,
2023-01-05,TRADED,,3,0,0,3,3,0,1,2,0,-0.12,-7.80,-0.04,61.32,-43.78,1,2,61.44,3993.60,
2023-01-06,TRADED,,2,0,1,1,1,1,1,1,0,95.17,6186.05,47.58,101.10,-5.93,1,1,5.93,385.45,
2023-01-09,TRADED,,2,0,2,0,2,0,1,1,0,24.25,1576.25,12.12,27.43,-3.18,1,1,3.18,206.70,
2023-01-10,TRADED,,1,0,0,1,0,1,1,0,0,106.50,6922.50,106.50,106.50,106.50,1,0,0.00,0.00,
2023-01-11,TRADED,,10,0,4,6,10,0,0,10,0,-256.94,-16701.10,-25.69,-0.41,-83.99,0,10,256.94,16701.10,
2023-01-12,TRADED,,3,0,0,3,3,0,1,2,0,21.59,1403.35,7.20,40.75,-14.65,1,1,14.65,952.25,
2023-01-13,TRADED,,5,0,3,2,4,1,1,4,0,48.04,3122.60,9.61,126.20,-32.36,1,4,78.16,5080.40,
2023-01-16,TRADED,,2,0,1,1,1,1,1,1,0,-12.01,-780.65,-6.01,44.80,-56.81,1,1,56.81,3692.65,
2023-01-17,TRADED,,3,0,2,1,2,1,2,1,0,70.92,4609.80,23.64,80.30,-13.68,1,1,13.68,889.20,
2023-01-18,TRADED,,1,0,1,0,0,1,1,0,0,87.30,5674.50,87.30,87.30,87.30,1,0,0.00,0.00,
2023-01-19,TRADED,,5,0,0,5,5,0,1,4,0,-113.81,-7397.65,-22.76,1.29,-61.50,1,3,113.81,7397.65,
2023-01-20,TRADED,,6,0,2,4,5,1,1,5,0,-33.25,-2161.25,-5.54,46.10,-24.70,1,5,79.35,5157.75,
2023-01-23,TRADED,,3,0,2,1,3,0,1,2,0,-11.60,-754.00,-3.87,0.64,-8.26,1,2,12.24,795.60,
2023-01-24,TRADED,,6,0,2,4,6,0,0,6,0,-115.90,-7533.50,-19.32,-1.98,-47.50,0,6,115.90,7533.50,
2023-01-25,TRADED,,1,0,0,1,0,1,1,0,0,147.20,9568.00,147.20,147.20,147.20,1,0,0.00,0.00,
2023-01-27,TRADED,,1,0,0,1,0,1,1,0,0,126.70,8235.50,126.70,126.70,126.70,1,0,0.00,0.00,
2023-01-30,TRADED,,6,0,3,3,6,0,1,5,0,-95.84,-6229.60,-15.97,20.15,-54.04,1,3,95.84,6229.60,
2023-01-31,TRADED,,4,0,4,0,3,1,1,3,0,-18.19,-1182.35,-4.55,51.00,-54.03,1,3,69.19,4497.35,
2023-02-01,TRADED,,2,0,1,1,1,1,1,1,0,14.19,922.35,7.10,31.30,-17.11,1,1,17.11,1112.15,
2023-02-02,TRADED,,2,0,1,1,2,0,0,2,0,-28.24,-1835.60,-14.12,-3.59,-24.65,0,2,28.24,1835.60,
2023-02-03,TRADED,,3,0,3,0,2,1,1,2,0,97.87,6361.55,32.62,221.00,-89.67,1,2,123.13,8003.45,
2023-02-06,TRADED,,8,0,3,5,7,1,1,7,0,-102.36,-6653.40,-12.79,4.60,-32.70,1,7,106.96,6952.40,
2023-02-07,TRADED,,7,0,5,2,7,0,0,7,0,-126.40,-8216.00,-18.06,-1.67,-42.22,0,7,126.40,8216.00,
2023-02-08,TRADED,,1,0,1,0,0,1,1,0,0,61.80,4017.00,61.80,61.80,61.80,1,0,0.00,0.00,
2023-02-09,TRADED,,5,0,3,2,4,1,2,3,0,-49.07,-3189.55,-9.81,0.82,-39.41,2,3,50.29,3268.85,
2023-02-10,TRADED,,6,0,2,4,6,0,1,5,0,-43.40,-2821.00,-7.23,1.87,-12.25,1,5,45.27,2942.55,
2023-02-13,TRADED,,2,0,1,1,2,0,1,1,0,31.11,2022.15,15.55,51.75,-20.64,1,1,20.64,1341.60,
2023-02-14,TRADED,,1,0,1,0,0,1,1,0,0,106.10,6896.50,106.10,106.10,106.10,1,0,0.00,0.00,
2023-02-15,TRADED,,6,0,4,2,5,1,1,5,0,35.40,2301.00,5.90,89.80,-20.18,1,5,54.40,3536.00,
2023-02-16,TRADED,,2,0,1,1,1,1,1,1,0,-39.34,-2557.10,-19.67,12.10,-51.44,1,1,51.44,3343.60,
2023-02-17,TRADED,,1,0,0,1,0,1,1,0,0,42.90,2788.50,42.90,42.90,42.90,1,0,0.00,0.00,
2023-02-20,TRADED,,5,0,2,3,4,1,1,4,0,-8.71,-566.15,-1.74,72.70,-42.53,1,4,81.41,5291.65,
2023-02-21,TRADED,,6,0,3,3,5,1,1,5,0,-84.60,-5499.00,-14.10,21.70,-36.67,1,5,106.30,6909.50,
2023-02-22,TRADED,,1,0,0,1,0,1,1,0,0,190.10,12356.50,190.10,190.10,190.10,1,0,0.00,0.00,
2023-02-23,TRADED,,9,0,3,6,9,0,0,9,0,-183.52,-11928.80,-20.39,-3.47,-98.26,0,9,183.52,11928.80,
2023-02-24,TRADED,,3,0,1,2,2,1,1,2,0,42.72,2776.80,14.24,63.20,-16.22,1,2,20.48,1331.20,
2023-02-27,TRADED,,2,0,0,2,2,0,1,1,0,51.88,3372.20,25.94,64.96,-13.08,1,1,13.08,850.20,
2023-02-28,TRADED,,5,0,3,2,4,1,1,4,0,-47.91,-3114.15,-9.58,40.80,-43.76,1,4,88.71,5766.15,
2023-03-01,TRADED,,1,0,1,0,0,1,1,0,0,77.30,5024.50,77.30,77.30,77.30,1,0,0.00,0.00,
2023-03-02,TRADED,,1,0,0,1,0,1,1,0,0,47.70,3100.50,47.70,47.70,47.70,1,0,0.00,0.00,
2023-03-03,TRADED,,1,0,1,0,0,1,1,0,0,125.10,8131.50,125.10,125.10,125.10,1,0,0.00,0.00,
2023-03-06,TRADED,,3,0,1,2,2,1,1,2,0,-23.75,-1543.75,-7.92,12.80,-26.57,1,2,36.55,2375.75,
2023-03-08,TRADED,,2,0,1,1,1,1,1,1,0,-6.40,-416.00,-3.20,47.90,-54.30,1,1,54.30,3529.50,
2023-03-09,TRADED,,6,0,3,3,5,1,1,5,0,-5.46,-354.90,-0.91,94.30,-40.94,1,5,99.76,6484.40,
2023-03-10,TRADED,,1,0,0,1,1,0,0,1,0,-16.58,-1077.70,-16.58,-16.58,-16.58,0,1,16.58,1077.70,
2023-03-13,TRADED,,2,0,1,1,1,1,1,1,0,163.36,10618.40,81.68,248.70,-85.34,1,1,85.34,5547.10,
2023-03-14,TRADED,,2,0,0,2,1,1,1,1,0,26.07,1694.55,13.04,28.67,-2.60,1,1,2.60,169.00,
2023-03-15,TRADED,,3,0,2,1,2,1,1,2,0,-16.91,-1099.15,-5.64,84.80,-93.75,1,2,101.71,6611.15,
2023-03-16,TRADED,,5,0,2,3,5,0,0,5,0,-206.09,-13395.85,-41.22,-2.63,-111.42,0,5,206.09,13395.85,
2023-03-17,TRADED,,5,0,4,1,4,1,1,4,0,-165.40,-10751.00,-33.08,46.40,-98.21,1,4,211.80,13767.00,
2023-03-20,TRADED,,2,0,1,1,1,1,2,0,0,70.78,4600.70,35.39,44.20,26.58,2,0,0.00,0.00,
2023-03-21,TRADED,,1,0,1,0,0,1,1,0,0,27.70,1800.50,27.70,27.70,27.70,1,0,0.00,0.00,
2023-03-22,TRADED,,4,0,3,1,4,0,0,4,0,-77.81,-5057.65,-19.45,-5.29,-43.96,0,4,77.81,5057.65,
2023-03-23,TRADED,,5,0,3,2,4,1,1,4,0,-82.80,-5382.00,-16.56,35.80,-73.13,1,4,118.60,7709.00,
2023-03-24,TRADED,,4,0,0,4,3,1,1,3,0,-18.70,-1215.50,-4.67,85.50,-75.72,1,3,104.20,6773.00,
2023-03-27,TRADED,,7,0,4,3,7,0,0,7,0,-168.90,-10978.50,-24.13,-0.90,-54.34,0,7,168.90,10978.50,
2023-03-28,TRADED,,2,0,0,2,2,0,1,1,0,-1.58,-102.70,-0.79,14.59,-16.17,1,1,16.17,1051.05,
2023-03-29,TRADED,,6,0,4,2,5,1,2,4,0,26.61,1729.65,4.44,79.40,-27.62,2,4,64.33,4181.45,
2023-03-31,TRADED,,1,0,1,0,0,1,1,0,0,93.30,6064.50,93.30,93.30,93.30,1,0,0.00,0.00,
2023-04-03,TRADED,,8,0,4,4,7,1,1,7,0,-31.31,-2035.15,-3.91,30.10,-17.64,1,7,61.41,3991.65,
2023-04-05,TRADED,,1,0,1,0,0,1,1,0,0,86.70,5635.50,86.70,86.70,86.70,1,0,0.00,0.00,
2023-04-06,TRADED,,5,0,3,2,4,1,0,5,0,-53.89,-3502.85,-10.78,-2.81,-14.40,0,5,53.89,3502.85,
2023-04-10,TRADED,,4,0,3,1,3,1,0,4,0,-62.11,-4037.15,-15.53,-3.98,-28.24,0,4,62.11,4037.15,
2023-04-11,TRADED,,4,0,3,1,3,1,1,3,0,5.51,358.15,1.38,45.00,-21.84,1,3,39.49,2566.85,
2023-04-12,TRADED,,1,0,1,0,1,0,1,0,0,3.82,248.30,3.82,3.82,3.82,1,0,0.00,0.00,
2023-04-13,TRADED,,4,0,3,1,3,1,1,3,0,-6.16,-400.40,-1.54,56.00,-32.30,1,3,62.16,4040.40,
2023-04-17,TRADED,,2,0,1,1,2,0,0,2,0,-62.01,-4030.65,-31.01,-9.06,-52.95,0,2,62.01,4030.65,
2023-04-18,TRADED,,7,0,3,4,6,1,1,6,0,-92.02,-5981.30,-13.15,8.20,-68.44,1,6,100.22,6514.30,
2023-04-19,TRADED,,4,0,2,2,3,1,1,3,0,-21.50,-1397.50,-5.38,5.10,-18.62,1,3,26.60,1729.00,
2023-04-20,TRADED,,5,0,3,2,5,0,0,5,0,-66.89,-4347.85,-13.38,-1.43,-38.63,0,5,66.89,4347.85,
2023-04-21,TRADED,,6,0,3,3,5,1,1,5,0,-59.30,-3854.50,-9.88,16.70,-45.21,1,5,76.00,4940.00,
2023-04-24,TRADED,,2,0,2,0,1,1,1,1,0,67.10,4361.50,33.55,110.50,-43.40,1,1,43.40,2821.00,
2023-04-25,TRADED,,2,0,2,0,2,0,1,1,0,2.32,150.80,1.16,25.17,-22.85,1,1,22.85,1485.25,
2023-04-26,TRADED,,5,0,3,2,4,1,1,4,0,-19.13,-1243.45,-3.83,31.00,-32.97,1,4,50.13,3258.45,
2023-04-27,TRADED,,1,0,1,0,0,1,1,0,0,90.60,5889.00,90.60,90.60,90.60,1,0,0.00,0.00,
2023-04-28,TRADED,,1,0,1,0,0,1,1,0,0,167.30,10874.50,167.30,167.30,167.30,1,0,0.00,0.00,
2023-05-02,TRADED,,1,0,1,0,1,0,0,1,0,-16.75,-1088.75,-16.75,-16.75,-16.75,0,1,16.75,1088.75,
2023-05-03,TRADED,,2,0,0,2,2,0,0,2,0,-31.12,-2022.80,-15.56,-8.68,-22.44,0,2,31.12,2022.80,
2023-05-04,TRADED,,1,0,1,0,0,1,1,0,0,145.80,9477.00,145.80,145.80,145.80,1,0,0.00,0.00,
2023-05-05,TRADED,,3,0,1,2,2,1,2,1,0,60.70,3945.50,20.23,61.00,-2.11,2,1,2.11,137.15,
2023-05-08,TRADED,,1,0,1,0,0,1,1,0,0,87.70,5700.50,87.70,87.70,87.70,1,0,0.00,0.00,
2023-05-09,TRADED,,3,0,1,2,2,1,2,1,0,6.02,391.30,2.01,14.90,-11.71,1,1,11.71,761.15,
2023-05-10,TRADED,,6,0,5,1,5,1,1,5,0,-41.55,-2700.75,-6.93,30.80,-49.70,1,5,72.35,4702.75,
2023-05-11,TRADED,,5,0,4,1,5,0,0,5,0,-36.12,-2347.80,-7.22,-0.20,-18.45,0,5,36.12,2347.80,
2023-05-12,TRADED,,2,0,1,1,1,1,1,1,0,-36.45,-2369.25,-18.23,18.00,-54.45,1,1,54.45,3539.25,
2023-05-15,TRADED,,1,0,1,0,1,0,1,0,0,55.44,3603.60,55.44,55.44,55.44,1,0,0.00,0.00,
2023-05-16,TRADED,,1,0,0,1,0,1,1,0,0,108.00,7020.00,108.00,108.00,108.00,1,0,0.00,0.00,
2023-05-17,TRADED,,1,0,0,1,0,1,1,0,0,76.70,4985.50,76.70,76.70,76.70,1,0,0.00,0.00,
2023-05-18,TRADED,,3,0,1,2,2,1,1,2,0,-27.00,-1755.00,-9.00,59.20,-74.10,1,2,86.20,5603.00,
2023-05-19,TRADED,,4,0,1,3,3,1,2,2,0,29.96,1947.40,7.49,39.50,-8.94,1,1,9.54,620.10,
2023-05-22,TRADED,,2,0,2,0,1,1,2,0,0,22.44,1458.60,11.22,21.90,0.54,2,0,0.00,0.00,
2023-05-23,TRADED,,2,0,1,1,1,1,2,0,0,35.70,2320.50,17.85,29.90,5.80,2,0,0.00,0.00,
2023-05-24,TRADED,,3,0,0,3,2,1,1,2,0,-12.08,-785.20,-4.03,72.50,-78.89,1,2,84.58,5497.70,
2023-05-25,TRADED,,2,0,1,1,1,1,2,0,0,75.50,4907.50,37.75,69.00,6.50,2,0,0.00,0.00,
2023-05-26,TRADED,,1,0,1,0,0,1,1,0,0,142.70,9275.50,142.70,142.70,142.70,1,0,0.00,0.00,
2023-05-29,TRADED,,2,0,1,1,2,0,0,2,0,-48.89,-3177.85,-24.45,-9.63,-39.26,0,2,48.89,3177.85,
2023-05-30,TRADED,,7,0,3,4,7,0,0,7,0,-61.82,-4018.30,-8.83,-1.48,-24.36,0,7,61.82,4018.30,
2023-05-31,TRADED,,1,0,0,1,1,0,1,0,0,18.66,1212.90,18.66,18.66,18.66,1,0,0.00,0.00,
2023-06-01,TRADED,,4,0,2,2,3,1,1,3,0,-17.62,-1145.30,-4.40,32.70,-36.33,1,3,50.32,3270.80,
2023-06-02,TRADED,,5,0,3,2,5,0,0,5,0,-52.69,-3424.85,-10.54,-5.12,-23.78,0,5,52.69,3424.85,
2023-06-05,TRADED,,1,0,1,0,1,0,0,1,0,-4.35,-282.75,-4.35,-4.35,-4.35,0,1,4.35,282.75,
2023-06-06,TRADED,,2,0,0,2,2,0,1,1,0,8.53,554.45,4.26,21.06,-12.53,1,1,12.53,814.45,
2023-06-07,TRADED,,1,0,1,0,0,1,1,0,0,74.00,4810.00,74.00,74.00,74.00,1,0,0.00,0.00,
2023-06-08,TRADED,,2,0,1,1,1,1,1,1,0,45.09,2930.85,22.55,76.70,-31.61,1,1,31.61,2054.65,
2023-06-09,TRADED,,1,0,0,1,0,1,1,0,0,85.00,5525.00,85.00,85.00,85.00,1,0,0.00,0.00,
2023-06-12,TRADED,,7,0,4,3,7,0,0,7,0,-69.33,-4506.45,-9.90,-1.48,-19.92,0,7,69.33,4506.45,
2023-06-13,TRADED,,2,0,2,0,1,1,2,0,0,17.69,1149.85,8.85,11.00,6.69,2,0,0.00,0.00,
2023-06-14,TRADED,,3,0,2,1,2,1,1,2,0,32.46,2109.90,10.82,48.60,-13.74,1,2,16.14,1049.10,
2023-06-15,TRADED,,4,0,2,2,3,1,1,3,0,-1.21,-78.65,-0.30,54.20,-29.34,1,3,55.41,3601.65,
2023-06-16,TRADED,,1,0,1,0,0,1,1,0,0,70.90,4608.50,70.90,70.90,70.90,1,0,0.00,0.00,
2023-06-19,TRADED,,3,0,1,2,2,1,1,2,0,-50.65,-3292.25,-16.88,20.70,-63.09,1,2,71.35,4637.75,
2023-06-20,TRADED,,2,0,1,1,1,1,1,1,0,41.24,2680.60,20.62,88.30,-47.06,1,1,47.06,3058.90,
2023-06-21,TRADED,,2,0,2,0,2,0,0,2,0,-26.66,-1732.90,-13.33,-5.67,-20.99,0,2,26.66,1732.90,
2023-06-22,TRADED,,4,0,2,2,3,1,1,3,0,-30.65,-1992.25,-7.66,18.60,-27.00,1,3,49.25,3201.25,
2023-06-23,TRADED,,1,0,0,1,0,1,1,0,0,10.10,656.50,10.10,10.10,10.10,1,0,0.00,0.00,
2023-06-26,TRADED,,4,0,0,4,4,0,0,4,0,-34.20,-2223.00,-8.55,-1.64,-27.61,0,4,34.20,2223.00,
2023-06-27,TRADED,,1,0,1,0,0,1,1,0,0,83.60,5434.00,83.60,83.60,83.60,1,0,0.00,0.00,
2023-06-28,TRADED,,1,0,1,0,0,1,1,0,0,101.80,6617.00,101.80,101.80,101.80,1,0,0.00,0.00,
2023-06-30,TRADED,,1,0,1,0,0,1,1,0,0,107.00,6955.00,107.00,107.00,107.00,1,0,0.00,0.00,
2023-07-03,TRADED,,1,0,1,0,1,0,1,0,0,6.88,447.20,6.88,6.88,6.88,1,0,0.00,0.00,
2023-07-04,TRADED,,3,0,3,0,2,1,2,1,0,-28.71,-1866.15,-9.57,34.26,-65.17,2,1,65.17,4236.05,
2023-07-05,TRADED,,11,0,4,7,11,0,0,11,0,-110.84,-7204.60,-10.08,-0.23,-35.12,0,11,110.84,7204.60,
2023-07-06,TRADED,,1,0,1,0,0,1,1,0,0,89.50,5817.50,89.50,89.50,89.50,1,0,0.00,0.00,
2023-07-07,TRADED,,2,0,1,1,1,1,1,1,0,82.64,5371.60,41.32,99.90,-17.26,1,1,17.26,1121.90,
2023-07-10,TRADED,,9,0,4,5,8,1,1,8,0,-112.47,-7310.55,-12.50,1.70,-44.99,1,8,114.17,7421.05,
2023-07-11,TRADED,,2,0,1,1,1,1,2,0,0,18.54,1205.10,9.27,9.74,8.80,2,0,0.00,0.00,
2023-07-12,TRADED,,7,0,2,5,6,1,2,5,0,47.21,3068.65,6.74,66.60,-10.68,1,3,19.39,1260.35,
2023-07-13,TRADED,,2,0,1,1,1,1,2,0,0,52.63,3420.95,26.31,31.90,20.73,2,0,0.00,0.00,
2023-07-14,TRADED,,4,0,1,3,3,1,1,3,0,60.31,3920.15,15.08,87.30,-14.24,1,3,26.99,1754.35,
2023-07-17,TRADED,,1,0,1,0,0,1,1,0,0,159.40,10361.00,159.40,159.40,159.40,1,0,0.00,0.00,
2023-07-18,TRADED,,6,0,3,3,6,0,0,6,0,-160.11,-10407.15,-26.69,-5.10,-86.68,0,6,160.11,10407.15,
2023-07-19,TRADED,,6,0,3,3,6,0,0,6,0,-106.17,-6901.05,-17.70,-1.91,-60.04,0,6,106.17,6901.05,
2023-07-20,TRADED,,3,0,2,1,2,1,1,2,0,106.10,6896.50,35.37,155.30,-28.26,1,2,49.20,3198.00,
2023-07-21,TRADED,,1,0,0,1,0,1,1,0,0,102.90,6688.50,102.90,102.90,102.90,1,0,0.00,0.00,
2023-07-24,TRADED,,8,0,4,4,7,1,1,7,0,-113.07,-7349.55,-14.13,30.80,-50.36,1,7,143.87,9351.55,
2023-07-25,TRADED,,4,0,1,3,4,0,0,4,0,-88.87,-5776.55,-22.22,-6.06,-38.19,0,4,88.87,5776.55,
2023-07-26,TRADED,,2,0,1,1,1,1,1,1,0,6.64,431.60,3.32,27.64,-21.00,1,1,21.00,1365.00,
2023-07-27,TRADED,,3,0,2,1,2,1,1,2,0,78.86,5125.90,26.29,130.60,-40.16,1,2,51.74,3363.10,
2023-07-28,TRADED,,2,0,0,2,2,0,0,2,0,-24.47,-1590.55,-12.23,-3.95,-20.52,0,2,24.47,1590.55,
2023-07-31,TRADED,,1,0,1,0,0,1,1,0,0,127.90,8313.50,127.90,127.90,127.90,1,0,0.00,0.00,
2023-08-01,TRADED,,6,0,4,2,6,0,0,6,0,-90.33,-5871.45,-15.05,-0.30,-47.13,0,6,90.33,5871.45,
2023-08-02,TRADED,,1,0,0,1,0,1,1,0,0,85.70,5570.50,85.70,85.70,85.70,1,0,0.00,0.00,
2023-08-03,TRADED,,5,0,2,3,4,1,1,4,0,53.02,3446.30,10.60,68.50,-6.88,1,4,15.48,1006.20,
2023-08-04,TRADED,,3,0,3,0,2,1,1,2,0,-10.03,-651.95,-3.34,24.00,-22.93,1,2,34.03,2211.95,
2023-08-07,TRADED,,1,0,1,0,0,1,1,0,0,44.50,2892.50,44.50,44.50,44.50,1,0,0.00,0.00,
2023-08-08,TRADED,,5,0,2,3,5,0,0,5,0,-104.25,-6776.25,-20.85,-10.07,-40.99,0,5,104.25,6776.25,
2023-08-09,TRADED,,2,0,1,1,1,1,2,0,0,117.03,7606.95,58.52,111.10,5.93,2,0,0.00,0.00,
2023-08-10,TRADED,,6,0,4,2,5,1,1,5,0,-95.38,-6199.70,-15.90,0.10,-51.20,1,5,95.48,6206.20,
2023-08-11,TRADED,,4,0,0,4,3,1,2,2,0,14.80,962.00,3.70,39.90,-16.59,1,2,25.82,1678.30,
2023-08-14,TRADED,,2,0,1,1,1,1,1,1,0,-60.20,-3913.00,-30.10,27.10,-87.30,1,1,87.30,5674.50,
2023-08-16,TRADED,,7,0,2,5,6,1,1,6,0,1.02,66.30,0.15,54.40,-27.56,1,6,53.38,3469.70,
2023-08-17,TRADED,,5,0,2,3,5,0,0,5,0,-50.41,-3276.65,-10.08,-0.01,-24.84,0,5,50.41,3276.65,
2023-08-18,TRADED,,2,0,1,1,1,1,1,1,0,-17.42,-1132.30,-8.71,20.08,-37.50,1,1,37.50,2437.50,
2023-08-21,TRADED,,2,0,2,0,1,1,1,1,0,-0.36,-23.40,-0.18,59.20,-59.56,1,1,59.56,3871.40,
2023-08-22,TRADED,,4,0,2,2,3,1,2,2,0,-22.94,-1491.10,-5.74,14.04,-45.74,1,1,45.74,2973.10,
2023-08-23,TRADED,,3,0,1,2,2,1,1,2,0,-24.52,-1593.80,-8.17,20.60,-24.99,1,2,45.12,2932.80,
2023-08-24,TRADED,,3,0,2,1,2,1,1,2,0,-25.85,-1680.25,-8.62,60.80,-77.91,1,2,86.65,5632.25,
2023-08-25,TRADED,,1,0,0,1,1,0,1,0,0,26.77,1740.05,26.77,26.77,26.77,1,0,0.00,0.00,
2023-08-28,TRADED,,3,0,1,2,3,0,1,2,0,-15.68,-1019.20,-5.23,5.92,-16.76,1,2,21.60,1404.00,
2023-08-29,TRADED,,7,0,5,2,7,0,1,6,0,-61.64,-4006.60,-8.81,2.62,-16.72,1,6,64.26,4176.90,
2023-08-30,TRADED,,2,0,1,1,1,1,1,1,0,43.78,2845.70,21.89,64.30,-20.52,1,1,20.52,1333.80,
2023-08-31,TRADED,,1,0,0,1,0,1,1,0,0,39.20,2548.00,39.20,39.20,39.20,1,0,0.00,0.00,
2023-09-01,TRADED,,3,0,2,1,2,1,1,2,0,79.46,5164.90,26.49,100.30,-15.42,1,2,20.84,1354.60,
2023-09-04,TRADED,,1,0,1,0,0,1,1,0,0,15.40,1001.00,15.40,15.40,15.40,1,0,0.00,0.00,
2023-09-05,TRADED,,6,0,4,2,5,1,1,5,0,-21.44,-1393.60,-3.57,7.70,-14.80,1,5,29.14,1894.10,
2023-09-06,TRADED,,4,0,3,1,4,0,0,4,0,-29.41,-1911.65,-7.35,-3.23,-12.16,0,4,29.41,1911.65,
2023-09-07,TRADED,,1,0,1,0,0,1,1,0,0,143.70,9340.50,143.70,143.70,143.70,1,0,0.00,0.00,
2023-09-08,TRADED,,1,0,1,0,0,1,1,0,0,36.00,2340.00,36.00,36.00,36.00,1,0,0.00,0.00,
2023-09-11,TRADED,,1,0,1,0,0,1,1,0,0,104.10,6766.50,104.10,104.10,104.10,1,0,0.00,0.00,
2023-09-12,TRADED,,8,0,6,2,8,0,0,8,0,-185.28,-12043.20,-23.16,-3.85,-100.27,0,8,185.28,12043.20,
2023-09-13,TRADED,,4,0,2,2,3,1,1,3,0,7.75,503.75,1.94,41.50,-18.39,1,3,33.75,2193.75,
2023-09-14,TRADED,,6,0,2,4,6,0,0,6,0,-127.52,-8288.80,-21.25,-0.81,-81.93,0,6,127.52,8288.80,
2023-09-15,TRADED,,1,0,1,0,0,1,1,0,0,27.90,1813.50,27.90,27.90,27.90,1,0,0.00,0.00,
2023-09-18,TRADED,,8,0,3,5,7,1,1,7,0,-37.82,-2458.30,-4.73,18.90,-18.73,1,7,56.72,3686.80,
2023-09-20,TRADED,,1,0,0,1,0,1,1,0,0,128.50,8352.50,128.50,128.50,128.50,1,0,0.00,0.00,
2023-09-21,TRADED,,1,0,0,1,0,1,1,0,0,73.90,4803.50,73.90,73.90,73.90,1,0,0.00,0.00,
2023-09-22,TRADED,,5,0,3,2,4,1,1,4,0,-78.38,-5094.70,-15.68,45.40,-60.87,1,4,123.78,8045.70,
2023-09-25,TRADED,,4,0,2,2,3,1,0,4,0,-119.32,-7755.80,-29.83,-21.50,-43.53,0,4,119.32,7755.80,
2023-09-26,TRADED,,8,0,5,3,7,1,2,6,0,-27.38,-1779.70,-3.42,6.40,-13.89,1,4,33.78,2195.70,
2023-09-27,TRADED,,3,0,1,2,2,1,1,2,0,18.98,1233.70,6.33,57.50,-34.63,1,2,38.52,2503.80,
2023-09-28,TRADED,,2,0,1,1,1,1,1,1,0,94.20,6123.00,47.10,141.70,-47.50,1,1,47.50,3087.50,
2023-09-29,TRADED,,4,0,1,3,4,0,1,3,0,-26.43,-1717.95,-6.61,22.01,-38.73,1,3,48.44,3148.60,
2023-10-03,TRADED,,1,0,0,1,1,0,0,1,0,-3.18,-206.70,-3.18,-3.18,-3.18,0,1,3.18,206.70,
2023-10-04,TRADED,,2,0,1,1,2,0,0,2,0,-20.45,-1329.25,-10.23,-9.06,-11.39,0,2,20.45,1329.25,
2023-10-05,TRADED,,1,0,1,0,1,0,1,0,0,13.49,876.85,13.49,13.49,13.49,1,0,0.00,0.00,
2023-10-06,TRADED,,1,0,1,0,0,1,1,0,0,48.60,3159.00,48.60,48.60,48.60,1,0,0.00,0.00,
2023-10-09,TRADED,,1,0,0,1,0,1,0,1,0,-5.10,-331.50,-5.10,-5.10,-5.10,0,1,5.10,331.50,
2023-10-10,TRADED,,1,0,1,0,0,1,1,0,0,96.60,6279.00,96.60,96.60,96.60,1,0,0.00,0.00,
2023-10-11,TRADED,,1,0,1,0,0,1,1,0,0,9.20,598.00,9.20,9.20,9.20,1,0,0.00,0.00,
2023-10-12,TRADED,,7,0,3,4,6,1,1,6,0,-56.16,-3650.40,-8.02,3.90,-27.53,1,6,60.06,3903.90,
2023-10-13,TRADED,,3,0,1,2,2,1,1,2,0,-9.86,-640.90,-3.29,5.70,-14.21,1,2,15.56,1011.40,
2023-10-16,TRADED,,6,0,5,1,6,0,2,4,0,-13.99,-909.35,-2.33,6.09,-10.42,2,3,23.92,1554.80,
2023-10-17,TRADED,,2,0,1,1,2,0,0,2,0,-34.15,-2219.75,-17.07,-7.33,-26.82,0,2,34.15,2219.75,
2023-10-18,TRADED,,3,0,1,2,2,1,1,2,0,55.07,3579.55,18.36,96.30,-29.92,1,2,41.23,2679.95,
2023-10-19,TRADED,,5,0,3,2,5,0,0,5,0,-146.96,-9552.40,-29.39,-4.02,-101.30,0,5,146.96,9552.40,
2023-10-20,TRADED,,1,0,0,1,1,0,1,0,0,22.41,1456.65,22.41,22.41,22.41,1,0,0.00,0.00,
2023-10-23,TRADED,,2,0,0,2,1,1,1,1,0,265.75,17273.75,132.88,266.60,-0.85,1,1,0.85,55.25,
2023-10-25,TRADED,,1,0,0,1,0,1,1,0,0,151.70,9860.50,151.70,151.70,151.70,1,0,0.00,0.00,
2023-10-26,TRADED,,1,0,0,1,0,1,1,0,0,103.30,6714.50,103.30,103.30,103.30,1,0,0.00,0.00,
2023-10-27,TRADED,,1,0,1,0,0,1,1,0,0,68.70,4465.50,68.70,68.70,68.70,1,0,0.00,0.00,
2023-10-30,TRADED,,2,0,1,1,1,1,1,1,0,58.92,3829.80,29.46,73.80,-14.88,1,1,14.88,967.20,
2023-10-31,TRADED,,5,0,3,2,5,0,0,5,0,-99.38,-6459.70,-19.88,-6.72,-48.06,0,5,99.38,6459.70,
2023-11-01,TRADED,,1,0,0,1,0,1,1,0,0,80.10,5206.50,80.10,80.10,80.10,1,0,0.00,0.00,
2023-11-02,TRADED,,2,0,2,0,1,1,1,1,0,-66.70,-4335.50,-33.35,26.10,-92.80,1,1,92.80,6032.00,
2023-11-03,TRADED,,2,0,1,1,2,0,0,2,0,-16.90,-1098.50,-8.45,-3.00,-13.90,0,2,16.90,1098.50,
2023-11-06,TRADED,,1,0,1,0,0,1,1,0,0,75.30,4894.50,75.30,75.30,75.30,1,0,0.00,0.00,
2023-11-07,TRADED,,6,0,3,3,5,1,1,5,0,-42.31,-2750.15,-7.05,4.30,-26.62,1,5,46.61,3029.65,
2023-11-08,TRADED,,2,0,1,1,2,0,0,2,0,-13.55,-880.75,-6.78,-6.00,-7.55,0,2,13.55,880.75,
2023-11-09,TRADED,,7,0,4,3,6,1,1,6,0,-1.12,-72.80,-0.16,37.70,-13.65,1,6,38.82,2523.30,
2023-11-10,TRADED,,3,0,1,2,3,0,0,3,0,-54.53,-3544.45,-18.18,-0.34,-36.22,0,3,54.53,3544.45,
2023-11-12,SKIPPED,missing_required_session_timestamp,0,1,0,0,0,0,0,0,0,0.00,0.00,0.00,,,0,0,0.00,0.00,"Missing required NIFTY timestamps: 24 missing timestamps from 2023-11-12T09:15:00+05:30 through 2023-11-12T15:00:00+05:30; first 5: 2023-11-12T09:15:00+05:30, 2023-11-12T09:30:00+05:30, 2023-11-12T09:45:00+05:30, 2023-11-12T10:00:00+05:30, 2023-11-12T10:15:00+05:30; last 5: 2023-11-12T14:00:00+05:30, 2023-11-12T14:15:00+05:30, 2023-11-12T14:30:00+05:30, 2023-11-12T14:45:00+05:30, 2023-11-12T15:00:00+05:30"
2023-11-13,TRADED,,10,0,2,8,10,0,0,10,0,-78.90,-5128.50,-7.89,-1.64,-23.15,0,10,78.90,5128.50,
2023-11-15,TRADED,,1,0,1,0,0,1,1,0,0,48.70,3165.50,48.70,48.70,48.70,1,0,0.00,0.00,
2023-11-16,TRADED,,2,0,1,1,2,0,1,1,0,74.56,4846.40,37.28,74.88,-0.32,1,1,0.32,20.80,
2023-11-17,TRADED,,3,0,0,3,2,1,1,2,0,14.33,931.45,4.78,48.90,-20.98,1,2,34.57,2247.05,
2023-11-20,TRADED,,3,0,0,3,2,1,2,1,0,24.95,1621.75,8.32,32.73,-19.88,2,1,19.88,1292.20,
2023-11-21,TRADED,,1,0,1,0,0,1,1,0,0,6.40,416.00,6.40,6.40,6.40,1,0,0.00,0.00,
2023-11-22,TRADED,,3,0,2,1,2,1,3,0,0,28.93,1880.45,9.64,14.11,6.62,3,0,0.00,0.00,
2023-11-23,TRADED,,3,0,2,1,2,1,1,2,0,-51.45,-3344.25,-17.15,9.40,-51.22,1,2,60.85,3955.25,
2023-11-24,TRADED,,7,0,4,3,6,1,1,6,0,-34.27,-2227.55,-4.90,4.20,-15.17,1,6,38.47,2500.55,
2023-11-28,TRADED,,2,0,2,0,1,1,1,1,0,57.01,3705.65,28.51,79.00,-21.99,1,1,21.99,1429.35,
2023-11-29,TRADED,,1,0,1,0,0,1,1,0,0,116.80,7592.00,116.80,116.80,116.80,1,0,0.00,0.00,
2023-11-30,TRADED,,9,0,6,3,8,1,1,8,0,-117.32,-7625.80,-13.04,40.40,-64.06,1,8,157.72,10251.80,
2023-12-01,TRADED,,1,0,1,0,1,0,1,0,0,22.27,1447.55,22.27,22.27,22.27,1,0,0.00,0.00,
2023-12-04,TRADED,,1,0,1,0,0,1,1,0,0,114.00,7410.00,114.00,114.00,114.00,1,0,0.00,0.00,
2023-12-05,TRADED,,1,0,1,0,0,1,1,0,0,108.00,7020.00,108.00,108.00,108.00,1,0,0.00,0.00,
2023-12-06,TRADED,,3,0,2,1,2,1,1,2,0,-46.74,-3038.10,-15.58,21.50,-52.82,1,2,68.24,4435.60,
2023-12-07,TRADED,,9,0,6,3,9,0,0,9,0,-126.36,-8213.40,-14.04,-2.27,-59.08,0,9,126.36,8213.40,
2023-12-08,TRADED,,3,0,2,1,3,0,0,3,0,-65.65,-4267.25,-21.88,-15.91,-26.53,0,3,65.65,4267.25,
2023-12-11,TRADED,,4,0,4,0,3,1,1,3,0,-73.42,-4772.30,-18.36,8.20,-51.12,1,3,81.62,5305.30,
2023-12-12,TRADED,,4,0,3,1,3,1,1,3,0,3.21,208.65,0.80,56.90,-40.74,1,3,53.69,3489.85,
2023-12-13,TRADED,,2,0,1,1,1,1,2,0,0,108.98,7083.70,54.49,58.58,50.40,2,0,0.00,0.00,
2023-12-14,TRADED,,1,0,1,0,0,1,1,0,0,43.30,2814.50,43.30,43.30,43.30,1,0,0.00,0.00,
2023-12-15,TRADED,,1,0,1,0,0,1,1,0,0,203.70,13240.50,203.70,203.70,203.70,1,0,0.00,0.00,
2023-12-18,TRADED,,5,0,3,2,4,1,1,4,0,-59.41,-3861.65,-11.88,4.60,-41.69,1,4,64.01,4160.65,
2023-12-19,TRADED,,2,0,1,1,2,0,1,1,0,4.44,288.60,2.22,18.92,-14.48,1,1,14.48,941.20,
2023-12-20,TRADED,,4,0,3,1,3,1,1,3,0,168.37,10944.05,42.09,261.40,-63.36,1,3,93.03,6046.95,
2023-12-21,TRADED,,3,0,2,1,2,1,1,2,0,-215.56,-14011.40,-71.85,35.50,-198.35,1,2,251.06,16318.90,
2023-12-22,TRADED,,5,0,3,2,4,1,1,4,0,-72.78,-4730.70,-14.56,41.84,-60.97,1,4,114.62,7450.30,
2023-12-26,TRADED,,2,0,1,1,2,0,1,1,0,30.39,1975.35,15.19,34.66,-4.27,1,1,4.27,277.55,
2023-12-27,TRADED,,3,0,3,0,2,1,1,2,0,91.19,5927.35,30.40,110.20,-13.32,1,2,19.01,1235.65,
2023-12-28,TRADED,,1,0,1,0,0,1,1,0,0,49.40,3211.00,49.40,49.40,49.40,1,0,0.00,0.00,
2023-12-29,TRADED,,6,0,1,5,6,0,0,6,0,-70.71,-4596.15,-11.78,-1.61,-29.68,0,6,70.71,4596.15,
2024-01-01,TRADED,,5,0,2,3,5,0,1,4,0,-33.40,-2171.00,-6.68,1.68,-16.92,1,4,35.08,2280.20,
2024-01-02,TRADED,,4,0,1,3,3,1,0,4,0,-41.15,-2674.75,-10.29,-0.20,-27.87,0,4,41.15,2674.75,
2024-01-03,TRADED,,1,0,0,1,0,1,1,0,0,109.20,7098.00,109.20,109.20,109.20,1,0,0.00,0.00,
2024-01-04,TRADED,,1,0,1,0,0,1,1,0,0,32.10,2086.50,32.10,32.10,32.10,1,0,0.00,0.00,
2024-01-05,TRADED,,6,0,5,1,6,0,0,6,0,-98.97,-6433.05,-16.50,-4.30,-51.48,0,6,98.97,6433.05,
2024-01-08,TRADED,,4,0,2,2,3,1,1,3,0,72.05,4683.25,18.01,127.50,-29.32,1,3,55.45,3604.25,
2024-01-09,TRADED,,3,0,2,1,2,1,1,2,0,-57.36,-3728.40,-19.12,17.20,-66.41,1,2,74.56,4846.40,
2024-01-10,TRADED,,3,0,1,2,2,1,1,2,0,-64.86,-4215.90,-21.62,3.40,-57.47,1,2,68.26,4436.90,
2024-01-11,TRADED,,3,0,1,2,2,1,1,2,0,-51.66,-3357.90,-17.22,8.60,-58.79,1,2,60.26,3916.90,
2024-01-12,TRADED,,1,0,1,0,0,1,1,0,0,143.20,9308.00,143.20,143.20,143.20,1,0,0.00,0.00,
2024-01-15,TRADED,,1,0,1,0,0,1,1,0,0,15.70,1020.50,15.70,15.70,15.70,1,0,0.00,0.00,
2024-01-16,TRADED,,4,0,2,2,3,1,1,3,0,24.42,1587.30,6.10,34.80,-5.50,1,3,10.38,674.70,
2024-01-17,TRADED,,1,0,0,1,0,1,1,0,0,182.10,11836.50,182.10,182.10,182.10,1,0,0.00,0.00,
2024-01-18,TRADED,,3,0,0,3,3,0,0,3,0,-120.24,-7815.60,-40.08,-7.94,-95.74,0,3,120.24,7815.60,
2024-01-19,TRADED,,1,0,1,0,1,0,0,1,0,-50.64,-3291.60,-50.64,-50.64,-50.64,0,1,50.64,3291.60,
2024-01-20,TRADED,,5,0,4,1,4,1,1,4,0,-49.75,-3233.75,-9.95,52.50,-58.57,1,4,102.25,6646.25,
2024-01-23,TRADED,,2,0,1,1,1,1,1,1,0,289.23,18799.95,144.61,360.90,-71.67,1,1,71.67,4658.55,
2024-01-24,TRADED,,6,0,4,2,5,1,2,4,0,-47.65,-3097.25,-7.94,154.80,-146.21,1,3,202.45,13159.25,
2024-01-25,TRADED,,3,0,1,2,3,0,0,3,0,-129.65,-8427.25,-43.22,-13.28,-91.15,0,3,129.65,8427.25,
2024-01-29,TRADED,,1,0,1,0,0,1,1,0,0,195.40,12701.00,195.40,195.40,195.40,1,0,0.00,0.00,
2024-01-30,TRADED,,4,0,2,2,3,1,1,3,0,136.25,8856.25,34.06,183.30,-25.28,1,3,47.05,3058.25,
2024-01-31,TRADED,,2,0,1,1,1,1,1,1,0,-43.21,-2808.65,-21.60,78.40,-121.61,1,1,121.61,7904.65,
2024-02-01,TRADED,,7,0,3,4,6,1,2,5,0,-32.00,-2080.00,-4.57,44.60,-31.42,1,5,77.41,5031.65,
2024-02-02,TRADED,,5,0,2,3,4,1,0,5,0,-187.29,-12173.85,-37.46,-4.40,-88.94,0,5,187.29,12173.85,
2024-02-05,TRADED,,6,0,3,3,5,1,2,4,0,67.57,4392.05,11.26,117.80,-21.84,2,4,52.04,3382.60,
2024-02-06,TRADED,,2,0,1,1,1,1,1,1,0,-49.89,-3242.85,-24.95,21.20,-71.09,1,1,71.09,4620.85,
2024-02-07,TRADED,,5,0,3,2,4,1,0,5,0,-129.81,-8437.65,-25.96,-2.22,-60.85,0,5,129.81,8437.65,
2024-02-08,TRADED,,3,0,2,1,2,1,1,2,0,31.62,2055.30,10.54,115.30,-60.00,1,2,83.68,5439.20,
2024-02-09,TRADED,,4,0,3,1,3,1,2,2,0,37.83,2458.95,9.46,44.20,-23.42,1,2,37.72,2451.80,
2024-02-12,TRADED,,2,0,1,1,1,1,1,1,0,28.74,1868.10,14.37,92.20,-63.46,1,1,63.46,4124.90,
2024-02-13,TRADED,,4,0,2,2,3,1,1,3,0,-88.63,-5760.95,-22.16,66.50,-75.91,1,3,155.13,10083.45,
2024-02-14,TRADED,,4,0,3,1,3,1,1,3,0,27.76,1804.40,6.94,154.80,-95.68,1,3,127.04,8257.60,
2024-02-15,TRADED,,1,0,1,0,0,1,1,0,0,33.50,2177.50,33.50,33.50,33.50,1,0,0.00,0.00,
2024-02-16,TRADED,,1,0,1,0,0,1,1,0,0,30.80,2002.00,30.80,30.80,30.80,1,0,0.00,0.00,
2024-02-19,TRADED,,2,0,2,0,2,0,1,1,0,24.53,1594.45,12.27,54.35,-29.82,1,1,29.82,1938.30,
2024-02-20,TRADED,,5,0,2,3,4,1,1,4,0,-28.11,-1827.15,-5.62,61.95,-38.74,1,4,90.06,5853.90,
2024-02-21,TRADED,,3,0,2,1,2,1,1,2,0,-4.81,-312.65,-1.60,56.55,-45.87,1,2,61.36,3988.40,
2024-02-22,TRADED,,2,0,1,1,1,1,2,0,0,130.36,8473.40,65.18,122.20,8.16,2,0,0.00,0.00,
2024-02-23,TRADED,,3,0,3,0,3,0,0,3,0,-21.04,-1367.60,-7.01,-2.57,-13.89,0,3,21.04,1367.60,
2024-02-26,TRADED,,3,0,1,2,3,0,1,2,0,20.27,1317.55,6.76,24.31,-3.64,1,2,4.04,262.60,
2024-02-27,TRADED,,8,0,5,3,7,1,1,7,0,-57.27,-3722.55,-7.16,40.80,-22.36,1,7,98.07,6374.55,
2024-02-28,TRADED,,2,0,1,1,1,1,1,1,0,85.29,5543.85,42.64,109.30,-24.01,1,1,24.01,1560.65,
2024-02-29,TRADED,,8,0,2,6,8,0,0,8,0,-145.21,-9438.65,-18.15,-3.87,-47.13,0,8,145.21,9438.65,
2024-03-01,TRADED,,1,0,1,0,0,1,1,0,0,206.60,13429.00,206.60,206.60,206.60,1,0,0.00,0.00,
2024-03-02,SKIPPED,missing_required_session_timestamp,0,1,0,0,0,0,0,0,0,0.00,0.00,0.00,,,0,0,0.00,0.00,"Missing required NIFTY timestamps: 17 missing timestamps from 2024-03-02T10:00:00+05:30 through 2024-03-02T15:00:00+05:30; first 5: 2024-03-02T10:00:00+05:30, 2024-03-02T10:15:00+05:30, 2024-03-02T10:30:00+05:30, 2024-03-02T10:45:00+05:30, 2024-03-02T11:00:00+05:30; last 5: 2024-03-02T14:00:00+05:30, 2024-03-02T14:15:00+05:30, 2024-03-02T14:30:00+05:30, 2024-03-02T14:45:00+05:30, 2024-03-02T15:00:00+05:30"
2024-03-04,TRADED,,4,0,4,0,3,1,1,3,0,-35.23,-2289.95,-8.81,3.85,-29.17,1,3,39.08,2540.20,
2024-03-05,TRADED,,4,0,2,2,4,0,1,3,0,-51.35,-3337.75,-12.84,3.65,-30.53,1,3,55.00,3575.00,
2024-03-06,TRADED,,4,0,1,3,3,1,1,3,0,12.72,826.80,3.18,92.15,-59.73,1,3,79.43,5162.95,
2024-03-07,TRADED,,2,0,2,0,2,0,1,1,0,-9.64,-626.60,-4.82,2.40,-12.04,1,1,12.04,782.60,
2024-03-11,TRADED,,2,0,0,2,1,1,1,1,0,140.41,9126.65,70.20,141.75,-1.34,1,1,1.34,87.10,
2024-03-12,TRADED,,7,0,3,4,6,1,1,6,0,-171.42,-11142.30,-24.49,18.45,-71.42,1,6,189.87,12341.55,
2024-03-13,TRADED,,1,0,0,1,0,1,1,0,0,375.85,24430.25,375.85,375.85,375.85,1,0,0.00,0.00,
2024-03-14,TRADED,,2,0,1,1,1,1,1,1,0,-21.73,-1412.45,-10.87,58.75,-80.48,1,1,80.48,5231.20,
2024-03-15,TRADED,,4,0,1,3,4,0,0,4,0,-50.19,-3262.35,-12.55,-3.74,-35.35,0,4,50.19,3262.35,
2024-03-18,TRADED,,6,0,4,2,5,1,0,6,0,-181.16,-11775.40,-30.19,-5.89,-42.81,0,6,181.16,11775.40,
2024-03-19,TRADED,,1,0,0,1,0,1,1,0,0,126.05,8193.25,126.05,126.05,126.05,1,0,0.00,0.00,
2024-03-20,TRADED,,5,0,4,1,5,0,1,4,0,-68.95,-4481.75,-13.79,0.86,-29.74,1,3,68.95,4481.75,
2024-03-21,TRADED,,2,0,2,0,2,0,0,2,0,-51.43,-3342.95,-25.71,-1.40,-50.03,0,2,51.43,3342.95,
2024-03-22,TRADED,,2,0,1,1,2,0,1,1,0,-102.95,-6691.75,-51.47,9.32,-112.27,1,1,112.27,7297.55,
2024-03-26,TRADED,,2,0,0,2,1,1,1,1,0,47.36,3078.40,23.68,53.15,-5.79,1,1,5.79,376.35,
2024-03-27,TRADED,,1,0,1,0,1,0,1,0,0,44.39,2885.35,44.39,44.39,44.39,1,0,0.00,0.00,
2024-03-28,TRADED,,1,0,1,0,1,0,1,0,0,134.85,8765.25,134.85,134.85,134.85,1,0,0.00,0.00,
2024-04-01,TRADED,,5,0,1,4,5,0,0,5,0,-83.22,-5409.30,-16.64,-1.66,-39.67,0,5,83.22,5409.30,
2024-04-02,TRADED,,3,0,1,2,2,1,2,1,0,-6.91,-449.15,-2.30,19.05,-26.35,2,1,26.35,1712.75,
2024-04-03,TRADED,,4,0,2,2,4,0,1,3,0,-90.62,-5890.30,-22.66,8.15,-54.17,1,2,90.62,5890.30,
2024-04-04,TRADED,,3,0,2,1,2,1,1,2,0,-63.38,-4119.70,-21.13,38.40,-61.94,1,2,101.78,6615.70,
2024-04-05,TRADED,,9,0,5,4,9,0,0,9,0,-79.38,-5159.70,-8.82,-1.15,-22.54,0,9,79.38,5159.70,
2024-04-08,TRADED,,1,0,1,0,0,1,1,0,0,89.20,5798.00,89.20,89.20,89.20,1,0,0.00,0.00,
2024-04-09,TRADED,,3,0,1,2,2,1,1,2,0,21.50,1397.50,7.17,42.00,-16.73,1,2,20.50,1332.50,
2024-04-10,TRADED,,5,0,5,0,4,1,1,4,0,-1.47,-95.55,-0.29,46.10,-17.56,1,4,47.57,3092.05,
2024-04-12,TRADED,,2,0,1,1,1,1,1,1,0,134.17,8721.05,67.08,134.85,-0.68,1,1,0.68,44.20,
2024-04-15,TRADED,,1,0,0,1,0,1,1,0,0,58.05,3773.25,58.05,58.05,58.05,1,0,0.00,0.00,
2024-04-16,TRADED,,1,0,0,1,1,0,1,0,0,19.03,1236.95,19.03,19.03,19.03,1,0,0.00,0.00,
2024-04-18,TRADED,,3,0,2,1,2,1,2,1,0,45.16,2935.40,15.05,128.75,-104.25,2,1,104.25,6776.25,
2024-04-19,TRADED,,2,0,1,1,1,1,1,1,0,-38.16,-2480.40,-19.08,118.25,-156.41,1,1,156.41,10166.65,
2024-04-22,TRADED,,1,0,1,0,0,1,1,0,0,100.90,6558.50,100.90,100.90,100.90,1,0,0.00,0.00,
2024-04-23,TRADED,,3,0,3,0,3,0,0,3,0,-50.44,-3278.60,-16.81,-6.79,-33.82,0,3,50.44,3278.60,
2024-04-24,TRADED,,2,0,1,1,1,1,2,0,0,27.67,1798.55,13.84,27.42,0.25,2,0,0.00,0.00,
2024-04-25,TRADED,,5,0,2,3,4,1,1,4,0,-62.20,-4043.00,-12.44,118.10,-96.99,1,4,180.30,11719.50,
2024-04-26,TRADED,,2,0,1,1,1,1,1,1,0,26.40,1716.00,13.20,108.75,-82.35,1,1,82.35,5352.75,
2024-04-29,TRADED,,3,0,2,1,2,1,1,2,0,76.45,4969.25,25.48,124.45,-35.14,1,2,48.00,3120.00,
2024-04-30,TRADED,,1,0,1,0,1,0,1,0,0,45.76,2974.40,45.76,45.76,45.76,1,0,0.00,0.00,
2024-05-02,TRADED,,7,0,2,5,7,0,0,7,0,-128.70,-8365.50,-18.39,-1.87,-62.05,0,7,128.70,8365.50,
2024-05-03,TRADED,,2,0,1,1,1,1,1,1,0,49.25,3201.25,24.62,151.40,-102.15,1,1,102.15,6639.75,
2024-05-06,TRADED,,6,0,3,3,6,0,0,6,0,-222.61,-14469.65,-37.10,-25.22,-57.33,0,6,222.61,14469.65,
2024-05-07,TRADED,,2,0,1,1,1,1,1,1,0,86.24,5605.60,43.12,103.60,-17.36,1,1,17.36,1128.40,
2024-05-08,TRADED,,5,0,3,2,4,1,2,3,0,-51.50,-3347.50,-10.30,8.45,-36.29,1,2,59.95,3896.75,
2024-05-09,TRADED,,1,0,0,1,0,1,1,0,0,290.65,18892.25,290.65,290.65,290.65,1,0,0.00,0.00,
2024-05-10,TRADED,,8,0,3,5,8,0,1,7,0,-112.59,-7318.35,-14.07,21.07,-39.54,1,4,112.59,7318.35,
2024-05-13,TRADED,,5,0,3,2,4,1,0,5,0,-91.88,-5972.20,-18.38,-0.92,-50.36,0,5,91.88,5972.20,
2024-05-14,TRADED,,1,0,1,0,0,1,1,0,0,92.15,5989.75,92.15,92.15,92.15,1,0,0.00,0.00,
2024-05-15,TRADED,,6,0,2,4,6,0,0,6,0,-200.24,-13015.60,-33.37,-9.39,-67.52,0,6,200.24,13015.60,
2024-05-16,TRADED,,5,0,3,2,4,1,2,3,0,-119.97,-7798.05,-23.99,42.60,-105.41,2,3,165.07,10729.55,
2024-05-17,TRADED,,1,0,1,0,1,0,1,0,0,73.05,4748.25,73.05,73.05,73.05,1,0,0.00,0.00,
2024-05-18,SKIPPED,missing_required_session_timestamp,0,1,0,0,0,0,0,0,0,0.00,0.00,0.00,,,0,0,0.00,0.00,"Missing required NIFTY timestamps: 17 missing timestamps from 2024-05-18T10:00:00+05:30 through 2024-05-18T15:00:00+05:30; first 5: 2024-05-18T10:00:00+05:30, 2024-05-18T10:15:00+05:30, 2024-05-18T10:30:00+05:30, 2024-05-18T10:45:00+05:30, 2024-05-18T11:00:00+05:30; last 5: 2024-05-18T14:00:00+05:30, 2024-05-18T14:15:00+05:30, 2024-05-18T14:30:00+05:30, 2024-05-18T14:45:00+05:30, 2024-05-18T15:00:00+05:30"
2024-05-21,TRADED,,4,0,1,3,4,0,1,3,0,-16.64,-1081.60,-4.16,12.65,-18.62,1,3,29.29,1903.85,
2024-05-22,TRADED,,5,0,5,0,5,0,1,4,0,-75.44,-4903.60,-15.09,1.27,-36.01,1,4,76.71,4986.15,
2024-05-23,TRADED,,1,0,1,0,0,1,1,0,0,393.25,25561.25,393.25,393.25,393.25,1,0,0.00,0.00,
2024-05-24,TRADED,,2,0,1,1,2,0,0,2,0,-17.67,-1148.55,-8.84,-2.60,-15.07,0,2,17.67,1148.55,
2024-05-27,TRADED,,5,0,3,2,4,1,1,4,0,-28.95,-1881.75,-5.79,22.46,-22.92,1,3,37.96,2467.40,
2024-05-28,TRADED,,1,0,0,1,0,1,1,0,0,90.25,5866.25,90.25,90.25,90.25,1,0,0.00,0.00,
2024-05-29,TRADED,,1,0,0,1,0,1,1,0,0,86.80,5642.00,86.80,86.80,86.80,1,0,0.00,0.00,
2024-05-30,TRADED,,1,0,0,1,0,1,1,0,0,163.70,10640.50,163.70,163.70,163.70,1,0,0.00,0.00,
2024-05-31,TRADED,,6,0,2,4,5,1,1,5,0,-122.88,-7987.20,-20.48,3.42,-82.52,1,4,122.88,7987.20,
2024-06-03,TRADED,,1,0,1,0,0,1,1,0,0,131.75,8563.75,131.75,131.75,131.75,1,0,0.00,0.00,
2024-06-04,TRADED,,1,0,0,1,0,1,1,0,0,531.40,34541.00,531.40,531.40,531.40,1,0,0.00,0.00,
2024-06-05,TRADED,,3,0,1,2,2,1,1,2,0,357.37,23229.05,119.12,418.35,-38.37,1,2,60.98,3963.70,
2024-06-06,TRADED,,3,0,2,1,3,0,0,3,0,-86.49,-5621.85,-28.83,-15.63,-37.32,0,3,86.49,5621.85,
2024-06-07,TRADED,,1,0,1,0,0,1,1,0,0,366.25,23806.25,366.25,366.25,366.25,1,0,0.00,0.00,
2024-06-10,TRADED,,2,0,1,1,1,1,1,1,0,-39.47,-2565.55,-19.73,35.30,-74.77,1,1,74.77,4860.05,
2024-06-11,TRADED,,7,0,4,3,7,0,0,7,0,-97.41,-6331.65,-13.92,-3.45,-33.25,0,7,97.41,6331.65,
2024-06-12,TRADED,,2,0,1,1,2,0,1,1,0,-6.50,-422.50,-3.25,24.52,-31.02,1,1,31.02,2016.30,
2024-06-13,TRADED,,8,0,5,3,8,0,0,8,0,-123.74,-8043.10,-15.47,-8.11,-26.64,0,8,123.74,8043.10,
2024-06-14,TRADED,,2,0,1,1,1,1,1,1,0,-5.10,-331.50,-2.55,34.05,-39.15,1,1,39.15,2544.75,
2024-06-18,TRADED,,1,0,1,0,0,1,1,0,0,39.50,2567.50,39.50,39.50,39.50,1,0,0.00,0.00,
2024-06-19,TRADED,,7,0,6,1,7,0,0,7,0,-169.65,-11027.25,-24.24,-4.90,-83.33,0,7,169.65,11027.25,
2024-06-20,TRADED,,7,0,3,4,7,0,0,7,0,-112.79,-7331.35,-16.11,-3.21,-36.79,0,7,112.79,7331.35,
2024-06-21,TRADED,,4,0,2,2,4,0,0,4,0,-147.64,-9596.60,-36.91,-8.83,-71.68,0,4,147.64,9596.60,
2024-06-24,TRADED,,2,0,1,1,2,0,0,2,0,-73.35,-4767.75,-36.67,-1.03,-72.32,0,2,73.35,4767.75,
2024-06-25,TRADED,,1,0,1,0,0,1,1,0,0,153.05,9948.25,153.05,153.05,153.05,1,0,0.00,0.00,
2024-06-26,TRADED,,1,0,1,0,0,1,1,0,0,179.30,11654.50,179.30,179.30,179.30,1,0,0.00,0.00,
2024-06-27,TRADED,,4,0,4,0,3,1,2,2,0,-26.79,-1741.35,-6.70,35.50,-68.84,2,2,78.14,5079.10,
2024-06-28,TRADED,,6,0,3,3,5,1,1,5,0,-55.12,-3582.80,-9.19,73.90,-82.49,1,5,129.02,8386.30,
2024-07-01,TRADED,,4,0,2,2,3,1,1,3,0,-19.02,-1236.30,-4.76,32.30,-43.14,1,3,51.32,3335.80,
2024-07-02,TRADED,,6,0,4,2,6,0,1,5,0,-81.85,-5320.25,-13.64,7.91,-31.30,1,4,81.85,5320.25,
2024-07-03,TRADED,,1,0,1,0,1,0,1,0,0,20.49,1331.85,20.49,20.49,20.49,1,0,0.00,0.00,
2024-07-04,TRADED,,3,0,3,0,3,0,0,3,0,-47.66,-3097.90,-15.89,-0.68,-38.38,0,3,47.66,3097.90,
2024-07-05,TRADED,,3,0,0,3,3,0,1,2,0,-100.11,-6507.15,-33.37,3.42,-101.78,1,2,103.53,6729.45,
2024-07-08,TRADED,,6,0,5,1,6,0,0,6,0,-96.91,-6299.15,-16.15,-3.25,-49.72,0,6,96.91,6299.15,
2024-07-09,TRADED,,1,0,1,0,0,1,1,0,0,72.90,4738.50,72.90,72.90,72.90,1,0,0.00,0.00,
2024-07-10,TRADED,,3,0,2,1,2,1,2,1,0,99.34,6457.10,33.11,71.05,-8.56,2,1,8.56,556.40,
2024-07-11,TRADED,,6,0,3,3,6,0,0,6,0,-133.56,-8681.40,-22.26,-2.04,-72.81,0,6,133.56,8681.40,
2024-07-12,TRADED,,1,0,1,0,0,1,1,0,0,56.85,3695.25,56.85,56.85,56.85,1,0,0.00,0.00,
2024-07-15,TRADED,,1,0,1,0,1,0,1,0,0,11.54,750.10,11.54,11.54,11.54,1,0,0.00,0.00,
2024-07-16,TRADED,,3,0,1,2,3,0,1,2,0,-8.35,-542.75,-2.78,6.32,-7.56,1,2,14.67,953.55,
2024-07-18,TRADED,,4,0,2,2,3,1,1,3,0,55.51,3608.15,13.88,186.40,-88.84,1,3,130.89,8507.85,
2024-07-19,TRADED,,3,0,2,1,2,1,1,2,0,19.83,1288.95,6.61,128.00,-82.41,1,2,108.17,7031.05,
2024-07-22,TRADED,,3,0,0,3,2,1,0,3,0,-144.34,-9382.10,-48.11,-3.08,-123.81,0,3,144.34,9382.10,
2024-07-23,TRADED,,6,0,3,3,5,1,1,5,0,-48.43,-3147.95,-8.07,10.21,-25.15,1,3,48.43,3147.95,
2024-07-24,TRADED,,8,0,4,4,8,0,0,8,0,-217.78,-14155.70,-27.22,-8.07,-66.61,0,8,217.78,14155.70,
2024-07-25,TRADED,,2,0,1,1,1,1,1,1,0,-62.19,-4042.35,-31.09,34.55,-96.74,1,1,96.74,6288.10,
2024-07-26,TRADED,,1,0,1,0,0,1,1,0,0,371.85,24170.25,371.85,371.85,371.85,1,0,0.00,0.00,
2024-07-29,TRADED,,4,0,2,2,3,1,1,3,0,-119.17,-7746.05,-29.79,2.45,-68.92,1,3,121.62,7905.30,
2024-07-30,TRADED,,4,0,2,2,4,0,0,4,0,-112.92,-7339.80,-28.23,-9.27,-48.03,0,4,112.92,7339.80,
2024-07-31,TRADED,,9,0,7,2,8,1,0,9,0,-115.46,-7504.90,-12.83,-1.06,-20.07,0,9,115.46,7504.90,
2024-08-01,TRADED,,6,0,2,4,6,0,0,6,0,-148.65,-9662.25,-24.78,-2.55,-70.88,0,6,148.65,9662.25,
2024-08-02,TRADED,,1,0,0,1,0,1,1,0,0,109.10,7091.50,109.10,109.10,109.10,1,0,0.00,0.00,
2024-08-05,TRADED,,1,0,0,1,0,1,1,0,0,167.70,10900.50,167.70,167.70,167.70,1,0,0.00,0.00,
2024-08-06,TRADED,,2,0,1,1,1,1,1,1,0,45.85,2980.25,22.92,195.95,-150.10,1,1,150.10,9756.50,
2024-08-07,TRADED,,1,0,1,0,0,1,1,0,0,44.35,2882.75,44.35,44.35,44.35,1,0,0.00,0.00,
2024-08-08,TRADED,,6,0,1,5,5,1,1,5,0,-163.78,-10645.70,-27.30,45.15,-69.62,1,5,208.93,13580.45,
2024-08-09,TRADED,,1,0,1,0,0,1,0,1,0,-17.90,-1163.50,-17.90,-17.90,-17.90,0,1,17.90,1163.50,
2024-08-12,TRADED,,2,0,1,1,2,0,0,2,0,-88.22,-5734.30,-44.11,-23.17,-65.05,0,2,88.22,5734.30,
2024-08-13,TRADED,,1,0,0,1,0,1,1,0,0,201.25,13081.25,201.25,201.25,201.25,1,0,0.00,0.00,
2024-08-14,TRADED,,5,0,3,2,5,0,0,5,0,-110.54,-7185.10,-22.11,-13.10,-34.67,0,5,110.54,7185.10,
2024-08-16,TRADED,,1,0,1,0,0,1,1,0,0,168.70,10965.50,168.70,168.70,168.70,1,0,0.00,0.00,
2024-08-19,TRADED,,2,0,2,0,2,0,1,1,0,-25.07,-1629.55,-12.54,2.90,-27.97,1,1,27.97,1818.05,
2024-08-20,TRADED,,1,0,1,0,1,0,1,0,0,73.81,4797.65,73.81,73.81,73.81,1,0,0.00,0.00,
2024-08-21,TRADED,,5,0,4,1,4,1,1,4,0,-19.43,-1262.95,-3.89,42.85,-30.77,1,4,62.28,4048.20,
2024-08-22,TRADED,,2,0,1,1,2,0,0,2,0,-28.60,-1859.00,-14.30,-12.02,-16.58,0,2,28.60,1859.00,
2024-08-23,TRADED,,8,0,6,2,8,0,0,8,0,-65.57,-4262.05,-8.20,-1.82,-15.30,0,8,65.57,4262.05,
2024-08-26,TRADED,,1,0,1,0,0,1,1,0,0,88.65,5762.25,88.65,88.65,88.65,1,0,0.00,0.00,
2024-08-27,TRADED,,4,0,2,2,4,0,0,4,0,-28.58,-1857.70,-7.14,-2.90,-18.15,0,4,28.58,1857.70,
2024-08-28,TRADED,,2,0,1,1,2,0,1,1,0,-22.01,-1430.65,-11.01,1.34,-23.35,1,1,23.35,1517.75,
2024-08-29,TRADED,,6,0,3,3,6,0,0,6,0,-145.34,-9447.10,-24.22,-6.49,-59.86,0,6,145.34,9447.10,
2024-08-30,TRADED,,1,0,1,0,1,0,0,1,0,-27.07,-1759.55,-27.07,-27.07,-27.07,0,1,27.07,1759.55,
2024-09-02,TRADED,,4,0,1,3,4,0,0,4,0,-82.76,-5379.40,-20.69,-7.89,-33.83,0,4,82.76,5379.40,
2024-09-03,TRADED,,5,0,3,2,4,1,1,4,0,-24.21,-1573.65,-4.84,3.35,-8.35,1,4,27.56,1791.40,
2024-09-04,TRADED,,4,0,1,3,3,1,1,3,0,-58.55,-3805.75,-14.64,29.90,-77.33,1,3,88.45,5749.25,
2024-09-05,TRADED,,5,0,4,1,4,1,2,3,0,-40.25,-2616.25,-8.05,18.05,-54.19,1,2,58.30,3789.50,
2024-09-06,TRADED,,1,0,0,1,0,1,1,0,0,284.95,18521.75,284.95,284.95,284.95,1,0,0.00,0.00,
2024-09-09,TRADED,,5,0,3,2,4,1,1,4,0,-86.20,-5603.00,-17.24,76.35,-115.35,1,4,162.55,10565.75,
2024-09-10,TRADED,,1,0,1,0,1,0,1,0,0,27.02,1756.30,27.02,27.02,27.02,1,0,0.00,0.00,
2024-09-11,TRADED,,7,0,3,4,6,1,1,6,0,106.57,6927.05,15.22,158.90,-26.10,1,6,52.33,3401.45,
2024-09-12,TRADED,,10,0,4,6,9,1,1,9,0,241.25,15681.25,24.12,403.55,-51.11,1,9,162.30,10549.50,
2024-09-13,TRADED,,2,0,2,0,2,0,1,1,0,39.17,2546.05,19.59,42.59,-3.42,1,1,3.42,222.30,
2024-09-16,TRADED,,6,0,3,3,6,0,0,6,0,-74.18,-4821.70,-12.36,-0.95,-27.81,0,6,74.18,4821.70,
2024-09-17,TRADED,,3,0,1,2,2,1,1,2,0,-14.21,-923.65,-4.74,15.60,-19.73,1,2,29.81,1937.65,
2024-09-18,TRADED,,5,0,3,2,4,1,0,5,0,-61.53,-3999.45,-12.31,-4.85,-25.45,0,5,61.53,3999.45,
2024-09-19,TRADED,,5,0,3,2,4,1,0,5,0,-204.84,-13314.60,-40.97,-8.28,-125.60,0,5,204.84,13314.60,
2024-09-20,TRADED,,4,0,4,0,3,1,1,3,0,55.87,3631.55,13.97,148.00,-54.54,1,3,92.13,5988.45,
2024-09-23,TRADED,,1,0,1,0,0,1,1,0,0,46.75,3038.75,46.75,46.75,46.75,1,0,0.00,0.00,
2024-09-24,TRADED,,3,0,2,1,3,0,1,2,0,-11.96,-777.40,-3.99,2.33,-12.61,1,2,14.29,928.85,
2024-09-25,TRADED,,3,0,1,2,2,1,1,2,0,47.45,3084.25,15.82,72.10,-12.35,1,2,24.65,1602.25,
2024-09-26,TRADED,,2,0,2,0,1,1,1,1,0,96.71,6286.15,48.35,97.35,-0.64,1,1,0.64,41.60,
2024-09-27,TRADED,,3,0,1,2,2,1,0,3,0,-64.14,-4169.10,-21.38,-8.35,-36.37,0,3,64.14,4169.10,
2024-09-30,TRADED,,1,0,0,1,0,1,1,0,0,252.95,16441.75,252.95,252.95,252.95,1,0,0.00,0.00,
2024-10-01,TRADED,,4,0,0,4,4,0,1,3,0,-29.83,-1938.95,-7.46,18.46,-30.16,1,3,48.29,3138.85,
2024-10-03,TRADED,,1,0,0,1,0,1,1,0,0,329.70,21430.50,329.70,329.70,329.70,1,0,0.00,0.00,
2024-10-04,TRADED,,4,0,2,2,3,1,1,3,0,-145.79,-9476.35,-36.45,96.30,-181.68,1,3,242.09,15735.85,
2024-10-07,TRADED,,1,0,0,1,1,0,1,0,0,161.20,10478.00,161.20,161.20,161.20,1,0,0.00,0.00,
2024-10-08,TRADED,,3,0,1,2,2,1,1,2,0,31.02,2016.30,10.34,88.70,-34.21,1,2,57.68,3749.20,
2024-10-09,TRADED,,4,0,3,1,3,1,2,2,0,89.99,5849.35,22.50,63.15,-4.93,1,2,8.18,531.70,
2024-10-10,TRADED,,5,0,0,5,4,1,2,3,0,-55.32,-3595.80,-11.06,23.86,-57.55,1,2,69.96,4547.40,
2024-10-11,TRADED,,4,0,0,4,4,0,1,3,0,-49.15,-3194.75,-12.29,14.52,-38.51,1,2,49.15,3194.75,
2024-10-14,TRADED,,1,0,1,0,0,1,1,0,0,82.25,5346.25,82.25,82.25,82.25,1,0,0.00,0.00,
2024-10-15,TRADED,,2,0,1,1,1,1,1,1,0,-51.41,-3341.65,-25.71,2.65,-54.06,1,1,54.06,3513.90,
2024-10-16,TRADED,,4,0,2,2,4,0,1,3,0,-71.85,-4670.25,-17.96,32.07,-45.31,1,2,71.85,4670.25,
2024-10-17,TRADED,,1,0,0,1,0,1,1,0,0,181.30,11784.50,181.30,181.30,181.30,1,0,0.00,0.00,
2024-10-18,TRADED,,3,0,1,2,2,1,1,2,0,-132.70,-8625.50,-44.23,55.60,-171.92,1,2,188.30,12239.50,
2024-10-21,TRADED,,7,0,2,5,7,0,0,7,0,-234.04,-15212.60,-33.43,-1.03,-94.81,0,7,234.04,15212.60,
2024-10-22,TRADED,,2,0,1,1,1,1,1,1,0,164.98,10723.70,82.49,189.40,-24.42,1,1,24.42,1587.30,
2024-10-23,TRADED,,8,0,4,4,7,1,1,7,0,-128.45,-8349.25,-16.06,28.45,-83.89,1,7,156.90,10198.50,
2024-10-24,TRADED,,1,0,0,1,1,0,1,0,0,3.13,203.45,3.13,3.13,3.13,1,0,0.00,0.00,
2024-10-25,TRADED,,2,0,1,1,1,1,1,1,0,50.28,3268.20,25.14,78.45,-28.17,1,1,28.17,1831.05,
2024-10-28,TRADED,,2,0,2,0,2,0,1,1,0,27.19,1767.35,13.59,82.47,-55.28,1,1,55.28,3593.20,
2024-10-29,TRADED,,4,0,3,1,3,1,1,3,0,-25.44,-1653.60,-6.36,56.75,-42.56,1,3,82.19,5342.35,
2024-10-30,TRADED,,2,0,1,1,1,1,2,0,0,68.30,4439.50,34.15,34.90,33.40,2,0,0.00,0.00,
2024-10-31,TRADED,,1,0,0,1,0,1,1,0,0,61.00,3965.00,61.00,61.00,61.00,1,0,0.00,0.00,
2024-11-01,SKIPPED,missing_required_session_timestamp,0,1,0,0,0,0,0,0,0,0.00,0.00,0.00,,,0,0,0.00,0.00,"Missing required NIFTY timestamps: 24 missing timestamps from 2024-11-01T09:15:00+05:30 through 2024-11-01T15:00:00+05:30; first 5: 2024-11-01T09:15:00+05:30, 2024-11-01T09:30:00+05:30, 2024-11-01T09:45:00+05:30, 2024-11-01T10:00:00+05:30, 2024-11-01T10:15:00+05:30; last 5: 2024-11-01T14:00:00+05:30, 2024-11-01T14:15:00+05:30, 2024-11-01T14:30:00+05:30, 2024-11-01T14:45:00+05:30, 2024-11-01T15:00:00+05:30"
2024-11-04,TRADED,,1,0,0,1,1,0,1,0,0,105.24,6840.60,105.24,105.24,105.24,1,0,0.00,0.00,
2024-11-05,TRADED,,4,0,2,2,3,1,1,3,0,-6.12,-397.80,-1.53,134.35,-68.98,1,3,140.47,9130.55,
2024-11-06,TRADED,,1,0,1,0,0,1,1,0,0,127.80,8307.00,127.80,127.80,127.80,1,0,0.00,0.00,
2024-11-07,TRADED,,1,0,0,1,0,1,1,0,0,154.95,10071.75,154.95,154.95,154.95,1,0,0.00,0.00,
2024-11-08,TRADED,,5,0,0,5,5,0,0,5,0,-59.70,-3880.50,-11.94,-1.26,-40.02,0,5,59.70,3880.50,
2024-11-11,TRADED,,4,0,2,2,4,0,0,4,0,-141.74,-9213.10,-35.44,-8.89,-56.27,0,4,141.74,9213.10,
2024-11-12,TRADED,,2,0,0,2,1,1,1,1,0,261.14,16974.10,130.57,293.55,-32.41,1,1,32.41,2106.65,
2024-11-13,TRADED,,1,0,0,1,0,1,1,0,0,256.60,16679.00,256.60,256.60,256.60,1,0,0.00,0.00,
2024-11-14,TRADED,,2,0,0,2,2,0,1,1,0,-36.78,-2390.70,-18.39,36.50,-73.28,1,1,73.28,4763.20,
2024-11-18,TRADED,,6,0,3,3,6,0,0,6,0,-114.88,-7467.20,-19.15,-8.42,-42.68,0,6,114.88,7467.20,
2024-11-19,TRADED,,1,0,1,0,1,0,1,0,0,32.31,2100.15,32.31,32.31,32.31,1,0,0.00,0.00,
2024-11-21,TRADED,,1,0,0,1,1,0,1,0,0,30.72,1996.80,30.72,30.72,30.72,1,0,0.00,0.00,
2024-11-22,TRADED,,1,0,1,0,0,1,1,0,0,411.75,26763.75,411.75,411.75,411.75,1,0,0.00,0.00,
2024-11-25,TRADED,,3,0,2,1,3,0,0,3,0,-147.62,-9595.30,-49.21,-1.55,-137.24,0,3,147.62,9595.30,
2024-11-26,TRADED,,5,0,2,3,5,0,0,5,0,-155.40,-10101.00,-31.08,-4.56,-48.48,0,5,155.40,10101.00,
2024-11-27,TRADED,,5,0,4,1,4,1,1,4,0,29.48,1916.20,5.90,76.25,-21.74,1,4,46.77,3040.05,
2024-11-28,TRADED,,2,0,1,1,1,1,1,1,0,190.65,12392.25,95.33,198.35,-7.70,1,1,7.70,500.50,
2024-11-29,TRADED,,3,0,1,2,2,1,1,2,0,-39.24,-2550.60,-13.08,44.90,-59.98,1,2,84.14,5469.10,
2024-12-02,TRADED,,6,0,4,2,5,1,1,5,0,-33.07,-2149.55,-5.51,134.95,-68.46,1,5,168.02,10921.30,
2024-12-03,TRADED,,1,0,1,0,0,1,1,0,0,161.30,10484.50,161.30,161.30,161.30,1,0,0.00,0.00,
2024-12-04,TRADED,,6,0,2,4,5,1,1,5,0,-150.32,-9770.80,-25.05,2.85,-45.81,1,5,153.17,9956.05,
2024-12-05,TRADED,,3,0,2,1,3,0,0,3,0,-119.48,-7766.20,-39.83,-14.03,-85.27,0,3,119.48,7766.20,
2024-12-06,TRADED,,3,0,2,1,3,0,0,3,0,-39.20,-2548.00,-13.07,-6.18,-22.12,0,3,39.20,2548.00,
2024-12-09,TRADED,,4,0,1,3,4,0,1,3,0,-21.06,-1368.90,-5.27,5.66,-18.87,1,2,25.75,1673.75,
2024-12-10,TRADED,,5,0,2,3,5,0,1,4,0,-56.69,-3684.85,-11.34,20.85,-36.29,1,4,77.54,5040.10,
2024-12-11,TRADED,,3,0,2,1,3,0,1,2,0,-23.24,-1510.60,-7.75,10.09,-23.77,1,1,23.77,1545.05,
2024-12-12,TRADED,,2,0,1,1,1,1,1,1,0,81.01,5265.65,40.50,85.05,-4.04,1,1,4.04,262.60,
2024-12-13,TRADED,,2,0,1,1,1,1,1,1,0,162.63,10570.95,81.31,211.00,-48.37,1,1,48.37,3144.05,
2024-12-16,TRADED,,5,0,2,3,5,0,0,5,0,-178.30,-11589.50,-35.66,-2.99,-64.24,0,5,178.30,11589.50,
2024-12-17,TRADED,,1,0,0,1,0,1,1,0,0,257.50,16737.50,257.50,257.50,257.50,1,0,0.00,0.00,
2024-12-18,TRADED,,2,0,0,2,1,1,1,1,0,-43.14,-2804.10,-21.57,48.20,-91.34,1,1,91.34,5937.10,
2024-12-19,TRADED,,1,0,0,1,0,1,0,1,0,-59.85,-3890.25,-59.85,-59.85,-59.85,0,1,59.85,3890.25,
2024-12-20,TRADED,,6,0,1,5,5,1,1,5,0,102.48,6661.20,17.08,301.70,-103.46,1,5,199.22,12949.30,
2024-12-23,TRADED,,6,0,3,3,6,0,0,6,0,-187.87,-12211.55,-31.31,-1.88,-74.10,0,6,187.87,12211.55,
2024-12-24,TRADED,,3,0,2,1,2,1,1,2,0,1.35,87.75,0.45,32.75,-19.12,1,2,31.40,2041.00,
2024-12-26,TRADED,,7,0,3,4,7,0,0,7,0,-98.80,-6422.00,-14.11,-1.69,-37.64,0,7,98.80,6422.00,
2024-12-27,TRADED,,2,0,1,1,1,1,1,1,0,20.95,1361.75,10.48,33.45,-12.50,1,1,12.50,812.50,
2024-12-30,TRADED,,5,0,1,4,4,1,1,4,0,-16.84,-1094.60,-3.37,154.70,-71.98,1,4,171.54,11150.10,
2024-12-31,TRADED,,2,0,1,1,1,1,1,1,0,-54.31,-3530.15,-27.15,8.35,-62.66,1,1,62.66,4072.90,
2025-01-01,TRADED,,3,0,2,1,2,1,1,2,0,31.96,2077.40,10.65,86.70,-39.63,1,2,54.74,3558.10,
2025-01-02,TRADED,,1,0,1,0,0,1,1,0,0,420.05,27303.25,420.05,420.05,420.05,1,0,0.00,0.00,
2025-01-03,TRADED,,5,0,2,3,4,1,1,4,0,-103.57,-6732.05,-20.71,91.00,-86.38,1,4,194.57,12647.05,
2025-01-06,TRADED,,3,0,0,3,2,1,1,2,0,163.31,10615.15,54.44,297.35,-108.74,1,2,134.04,8712.60,
2025-01-07,TRADED,,4,0,3,1,4,0,0,4,0,-101.87,-6621.55,-25.47,-12.42,-44.21,0,4,101.87,6621.55,
2025-01-08,TRADED,,2,0,1,1,1,1,2,0,0,55.47,3605.55,27.73,38.90,16.57,2,0,0.00,0.00,
2025-01-09,TRADED,,5,0,3,2,4,1,1,4,0,-59.97,-3898.05,-11.99,34.95,-45.96,1,4,94.92,6169.80,
2025-01-10,TRADED,,7,0,5,2,6,1,2,5,0,-59.50,-3867.50,-8.50,29.05,-42.78,1,5,94.81,6162.65,
2025-01-13,TRADED,,1,0,0,1,0,1,1,0,0,165.75,10773.75,165.75,165.75,165.75,1,0,0.00,0.00,
2025-01-14,TRADED,,8,0,4,4,8,0,1,7,0,-99.94,-6496.10,-12.49,0.32,-48.14,1,6,99.94,6496.10,
2025-01-15,TRADED,,5,0,3,2,5,0,0,5,0,-129.10,-8391.50,-25.82,-7.80,-46.23,0,5,129.10,8391.50,
2025-01-16,TRADED,,2,0,2,0,2,0,0,2,0,-52.30,-3399.50,-26.15,-0.49,-51.81,0,2,52.30,3399.50,
2025-01-17,TRADED,,3,0,1,2,3,0,1,2,0,-51.50,-3347.50,-17.17,6.57,-33.70,1,1,51.50,3347.50,
2025-01-20,TRADED,,2,0,2,0,1,1,1,1,0,112.40,7306.00,56.20,125.05,-12.65,1,1,12.65,822.25,
2025-01-21,TRADED,,5,0,2,3,4,1,2,3,0,73.42,4772.30,14.68,194.40,-87.67,1,2,121.71,7911.15,
2025-01-22,TRADED,,2,0,1,1,1,1,2,0,0,68.44,4448.60,34.22,45.35,23.09,2,0,0.00,0.00,
2025-01-23,TRADED,,1,0,1,0,1,0,1,0,0,111.14,7224.10,111.14,111.14,111.14,1,0,0.00,0.00,
2025-01-24,TRADED,,5,0,2,3,4,1,1,4,0,17.90,1163.50,3.58,142.15,-77.67,1,4,124.25,8076.25,
2025-01-27,TRADED,,1,0,0,1,0,1,1,0,0,130.90,8508.50,130.90,130.90,130.90,1,0,0.00,0.00,
2025-01-28,TRADED,,3,0,3,0,3,0,1,2,0,25.06,1628.90,8.35,85.50,-32.78,1,2,60.44,3928.60,
2025-01-29,TRADED,,3,0,2,1,2,1,1,2,0,47.37,3079.05,15.79,66.65,-16.12,1,2,19.28,1253.20,
2025-01-30,TRADED,,3,0,1,2,3,0,1,2,0,-14.12,-917.80,-4.71,51.03,-63.67,1,2,65.15,4234.75,
2025-01-31,TRADED,,1,0,1,0,0,1,1,0,0,189.10,12291.50,189.10,189.10,189.10,1,0,0.00,0.00,
2025-02-01,TRADED,,5,0,2,3,5,0,1,4,0,-159.57,-10372.05,-31.91,9.98,-85.82,1,4,169.55,11020.75,
2025-02-03,TRADED,,4,0,2,2,4,0,0,4,0,-60.60,-3939.00,-15.15,-2.63,-29.72,0,4,60.60,3939.00,
2025-02-04,TRADED,,1,0,1,0,0,1,1,0,0,229.65,14927.25,229.65,229.65,229.65,1,0,0.00,0.00,
2025-02-05,TRADED,,4,0,3,1,3,1,1,3,0,-26.43,-1717.95,-6.61,39.30,-44.30,1,3,65.73,4272.45,
2025-02-06,TRADED,,1,0,0,1,0,1,1,0,0,100.65,6542.25,100.65,100.65,100.65,1,0,0.00,0.00,
2025-02-07,TRADED,,6,0,2,4,5,1,0,6,0,-110.49,-7181.85,-18.42,-1.46,-59.92,0,6,110.49,7181.85,
2025-02-10,TRADED,,1,0,0,1,1,0,1,0,0,76.26,4956.90,76.26,76.26,76.26,1,0,0.00,0.00,
2025-02-11,TRADED,,1,0,0,1,0,1,1,0,0,240.80,15652.00,240.80,240.80,240.80,1,0,0.00,0.00,
2025-02-12,TRADED,,5,0,3,2,5,0,0,5,0,-133.74,-8693.10,-26.75,-1.34,-50.15,0,5,133.74,8693.10,
2025-02-13,TRADED,,2,0,1,1,1,1,2,0,0,146.46,9519.90,73.23,98.71,47.75,2,0,0.00,0.00,
2025-02-14,TRADED,,2,0,1,1,1,1,1,1,0,106.12,6897.80,53.06,110.67,-4.55,1,1,4.55,295.75,
2025-02-17,TRADED,,7,0,4,3,6,1,1,6,0,-21.78,-1415.70,-3.11,109.35,-34.98,1,6,131.13,8523.45,
2025-02-18,TRADED,,5,0,2,3,4,1,1,4,0,-80.30,-5219.50,-16.06,29.95,-40.46,1,4,110.25,7166.25,
2025-02-19,TRADED,,5,0,2,3,5,0,0,5,0,-125.43,-8152.95,-25.09,-0.41,-47.10,0,5,125.43,8152.95,
2025-02-20,TRADED,,4,0,2,2,3,1,2,2,0,-58.33,-3791.45,-14.58,12.25,-58.22,1,1,70.58,4587.70,
2025-02-21,TRADED,,2,0,1,1,2,0,1,1,0,16.50,1072.50,8.25,16.85,-0.35,1,1,0.35,22.75,
2025-02-24,TRADED,,1,0,0,1,0,1,1,0,0,67.05,4358.25,67.05,67.05,67.05,1,0,0.00,0.00,
2025-02-25,TRADED,,7,0,4,3,7,0,1,6,0,-83.32,-5415.80,-11.90,1.28,-39.63,1,6,84.60,5499.00,
2025-02-27,TRADED,,4,0,2,2,4,0,0,4,0,-42.17,-2741.05,-10.54,-7.02,-18.70,0,4,42.17,2741.05,
2025-02-28,TRADED,,1,0,0,1,0,1,1,0,0,211.45,13744.25,211.45,211.45,211.45,1,0,0.00,0.00,
2025-03-03,TRADED,,4,0,3,1,3,1,1,3,0,24.94,1621.10,6.23,75.82,-29.70,1,3,50.88,3307.20,
2025-03-04,TRADED,,5,0,1,4,4,1,0,5,0,-113.34,-7367.10,-22.67,-1.32,-80.21,0,5,113.34,7367.10,
2025-03-05,TRADED,,1,0,1,0,0,1,1,0,0,141.70,9210.50,141.70,141.70,141.70,1,0,0.00,0.00,
2025-03-06,TRADED,,4,0,3,1,3,1,1,3,0,107.53,6989.45,26.88,173.30,-42.32,1,3,65.77,4275.05,
2025-03-07,TRADED,,6,0,4,2,6,0,1,5,0,-42.00,-2730.00,-7.00,13.94,-25.91,1,5,55.94,3636.10,
2025-03-10,TRADED,,4,0,2,2,3,1,2,2,0,121.82,7918.30,30.45,121.25,-3.88,1,2,4.61,299.65,
2025-03-11,TRADED,,2,0,1,1,1,1,1,1,0,-64.83,-4213.95,-32.41,25.95,-90.78,1,1,90.78,5900.70,
2025-03-12,TRADED,,5,0,3,2,4,1,1,4,0,-35.70,-2320.50,-7.14,8.80,-18.14,1,4,44.50,2892.50,
2025-03-13,TRADED,,2,0,1,1,1,1,1,1,0,-4.63,-300.95,-2.32,32.80,-37.43,1,1,37.43,2432.95,
2025-03-17,TRADED,,6,0,5,1,5,1,0,6,0,-124.32,-8080.80,-20.72,-0.11,-81.10,0,6,124.32,8080.80,
2025-03-18,TRADED,,1,0,1,0,0,1,1,0,0,198.70,12915.50,198.70,198.70,198.70,1,0,0.00,0.00,
2025-03-19,TRADED,,1,0,1,0,0,1,1,0,0,62.60,4069.00,62.60,62.60,62.60,1,0,0.00,0.00,
2025-03-20,TRADED,,1,0,1,0,0,1,1,0,0,118.65,7712.25,118.65,118.65,118.65,1,0,0.00,0.00,
2025-03-21,TRADED,,2,0,2,0,1,1,2,0,0,107.89,7012.85,53.95,95.04,12.85,2,0,0.00,0.00,
2025-03-24,TRADED,,1,0,1,0,0,1,1,0,0,152.90,9938.50,152.90,152.90,152.90,1,0,0.00,0.00,
2025-03-25,TRADED,,8,0,3,5,7,1,1,7,0,-136.24,-8855.60,-17.03,25.60,-47.90,1,7,161.84,10519.60,
2025-03-26,TRADED,,3,0,0,3,2,1,1,2,0,156.92,10199.80,52.31,179.55,-12.40,1,2,22.63,1470.95,
2025-03-27,TRADED,,3,0,2,1,3,0,1,2,0,-70.21,-4563.65,-23.40,8.69,-40.37,1,2,78.90,5128.50,
2025-03-28,TRADED,,6,0,3,3,6,0,0,6,0,-141.89,-9222.85,-23.65,-2.76,-41.13,0,6,141.89,9222.85,
2025-04-01,TRADED,,2,0,0,2,1,1,1,1,0,268.11,17427.15,134.06,340.35,-72.24,1,1,72.24,4695.60,
2025-04-02,TRADED,,3,0,3,0,2,1,1,2,0,37.82,2458.30,12.61,70.40,-26.99,1,2,32.58,2117.70,
2025-04-03,TRADED,,7,0,3,4,6,1,1,6,0,-97.07,-6309.55,-13.87,13.45,-44.04,1,6,110.52,7183.80,
2025-04-04,TRADED,,1,0,0,1,0,1,1,0,0,165.05,10728.25,165.05,165.05,165.05,1,0,0.00,0.00,
2025-04-07,TRADED,,1,0,0,1,1,0,1,0,0,1.41,91.65,1.41,1.41,1.41,1,0,0.00,0.00,
2025-04-08,TRADED,,1,0,1,0,0,1,0,1,0,-16.75,-1088.75,-16.75,-16.75,-16.75,0,1,16.75,1088.75,
2025-04-09,TRADED,,1,0,0,1,0,1,0,1,0,-17.60,-1144.00,-17.60,-17.60,-17.60,0,1,17.60,1144.00,
2025-04-11,TRADED,,2,0,2,0,1,1,2,0,0,15.89,1032.85,7.94,12.54,3.35,2,0,0.00,0.00,
2025-04-15,TRADED,,1,0,1,0,0,1,1,0,0,23.55,1530.75,23.55,23.55,23.55,1,0,0.00,0.00,
2025-04-16,TRADED,,6,0,4,2,5,1,0,6,0,-77.48,-5036.20,-12.91,-5.95,-25.97,0,6,77.48,5036.20,
2025-04-17,TRADED,,4,0,3,1,3,1,1,3,0,214.21,13923.65,53.55,334.90,-55.13,1,3,120.69,7844.85,
2025-04-21,TRADED,,1,0,1,0,0,1,1,0,0,155.10,10081.50,155.10,155.10,155.10,1,0,0.00,0.00,
2025-04-22,TRADED,,4,0,2,2,3,1,2,2,0,42.09,2735.85,10.52,39.80,-10.83,1,2,12.46,809.90,
2025-04-23,TRADED,,5,0,4,1,4,1,1,4,0,-97.30,-6324.50,-19.46,125.75,-113.48,1,4,223.05,14498.25,
2025-04-24,TRADED,,3,0,2,1,2,1,1,2,0,10.44,678.60,3.48,14.35,-2.68,1,2,3.91,254.15,
2025-04-25,TRADED,,5,0,4,1,4,1,1,4,0,-205.47,-13355.55,-41.09,0.29,-78.44,1,3,205.47,13355.55,
2025-04-28,TRADED,,1,0,1,0,0,1,1,0,0,206.15,13399.75,206.15,206.15,206.15,1,0,0.00,0.00,
2025-04-29,TRADED,,7,0,5,2,7,0,0,7,0,-218.68,-14214.20,-31.24,-2.42,-113.77,0,7,218.68,14214.20,
2025-04-30,TRADED,,11,0,5,6,10,1,0,11,0,-133.13,-8653.45,-12.10,-2.10,-23.65,0,11,133.13,8653.45,
2025-05-02,TRADED,,4,0,1,3,4,0,0,4,0,-231.43,-15042.95,-57.86,-7.74,-96.10,0,4,231.43,15042.95,
2025-05-05,TRADED,,1,0,1,0,1,0,1,0,0,15.09,980.85,15.09,15.09,15.09,1,0,0.00,0.00,
2025-05-06,TRADED,,2,0,0,2,2,0,0,2,0,-38.08,-2475.20,-19.04,-4.17,-33.91,0,2,38.08,2475.20,
2025-05-07,TRADED,,8,0,5,3,7,1,0,8,0,-214.49,-13941.85,-26.81,-1.00,-69.98,0,8,214.49,13941.85,
2025-05-08,TRADED,,3,0,2,1,2,1,2,1,0,56.10,3646.50,18.70,57.40,-15.07,2,1,15.07,979.55,
2025-05-09,TRADED,,1,0,0,1,0,1,1,0,0,80.25,5216.25,80.25,80.25,80.25,1,0,0.00,0.00,
2025-05-12,TRADED,,1,0,1,0,0,1,1,0,0,312.25,20296.25,312.25,312.25,312.25,1,0,0.00,0.00,
2025-05-13,TRADED,,5,0,1,4,4,1,1,4,0,-52.44,-3408.60,-10.49,162.30,-129.17,1,4,214.74,13958.10,
2025-05-14,TRADED,,6,0,3,3,6,0,0,6,0,-269.53,-17519.45,-44.92,-19.68,-74.44,0,6,269.53,17519.45,
2025-05-15,TRADED,,6,0,4,2,5,1,1,5,0,192.32,12500.80,32.05,372.45,-137.82,1,5,180.13,11708.45,
2025-05-16,TRADED,,5,0,3,2,5,0,0,5,0,-76.96,-5002.40,-15.39,-5.74,-38.08,0,5,76.96,5002.40,
2025-05-19,TRADED,,6,0,3,3,5,1,1,5,0,-34.07,-2214.55,-5.68,34.90,-25.11,1,5,68.97,4483.05,
2025-05-20,TRADED,,2,0,0,2,1,1,1,1,0,197.97,12868.05,98.98,227.65,-29.68,1,1,29.68,1929.20,
2025-05-21,TRADED,,8,0,3,5,8,0,0,8,0,-194.93,-12670.45,-24.37,-1.02,-78.61,0,8,194.93,12670.45,
2025-05-22,TRADED,,1,0,0,1,1,0,0,1,0,-5.24,-340.60,-5.24,-5.24,-5.24,0,1,5.24,340.60,
2025-05-23,TRADED,,1,0,1,0,0,1,1,0,0,136.95,8901.75,136.95,136.95,136.95,1,0,0.00,0.00,
2025-05-26,TRADED,,1,0,1,0,0,1,0,1,0,-36.05,-2343.25,-36.05,-36.05,-36.05,0,1,36.05,2343.25,
2025-05-27,TRADED,,4,0,2,2,3,1,1,3,0,-220.27,-14317.55,-55.07,28.60,-138.91,1,3,248.87,16176.55,
2025-05-28,TRADED,,5,0,2,3,5,0,0,5,0,-51.93,-3375.45,-10.39,-0.27,-21.60,0,5,51.93,3375.45,
2025-05-29,TRADED,,5,0,2,3,5,0,0,5,0,-50.25,-3266.25,-10.05,-1.23,-22.33,0,5,50.25,3266.25,
2025-05-30,TRADED,,7,0,2,5,7,0,0,7,0,-159.56,-10371.40,-22.79,-0.21,-82.37,0,7,159.56,10371.40,
2025-06-02,TRADED,,3,0,2,1,2,1,1,2,0,-128.07,-8324.55,-42.69,9.75,-120.40,1,2,137.82,8958.30,
2025-06-03,TRADED,,4,0,1,3,3,1,1,3,0,8.18,531.70,2.04,102.50,-45.21,1,3,94.32,6130.80,
2025-06-04,TRADED,,4,0,3,1,3,1,1,3,0,0.30,19.50,0.08,24.20,-15.95,1,3,23.90,1553.50,
2025-06-05,TRADED,,4,0,4,0,4,0,0,4,0,-16.32,-1060.80,-4.08,-0.30,-11.61,0,4,16.32,1060.80,
2025-06-06,TRADED,,2,0,1,1,1,1,1,1,0,152.47,9910.55,76.24,170.55,-18.08,1,1,18.08,1175.20,
2025-06-09,TRADED,,2,0,2,0,2,0,0,2,0,-9.55,-620.75,-4.78,-4.41,-5.14,0,2,9.55,620.75,
2025-06-10,TRADED,,5,0,2,3,4,1,0,5,0,-43.68,-2839.20,-8.74,-0.88,-20.59,0,5,43.68,2839.20,
2025-06-11,TRADED,,3,0,2,1,2,1,2,1,0,2.53,164.45,0.84,11.57,-9.79,2,1,9.79,636.35,
2025-06-12,TRADED,,2,0,1,1,1,1,1,1,0,198.92,12929.80,99.46,205.70,-6.78,1,1,6.78,440.70,
2025-06-13,TRADED,,3,0,0,3,3,0,1,2,0,-114.19,-7422.35,-38.06,3.25,-86.68,1,1,114.19,7422.35,
2025-06-16,TRADED,,1,0,1,0,0,1,1,0,0,165.10,10731.50,165.10,165.10,165.10,1,0,0.00,0.00,
2025-06-17,TRADED,,2,0,0,2,1,1,1,1,0,-2.17,-141.05,-1.08,12.00,-14.17,1,1,14.17,921.05,
2025-06-18,TRADED,,2,0,1,1,2,0,1,1,0,-7.62,-495.30,-3.81,20.05,-27.67,1,1,27.67,1798.55,
2025-06-19,TRADED,,10,0,5,5,10,0,0,10,0,-103.52,-6728.80,-10.35,-0.19,-33.97,0,10,103.52,6728.80,
2025-06-20,TRADED,,1,0,1,0,0,1,1,0,0,286.40,18616.00,286.40,286.40,286.40,1,0,0.00,0.00,
2025-06-23,TRADED,,2,0,1,1,1,1,0,2,0,-104.90,-6818.50,-52.45,-41.55,-63.35,0,2,104.90,6818.50,
2025-06-24,TRADED,,2,0,1,1,1,1,1,1,0,-46.08,-2995.20,-23.04,2.00,-48.08,1,1,48.08,3125.20,
2025-06-25,TRADED,,2,0,1,1,1,1,1,1,0,33.38,2169.70,16.69,45.05,-11.67,1,1,11.67,758.55,
2025-06-26,TRADED,,1,0,1,0,0,1,1,0,0,193.40,12571.00,193.40,193.40,193.40,1,0,0.00,0.00,
2025-06-27,TRADED,,1,0,1,0,0,1,1,0,0,94.40,6136.00,94.40,94.40,94.40,1,0,0.00,0.00,
2025-06-30,TRADED,,2,0,1,1,1,1,1,1,0,10.40,676.00,5.20,33.30,-22.90,1,1,22.90,1488.50,
2025-07-01,TRADED,,9,0,5,4,9,0,0,9,0,-100.05,-6503.25,-11.12,-0.41,-35.07,0,9,100.05,6503.25,
2025-07-02,TRADED,,3,0,2,1,2,1,1,2,0,31.57,2052.05,10.52,64.00,-32.02,1,2,32.43,2107.95,
2025-07-03,TRADED,,4,0,2,2,3,1,1,3,0,-74.99,-4874.35,-18.75,94.15,-76.05,1,3,169.14,10994.10,
2025-07-04,TRADED,,2,0,1,1,1,1,2,0,0,42.11,2737.15,21.05,33.86,8.25,2,0,0.00,0.00,
2025-07-07,TRADED,,5,0,4,1,5,0,0,5,0,-54.75,-3558.75,-10.95,-2.32,-20.75,0,5,54.75,3558.75,
2025-07-08,TRADED,,10,0,8,2,9,1,1,9,0,-33.11,-2152.15,-3.31,53.70,-24.96,1,9,86.81,5642.65,
2025-07-09,TRADED,,3,0,2,1,2,1,1,2,0,-0.27,-17.55,-0.09,23.18,-14.50,1,2,23.45,1524.25,
2025-07-10,TRADED,,3,0,1,2,2,1,2,1,0,31.32,2035.80,10.44,33.28,-2.41,1,1,2.41,156.65,
2025-07-11,TRADED,,1,0,0,1,0,1,1,0,0,160.25,10416.25,160.25,160.25,160.25,1,0,0.00,0.00,
2025-07-14,TRADED,,1,0,0,1,1,0,1,0,0,1.01,65.65,1.01,1.01,1.01,1,0,0.00,0.00,
2025-07-15,TRADED,,2,0,1,1,2,0,1,1,0,5.26,341.90,2.63,17.09,-11.83,1,1,11.83,768.95,
2025-07-16,TRADED,,3,0,2,1,2,1,1,2,0,-31.03,-2016.95,-10.34,3.20,-28.91,1,2,34.23,2224.95,
2025-07-17,TRADED,,7,0,1,6,6,1,1,6,0,-56.47,-3670.55,-8.07,35.40,-37.48,1,6,91.87,5971.55,
2025-07-18,TRADED,,2,0,0,2,2,0,1,1,0,70.23,4564.95,35.12,77.33,-7.10,1,1,7.10,461.50,
2025-07-21,TRADED,,4,0,3,1,3,1,1,3,0,-61.72,-4011.80,-15.43,37.65,-56.01,1,3,99.37,6459.05,
2025-07-22,TRADED,,5,0,3,2,4,1,1,4,0,-69.01,-4485.65,-13.80,6.45,-63.06,1,4,75.46,4904.90,
2025-07-23,TRADED,,1,0,1,0,0,1,1,0,0,115.60,7514.00,115.60,115.60,115.60,1,0,0.00,0.00,
2025-07-24,TRADED,,3,0,2,1,2,1,1,2,0,72.95,4741.75,24.32,97.90,-23.08,1,2,24.95,1621.75,
2025-07-25,TRADED,,1,0,0,1,0,1,1,0,0,146.45,9519.25,146.45,146.45,146.45,1,0,0.00,0.00,
2025-07-28,TRADED,,3,0,0,3,2,1,1,2,0,50.93,3310.45,16.98,134.70,-61.02,1,2,83.77,5445.05,
2025-07-29,TRADED,,4,0,2,2,3,1,2,2,0,81.48,5296.20,20.37,104.90,-18.96,1,2,30.80,2002.00,
2025-07-30,TRADED,,2,0,2,0,2,0,0,2,0,-15.78,-1025.70,-7.89,-0.06,-15.72,0,2,15.78,1025.70,
2025-07-31,TRADED,,3,0,1,2,3,0,0,3,0,-114.76,-7459.40,-38.25,-2.71,-97.29,0,3,114.76,7459.40,
2025-08-01,TRADED,,1,0,0,1,0,1,1,0,0,141.25,9181.25,141.25,141.25,141.25,1,0,0.00,0.00,
2025-08-04,TRADED,,6,0,3,3,5,1,1,5,0,-107.07,-6959.55,-17.84,17.55,-40.44,1,5,124.62,8100.30,
2025-08-05,TRADED,,2,0,0,2,2,0,0,2,0,-35.81,-2327.65,-17.91,-4.53,-31.28,0,2,35.81,2327.65,
2025-08-06,TRADED,,6,0,2,4,5,1,1,5,0,-37.71,-2451.15,-6.29,21.75,-20.95,1,5,59.46,3864.90,
2025-08-07,TRADED,,2,0,1,1,1,1,2,0,0,140.97,9163.05,70.48,76.95,64.02,2,0,0.00,0.00,
2025-08-08,TRADED,,5,0,2,3,4,1,1,4,0,-56.22,-3654.30,-11.24,75.55,-58.73,1,4,131.77,8565.05,
2025-08-11,TRADED,,3,0,2,1,2,1,1,2,0,116.71,7586.15,38.90,162.15,-26.87,1,2,45.44,2953.60,
2025-08-12,TRADED,,4,0,2,2,3,1,2,2,0,-23.37,-1519.05,-5.84,52.40,-72.98,1,1,75.77,4925.05,
2025-08-13,TRADED,,5,0,3,2,4,1,1,4,0,-73.29,-4763.85,-14.66,19.90,-35.63,1,4,93.19,6057.35,
2025-08-14,TRADED,,7,0,5,2,7,0,0,7,0,-46.61,-3029.65,-6.66,-1.08,-12.60,0,7,46.61,3029.65,
2025-08-18,TRADED,,1,0,1,0,1,0,0,1,0,-57.72,-3751.80,-57.72,-57.72,-57.72,0,1,57.72,3751.80,
2025-08-19,TRADED,,4,0,3,1,3,1,2,2,0,-4.42,-287.30,-1.10,2.65,-4.43,2,2,8.02,521.30,
2025-08-20,TRADED,,2,0,1,1,1,1,1,1,0,56.07,3644.55,28.03,71.80,-15.73,1,1,15.73,1022.45,
2025-08-21,TRADED,,3,0,2,1,2,1,2,1,0,37.37,2429.05,12.46,29.81,-14.69,1,1,14.69,954.85,
2025-08-22,TRADED,,1,0,0,1,0,1,1,0,0,113.50,7377.50,113.50,113.50,113.50,1,0,0.00,0.00,
2025-08-25,TRADED,,4,0,3,1,4,0,1,3,0,-59.26,-3851.90,-14.82,2.20,-31.76,1,2,59.26,3851.90,
2025-08-26,TRADED,,1,0,0,1,0,1,1,0,0,104.45,6789.25,104.45,104.45,104.45,1,0,0.00,0.00,
2025-08-28,TRADED,,1,0,0,1,0,1,1,0,0,26.80,1742.00,26.80,26.80,26.80,1,0,0.00,0.00,
2025-08-29,TRADED,,6,0,3,3,5,1,1,5,0,-30.95,-2011.75,-5.16,45.70,-28.77,1,5,76.65,4982.25,
2025-09-01,TRADED,,2,0,2,0,1,1,1,1,0,79.08,5140.20,39.54,94.80,-15.72,1,1,15.72,1021.80,
2025-09-02,TRADED,,2,0,1,1,1,1,2,0,0,100.32,6520.80,50.16,70.25,30.07,2,0,0.00,0.00,
2025-09-03,TRADED,,3,0,2,1,2,1,1,2,0,69.81,4537.65,23.27,122.35,-32.66,1,2,52.54,3415.10,
2025-09-04,TRADED,,2,0,1,1,1,1,1,1,0,-62.18,-4041.70,-31.09,47.00,-109.18,1,1,109.18,7096.70,
2025-09-05,TRADED,,3,0,1,2,2,1,1,2,0,42.11,2737.15,14.04,71.36,-19.45,1,1,19.45,1264.25,
2025-09-08,TRADED,,1,0,1,0,1,0,1,0,0,31.74,2063.10,31.74,31.74,31.74,1,0,0.00,0.00,
2025-09-09,TRADED,,8,0,5,3,7,1,1,7,0,-43.41,-2821.65,-5.43,10.20,-19.88,1,7,53.61,3484.65,
2025-09-10,TRADED,,4,0,2,2,4,0,0,4,0,-106.24,-6905.60,-26.56,-1.19,-54.76,0,4,106.24,6905.60,
2025-09-11,TRADED,,5,0,5,0,4,1,1,4,0,4.20,273.00,0.84,24.20,-9.42,1,4,20.00,1300.00,
2025-09-12,TRADED,,1,0,1,0,0,1,1,0,0,56.70,3685.50,56.70,56.70,56.70,1,0,0.00,0.00,
2025-09-15,TRADED,,7,0,2,5,6,1,1,6,0,-39.39,-2560.35,-5.63,16.65,-22.40,1,6,56.04,3642.60,
2025-09-16,TRADED,,1,0,1,0,0,1,1,0,0,128.45,8349.25,128.45,128.45,128.45,1,0,0.00,0.00,
2025-09-17,TRADED,,3,0,2,1,2,1,1,2,0,-3.87,-251.55,-1.29,2.70,-4.39,1,2,6.57,427.05,
2025-09-18,TRADED,,4,0,2,2,4,0,0,4,0,-94.90,-6168.50,-23.72,-2.62,-51.76,0,4,94.90,6168.50,
2025-09-19,TRADED,,4,0,3,1,4,0,1,3,0,-3.70,-240.50,-0.93,24.33,-17.48,1,3,28.03,1821.95,
2025-09-22,TRADED,,4,0,0,4,3,1,1,3,0,39.35,2557.75,9.84,89.75,-34.54,1,3,50.40,3276.00,
2025-09-23,TRADED,,2,0,1,1,2,0,0,2,0,-20.45,-1329.25,-10.23,-2.67,-17.78,0,2,20.45,1329.25,
2025-09-24,TRADED,,4,0,1,3,3,1,1,3,0,-75.90,-4933.50,-18.97,5.70,-57.36,1,3,81.60,5304.00,
2025-09-25,TRADED,,1,0,0,1,0,1,1,0,0,175.40,11401.00,175.40,175.40,175.40,1,0,0.00,0.00,
2025-09-26,TRADED,,1,0,0,1,0,1,1,0,0,147.30,9574.50,147.30,147.30,147.30,1,0,0.00,0.00,
2025-09-29,TRADED,,7,0,3,4,6,1,1,6,0,-77.59,-5043.35,-11.08,45.90,-28.81,1,6,123.49,8026.85,
2025-09-30,TRADED,,6,0,0,6,5,1,2,4,0,-16.32,-1060.80,-2.72,17.65,-20.76,1,4,35.56,2311.40,
2025-10-01,TRADED,,2,0,2,0,1,1,1,1,0,147.46,9584.90,73.73,159.05,-11.59,1,1,11.59,753.35,
2025-10-03,TRADED,,7,0,7,0,6,1,1,6,0,-34.57,-2247.05,-4.94,59.60,-46.62,1,6,94.17,6121.05,
2025-10-06,TRADED,,1,0,1,0,0,1,1,0,0,172.65,11222.25,172.65,172.65,172.65,1,0,0.00,0.00,
2025-10-07,TRADED,,2,0,1,1,2,0,1,1,0,7.84,509.60,3.92,27.60,-19.76,1,1,19.76,1284.40,
2025-10-08,TRADED,,5,0,3,2,4,1,2,3,0,5.29,343.85,1.06,26.75,-21.25,1,2,21.46,1394.90,
2025-10-09,TRADED,,3,0,2,1,2,1,1,2,0,31.29,2033.85,10.43,77.45,-24.95,1,2,46.16,3000.40,
2025-10-10,TRADED,,1,0,1,0,1,0,1,0,0,43.13,2803.45,43.13,43.13,43.13,1,0,0.00,0.00,
2025-10-13,TRADED,,2,0,1,1,1,1,0,2,0,-55.73,-3622.45,-27.87,-24.78,-30.95,0,2,55.73,3622.45,
2025-10-14,TRADED,,5,0,3,2,5,0,1,4,0,-112.04,-7282.60,-22.41,5.84,-81.31,1,3,112.04,7282.60,
2025-10-15,TRADED,,1,0,1,0,0,1,1,0,0,75.30,4894.50,75.30,75.30,75.30,1,0,0.00,0.00,
2025-10-16,TRADED,,1,0,1,0,0,1,1,0,0,144.35,9382.75,144.35,144.35,144.35,1,0,0.00,0.00,
2025-10-17,TRADED,,4,0,3,1,3,1,1,3,0,36.22,2354.30,9.05,56.51,-16.75,1,3,20.29,1318.85,
2025-10-20,TRADED,,2,0,1,1,2,0,0,2,0,-74.12,-4817.80,-37.06,-25.93,-48.19,0,2,74.12,4817.80,
2025-10-21,SKIPPED,missing_required_session_timestamp,0,1,0,0,0,0,0,0,0,0.00,0.00,0.00,,,0,0,0.00,0.00,"Missing required NIFTY timestamps: 19 missing timestamps from 2025-10-21T09:15:00+05:30 through 2025-10-21T15:00:00+05:30; first 5: 2025-10-21T09:15:00+05:30, 2025-10-21T09:30:00+05:30, 2025-10-21T09:45:00+05:30, 2025-10-21T10:00:00+05:30, 2025-10-21T10:15:00+05:30; last 5: 2025-10-21T12:45:00+05:30, 2025-10-21T13:00:00+05:30, 2025-10-21T13:15:00+05:30, 2025-10-21T13:30:00+05:30, 2025-10-21T15:00:00+05:30"
2025-10-23,TRADED,,2,0,1,1,1,1,1,1,0,48.34,3142.10,24.17,93.20,-44.86,1,1,44.86,2915.90,
2025-10-24,TRADED,,1,0,0,1,0,1,1,0,0,86.90,5648.50,86.90,86.90,86.90,1,0,0.00,0.00,
2025-10-27,TRADED,,1,0,1,0,1,0,1,0,0,50.06,3253.90,50.06,50.06,50.06,1,0,0.00,0.00,
2025-10-28,TRADED,,5,0,3,2,5,0,0,5,0,-90.77,-5900.05,-18.15,-9.13,-24.44,0,5,90.77,5900.05,
2025-10-29,TRADED,,1,0,1,0,1,0,1,0,0,18.51,1203.15,18.51,18.51,18.51,1,0,0.00,0.00,
2025-10-30,TRADED,,1,0,0,1,0,1,1,0,0,104.95,6821.75,104.95,104.95,104.95,1,0,0.00,0.00,
2025-10-31,TRADED,,2,0,1,1,1,1,1,1,0,160.13,10408.45,80.06,163.25,-3.12,1,1,3.12,202.80,
2025-11-03,TRADED,,5,0,3,2,5,0,1,4,0,-139.05,-9038.25,-27.81,1.95,-90.67,1,3,139.05,9038.25,
2025-11-04,TRADED,,1,0,0,1,0,1,1,0,0,130.55,8485.75,130.55,130.55,130.55,1,0,0.00,0.00,
2025-11-06,TRADED,,3,0,0,3,2,1,2,1,0,94.23,6124.95,31.41,66.85,-4.70,1,1,4.70,305.50,
2025-11-07,TRADED,,2,0,1,1,1,1,0,2,0,-126.81,-8242.65,-63.41,-4.90,-121.91,0,2,126.81,8242.65,
2025-11-10,TRADED,,2,0,2,0,2,0,1,1,0,21.73,1412.45,10.86,41.80,-20.07,1,1,20.07,1304.55,
2025-11-11,TRADED,,2,0,1,1,1,1,1,1,0,87.23,5669.95,43.61,122.00,-34.77,1,1,34.77,2260.05,
2025-11-12,TRADED,,1,0,1,0,0,1,1,0,0,90.40,5876.00,90.40,90.40,90.40,1,0,0.00,0.00,
2025-11-13,TRADED,,4,0,1,3,3,1,2,2,0,-17.36,-1128.40,-4.34,31.51,-37.46,1,1,37.46,2434.90,
2025-11-14,TRADED,,1,0,0,1,1,0,1,0,0,14.69,954.85,14.69,14.69,14.69,1,0,0.00,0.00,
2025-11-17,TRADED,,1,0,1,0,0,1,1,0,0,47.85,3110.25,47.85,47.85,47.85,1,0,0.00,0.00,
2025-11-18,TRADED,,5,0,1,4,4,1,2,3,0,10.66,692.90,2.13,44.65,-17.59,1,3,34.16,2220.40,
2025-11-19,TRADED,,3,0,2,1,2,1,1,2,0,66.12,4297.80,22.04,110.80,-33.47,1,2,44.68,2904.20,
2025-11-20,TRADED,,1,0,1,0,0,1,1,0,0,98.25,6386.25,98.25,98.25,98.25,1,0,0.00,0.00,
2025-11-21,TRADED,,6,0,1,5,5,1,1,5,0,-54.37,-3534.05,-9.06,1.00,-31.84,1,5,55.37,3599.05,
2025-11-24,TRADED,,6,0,3,3,5,1,1,5,0,65.82,4278.30,10.97,114.70,-22.55,1,5,48.88,3177.20,
2025-11-25,TRADED,,4,0,2,2,3,1,1,3,0,-5.78,-375.70,-1.44,77.40,-44.66,1,3,83.18,5406.70,
2025-11-26,TRADED,,1,0,1,0,0,1,1,0,0,233.60,15184.00,233.60,233.60,233.60,1,0,0.00,0.00,
2025-11-27,TRADED,,3,0,2,1,2,1,0,3,0,-134.61,-8749.65,-44.87,-14.17,-60.80,0,3,134.61,8749.65,
2025-11-28,TRADED,,6,0,3,3,5,1,1,5,0,-70.15,-4559.75,-11.69,20.15,-52.56,1,5,90.30,5869.50,
2025-12-01,TRADED,,4,0,2,2,3,1,1,3,0,-32.67,-2123.55,-8.17,27.40,-46.65,1,3,60.07,3904.55,
2025-12-02,TRADED,,1,0,0,1,0,1,1,0,0,93.45,6074.25,93.45,93.45,93.45,1,0,0.00,0.00,
2025-12-03,TRADED,,2,0,0,2,2,0,1,1,0,4.73,307.45,2.36,10.43,-5.70,1,1,5.70,370.50,
2025-12-04,TRADED,,5,0,2,3,4,1,1,4,0,-46.36,-3013.40,-9.27,4.90,-36.73,1,4,51.26,3331.90,
2025-12-05,TRADED,,4,0,3,1,3,1,1,3,0,46.76,3039.40,11.69,71.90,-11.43,1,3,25.14,1634.10,
2025-12-08,TRADED,,2,0,1,1,1,1,1,1,0,113.95,7406.75,56.98,114.65,-0.70,1,1,0.70,45.50,
2025-12-09,TRADED,,5,0,2,3,5,0,0,5,0,-179.71,-11681.15,-35.94,-14.15,-99.77,0,5,179.71,11681.15,
2025-12-10,TRADED,,3,0,2,1,2,1,1,2,0,62.41,4056.65,20.80,79.15,-15.06,1,2,16.74,1088.10,
2025-12-11,TRADED,,4,0,3,1,3,1,1,3,0,19.49,1266.85,4.87,61.75,-30.08,1,3,42.26,2746.90,
2025-12-12,TRADED,,1,0,1,0,0,1,1,0,0,44.65,2902.25,44.65,44.65,44.65,1,0,0.00,0.00,
2025-12-15,TRADED,,3,0,2,1,2,1,1,2,0,-86.89,-5647.85,-28.96,13.40,-83.60,1,2,100.29,6518.85,
2025-12-16,TRADED,,1,0,0,1,0,1,1,0,0,67.05,4358.25,67.05,67.05,67.05,1,0,0.00,0.00,
2025-12-17,TRADED,,3,0,1,2,3,0,1,2,0,-2.58,-167.70,-0.86,39.55,-29.46,1,1,29.46,1914.90,
2025-12-18,TRADED,,4,0,1,3,3,1,0,4,0,-117.39,-7630.35,-29.35,-20.00,-42.93,0,4,117.39,7630.35,
2025-12-19,TRADED,,1,0,1,0,0,1,1,0,0,19.55,1270.75,19.55,19.55,19.55,1,0,0.00,0.00,
2025-12-22,TRADED,,1,0,1,0,0,1,1,0,0,49.25,3201.25,49.25,49.25,49.25,1,0,0.00,0.00,
2025-12-23,TRADED,,3,0,3,0,3,0,1,2,0,-13.56,-881.40,-4.52,4.13,-9.60,1,1,13.56,881.40,
2025-12-24,TRADED,,4,0,2,2,3,1,1,3,0,10.02,651.30,2.50,38.30,-20.34,1,3,28.28,1838.20,
2025-12-26,TRADED,,1,0,0,1,0,1,1,0,0,84.55,5495.75,84.55,84.55,84.55,1,0,0.00,0.00,
2025-12-29,TRADED,,2,0,0,2,1,1,1,1,0,87.90,5713.50,43.95,93.20,-5.30,1,1,5.30,344.50,
2025-12-30,TRADED,,4,0,2,2,4,0,1,3,0,-85.12,-5532.80,-21.28,25.57,-74.64,1,2,85.12,5532.80,
2025-12-31,TRADED,,1,0,1,0,0,1,1,0,0,106.65,6932.25,106.65,106.65,106.65,1,0,0.00,0.00,
2026-01-01,TRADED,,8,0,4,4,8,0,0,8,0,-120.10,-7806.50,-15.01,-2.08,-64.97,0,8,120.10,7806.50,
2026-01-02,TRADED,,1,0,1,0,0,1,1,0,0,116.65,7582.25,116.65,116.65,116.65,1,0,0.00,0.00,
2026-01-05,TRADED,,5,0,4,1,4,1,1,4,0,-49.81,-3237.65,-9.96,45.40,-39.56,1,4,95.21,6188.65,
2026-01-06,TRADED,,1,0,0,1,1,0,0,1,0,-12.61,-819.65,-12.61,-12.61,-12.61,0,1,12.61,819.65,
2026-01-07,TRADED,,4,0,0,4,4,0,0,4,0,-71.35,-4637.75,-17.84,-0.93,-46.84,0,4,71.35,4637.75,
2026-01-08,TRADED,,1,0,0,1,0,1,1,0,0,186.45,12119.25,186.45,186.45,186.45,1,0,0.00,0.00,
2026-01-09,TRADED,,1,0,0,1,0,1,1,0,0,145.85,9480.25,145.85,145.85,145.85,1,0,0.00,0.00,
2026-01-12,TRADED,,2,0,1,1,1,1,1,1,0,-28.11,-1827.15,-14.05,55.45,-83.56,1,1,83.56,5431.40,
2026-01-13,TRADED,,2,0,1,1,2,0,1,1,0,-10.07,-654.55,-5.04,8.37,-18.44,1,1,18.44,1198.60,
2026-01-14,TRADED,,5,0,3,2,5,0,0,5,0,-125.53,-8159.45,-25.11,-12.14,-55.87,0,5,125.53,8159.45,
2026-01-16,TRADED,,4,0,3,1,3,1,2,2,0,-2.09,-135.85,-0.52,19.20,-17.18,1,1,21.29,1383.85,
2026-01-19,TRADED,,2,0,1,1,1,1,1,1,0,-25.51,-1658.15,-12.75,0.85,-26.36,1,1,26.36,1713.40,
2026-01-20,TRADED,,1,0,0,1,0,1,1,0,0,271.30,17634.50,271.30,271.30,271.30,1,0,0.00,0.00,
2026-01-21,TRADED,,5,0,2,3,5,0,0,5,0,-141.62,-9205.30,-28.32,-0.23,-77.63,0,5,141.62,9205.30,
2026-01-22,TRADED,,6,0,3,3,6,0,0,6,0,-340.44,-22128.60,-56.74,-19.68,-171.40,0,6,340.44,22128.60,
2026-01-23,TRADED,,2,0,1,1,1,1,1,1,0,79.79,5186.35,39.89,169.35,-89.56,1,1,89.56,5821.40,
2026-01-27,TRADED,,8,0,5,3,7,1,1,7,0,-330.36,-21473.40,-41.30,30.95,-195.36,1,7,361.31,23485.15,
2026-01-28,TRADED,,2,0,1,1,2,0,0,2,0,-184.55,-11995.75,-92.28,-56.24,-128.31,0,2,184.55,11995.75,
2026-01-29,TRADED,,4,0,2,2,3,1,1,3,0,32.02,2081.30,8.00,126.85,-74.15,1,3,94.83,6163.95,
2026-01-30,TRADED,,4,0,2,2,4,0,0,4,0,-170.49,-11081.85,-42.62,-5.99,-72.24,0,4,170.49,11081.85,
2026-02-01,TRADED,,4,0,2,2,3,1,2,2,0,-10.58,-687.70,-2.65,56.30,-45.43,1,1,66.88,4347.20,
2026-02-02,TRADED,,4,0,2,2,3,1,1,3,0,-19.47,-1265.55,-4.87,122.25,-64.48,1,3,141.72,9211.80,
2026-02-03,TRADED,,1,0,1,0,1,0,0,1,0,-61.52,-3998.80,-61.52,-61.52,-61.52,0,1,61.52,3998.80,
2026-02-04,TRADED,,5,0,2,3,4,1,1,4,0,-68.51,-4453.15,-13.70,11.75,-43.56,1,4,80.26,5216.90,
2026-02-05,TRADED,,1,0,0,1,1,0,1,0,0,40.82,2653.30,40.82,40.82,40.82,1,0,0.00,0.00,
2026-02-06,TRADED,,4,0,2,2,3,1,1,3,0,11.25,731.25,2.81,80.90,-35.50,1,3,69.65,4527.25,
2026-02-09,TRADED,,1,0,1,0,0,1,1,0,0,43.40,2821.00,43.40,43.40,43.40,1,0,0.00,0.00,
2026-02-10,TRADED,,3,0,1,2,3,0,1,2,0,-39.54,-2570.10,-13.18,5.55,-24.25,1,2,45.09,2930.85,
2026-02-11,TRADED,,9,0,7,2,9,0,0,9,0,-134.50,-8742.50,-14.94,-0.13,-32.95,0,9,134.50,8742.50,
2026-02-12,TRADED,,1,0,0,1,0,1,1,0,0,26.30,1709.50,26.30,26.30,26.30,1,0,0.00,0.00,
2026-02-13,TRADED,,1,0,0,1,0,1,1,0,0,108.50,7052.50,108.50,108.50,108.50,1,0,0.00,0.00,
2026-02-16,TRADED,,5,0,1,4,4,1,1,4,0,67.86,4410.90,13.57,157.65,-62.25,1,4,89.79,5836.35,
2026-02-17,TRADED,,3,0,2,1,2,1,2,1,0,97.36,6328.40,32.45,94.32,-9.91,1,1,9.91,644.15,
2026-02-18,TRADED,,6,0,3,3,5,1,1,5,0,-22.26,-1446.90,-3.71,65.15,-45.36,1,5,87.41,5681.65,
2026-02-19,TRADED,,2,0,1,1,1,1,1,1,0,208.51,13553.15,104.25,287.45,-78.94,1,1,78.94,5131.10,
2026-02-20,TRADED,,4,0,3,1,3,1,1,3,0,-242.39,-15755.35,-60.60,3.45,-196.67,1,3,245.84,15979.60,
2026-02-23,TRADED,,6,0,4,2,5,1,1,5,0,-142.91,-9289.15,-23.82,42.05,-121.25,1,5,184.96,12022.40,
2026-02-24,TRADED,,1,0,0,1,0,1,1,0,0,127.45,8284.25,127.45,127.45,127.45,1,0,0.00,0.00,
2026-02-25,TRADED,,2,0,1,1,1,1,0,2,0,-77.61,-5044.65,-38.80,-6.30,-71.31,0,2,77.61,5044.65,
2026-02-26,TRADED,,7,0,3,4,7,0,0,7,0,-126.75,-8238.75,-18.11,-1.44,-31.86,0,7,126.75,8238.75,
2026-02-27,TRADED,,1,0,0,1,0,1,1,0,0,196.65,12782.25,196.65,196.65,196.65,1,0,0.00,0.00,
2026-03-02,TRADED,,2,0,1,1,2,0,1,1,0,29.33,1906.45,14.66,30.72,-1.39,1,1,1.39,90.35,
2026-03-04,TRADED,,2,0,1,1,2,0,0,2,0,-218.32,-14190.80,-109.16,-59.16,-159.16,0,2,218.32,14190.80,
2026-03-05,TRADED,,3,0,2,1,2,1,1,2,0,-32.12,-2087.80,-10.71,23.03,-43.15,1,2,55.15,3584.75,
2026-03-06,TRADED,,6,0,2,4,5,1,1,5,0,33.47,2175.55,5.58,184.05,-52.21,1,5,150.58,9787.70,
2026-03-09,TRADED,,2,0,1,1,1,1,1,1,0,-175.35,-11397.75,-87.68,36.70,-212.05,1,1,212.05,13783.25,
2026-03-10,TRADED,,1,0,1,0,0,1,1,0,0,98.20,6383.00,98.20,98.20,98.20,1,0,0.00,0.00,
2026-03-11,TRADED,,2,0,1,1,1,1,1,1,0,265.20,17238.00,132.60,291.80,-26.60,1,1,26.60,1729.00,
2026-03-12,TRADED,,4,0,0,4,3,1,1,3,0,-200.69,-13044.85,-50.17,5.55,-166.53,1,3,206.24,13405.60,
2026-03-13,TRADED,,1,0,0,1,0,1,1,0,0,307.10,19961.50,307.10,307.10,307.10,1,0,0.00,0.00,
2026-03-16,TRADED,,8,0,2,6,7,1,1,7,0,-146.18,-9501.70,-18.27,87.40,-107.02,1,7,233.58,15182.70,
2026-03-17,TRADED,,1,0,1,0,0,1,1,0,0,233.90,15203.50,233.90,233.90,233.90,1,0,0.00,0.00,
2026-03-18,TRADED,,1,0,1,0,0,1,1,0,0,77.25,5021.25,77.25,77.25,77.25,1,0,0.00,0.00,
2026-03-19,TRADED,,1,0,0,1,0,1,1,0,0,328.80,21372.00,328.80,328.80,328.80,1,0,0.00,0.00,
2026-03-20,TRADED,,3,0,2,1,2,1,1,2,0,5.46,354.90,1.82,92.30,-83.26,1,2,86.84,5644.60,
2026-03-23,TRADED,,1,0,0,1,1,0,1,0,0,73.88,4802.20,73.88,73.88,73.88,1,0,0.00,0.00,
2026-03-24,TRADED,,1,0,1,0,0,1,1,0,0,58.75,3818.75,58.75,58.75,58.75,1,0,0.00,0.00,
2026-03-25,TRADED,,1,0,1,0,1,0,1,0,0,118.74,7718.10,118.74,118.74,118.74,1,0,0.00,0.00,
2026-03-27,TRADED,,1,0,0,1,0,1,1,0,0,242.40,15756.00,242.40,242.40,242.40,1,0,0.00,0.00,
2026-03-30,TRADED,,1,0,0,1,0,1,1,0,0,245.15,15934.75,245.15,245.15,245.15,1,0,0.00,0.00,
2026-04-01,TRADED,,3,0,1,2,2,1,1,2,0,-183.87,-11951.55,-61.29,61.75,-239.70,1,2,245.62,15965.30,
2026-04-02,TRADED,,2,0,1,1,1,1,1,1,0,45.70,2970.50,22.85,224.75,-179.05,1,1,179.05,11638.25,
2026-04-06,TRADED,,1,0,1,0,0,1,1,0,0,380.30,24719.50,380.30,380.30,380.30,1,0,0.00,0.00,
2026-04-07,TRADED,,2,0,2,0,1,1,2,0,0,167.72,10901.80,83.86,149.30,18.42,2,0,0.00,0.00,
2026-04-08,TRADED,,1,0,1,0,0,1,1,0,0,116.40,7566.00,116.40,116.40,116.40,1,0,0.00,0.00,
2026-04-09,TRADED,,2,0,1,1,1,1,0,2,0,-26.47,-1720.55,-13.24,-7.05,-19.42,0,2,26.47,1720.55,
2026-04-10,TRADED,,2,0,2,0,2,0,1,1,0,-3.22,-209.30,-1.61,11.20,-14.42,1,1,14.42,937.30,
2026-04-13,TRADED,,2,0,1,1,1,1,0,2,0,-277.76,-18054.40,-138.88,-48.30,-229.46,0,2,277.76,18054.40,
2026-04-15,TRADED,,1,0,1,0,0,1,1,0,0,35.40,2301.00,35.40,35.40,35.40,1,0,0.00,0.00,
2026-04-16,TRADED,,3,0,2,1,3,0,0,3,0,-166.23,-10804.95,-55.41,-2.72,-131.59,0,3,166.23,10804.95,
2026-04-17,TRADED,,3,0,3,0,2,1,1,2,0,34.31,2230.15,11.44,68.70,-19.57,1,2,34.39,2235.35,
2026-04-20,TRADED,,5,0,3,2,5,0,1,4,0,-97.28,-6323.20,-19.46,5.52,-86.73,1,3,97.28,6323.20,
2026-04-21,TRADED,,1,0,1,0,0,1,1,0,0,124.75,8108.75,124.75,124.75,124.75,1,0,0.00,0.00,
2026-04-22,TRADED,,2,0,0,2,1,1,1,1,0,10.37,674.05,5.18,23.20,-12.83,1,1,12.83,833.95,
2026-04-23,TRADED,,1,0,0,1,0,1,1,0,0,70.50,4582.50,70.50,70.50,70.50,1,0,0.00,0.00,
2026-04-24,TRADED,,1,0,0,1,0,1,1,0,0,162.65,10572.25,162.65,162.65,162.65,1,0,0.00,0.00,
2026-04-27,TRADED,,1,0,1,0,0,1,1,0,0,52.30,3399.50,52.30,52.30,52.30,1,0,0.00,0.00,
2026-04-28,TRADED,,2,0,1,1,1,1,1,1,0,101.06,6568.90,50.53,112.95,-11.89,1,1,11.89,772.85,
2026-04-29,TRADED,,3,0,1,2,2,1,2,1,0,73.57,4782.05,24.52,89.81,-31.54,1,1,31.54,2050.10,
2026-04-30,TRADED,,2,0,1,1,1,1,0,2,0,-170.00,-11050.00,-85.00,-63.75,-106.25,0,2,170.00,11050.00,
2026-05-04,TRADED,,3,0,1,2,2,1,0,3,0,-166.91,-10849.15,-55.64,-27.25,-105.52,0,3,166.91,10849.15,
2026-05-05,TRADED,,3,0,2,1,3,0,0,3,0,-108.54,-7055.10,-36.18,-21.50,-56.80,0,3,108.54,7055.10,
