entry_date,status,skip_reason,expiry_date,next_trading_day,spot_entry_timestamp,spot_entry_open,atm_strike,sold_ce_entry_timestamp,sold_ce_entry_open,sold_ce_exit_timestamp,sold_ce_exit_open,sold_pe_entry_timestamp,sold_pe_entry_open,sold_pe_exit_timestamp,sold_pe_exit_open,buy_ce_strike,buy_ce_entry_timestamp,buy_ce_entry_open,buy_ce_exit_timestamp,buy_ce_exit_open,buy_pe_strike,buy_pe_entry_timestamp,buy_pe_entry_open,buy_pe_exit_timestamp,buy_pe_exit_open,gross_pnl,brokerage,net_pnl,adjustments,remarks
2025-01-01,TRADED,,2025-01-02,2025-01-02,2025-01-01T15:20:00+05:30,23745.95,23750,2025-01-01T15:20:00+05:30,141.65,2025-01-02T09:16:00+05:30,136.69,2025-01-01T15:20:00+05:30,101.9,2025-01-02T09:16:00+05:30,85.45,23950,2025-01-01T15:20:00+05:30,48.3,2025-01-02T09:16:00+05:30,44.3,23500,2025-01-01T15:20:00+05:30,34.54,2025-01-02T09:16:00+05:30,23.7,-371.80,200.00,-571.80,0,
2025-01-02,TRADED,,2025-01-09,2025-01-03,2025-01-02T15:20:00+05:30,24189.45,24200,2025-01-02T15:20:00+05:30,179.65,2025-01-03T09:16:00+05:30,158.65,2025-01-02T15:20:00+05:30,190.0,2025-01-03T09:16:00+05:30,211.2,24500,2025-01-02T15:20:00+05:30,60.15,2025-01-03T09:16:00+05:30,53.3,23800,2025-01-02T15:20:00+05:30,62.2,2025-01-03T09:16:00+05:30,69.0,-2145.00,200.00,-2345.00,0,
2025-01-03,TRADED,,2025-01-09,2025-01-06,2025-01-03T15:20:00+05:30,24000.3,24000,2025-01-03T15:20:00+05:30,158.0,2025-01-06T09:16:00+05:30,165.9,2025-01-03T15:20:00+05:30,156.6,2025-01-06T09:16:00+05:30,138.25,24300,2025-01-03T15:20:00+05:30,51.95,2025-01-06T09:16:00+05:30,52.9,23700,2025-01-03T15:20:00+05:30,49.95,2025-01-06T09:16:00+05:30,42.9,-949.00,200.00,-1149.00,0,
2025-01-06,TRADED,,2025-01-09,2025-01-07,2025-01-06T15:20:00+05:30,23600.6,23600,2025-01-06T15:20:00+05:30,202.65,2025-01-07T09:16:00+05:30,254.9,2025-01-06T15:20:00+05:30,184.5,2025-01-07T09:16:00+05:30,107.15,23950,2025-01-06T15:20:00+05:30,68.2,2025-01-07T09:16:00+05:30,84.95,23200,2025-01-06T15:20:00+05:30,58.0,2025-01-07T09:16:00+05:30,27.7,923.00,200.00,723.00,0,
2025-01-07,TRADED,,2025-01-09,2025-01-08,2025-01-07T15:20:00+05:30,23707.3,23700,2025-01-07T15:20:00+05:30,121.9,2025-01-08T09:16:00+05:30,103.7,2025-01-07T15:20:00+05:30,120.9,2025-01-08T09:16:00+05:30,120.25,23950,2025-01-07T15:20:00+05:30,34.0,2025-01-08T09:16:00+05:30,26.3,23450,2025-01-07T15:20:00+05:30,38.2,2025-01-08T09:16:00+05:30,35.6,143.00,200.00,-57.00,0,
2025-01-08,TRADED,,2025-01-09,2025-01-09,2025-01-08T15:20:00+05:30,23687.4,23700,2025-01-08T15:20:00+05:30,66.15,2025-01-09T09:16:00+05:30,25.25,2025-01-08T15:20:00+05:30,77.59,2025-01-09T09:16:00+05:30,103.65,23900,2025-01-08T15:20:00+05:30,19.14,2025-01-09T09:16:00+05:30,8.19,23550,2025-01-08T15:20:00+05:30,25.55,2025-01-09T09:16:00+05:30,26.7,-769.60,200.00,-969.60,0,
2025-01-09,TRADED,,2025-01-16,2025-01-10,2025-01-09T15:20:00+05:30,23525.85,23550,2025-01-09T15:20:00+05:30,202.85,2025-01-10T09:16:00+05:30,188.85,2025-01-09T15:20:00+05:30,161.25,2025-01-10T09:16:00+05:30,163.8,23900,2025-01-09T15:20:00+05:30,59.85,2025-01-10T09:16:00+05:30,54.45,23200,2025-01-09T15:20:00+05:30,56.4,2025-01-10T09:16:00+05:30,56.45,-494.00,200.00,-694.00,0,
2025-01-10,TRADED,,2025-01-16,2025-01-13,2025-01-10T15:20:00+05:30,23445.65,23450,2025-01-10T15:20:00+05:30,168.2,2025-01-13T09:16:00+05:30,81.15,2025-01-10T15:20:00+05:30,148.9,2025-01-13T09:16:00+05:30,272.14,23750,2025-01-10T15:20:00+05:30,52.5,2025-01-13T09:16:00+05:30,23.0,23100,2025-01-10T15:20:00+05:30,48.15,2025-01-13T09:16:00+05:30,104.95,-4391.40,200.00,-4591.40,0,
2025-01-13,TRADED,,2025-01-16,2025-01-14,2025-01-13T15:20:00+05:30,23098.4,23100,2025-01-13T15:20:00+05:30,157.75,2025-01-14T09:16:00+05:30,195.3,2025-01-13T15:20:00+05:30,114.5,2025-01-14T09:16:00+05:30,68.4,23350,2025-01-13T15:20:00+05:30,50.8,2025-01-14T09:16:00+05:30,63.05,22800,2025-01-13T15:20:00+05:30,37.7,2025-01-14T09:16:00+05:30,21.2,-962.00,200.00,-1162.00,0,
2025-01-14,TRADED,,2025-01-16,2025-01-15,2025-01-14T15:20:00+05:30,23183.35,23200,2025-01-14T15:20:00+05:30,107.35,2025-01-15T09:16:00+05:30,114.2,2025-01-14T15:20:00+05:30,70.55,2025-01-15T09:16:00+05:30,57.95,23400,2025-01-14T15:20:00+05:30,28.1,2025-01-15T09:16:00+05:30,28.75,23000,2025-01-14T15:20:00+05:30,24.2,2025-01-15T09:16:00+05:30,19.7,-1586.00,200.00,-1786.00,0,
2025-01-15,TRADED,,2025-01-16,2025-01-16,2025-01-15T15:20:00+05:30,23206.55,23200,2025-01-15T15:20:00+05:30,62.55,2025-01-16T09:16:00+05:30,129.65,2025-01-15T15:20:00+05:30,50.85,2025-01-16T09:16:00+05:30,10.65,23300,2025-01-15T15:20:00+05:30,21.85,2025-01-16T09:16:00+05:30,56.05,23050,2025-01-15T15:20:00+05:30,17.35,2025-01-16T09:16:00+05:30,3.15,-3874.00,200.00,-4074.00,0,
2025-01-16,TRADED,,2025-01-23,2025-01-17,2025-01-16T15:20:00+05:30,23315.9,23300,2025-01-16T15:20:00+05:30,202.15,2025-01-17T09:16:00+05:30,144.44,2025-01-16T15:20:00+05:30,170.0,2025-01-17T09:16:00+05:30,210.35,23650,2025-01-16T15:20:00+05:30,61.35,2025-01-17T09:16:00+05:30,41.3,22900,2025-01-16T15:20:00+05:30,54.5,2025-01-17T09:16:00+05:30,67.15,509.60,200.00,309.60,0,
2025-01-17,TRADED,,2025-01-23,2025-01-20,2025-01-17T15:20:00+05:30,23206.65,23200,2025-01-17T15:20:00+05:30,183.1,2025-01-20T09:16:00+05:30,198.9,2025-01-17T15:20:00+05:30,145.8,2025-01-20T09:16:00+05:30,120.75,23500,2025-01-17T15:20:00+05:30,56.65,2025-01-20T09:16:00+05:30,63.2,22850,2025-01-17T15:20:00+05:30,46.55,2025-01-20T09:16:00+05:30,34.95,-988.00,200.00,-1188.00,0,
2025-01-20,TRADED,,2025-01-23,2025-01-21,2025-01-20T15:20:00+05:30,23342.8,23350,2025-01-20T15:20:00+05:30,150.35,2025-01-21T09:16:00+05:30,153.0,2025-01-20T15:20:00+05:30,132.55,2025-01-21T09:16:00+05:30,111.6,23600,2025-01-20T15:20:00+05:30,50.3,2025-01-21T09:16:00+05:30,47.5,23050,2025-01-20T15:20:00+05:30,41.7,2025-01-21T09:16:00+05:30,34.4,52.00,200.00,-148.00,0,
2025-01-21,TRADED,,2025-01-23,2025-01-22,2025-01-21T15:20:00+05:30,23036.6,23050,2025-01-21T15:20:00+05:30,147.85,2025-01-22T09:16:00+05:30,134.75,2025-01-21T15:20:00+05:30,102.15,2025-01-22T09:16:00+05:30,88.7,23300,2025-01-21T15:20:00+05:30,46.55,2025-01-22T09:16:00+05:30,37.4,22750,2025-01-21T15:20:00+05:30,28.05,2025-01-22T09:16:00+05:30,21.6,767.00,200.00,567.00,0,
2025-01-22,TRADED,,2025-01-23,2025-01-23,2025-01-22T15:20:00+05:30,23155.6,23150,2025-01-22T15:20:00+05:30,68.4,2025-01-23T09:16:00+05:30,28.85,2025-01-22T15:20:00+05:30,55.3,2025-01-23T09:16:00+05:30,65.25,23300,2025-01-22T15:20:00+05:30,21.4,2025-01-23T09:16:00+05:30,8.85,23000,2025-01-22T15:20:00+05:30,17.5,2025-01-23T09:16:00+05:30,15.65,1872.00,200.00,1672.00,0,
2025-01-23,TRADED,,2025-01-30,2025-01-24,2025-01-23T15:20:00+05:30,23200.4,23200,2025-01-23T15:20:00+05:30,222.6,2025-01-24T09:16:00+05:30,230.15,2025-01-23T15:20:00+05:30,157.0,2025-01-24T09:16:00+05:30,155.1,23550,2025-01-23T15:20:00+05:30,68.55,2025-01-24T09:16:00+05:30,73.15,22800,2025-01-23T15:20:00+05:30,51.35,2025-01-24T09:16:00+05:30,49.15,-2925.00,200.00,-3125.00,0,
2025-01-24,TRADED,,2025-01-30,2025-01-27,2025-01-24T15:20:00+05:30,23098.6,23100,2025-01-24T15:20:00+05:30,184.45,2025-01-27T09:16:00+05:30,112.3,2025-01-24T15:20:00+05:30,151.55,2025-01-27T09:16:00+05:30,250.9,23400,2025-01-24T15:20:00+05:30,61.6,2025-01-27T09:16:00+05:30,35.2,22750,2025-01-24T15:20:00+05:30,47.75,2025-01-27T09:16:00+05:30,89.2,-5239.00,200.00,-5439.00,0,
2025-01-27,TRADED,,2025-01-30,2025-01-28,2025-01-27T15:20:00+05:30,22829.15,22850,2025-01-27T15:20:00+05:30,155.55,2025-01-28T09:16:00+05:30,196.8,2025-01-27T15:20:00+05:30,152.19,2025-01-28T09:16:00+05:30,96.8,23150,2025-01-27T15:20:00+05:30,48.6,2025-01-28T09:16:00+05:30,61.65,22550,2025-01-27T15:20:00+05:30,52.75,2025-01-28T09:16:00+05:30,27.5,-1575.60,200.00,-1775.60,0,
2025-01-28,TRADED,,2025-01-30,2025-01-29,2025-01-28T15:20:00+05:30,22971.95,22950,2025-01-28T15:20:00+05:30,160.75,2025-01-29T09:16:00+05:30,175.0,2025-01-28T15:20:00+05:30,119.95,2025-01-29T09:16:00+05:30,96.8,23200,2025-01-28T15:20:00+05:30,54.1,2025-01-29T09:16:00+05:30,59.0,22650,2025-01-28T15:20:00+05:30,35.4,2025-01-29T09:16:00+05:30,25.55,-1053.00,200.00,-1253.00,0,
2025-01-29,TRADED,,2025-01-30,2025-01-30,2025-01-29T15:20:00+05:30,23162.5,23150,2025-01-29T15:20:00+05:30,143.85,2025-01-30T09:16:00+05:30,133.4,2025-01-29T15:20:00+05:30,148.25,2025-01-30T09:16:00+05:30,153.0,23400,2025-01-29T15:20:00+05:30,44.5,2025-01-30T09:16:00+05:30,36.4,22850,2025-01-29T15:20:00+05:30,50.0,2025-01-30T09:16:00+05:30,48.1,-3198.00,200.00,-3398.00,0,
2025-01-30,TRADED,,2025-02-06,2025-01-31,2025-01-30T15:20:00+05:30,23267.4,23250,2025-01-30T15:20:00+05:30,354.6,2025-01-31T09:16:00+05:30,370.05,2025-01-30T15:20:00+05:30,262.64,2025-01-31T09:16:00+05:30,272.7,23800,2025-01-30T15:20:00+05:30,119.3,2025-01-31T09:16:00+05:30,127.7,22650,2025-01-30T15:20:00+05:30,86.25,2025-01-31T09:16:00+05:30,94.95,-4266.60,200.00,-4466.60,0,
2025-01-31,TRADED,,2025-02-06,2025-02-01,2025-01-31T15:20:00+05:30,23516.05,23500,2025-01-31T15:20:00+05:30,284.6,2025-02-01T09:16:00+05:30,275.39,2025-01-31T15:20:00+05:30,215.0,2025-02-01T09:16:00+05:30,209.25,23950,2025-01-31T15:20:00+05:30,88.6,2025-02-01T09:16:00+05:30,87.55,22950,2025-01-31T15:20:00+05:30,71.7,2025-02-01T09:16:00+05:30,70.59,1248.00,200.00,1048.00,0,
2025-02-01,TRADED,,2025-02-06,2025-02-03,2025-02-01T15:20:00+05:30,23476.95,23500,2025-02-01T15:20:00+05:30,145.44,2025-02-03T09:16:00+05:30,68.45,2025-02-01T15:20:00+05:30,146.19,2025-02-03T09:16:00+05:30,246.85,23800,2025-02-01T15:20:00+05:30,42.6,2025-02-03T09:16:00+05:30,16.7,23200,2025-02-01T15:20:00+05:30,49.7,2025-02-03T09:16:00+05:30,96.45,-2813.20,200.00,-3013.20,0,
2025-02-03,TRADED,,2025-02-06,2025-02-04,2025-02-03T15:20:00+05:30,23357.7,23350,2025-02-03T15:20:00+05:30,134.6,2025-02-04T09:16:00+05:30,191.65,2025-02-03T15:20:00+05:30,99.35,2025-02-04T09:16:00+05:30,48.4,23550,2025-02-03T15:20:00+05:30,45.45,2025-02-04T09:16:00+05:30,72.9,23050,2025-02-03T15:20:00+05:30,30.9,2025-02-04T09:16:00+05:30,13.3,-1105.00,200.00,-1305.00,0,
2025-02-04,TRADED,,2025-02-06,2025-02-05,2025-02-04T15:20:00+05:30,23738.35,23750,2025-02-04T15:20:00+05:30,70.0,2025-02-05T09:16:00+05:30,88.1,2025-02-04T15:20:00+05:30,122.7,2025-02-05T09:16:00+05:30,95.05,23950,2025-02-04T15:20:00+05:30,18.85,2025-02-05T09:16:00+05:30,24.25,23550,2025-02-04T15:20:00+05:30,40.5,2025-02-05T09:16:00+05:30,29.5,-1053.00,200.00,-1253.00,0,
2025-02-05,TRADED,,2025-02-06,2025-02-06,2025-02-05T15:20:00+05:30,23699.05,23700,2025-02-05T15:20:00+05:30,65.3,2025-02-06T09:16:00+05:30,63.2,2025-02-05T15:20:00+05:30,78.95,2025-02-06T09:16:00+05:30,59.45,23900,2025-02-05T15:20:00+05:30,20.6,2025-02-06T09:16:00+05:30,17.7,23550,2025-02-05T15:20:00+05:30,21.9,2025-02-06T09:16:00+05:30,12.7,390.00,200.00,190.00,0,
2025-02-06,TRADED,,2025-02-13,2025-02-07,2025-02-06T15:20:00+05:30,23614.85,23600,2025-02-06T15:20:00+05:30,216.5,2025-02-07T09:16:00+05:30,221.4,2025-02-06T15:20:00+05:30,160.4,2025-02-07T09:16:00+05:30,164.15,23950,2025-02-06T15:20:00+05:30,70.55,2025-02-07T09:16:00+05:30,73.95,23200,2025-02-06T15:20:00+05:30,48.25,2025-02-07T09:16:00+05:30,52.05,-2457.00,200.00,-2657.00,0,
2025-02-07,TRADED,,2025-02-13,2025-02-10,2025-02-07T15:20:00+05:30,23576.9,23600,2025-02-07T15:20:00+05:30,143.3,2025-02-10T09:16:00+05:30,113.7,2025-02-07T15:20:00+05:30,159.25,2025-02-10T09:16:00+05:30,200.9,23900,2025-02-07T15:20:00+05:30,42.5,2025-02-10T09:16:00+05:30,32.79,23300,2025-02-07T15:20:00+05:30,52.6,2025-02-10T09:16:00+05:30,72.25,-2628.60,200.00,-2828.60,0,
2025-02-10,TRADED,,2025-02-13,2025-02-11,2025-02-10T15:20:00+05:30,23379.3,23400,2025-02-10T15:20:00+05:30,145.44,2025-02-11T09:16:00+05:30,127.0,2025-02-10T15:20:00+05:30,130.0,2025-02-11T09:16:00+05:30,155.4,23700,2025-02-10T15:20:00+05:30,41.65,2025-02-11T09:16:00+05:30,34.35,23150,2025-02-10T15:20:00+05:30,44.95,2025-02-11T09:16:00+05:30,58.9,-2160.60,200.00,-2360.60,0,
2025-02-11,TRADED,,2025-02-13,2025-02-12,2025-02-11T15:20:00+05:30,23075.95,23100,2025-02-11T15:20:00+05:30,118.9,2025-02-12T09:16:00+05:30,99.55,2025-02-11T15:20:00+05:30,112.0,2025-02-12T09:16:00+05:30,123.0,23350,2025-02-11T15:20:00+05:30,35.85,2025-02-12T09:16:00+05:30,26.0,22850,2025-02-11T15:20:00+05:30,29.5,2025-02-12T09:16:00+05:30,35.35,-949.00,200.00,-1149.00,0,
2025-02-12,TRADED,,2025-02-13,2025-02-13,2025-02-12T15:20:00+05:30,23045.75,23050,2025-02-12T15:20:00+05:30,87.35,2025-02-13T09:16:00+05:30,109.15,2025-02-12T15:20:00+05:30,87.1,2025-02-13T09:16:00+05:30,55.9,23250,2025-02-12T15:20:00+05:30,24.5,2025-02-13T09:16:00+05:30,29.5,22850,2025-02-12T15:20:00+05:30,26.9,2025-02-13T09:16:00+05:30,15.85,-1209.00,200.00,-1409.00,0,
2025-02-13,TRADED,,2025-02-20,2025-02-14,2025-02-13T15:20:00+05:30,23030.05,23050,2025-02-13T15:20:00+05:30,194.85,2025-02-14T09:16:00+05:30,230.0,2025-02-13T15:20:00+05:30,169.6,2025-02-14T09:16:00+05:30,128.55,23400,2025-02-13T15:20:00+05:30,58.2,2025-02-14T09:16:00+05:30,70.65,22650,2025-02-13T15:20:00+05:30,50.85,2025-02-14T09:16:00+05:30,35.0,-1430.00,200.00,-1630.00,0,
2025-02-14,TRADED,,2025-02-20,2025-02-17,2025-02-14T15:20:00+05:30,22932.9,22950,2025-02-14T15:20:00+05:30,175.5,2025-02-17T09:16:00+05:30,109.2,2025-02-14T15:20:00+05:30,159.25,2025-02-17T09:16:00+05:30,252.0,23250,2025-02-14T15:20:00+05:30,58.6,2025-02-17T09:16:00+05:30,31.65,22600,2025-02-14T15:20:00+05:30,49.75,2025-02-17T09:16:00+05:30,93.9,-4485.00,200.00,-4685.00,0,
2025-02-17,TRADED,,2025-02-20,2025-02-18,2025-02-17T15:20:00+05:30,22961.65,22950,2025-02-17T15:20:00+05:30,171.9,2025-02-18T09:16:00+05:30,165.45,2025-02-17T15:20:00+05:30,135.1,2025-02-18T09:16:00+05:30,140.0,23250,2025-02-17T15:20:00+05:30,50.65,2025-02-18T09:16:00+05:30,48.65,22650,2025-02-17T15:20:00+05:30,46.4,2025-02-18T09:16:00+05:30,47.55,-1898.00,200.00,-2098.00,0,
2025-02-18,TRADED,,2025-02-20,2025-02-19,2025-02-18T15:20:00+05:30,22940.2,22950,2025-02-18T15:20:00+05:30,112.9,2025-02-19T09:16:00+05:30,76.7,2025-02-18T15:20:00+05:30,124.95,2025-02-19T09:16:00+05:30,165.55,23150,2025-02-18T15:20:00+05:30,39.5,2025-02-19T09:16:00+05:30,24.2,22700,2025-02-18T15:20:00+05:30,37.9,2025-02-19T09:16:00+05:30,56.0,-2496.00,200.00,-2696.00,0,
2025-02-19,TRADED,,2025-02-20,2025-02-20,2025-02-19T15:20:00+05:30,22931.25,22950,2025-02-19T15:20:00+05:30,74.59,2025-02-20T09:16:00+05:30,45.35,2025-02-19T15:20:00+05:30,88.8,2025-02-20T09:16:00+05:30,121.45,23100,2025-02-19T15:20:00+05:30,25.0,2025-02-20T09:16:00+05:30,14.7,22750,2025-02-19T15:20:00+05:30,24.35,2025-02-20T09:16:00+05:30,33.15,-3356.60,200.00,-3556.60,0,
2025-02-20,TRADED,,2025-02-27,2025-02-21,2025-02-20T15:20:00+05:30,22919.1,22900,2025-02-20T15:20:00+05:30,185.5,2025-02-21T09:16:00+05:30,164.05,2025-02-20T15:20:00+05:30,143.35,2025-02-21T09:16:00+05:30,154.85,23200,2025-02-20T15:20:00+05:30,60.4,2025-02-21T09:16:00+05:30,48.75,22550,2025-02-20T15:20:00+05:30,42.85,2025-02-21T09:16:00+05:30,45.2,-1911.00,200.00,-2111.00,0,
2025-02-21,TRADED,,2025-02-27,2025-02-24,2025-02-21T15:20:00+05:30,22793.25,22800,2025-02-21T15:20:00+05:30,151.65,2025-02-24T09:16:00+05:30,94.9,2025-02-21T15:20:00+05:30,133.8,2025-02-24T09:16:00+05:30,186.1,23050,2025-02-21T15:20:00+05:30,51.65,2025-02-24T09:16:00+05:30,27.8,22500,2025-02-21T15:20:00+05:30,39.54,2025-02-24T09:16:00+05:30,58.4,-2220.40,200.00,-2420.40,0,
2025-02-24,TRADED,,2025-02-27,2025-02-25,2025-02-24T15:20:00+05:30,22549.9,22550,2025-02-24T15:20:00+05:30,139.55,2025-02-25T09:16:00+05:30,122.1,2025-02-24T15:20:00+05:30,76.05,2025-02-25T09:16:00+05:30,78.3,22750,2025-02-24T15:20:00+05:30,45.15,2025-02-25T09:16:00+05:30,34.54,22350,2025-02-24T15:20:00+05:30,26.35,2025-02-25T09:16:00+05:30,25.55,-1094.60,200.00,-1294.60,0,
2025-02-25,TRADED,,2025-02-27,2025-02-27,2025-02-25T15:20:00+05:30,22545.05,22550,2025-02-25T15:20:00+05:30,81.0,2025-02-27T09:16:00+05:30,60.8,2025-02-25T15:20:00+05:30,46.1,2025-02-27T09:16:00+05:30,26.35,22650,2025-02-25T15:20:00+05:30,26.6,2025-02-27T09:16:00+05:30,12.75,22350,2025-02-25T15:20:00+05:30,12.2,2025-02-27T09:16:00+05:30,4.5,2704.00,200.00,2504.00,0,
2025-02-27,TRADED,,2025-03-06,2025-02-28,2025-02-27T15:20:00+05:30,22540.15,22550,2025-02-27T15:20:00+05:30,170.3,2025-02-28T09:16:00+05:30,88.7,2025-02-27T15:20:00+05:30,119.0,2025-02-28T09:16:00+05:30,229.4,22800,2025-02-27T15:20:00+05:30,57.45,2025-02-28T09:16:00+05:30,25.5,22250,2025-02-27T15:20:00+05:30,39.4,2025-02-28T09:16:00+05:30,92.95,-3952.00,200.00,-4152.00,0,
2025-02-28,TRADED,,2025-03-06,2025-03-03,2025-02-28T15:20:00+05:30,22123.05,22100,2025-02-28T15:20:00+05:30,201.25,2025-03-03T09:16:00+05:30,217.8,2025-02-28T15:20:00+05:30,109.05,2025-03-03T09:16:00+05:30,76.9,22400,2025-02-28T15:20:00+05:30,61.9,2025-03-03T09:16:00+05:30,62.35,21800,2025-02-28T15:20:00+05:30,34.79,2025-03-03T09:16:00+05:30,20.25,-1687.40,200.00,-1887.40,0,
2025-03-03,TRADED,,2025-03-06,2025-03-04,2025-03-03T15:20:00+05:30,22119.55,22100,2025-03-03T15:20:00+05:30,145.69,2025-03-04T09:16:00+05:30,69.59,2025-03-03T15:20:00+05:30,94.25,2025-03-04T09:16:00+05:30,157.9,22350,2025-03-03T15:20:00+05:30,39.6,2025-03-04T09:16:00+05:30,15.25,21850,2025-03-03T15:20:00+05:30,28.95,2025-03-04T09:16:00+05:30,50.8,507.00,200.00,307.00,0,
2025-03-04,TRADED,,2025-03-06,2025-03-05,2025-03-04T15:20:00+05:30,22087.75,22100,2025-03-04T15:20:00+05:30,86.55,2025-03-05T09:16:00+05:30,88.05,2025-03-04T15:20:00+05:30,103.75,2025-03-05T09:16:00+05:30,80.25,22300,2025-03-04T15:20:00+05:30,24.15,2025-03-05T09:16:00+05:30,22.4,21900,2025-03-04T15:20:00+05:30,34.54,2025-03-05T09:16:00+05:30,22.3,2.60,200.00,-197.40,0,
2025-03-05,TRADED,,2025-03-06,2025-03-06,2025-03-05T15:20:00+05:30,22334.4,22350,2025-03-05T15:20:00+05:30,69.4,2025-03-06T09:16:00+05:30,112.5,2025-03-05T15:20:00+05:30,85.15,2025-03-06T09:16:00+05:30,23.2,22500,2025-03-05T15:20:00+05:30,19.55,2025-03-06T09:16:00+05:30,30.5,22150,2025-03-05T15:20:00+05:30,24.05,2025-03-06T09:16:00+05:30,5.6,871.00,200.00,671.00,0,
2025-03-06,TRADED,,2025-03-13,2025-03-07,2025-03-06T15:20:00+05:30,22544.8,22550,2025-03-06T15:20:00+05:30,159.69,2025-03-07T09:16:00+05:30,132.0,2025-03-06T15:20:00+05:30,155.65,2025-03-07T09:16:00+05:30,176.85,22850,2025-03-06T15:20:00+05:30,44.1,2025-03-07T09:16:00+05:30,33.5,22200,2025-03-06T15:20:00+05:30,50.0,2025-03-07T09:16:00+05:30,56.0,-1588.60,200.00,-1788.60,0,
2025-03-07,TRADED,,2025-03-13,2025-03-10,2025-03-07T15:20:00+05:30,22544.05,22550,2025-03-07T15:20:00+05:30,152.8,2025-03-10T09:16:00+05:30,136.3,2025-03-07T15:20:00+05:30,127.0,2025-03-10T09:16:00+05:30,130.1,22800,2025-03-07T15:20:00+05:30,48.1,2025-03-10T09:16:00+05:30,40.9,22250,2025-03-07T15:20:00+05:30,39.29,2025-03-10T09:16:00+05:30,36.6,-1167.40,200.00,-1367.40,0,
2025-03-10,TRADED,,2025-03-13,2025-03-11,2025-03-10T15:20:00+05:30,22452.8,22450,2025-03-10T15:20:00+05:30,128.2,2025-03-11T09:16:00+05:30,70.35,2025-03-10T15:20:00+05:30,114.85,2025-03-11T09:16:00+05:30,177.35,22700,2025-03-10T15:20:00+05:30,33.8,2025-03-11T09:16:00+05:30,17.25,22200,2025-03-10T15:20:00+05:30,36.7,2025-03-11T09:16:00+05:30,60.75,-1339.00,200.00,-1539.00,0,
2025-03-11,TRADED,,2025-03-13,2025-03-12,2025-03-11T15:20:00+05:30,22503.25,22500,2025-03-11T15:20:00+05:30,107.85,2025-03-12T09:16:00+05:30,118.8,2025-03-11T15:20:00+05:30,100.75,2025-03-12T09:16:00+05:30,68.05,22700,2025-03-11T15:20:00+05:30,29.6,2025-03-12T09:16:00+05:30,29.4,22250,2025-03-11T15:20:00+05:30,29.85,2025-03-12T09:16:00+05:30,15.9,-104.00,200.00,-304.00,0,
2025-03-12,TRADED,,2025-03-13,2025-03-13,2025-03-12T15:20:00+05:30,22460.45,22450,2025-03-12T15:20:00+05:30,81.25,2025-03-13T09:16:00+05:30,74.0,2025-03-12T15:20:00+05:30,57.75,2025-03-13T09:16:00+05:30,34.95,22600,2025-03-12T15:20:00+05:30,23.45,2025-03-13T09:16:00+05:30,17.9,22300,2025-03-12T15:20:00+05:30,19.5,2025-03-13T09:16:00+05:30,10.15,1859.00,200.00,1659.00,0,
2025-03-13,TRADED,,2025-03-20,2025-03-17,2025-03-13T15:20:00+05:30,22407.85,22400,2025-03-13T15:20:00+05:30,143.85,2025-03-17T09:16:00+05:30,199.95,2025-03-13T15:20:00+05:30,124.85,2025-03-17T09:16:00+05:30,75.55,22650,2025-03-13T15:20:00+05:30,43.9,2025-03-17T09:16:00+05:30,66.0,22100,2025-03-13T15:20:00+05:30,36.6,2025-03-17T09:16:00+05:30,19.64,-2511.60,200.00,-2711.60,0,
2025-03-17,TRADED,,2025-03-20,2025-03-18,2025-03-17T15:20:00+05:30,22510.15,22500,2025-03-17T15:20:00+05:30,131.0,2025-03-18T09:16:00+05:30,189.0,2025-03-17T15:20:00+05:30,99.7,2025-03-18T09:16:00+05:30,61.8,22700,2025-03-17T15:20:00+05:30,44.4,2025-03-18T09:16:00+05:30,73.45,22250,2025-03-17T15:20:00+05:30,29.8,2025-03-18T09:16:00+05:30,17.6,-2925.00,200.00,-3125.00,0,
2025-03-18,TRADED,,2025-03-20,2025-03-19,2025-03-18T15:20:00+05:30,22848.65,22850,2025-03-18T15:20:00+05:30,97.95,2025-03-19T09:16:00+05:30,97.5,2025-03-18T15:20:00+05:30,87.2,2025-03-19T09:16:00+05:30,80.5,23000,2025-03-18T15:20:00+05:30,30.85,2025-03-19T09:16:00+05:30,31.3,22600,2025-03-18T15:20:00+05:30,26.3,2025-03-19T09:16:00+05:30,21.95,-1235.00,200.00,-1435.00,0,
2025-03-19,TRADED,,2025-03-20,2025-03-20,2025-03-19T15:20:00+05:30,22900.6,22900,2025-03-19T15:20:00+05:30,97.15,2025-03-20T09:16:00+05:30,127.75,2025-03-19T15:20:00+05:30,67.59,2025-03-20T09:16:00+05:30,31.2,23050,2025-03-19T15:20:00+05:30,30.2,2025-03-20T09:16:00+05:30,40.15,22700,2025-03-19T15:20:00+05:30,23.15,2025-03-20T09:16:00+05:30,8.25,-1861.60,200.00,-2061.60,0,
2025-03-20,TRADED,,2025-03-27,2025-03-21,2025-03-20T15:20:00+05:30,23187.7,23200,2025-03-20T15:20:00+05:30,134.8,2025-03-21T09:16:00+05:30,129.65,2025-03-20T15:20:00+05:30,138.05,2025-03-21T09:16:00+05:30,138.4,23450,2025-03-20T15:20:00+05:30,42.15,2025-03-21T09:16:00+05:30,37.75,22900,2025-03-20T15:20:00+05:30,42.0,2025-03-21T09:16:00+05:30,42.4,-1872.00,200.00,-2072.00,0,
2025-03-21,TRADED,,2025-03-27,2025-03-24,2025-03-21T15:20:00+05:30,23347.3,23350,2025-03-21T15:20:00+05:30,140.6,2025-03-24T09:16:00+05:30,207.9,2025-03-21T15:20:00+05:30,117.6,2025-03-24T09:16:00+05:30,70.09,23600,2025-03-21T15:20:00+05:30,41.0,2025-03-24T09:16:00+05:30,73.15,23050,2025-03-21T15:20:00+05:30,34.29,2025-03-24T09:16:00+05:30,18.95,-2854.80,200.00,-3054.80,0,
2025-03-24,TRADED,,2025-03-27,2025-03-25,2025-03-24T15:20:00+05:30,23661.2,23650,2025-03-24T15:20:00+05:30,162.55,2025-03-25T09:16:00+05:30,211.9,2025-03-24T15:20:00+05:30,111.4,2025-03-25T09:16:00+05:30,84.75,23950,2025-03-24T15:20:00+05:30,46.2,2025-03-25T09:16:00+05:30,68.2,23350,2025-03-24T15:20:00+05:30,34.79,2025-03-25T09:16:00+05:30,25.4,-4703.40,200.00,-4903.40,0,
2025-03-25,TRADED,,2025-03-27,2025-03-26,2025-03-25T15:20:00+05:30,23669.3,23650,2025-03-25T15:20:00+05:30,147.65,2025-03-26T09:16:00+05:30,128.05,2025-03-25T15:20:00+05:30,75.59,2025-03-26T09:16:00+05:30,85.3,23900,2025-03-25T15:20:00+05:30,42.2,2025-03-26T09:16:00+05:30,33.4,23400,2025-03-25T15:20:00+05:30,23.35,2025-03-26T09:16:00+05:30,24.25,-1562.60,200.00,-1762.60,0,
2025-03-26,TRADED,,2025-03-27,2025-03-27,2025-03-26T15:20:00+05:30,23479.4,23500,2025-03-26T15:20:00+05:30,87.9,2025-03-27T09:16:00+05:30,44.45,2025-03-26T15:20:00+05:30,72.15,2025-03-27T09:16:00+05:30,85.95,23700,2025-03-26T15:20:00+05:30,22.7,2025-03-27T09:16:00+05:30,9.35,23300,2025-03-26T15:20:00+05:30,20.1,2025-03-27T09:16:00+05:30,23.6,3068.00,200.00,2868.00,0,
2025-03-27,TRADED,,2025-04-03,2025-03-28,2025-03-27T15:20:00+05:30,23588.0,23600,2025-03-27T15:20:00+05:30,199.1,2025-03-28T09:16:00+05:30,188.7,2025-03-27T15:20:00+05:30,124.6,2025-03-28T09:16:00+05:30,135.0,23950,2025-03-27T15:20:00+05:30,60.6,2025-03-28T09:16:00+05:30,56.45,23250,2025-03-27T15:20:00+05:30,40.4,2025-03-28T09:16:00+05:30,41.1,-2977.00,200.00,-3177.00,0,
2025-03-28,TRADED,,2025-04-03,2025-04-01,2025-03-28T15:20:00+05:30,23497.4,23500,2025-03-28T15:20:00+05:30,127.9,2025-04-01T09:16:00+05:30,79.15,2025-03-28T15:20:00+05:30,107.3,2025-04-01T09:16:00+05:30,145.5,23750,2025-03-28T15:20:00+05:30,37.79,2025-04-01T09:16:00+05:30,18.14,23250,2025-03-28T15:20:00+05:30,36.0,2025-04-01T09:16:00+05:30,50.0,-806.00,200.00,-1006.00,0,
2025-04-01,TRADED,,2025-04-03,2025-04-02,2025-04-01T15:20:00+05:30,23171.65,23150,2025-04-01T15:20:00+05:30,140.4,2025-04-02T09:16:00+05:30,138.85,2025-04-01T15:20:00+05:30,74.4,2025-04-02T09:16:00+05:30,68.5,23350,2025-04-01T15:20:00+05:30,44.5,2025-04-02T09:16:00+05:30,43.25,22900,2025-04-01T15:20:00+05:30,23.5,2025-04-02T09:16:00+05:30,19.2,-1586.00,200.00,-1786.00,0,
2025-04-02,TRADED,,2025-04-03,2025-04-03,2025-04-02T15:20:00+05:30,23328.6,23350,2025-04-02T15:20:00+05:30,55.3,2025-04-03T09:16:00+05:30,7.85,2025-04-02T15:20:00+05:30,99.25,2025-04-03T09:16:00+05:30,181.5,23550,2025-04-02T15:20:00+05:30,13.95,2025-04-03T09:16:00+05:30,2.15,23150,2025-04-02T15:20:00+05:30,28.25,2025-04-03T09:16:00+05:30,53.6,-7605.00,200.00,-7805.00,0,
2025-04-03,TRADED,,2025-04-09,2025-04-04,2025-04-03T15:20:00+05:30,23243.55,23250,2025-04-03T15:20:00+05:30,148.5,2025-04-04T09:16:00+05:30,99.05,2025-04-03T15:20:00+05:30,165.35,2025-04-04T09:16:00+05:30,244.9,23550,2025-04-03T15:20:00+05:30,42.4,2025-04-04T09:16:00+05:30,27.1,22900,2025-04-03T15:20:00+05:30,51.5,2025-04-04T09:16:00+05:30,86.9,-4680.00,200.00,-4880.00,0,
2025-04-04,TRADED,,2025-04-09,2025-04-07,2025-04-04T15:20:00+05:30,22902.65,22900,2025-04-04T15:20:00+05:30,112.8,2025-04-07T09:16:00+05:30,20.95,2025-04-04T15:20:00+05:30,128.69,2025-04-07T09:16:00+05:30,686.7,23150,2025-04-04T15:20:00+05:30,31.75,2025-04-07T09:16:00+05:30,6.35,22650,2025-04-04T15:20:00+05:30,44.45,2025-04-07T09:16:00+05:30,482.6,-15966.60,200.00,-16166.60,0,
2025-04-07,TRADED,,2025-04-09,2025-04-08,2025-04-07T15:20:00+05:30,22172.45,22150,2025-04-07T15:20:00+05:30,337.9,2025-04-08T09:16:00+05:30,494.7,2025-04-07T15:20:00+05:30,291.5,2025-04-08T09:16:00+05:30,81.3,22600,2025-04-07T15:20:00+05:30,105.85,2025-04-08T09:16:00+05:30,168.7,21250,2025-04-07T15:20:00+05:30,100.4,2025-04-08T09:16:00+05:30,15.9,6175.00,200.00,5975.00,0,
2025-04-08,TRADED,,2025-04-09,2025-04-09,2025-04-08T15:20:00+05:30,22525.65,22550,2025-04-08T15:20:00+05:30,173.5,2025-04-09T09:16:00+05:30,78.65,2025-04-08T15:20:00+05:30,174.05,2025-04-09T09:16:00+05:30,233.8,22800,2025-04-08T15:20:00+05:30,55.75,2025-04-09T09:16:00+05:30,20.2,22100,2025-04-08T15:20:00+05:30,57.95,2025-04-09T09:16:00+05:30,56.15,-2665.00,200.00,-2865.00,0,
2025-04-09,TRADED,,2025-04-17,2025-04-11,2025-04-09T15:20:00+05:30,22396.5,22400,2025-04-09T15:20:00+05:30,324.8,2025-04-11T09:16:00+05:30,502.0,2025-04-09T15:20:00+05:30,287.6,2025-04-11T09:16:00+05:30,113.45,22900,2025-04-09T15:20:00+05:30,108.0,2025-04-11T09:16:00+05:30,182.75,21600,2025-04-09T15:20:00+05:30,95.35,2025-04-11T09:16:00+05:30,29.95,-442.00,200.00,-642.00,0,
2025-04-11,TRADED,,2025-04-17,2025-04-15,2025-04-11T15:20:00+05:30,22818.15,22800,2025-04-11T15:20:00+05:30,277.55,2025-04-15T09:16:00+05:30,531.7,2025-04-11T15:20:00+05:30,231.9,2025-04-15T09:16:00+05:30,33.0,23250,2025-04-11T15:20:00+05:30,90.95,2025-04-15T09:16:00+05:30,186.25,22250,2025-04-11T15:20:00+05:30,79.0,2025-04-15T09:16:00+05:30,9.75,-9672.00,200.00,-9872.00,0,
2025-04-15,TRADED,,2025-04-17,2025-04-16,2025-04-15T15:20:00+05:30,23327.2,23350,2025-04-15T15:20:00+05:30,79.25,2025-04-16T09:16:00+05:30,34.9,2025-04-15T15:20:00+05:30,126.7,2025-04-16T09:16:00+05:30,125.55,23600,2025-04-15T15:20:00+05:30,21.8,2025-04-16T09:16:00+05:30,7.4,23100,2025-04-15T15:20:00+05:30,38.25,2025-04-16T09:16:00+05:30,25.1,2587.00,200.00,2387.00,0,
2025-04-16,TRADED,,2025-04-17,2025-04-17,2025-04-16T15:20:00+05:30,23439.25,23450,2025-04-16T15:20:00+05:30,58.55,2025-04-17T09:16:00+05:30,20.8,2025-04-16T15:20:00+05:30,119.65,2025-04-17T09:16:00+05:30,109.3,23650,2025-04-16T15:20:00+05:30,19.3,2025-04-17T09:16:00+05:30,4.65,23250,2025-04-16T15:20:00+05:30,32.7,2025-04-17T09:16:00+05:30,10.65,884.00,200.00,684.00,0,
2025-04-17,TRADED,,2025-04-24,2025-04-21,2025-04-17T15:20:00+05:30,23848.95,23850,2025-04-17T15:20:00+05:30,190.3,2025-04-21T09:16:00+05:30,226.9,2025-04-17T15:20:00+05:30,189.9,2025-04-21T09:16:00+05:30,114.6,24200,2025-04-17T15:20:00+05:30,59.95,2025-04-21T09:16:00+05:30,71.09,23350,2025-04-17T15:20:00+05:30,61.9,2025-04-21T09:16:00+05:30,27.4,1908.40,200.00,1708.40,0,
2025-04-21,TRADED,,2025-04-24,2025-04-22,2025-04-21T15:20:00+05:30,24131.25,24150,2025-04-21T15:20:00+05:30,122.7,2025-04-22T09:16:00+05:30,98.4,2025-04-21T15:20:00+05:30,121.6,2025-04-22T09:16:00+05:30,115.95,24400,2025-04-21T15:20:00+05:30,41.85,2025-04-22T09:16:00+05:30,30.95,23850,2025-04-21T15:20:00+05:30,38.25,2025-04-22T09:16:00+05:30,28.15,247.00,200.00,47.00,0,
2025-04-22,TRADED,,2025-04-24,2025-04-23,2025-04-22T15:20:00+05:30,24165.0,24150,2025-04-22T15:20:00+05:30,107.3,2025-04-23T09:16:00+05:30,170.8,2025-04-22T15:20:00+05:30,82.05,2025-04-23T09:16:00+05:30,36.54,24350,2025-04-22T15:20:00+05:30,35.25,2025-04-23T09:16:00+05:30,59.55,23950,2025-04-22T15:20:00+05:30,28.0,2025-04-23T09:16:00+05:30,13.8,-4131.40,200.00,-4331.40,0,
2025-04-23,TRADED,,2025-04-24,2025-04-24,2025-04-23T15:20:00+05:30,24328.15,24350,2025-04-23T15:20:00+05:30,49.6,2025-04-24T09:16:00+05:30,19.64,2025-04-23T15:20:00+05:30,94.55,2025-04-24T09:16:00+05:30,105.55,24600,2025-04-23T15:20:00+05:30,14.05,2025-04-24T09:16:00+05:30,4.55,24200,2025-04-23T15:20:00+05:30,25.1,2025-04-24T09:16:00+05:30,19.3,-1128.40,200.00,-1328.40,0,
2025-04-24,TRADED,,2025-04-30,2025-04-25,2025-04-24T15:20:00+05:30,24253.4,24250,2025-04-24T15:20:00+05:30,207.4,2025-04-25T09:16:00+05:30,250.15,2025-04-24T15:20:00+05:30,181.8,2025-04-25T09:16:00+05:30,132.0,24600,2025-04-24T15:20:00+05:30,66.7,2025-04-25T09:16:00+05:30,81.59,23800,2025-04-24T15:20:00+05:30,61.3,2025-04-25T09:16:00+05:30,41.3,-1575.60,200.00,-1775.60,0,
2025-04-25,TRADED,,2025-04-30,2025-04-28,2025-04-25T15:20:00+05:30,24034.8,24050,2025-04-25T15:20:00+05:30,171.15,2025-04-28T09:16:00+05:30,185.55,2025-04-25T15:20:00+05:30,174.6,2025-04-28T09:16:00+05:30,110.15,24350,2025-04-25T15:20:00+05:30,59.05,2025-04-28T09:16:00+05:30,55.45,23600,2025-04-25T15:20:00+05:30,59.55,2025-04-28T09:16:00+05:30,31.9,2808.00,200.00,2608.00,0,
2025-04-28,TRADED,,2025-04-30,2025-04-29,2025-04-28T15:20:00+05:30,24336.5,24350,2025-04-28T15:20:00+05:30,101.6,2025-04-29T09:16:00+05:30,127.2,2025-04-28T15:20:00+05:30,101.25,2025-04-29T09:16:00+05:30,55.0,24550,2025-04-28T15:20:00+05:30,30.6,2025-04-29T09:16:00+05:30,38.0,24050,2025-04-28T15:20:00+05:30,35.1,2025-04-29T09:16:00+05:30,16.2,299.00,200.00,99.00,0,
2025-04-29,TRADED,,2025-04-30,2025-04-30,2025-04-29T15:20:00+05:30,24338.85,24350,2025-04-29T15:20:00+05:30,43.7,2025-04-30T09:16:00+05:30,16.5,2025-04-29T15:20:00+05:30,69.8,2025-04-30T09:16:00+05:30,95.35,24500,2025-04-29T15:20:00+05:30,13.85,2025-04-30T09:16:00+05:30,5.7,24200,2025-04-29T15:20:00+05:30,23.85,2025-04-30T09:16:00+05:30,22.0,-4251.00,200.00,-4451.00,0,
2025-04-30,TRADED,,2025-05-08,2025-05-02,2025-04-30T15:20:00+05:30,24323.75,24300,2025-04-30T15:20:00+05:30,271.5,2025-05-02T09:16:00+05:30,302.3,2025-04-30T15:20:00+05:30,211.85,2025-05-02T09:16:00+05:30,150.75,24700,2025-04-30T15:20:00+05:30,83.9,2025-05-02T09:16:00+05:30,93.9,23650,2025-04-30T15:20:00+05:30,71.34,2025-05-02T09:16:00+05:30,40.75,444.60,200.00,244.60,0,
2025-05-02,TRADED,,2025-05-08,2025-05-05,2025-05-02T15:20:00+05:30,24329.05,24350,2025-05-02T15:20:00+05:30,149.75,2025-05-05T09:16:00+05:30,187.2,2025-05-02T15:20:00+05:30,191.95,2025-05-05T09:16:00+05:30,105.35,24650,2025-05-02T15:20:00+05:30,48.6,2025-05-05T09:16:00+05:30,58.75,23900,2025-05-02T15:20:00+05:30,66.7,2025-05-05T09:16:00+05:30,29.8,3744.00,200.00,3544.00,0,
2025-05-05,TRADED,,2025-05-08,2025-05-06,2025-05-05T15:20:00+05:30,24470.15,24450,2025-05-05T15:20:00+05:30,110.1,2025-05-06T09:16:00+05:30,101.45,2025-05-05T15:20:00+05:30,99.15,2025-05-06T09:16:00+05:30,88.5,24650,2025-05-05T15:20:00+05:30,34.54,2025-05-06T09:16:00+05:30,30.7,24100,2025-05-05T15:20:00+05:30,31.2,2025-05-06T09:16:00+05:30,22.0,-452.40,200.00,-652.40,0,
2025-05-06,TRADED,,2025-05-08,2025-05-07,2025-05-06T15:20:00+05:30,24364.6,24350,2025-05-06T15:20:00+05:30,73.8,2025-05-07T09:16:00+05:30,88.95,2025-05-06T15:20:00+05:30,85.75,2025-05-07T09:16:00+05:30,94.35,24500,2025-05-06T15:20:00+05:30,23.1,2025-05-07T09:16:00+05:30,26.8,24000,2025-05-06T15:20:00+05:30,28.25,2025-05-07T09:16:00+05:30,34.2,-5746.00,200.00,-5946.00,0,
2025-05-07,TRADED,,2025-05-08,2025-05-08,2025-05-07T15:20:00+05:30,24409.75,24400,2025-05-07T15:20:00+05:30,42.3,2025-05-08T09:16:00+05:30,41.8,2025-05-07T15:20:00+05:30,79.75,2025-05-08T09:16:00+05:30,29.25,24550,2025-05-07T15:20:00+05:30,14.15,2025-05-08T09:16:00+05:30,9.65,24100,2025-05-07T15:20:00+05:30,27.6,2025-05-08T09:16:00+05:30,3.95,3861.00,200.00,3661.00,0,
2025-05-08,TRADED,,2025-05-15,2025-05-09,2025-05-08T15:20:00+05:30,24266.1,24250,2025-05-08T15:20:00+05:30,256.39,2025-05-09T09:16:00+05:30,194.45,2025-05-08T15:20:00+05:30,277.35,2025-05-09T09:16:00+05:30,346.55,24600,2025-05-08T15:20:00+05:30,89.05,2025-05-09T09:16:00+05:30,64.09,23300,2025-05-08T15:20:00+05:30,91.4,2025-05-09T09:16:00+05:30,120.9,-2787.20,200.00,-2987.20,0,
2025-05-09,TRADED,,2025-05-15,2025-05-12,2025-05-09T15:20:00+05:30,24017.6,24000,2025-05-09T15:20:00+05:30,233.6,2025-05-12T09:16:00+05:30,544.0,2025-05-09T15:20:00+05:30,237.55,2025-05-12T09:16:00+05:30,20.55,24350,2025-05-09T15:20:00+05:30,79.75,2025-05-12T09:16:00+05:30,247.85,23250,2025-05-09T15:20:00+05:30,81.15,2025-05-12T09:16:00+05:30,6.95,-1950.00,200.00,-2150.00,0,
2025-05-12,TRADED,,2025-05-15,2025-05-13,2025-05-12T15:20:00+05:30,24941.45,24950,2025-05-12T15:20:00+05:30,207.45,2025-05-13T09:16:00+05:30,189.2,2025-05-12T15:20:00+05:30,180.45,2025-05-13T09:16:00+05:30,180.1,25300,2025-05-12T15:20:00+05:30,63.45,2025-05-13T09:16:00+05:30,59.45,24450,2025-05-12T15:20:00+05:30,58.2,2025-05-13T09:16:00+05:30,44.8,-1768.00,200.00,-1968.00,0,
2025-05-13,TRADED,,2025-05-15,2025-05-14,2025-05-13T15:20:00+05:30,24580.05,24600,2025-05-13T15:20:00+05:30,131.44,2025-05-14T09:16:00+05:30,115.0,2025-05-13T15:20:00+05:30,150.75,2025-05-14T09:16:00+05:30,135.15,24900,2025-05-13T15:20:00+05:30,43.65,2025-05-14T09:16:00+05:30,29.0,24300,2025-05-13T15:20:00+05:30,43.85,2025-05-14T09:16:00+05:30,34.95,127.40,200.00,-72.60,0,
2025-05-14,TRADED,,2025-05-15,2025-05-15,2025-05-14T15:20:00+05:30,24658.15,24650,2025-05-14T15:20:00+05:30,78.05,2025-05-15T09:16:00+05:30,65.3,2025-05-14T15:20:00+05:30,109.5,2025-05-15T09:16:00+05:30,75.65,24850,2025-05-14T15:20:00+05:30,27.0,2025-05-15T09:16:00+05:30,15.5,24450,2025-05-14T15:20:00+05:30,33.85,2025-05-15T09:16:00+05:30,20.95,3692.00,200.00,3492.00,0,
2025-05-15,TRADED,,2025-05-22,2025-05-16,2025-05-15T15:20:00+05:30,25050.45,25050,2025-05-15T15:20:00+05:30,188.4,2025-05-16T09:16:00+05:30,189.5,2025-05-15T15:20:00+05:30,206.8,2025-05-16T09:16:00+05:30,205.65,25400,2025-05-15T15:20:00+05:30,60.1,2025-05-16T09:16:00+05:30,62.45,24550,2025-05-15T15:20:00+05:30,67.55,2025-05-16T09:16:00+05:30,60.25,-3354.00,200.00,-3554.00,0,
2025-05-16,TRADED,,2025-05-22,2025-05-19,2025-05-16T15:20:00+05:30,25017.5,25000,2025-05-16T15:20:00+05:30,192.8,2025-05-19T09:16:00+05:30,163.35,2025-05-16T15:20:00+05:30,162.6,2025-05-19T09:16:00+05:30,179.5,25350,2025-05-16T15:20:00+05:30,61.6,2025-05-19T09:16:00+05:30,47.0,24600,2025-05-16T15:20:00+05:30,54.65,2025-05-19T09:16:00+05:30,55.0,-2522.00,200.00,-2722.00,0,
2025-05-19,TRADED,,2025-05-22,2025-05-20,2025-05-19T15:20:00+05:30,24944.85,24950,2025-05-19T15:20:00+05:30,149.15,2025-05-20T09:16:00+05:30,162.3,2025-05-19T15:20:00+05:30,163.8,2025-05-20T09:16:00+05:30,114.35,25300,2025-05-19T15:20:00+05:30,43.15,2025-05-20T09:16:00+05:30,42.7,24600,2025-05-19T15:20:00+05:30,49.25,2025-05-20T09:16:00+05:30,26.95,1443.00,200.00,1243.00,0,
2025-05-20,TRADED,,2025-05-22,2025-05-21,2025-05-20T15:20:00+05:30,24676.6,24700,2025-05-20T15:20:00+05:30,133.6,2025-05-21T09:16:00+05:30,130.9,2025-05-20T15:20:00+05:30,102.05,2025-05-21T09:16:00+05:30,85.05,25000,2025-05-20T15:20:00+05:30,39.85,2025-05-21T09:16:00+05:30,32.79,24450,2025-05-20T15:20:00+05:30,32.25,2025-05-21T09:16:00+05:30,22.4,-1354.60,200.00,-1554.60,0,
2025-05-21,TRADED,,2025-05-22,2025-05-22,2025-05-21T15:20:00+05:30,24811.05,24800,2025-05-21T15:20:00+05:30,99.6,2025-05-22T09:16:00+05:30,56.0,2025-05-21T15:20:00+05:30,109.75,2025-05-22T09:16:00+05:30,173.95,25050,2025-05-21T15:20:00+05:30,29.9,2025-05-22T09:16:00+05:30,17.7,24550,2025-05-21T15:20:00+05:30,31.1,2025-05-22T09:16:00+05:30,45.5,-6864.00,200.00,-7064.00,0,
2025-05-22,TRADED,,2025-05-29,2025-05-23,2025-05-22T15:20:00+05:30,24615.1,24600,2025-05-22T15:20:00+05:30,230.55,2025-05-23T09:16:00+05:30,235.2,2025-05-22T15:20:00+05:30,181.2,2025-05-23T09:16:00+05:30,162.5,25000,2025-05-22T15:20:00+05:30,75.2,2025-05-23T09:16:00+05:30,71.65,24200,2025-05-22T15:20:00+05:30,60.8,2025-05-23T09:16:00+05:30,50.95,-1911.00,200.00,-2111.00,0,
2025-05-23,TRADED,,2025-05-29,2025-05-26,2025-05-23T15:20:00+05:30,24856.45,24850,2025-05-23T15:20:00+05:30,218.95,2025-05-26T09:16:00+05:30,297.64,2025-05-23T15:20:00+05:30,188.55,2025-05-26T09:16:00+05:30,129.0,25200,2025-05-23T15:20:00+05:30,76.2,2025-05-26T09:16:00+05:30,118.0,24400,2025-05-23T15:20:00+05:30,57.85,2025-05-26T09:16:00+05:30,35.29,-2054.00,200.00,-2254.00,0,
2025-05-26,TRADED,,2025-05-29,2025-05-27,2025-05-26T15:20:00+05:30,25002.05,25000,2025-05-26T15:20:00+05:30,224.65,2025-05-27T09:16:00+05:30,189.85,2025-05-26T15:20:00+05:30,185.7,2025-05-27T09:16:00+05:30,234.3,25350,2025-05-26T15:20:00+05:30,76.9,2025-05-27T09:16:00+05:30,62.65,24600,2025-05-26T15:20:00+05:30,63.75,2025-05-27T09:16:00+05:30,85.95,-3601.00,200.00,-3801.00,0,
2025-05-27,TRADED,,2025-05-29,2025-05-28,2025-05-27T15:20:00+05:30,24825.6,24850,2025-05-27T15:20:00+05:30,191.7,2025-05-28T09:16:00+05:30,190.0,2025-05-27T15:20:00+05:30,178.65,2025-05-28T09:16:00+05:30,205.0,25200,2025-05-27T15:20:00+05:30,63.95,2025-05-28T09:16:00+05:30,66.7,24500,2025-05-27T15:20:00+05:30,55.5,2025-05-28T09:16:00+05:30,66.84,-4825.60,200.00,-5025.60,0,
2025-05-28,TRADED,,2025-05-29,2025-05-29,2025-05-28T15:20:00+05:30,24747.7,24750,2025-05-28T15:20:00+05:30,118.3,2025-05-29T09:16:00+05:30,177.8,2025-05-28T15:20:00+05:30,101.3,2025-05-29T09:16:00+05:30,29.8,25000,2025-05-28T15:20:00+05:30,40.4,2025-05-29T09:16:00+05:30,53.95,24500,2025-05-28T15:20:00+05:30,28.1,2025-05-29T09:16:00+05:30,6.85,-962.00,200.00,-1162.00,0,
2025-05-29,TRADED,,2025-06-05,2025-05-30,2025-05-29T15:20:00+05:30,24854.1,24850,2025-05-29T15:20:00+05:30,210.0,2025-05-30T09:16:00+05:30,195.6,2025-05-29T15:20:00+05:30,198.6,2025-05-30T09:16:00+05:30,205.4,25250,2025-05-29T15:20:00+05:30,73.4,2025-05-30T09:16:00+05:30,61.1,24500,2025-05-29T15:20:00+05:30,69.05,2025-05-30T09:16:00+05:30,74.55,-1872.00,200.00,-2072.00,0,
2025-05-30,TRADED,,2025-06-05,2025-06-02,2025-05-30T15:20:00+05:30,24746.95,24750,2025-05-30T15:20:00+05:30,227.4,2025-06-02T09:16:00+05:30,151.35,2025-05-30T15:20:00+05:30,181.25,2025-06-02T09:16:00+05:30,298.75,25150,2025-05-30T15:20:00+05:30,76.4,2025-06-02T09:16:00+05:30,45.2,24400,2025-05-30T15:20:00+05:30,63.0,2025-06-02T09:16:00+05:30,130.0,-3549.00,200.00,-3749.00,0,
2025-06-02,TRADED,,2025-06-05,2025-06-03,2025-06-02T15:20:00+05:30,24716.45,24700,2025-06-02T15:20:00+05:30,231.1,2025-06-03T09:16:00+05:30,270.05,2025-06-02T15:20:00+05:30,202.35,2025-06-03T09:16:00+05:30,148.4,25100,2025-06-02T15:20:00+05:30,75.9,2025-06-03T09:16:00+05:30,89.9,24300,2025-06-02T15:20:00+05:30,64.25,2025-06-03T09:16:00+05:30,43.7,117.00,200.00,-83.00,0,
2025-06-03,TRADED,,2025-06-05,2025-06-04,2025-06-03T15:20:00+05:30,24544.35,24550,2025-06-03T15:20:00+05:30,153.45,2025-06-04T09:16:00+05:30,157.1,2025-06-03T15:20:00+05:30,116.0,2025-06-04T09:16:00+05:30,108.9,24850,2025-06-03T15:20:00+05:30,53.55,2025-06-04T09:16:00+05:30,50.65,24300,2025-06-03T15:20:00+05:30,37.95,2025-06-04T09:16:00+05:30,34.4,-2860.00,200.00,-3060.00,0,
2025-06-04,SKIPPED,no_valid_wing_in_premium_band,2025-06-05,2025-06-05,2025-06-04T15:20:00+05:30,24608.75,24600,,,,,,,,,,,,,,,,,,,0.00,0.00,0.00,0,No PE wing contract satisfied the 25%-35% premium band with exact entry/exit timestamps.
2025-06-05,TRADED,,2025-06-12,2025-06-06,2025-06-05T15:20:00+05:30,24767.95,24750,2025-06-05T15:20:00+05:30,207.5,2025-06-06T09:16:00+05:30,188.1,2025-06-05T15:20:00+05:30,166.35,2025-06-06T09:16:00+05:30,182.25,25100,2025-06-05T15:20:00+05:30,71.8,2025-06-06T09:16:00+05:30,60.15,24400,2025-06-05T15:20:00+05:30,57.8,2025-06-06T09:16:00+05:30,64.6,-2431.00,200.00,-2631.00,0,
2025-06-06,TRADED,,2025-06-12,2025-06-09,2025-06-06T15:20:00+05:30,25000.05,25000,2025-06-06T15:20:00+05:30,178.25,2025-06-09T09:16:00+05:30,223.75,2025-06-06T15:20:00+05:30,154.75,2025-06-09T09:16:00+05:30,108.4,25300,2025-06-06T15:20:00+05:30,58.75,2025-06-09T09:16:00+05:30,80.95,24650,2025-06-06T15:20:00+05:30,50.1,2025-06-09T09:16:00+05:30,31.0,-1053.00,200.00,-1253.00,0,
2025-06-09,TRADED,,2025-06-12,2025-06-10,2025-06-09T15:20:00+05:30,25103.35,25100,2025-06-09T15:20:00+05:30,136.6,2025-06-10T09:16:00+05:30,149.4,2025-06-09T15:20:00+05:30,129.65,2025-06-10T09:16:00+05:30,101.65,25350,2025-06-09T15:20:00+05:30,45.5,2025-06-10T09:16:00+05:30,48.2,24800,2025-06-09T15:20:00+05:30,40.1,2025-06-10T09:16:00+05:30,28.55,-429.00,200.00,-629.00,0,
2025-06-10,TRADED,,2025-06-12,2025-06-11,2025-06-10T15:20:00+05:30,25108.85,25100,2025-06-10T15:20:00+05:30,86.5,2025-06-11T09:16:00+05:30,72.2,2025-06-10T15:20:00+05:30,95.9,2025-06-11T09:16:00+05:30,84.25,25300,2025-06-10T15:20:00+05:30,26.5,2025-06-11T09:16:00+05:30,18.85,24850,2025-06-10T15:20:00+05:30,26.55,2025-06-11T09:16:00+05:30,18.95,702.00,200.00,502.00,0,
2025-06-11,TRADED,,2025-06-12,2025-06-12,2025-06-11T15:20:00+05:30,25136.8,25150,2025-06-11T15:20:00+05:30,64.15,2025-06-12T09:16:00+05:30,44.95,2025-06-11T15:20:00+05:30,85.0,2025-06-12T09:16:00+05:30,78.5,25300,2025-06-11T15:20:00+05:30,22.0,2025-06-12T09:16:00+05:30,13.55,24950,2025-06-11T15:20:00+05:30,22.75,2025-06-12T09:16:00+05:30,15.5,520.00,200.00,320.00,0,
2025-06-12,TRADED,,2025-06-19,2025-06-13,2025-06-12T15:20:00+05:30,24876.6,24900,2025-06-12T15:20:00+05:30,178.1,2025-06-13T09:16:00+05:30,78.3,2025-06-12T15:20:00+05:30,177.45,2025-06-13T09:16:00+05:30,414.65,25250,2025-06-12T15:20:00+05:30,51.9,2025-06-13T09:16:00+05:30,22.3,24550,2025-06-12T15:20:00+05:30,61.7,2025-06-13T09:16:00+05:30,207.7,-7540.00,200.00,-7740.00,0,
2025-06-13,TRADED,,2025-06-19,2025-06-16,2025-06-13T15:20:00+05:30,24718.7,24700,2025-06-13T15:20:00+05:30,170.15,2025-06-16T09:16:00+05:30,190.0,2025-06-13T15:20:00+05:30,191.25,2025-06-16T09:16:00+05:30,120.8,25000,2025-06-13T15:20:00+05:30,56.25,2025-06-16T09:16:00+05:30,57.6,24250,2025-06-13T15:20:00+05:30,63.0,2025-06-16T09:16:00+05:30,29.2,2639.00,200.00,2439.00,0,
2025-06-16,TRADED,,2025-06-19,2025-06-17,2025-06-16T15:20:00+05:30,24954.75,24950,2025-06-16T15:20:00+05:30,142.2,2025-06-17T09:16:00+05:30,112.85,2025-06-16T15:20:00+05:30,130.7,2025-06-17T09:16:00+05:30,137.95,25200,2025-06-16T15:20:00+05:30,42.5,2025-06-17T09:16:00+05:30,30.85,24600,2025-06-16T15:20:00+05:30,45.5,2025-06-17T09:16:00+05:30,40.0,-793.00,200.00,-993.00,0,
2025-06-17,TRADED,,2025-06-19,2025-06-18,2025-06-17T15:20:00+05:30,24844.8,24850,2025-06-17T15:20:00+05:30,100.75,2025-06-18T09:16:00+05:30,71.55,2025-06-17T15:20:00+05:30,113.3,2025-06-18T09:16:00+05:30,120.95,25050,2025-06-17T15:20:00+05:30,30.4,2025-06-18T09:16:00+05:30,20.8,24550,2025-06-17T15:20:00+05:30,34.45,2025-06-18T09:16:00+05:30,28.85,-429.00,200.00,-629.00,0,
2025-06-18,TRADED,,2025-06-19,2025-06-19,2025-06-18T15:20:00+05:30,24810.75,24800,2025-06-18T15:20:00+05:30,79.15,2025-06-19T09:16:00+05:30,42.35,2025-06-18T15:20:00+05:30,81.65,2025-06-19T09:16:00+05:30,70.25,25000,2025-06-18T15:20:00+05:30,21.7,2025-06-19T09:16:00+05:30,11.1,24600,2025-06-18T15:20:00+05:30,27.25,2025-06-19T09:16:00+05:30,13.15,4030.00,200.00,3830.00,0,
2025-06-19,TRADED,,2025-06-26,2025-06-20,2025-06-19T15:20:00+05:30,24789.15,24800,2025-06-19T15:20:00+05:30,194.7,2025-06-20T09:16:00+05:30,219.35,2025-06-19T15:20:00+05:30,187.85,2025-06-20T09:16:00+05:30,134.75,25150,2025-06-19T15:20:00+05:30,58.5,2025-06-20T09:16:00+05:30,64.4,24350,2025-06-19T15:20:00+05:30,64.1,2025-06-20T09:16:00+05:30,36.3,-377.00,200.00,-577.00,0,
2025-06-20,TRADED,,2025-06-26,2025-06-23,2025-06-20T15:20:00+05:30,25125.5,25150,2025-06-20T15:20:00+05:30,135.45,2025-06-23T09:16:00+05:30,74.15,2025-06-20T15:20:00+05:30,173.1,2025-06-23T09:16:00+05:30,238.1,25400,2025-06-20T15:20:00+05:30,44.35,2025-06-23T09:16:00+05:30,22.4,24750,2025-06-20T15:20:00+05:30,58.95,2025-06-23T09:16:00+05:30,73.3,-5018.00,200.00,-5218.00,0,
2025-06-23,TRADED,,2025-06-26,2025-06-24,2025-06-23T15:20:00+05:30,24975.9,25000,2025-06-23T15:20:00+05:30,126.7,2025-06-24T09:16:00+05:30,284.5,2025-06-23T15:20:00+05:30,137.0,2025-06-24T09:16:00+05:30,41.45,25250,2025-06-23T15:20:00+05:30,33.95,2025-06-24T09:16:00+05:30,115.05,24650,2025-06-23T15:20:00+05:30,43.15,2025-06-24T09:16:00+05:30,12.1,-5252.00,200.00,-5452.00,0,
2025-06-24,TRADED,,2025-06-26,2025-06-25,2025-06-24T15:20:00+05:30,25054.65,25050,2025-06-24T15:20:00+05:30,129.85,2025-06-25T09:16:00+05:30,150.4,2025-06-24T15:20:00+05:30,86.5,2025-06-25T09:16:00+05:30,51.3,25300,2025-06-24T15:20:00+05:30,33.95,2025-06-25T09:16:00+05:30,36.6,24800,2025-06-24T15:20:00+05:30,25.8,2025-06-25T09:16:00+05:30,12.3,-1092.00,200.00,-1292.00,0,
2025-06-25,TRADED,,2025-06-26,2025-06-26,2025-06-25T15:20:00+05:30,25246.4,25250,2025-06-25T15:20:00+05:30,67.3,2025-06-26T09:16:00+05:30,77.45,2025-06-25T15:20:00+05:30,67.45,2025-06-26T09:16:00+05:30,35.05,25400,2025-06-25T15:20:00+05:30,20.4,2025-06-26T09:16:00+05:30,19.15,25050,2025-06-25T15:20:00+05:30,22.9,2025-06-26T09:16:00+05:30,9.2,-182.00,200.00,-382.00,0,
2025-06-26,TRADED,,2025-07-03,2025-06-27,2025-06-26T15:20:00+05:30,25540.8,25550,2025-06-26T15:20:00+05:30,155.05,2025-06-27T09:16:00+05:30,214.55,2025-06-26T15:20:00+05:30,184.0,2025-06-27T09:16:00+05:30,127.35,25850,2025-06-26T15:20:00+05:30,47.95,2025-06-27T09:16:00+05:30,74.8,25150,2025-06-26T15:20:00+05:30,59.15,2025-06-27T09:16:00+05:30,36.3,-1781.00,200.00,-1981.00,0,
2025-06-27,TRADED,,2025-07-03,2025-06-30,2025-06-27T15:20:00+05:30,25646.1,25650,2025-06-27T15:20:00+05:30,143.8,2025-06-30T09:16:00+05:30,135.6,2025-06-27T15:20:00+05:30,133.75,2025-06-30T09:16:00+05:30,123.75,25900,2025-06-27T15:20:00+05:30,47.75,2025-06-30T09:16:00+05:30,42.35,25350,2025-06-27T15:20:00+05:30,45.85,2025-06-30T09:16:00+05:30,38.6,-637.00,200.00,-837.00,0,
2025-06-30,TRADED,,2025-07-03,2025-07-01,2025-06-30T15:20:00+05:30,25516.35,25500,2025-06-30T15:20:00+05:30,140.2,2025-07-01T09:16:00+05:30,130.55,2025-06-30T15:20:00+05:30,112.1,2025-07-01T09:16:00+05:30,113.55,25750,2025-06-30T15:20:00+05:30,47.7,2025-07-01T09:16:00+05:30,41.8,25250,2025-06-30T15:20:00+05:30,37.1,2025-07-01T09:16:00+05:30,35.55,-1885.00,200.00,-2085.00,0,
2025-07-01,TRADED,,2025-07-03,2025-07-02,2025-07-01T15:20:00+05:30,25549.65,25550,2025-07-01T15:20:00+05:30,96.7,2025-07-02T09:16:00+05:30,101.05,2025-07-01T15:20:00+05:30,83.2,2025-07-02T09:16:00+05:30,65.0,25750,2025-07-01T15:20:00+05:30,28.8,2025-07-02T09:16:00+05:30,26.4,25350,2025-07-01T15:20:00+05:30,23.55,2025-07-02T09:16:00+05:30,15.6,-1170.00,200.00,-1370.00,0,
2025-07-02,TRADED,,2025-07-03,2025-07-03,2025-07-02T15:20:00+05:30,25443.55,25450,2025-07-02T15:20:00+05:30,65.15,2025-07-03T09:16:00+05:30,68.65,2025-07-02T15:20:00+05:30,68.95,2025-07-03T09:16:00+05:30,44.6,25650,2025-07-02T15:20:00+05:30,16.85,2025-07-03T09:16:00+05:30,11.05,25300,2025-07-02T15:20:00+05:30,21.7,2025-07-03T09:16:00+05:30,11.95,-702.00,200.00,-902.00,0,
2025-07-03,TRADED,,2025-07-10,2025-07-04,2025-07-03T15:20:00+05:30,25415.35,25400,2025-07-03T15:20:00+05:30,181.4,2025-07-04T09:16:00+05:30,179.45,2025-07-03T15:20:00+05:30,133.3,2025-07-04T09:16:00+05:30,136.15,25700,2025-07-03T15:20:00+05:30,61.75,2025-07-04T09:16:00+05:30,57.4,25100,2025-07-03T15:20:00+05:30,44.35,2025-07-04T09:16:00+05:30,45.95,-3029.00,200.00,-3229.00,0,
2025-07-04,TRADED,,2025-07-10,2025-07-07,2025-07-04T15:20:00+05:30,25457.1,25450,2025-07-04T15:20:00+05:30,141.7,2025-07-07T09:16:00+05:30,110.95,2025-07-04T15:20:00+05:30,129.0,2025-07-07T09:16:00+05:30,140.9,25700,2025-07-04T15:20:00+05:30,48.5,2025-07-07T09:16:00+05:30,33.3,25150,2025-07-04T15:20:00+05:30,38.85,2025-07-07T09:16:00+05:30,39.65,-923.00,200.00,-1123.00,0,
2025-07-07,TRADED,,2025-07-10,2025-07-08,2025-07-07T15:20:00+05:30,25458.45,25450,2025-07-07T15:20:00+05:30,120.55,2025-07-08T09:16:00+05:30,111.6,2025-07-07T15:20:00+05:30,108.65,2025-07-08T09:16:00+05:30,107.1,25700,2025-07-07T15:20:00+05:30,35.1,2025-07-08T09:16:00+05:30,31.15,25200,2025-07-07T15:20:00+05:30,34.3,2025-07-08T09:16:00+05:30,31.0,-1235.00,200.00,-1435.00,0,
2025-07-08,TRADED,,2025-07-10,2025-07-09,2025-07-08T15:20:00+05:30,25522.35,25500,2025-07-08T15:20:00+05:30,112.4,2025-07-09T09:16:00+05:30,87.65,2025-07-08T15:20:00+05:30,67.0,2025-07-09T09:16:00+05:30,65.65,25700,2025-07-08T15:20:00+05:30,32.65,2025-07-09T09:16:00+05:30,19.8,25300,2025-07-08T15:20:00+05:30,20.15,2025-07-09T09:16:00+05:30,16.8,494.00,200.00,294.00,0,
2025-07-09,TRADED,,2025-07-10,2025-07-10,2025-07-09T15:20:00+05:30,25471.1,25450,2025-07-09T15:20:00+05:30,87.05,2025-07-10T09:16:00+05:30,71.85,2025-07-09T15:20:00+05:30,49.1,2025-07-10T09:16:00+05:30,33.65,25600,2025-07-09T15:20:00+05:30,27.0,2025-07-10T09:16:00+05:30,16.1,25250,2025-07-09T15:20:00+05:30,12.55,2025-07-10T09:16:00+05:30,5.3,1170.00,200.00,970.00,0,
2025-07-10,TRADED,,2025-07-17,2025-07-11,2025-07-10T15:20:00+05:30,25370.45,25350,2025-07-10T15:20:00+05:30,160.2,2025-07-11T09:16:00+05:30,101.35,2025-07-10T15:20:00+05:30,120.6,2025-07-11T09:16:00+05:30,165.45,25650,2025-07-10T15:20:00+05:30,46.55,2025-07-11T09:16:00+05:30,24.4,25050,2025-07-10T15:20:00+05:30,36.85,2025-07-11T09:16:00+05:30,50.1,-754.00,200.00,-954.00,0,
2025-07-11,TRADED,,2025-07-17,2025-07-14,2025-07-11T15:20:00+05:30,25138.55,25150,2025-07-11T15:20:00+05:30,139.15,2025-07-14T09:16:00+05:30,106.6,2025-07-11T15:20:00+05:30,108.3,2025-07-14T09:16:00+05:30,123.75,25400,2025-07-11T15:20:00+05:30,46.7,2025-07-14T09:16:00+05:30,31.35,24900,2025-07-11T15:20:00+05:30,37.05,2025-07-14T09:16:00+05:30,39.7,-936.00,200.00,-1136.00,0,
2025-07-14,TRADED,,2025-07-17,2025-07-15,2025-07-14T15:20:00+05:30,25080.3,25100,2025-07-14T15:20:00+05:30,116.75,2025-07-15T09:16:00+05:30,131.4,2025-07-14T15:20:00+05:30,90.5,2025-07-15T09:16:00+05:30,64.7,25350,2025-07-14T15:20:00+05:30,34.35,2025-07-15T09:16:00+05:30,34.8,24850,2025-07-14T15:20:00+05:30,25.6,2025-07-15T09:16:00+05:30,16.85,-1339.00,200.00,-1539.00,0,
2025-07-15,TRADED,,2025-07-17,2025-07-16,2025-07-15T15:20:00+05:30,25205.15,25200,2025-07-15T15:20:00+05:30,85.35,2025-07-16T09:16:00+05:30,55.5,2025-07-15T15:20:00+05:30,59.75,2025-07-16T09:16:00+05:30,73.45,25400,2025-07-15T15:20:00+05:30,21.9,2025-07-16T09:16:00+05:30,12.5,25000,2025-07-15T15:20:00+05:30,16.05,2025-07-16T09:16:00+05:30,16.4,-234.00,200.00,-434.00,0,
2025-07-16,TRADED,,2025-07-17,2025-07-17,2025-07-16T15:20:00+05:30,25209.5,25200,2025-07-16T15:20:00+05:30,63.15,2025-07-17T09:16:00+05:30,55.2,2025-07-16T15:20:00+05:30,42.6,2025-07-17T09:16:00+05:30,30.05,25350,2025-07-16T15:20:00+05:30,17.75,2025-07-17T09:16:00+05:30,11.2,25050,2025-07-16T15:20:00+05:30,12.55,2025-07-17T09:16:00+05:30,6.5,-26.00,200.00,-226.00,0,
2025-07-17,TRADED,,2025-07-24,2025-07-18,2025-07-17T15:20:00+05:30,25113.65,25100,2025-07-17T15:20:00+05:30,163.1,2025-07-18T09:16:00+05:30,148.6,2025-07-17T15:20:00+05:30,103.55,2025-07-18T09:16:00+05:30,106.0,25350,2025-07-17T15:20:00+05:30,54.2,2025-07-18T09:16:00+05:30,46.95,24800,2025-07-17T15:20:00+05:30,30.3,2025-07-18T09:16:00+05:30,28.85,-1209.00,200.00,-1409.00,0,
2025-07-18,TRADED,,2025-07-24,2025-07-21,2025-07-18T15:20:00+05:30,24966.0,24950,2025-07-18T15:20:00+05:30,160.95,2025-07-21T09:16:00+05:30,126.15,2025-07-18T15:20:00+05:30,96.4,2025-07-21T09:16:00+05:30,100.45,25200,2025-07-18T15:20:00+05:30,55.7,2025-07-21T09:16:00+05:30,38.9,24650,2025-07-18T15:20:00+05:30,27.6,2025-07-21T09:16:00+05:30,21.4,-65.00,200.00,-265.00,0,
2025-07-21,TRADED,,2025-07-24,2025-07-22,2025-07-21T15:20:00+05:30,25096.4,25100,2025-07-21T15:20:00+05:30,97.95,2025-07-22T09:16:00+05:30,122.85,2025-07-21T15:20:00+05:30,86.45,2025-07-22T09:16:00+05:30,55.15,25300,2025-07-21T15:20:00+05:30,32.15,2025-07-22T09:16:00+05:30,37.6,24900,2025-07-21T15:20:00+05:30,29.2,2025-07-22T09:16:00+05:30,17.15,-2132.00,200.00,-2332.00,0,
2025-07-22,TRADED,,2025-07-24,2025-07-23,2025-07-22T15:20:00+05:30,25063.4,25050,2025-07-22T15:20:00+05:30,91.8,2025-07-23T09:16:00+05:30,113.5,2025-07-22T15:20:00+05:30,52.5,2025-07-23T09:16:00+05:30,28.95,25200,2025-07-22T15:20:00+05:30,30.55,2025-07-23T09:16:00+05:30,36.45,24850,2025-07-22T15:20:00+05:30,13.4,2025-07-23T09:16:00+05:30,6.35,-1898.00,200.00,-2098.00,0,
2025-07-23,SKIPPED,no_valid_wing_in_premium_band,2025-07-24,2025-07-24,2025-07-23T15:20:00+05:30,25219.0,25200,,,,,,,,,,,,,,,,,,,0.00,0.00,0.00,0,No CE wing contract satisfied the 25%-35% premium band with exact entry/exit timestamps.
2025-07-24,TRADED,,2025-07-31,2025-07-25,2025-07-24T15:20:00+05:30,25058.3,25050,2025-07-24T15:20:00+05:30,145.4,2025-07-25T09:16:00+05:30,87.4,2025-07-24T15:20:00+05:30,103.7,2025-07-25T09:16:00+05:30,165.65,25300,2025-07-24T15:20:00+05:30,47.0,2025-07-25T09:16:00+05:30,26.55,24800,2025-07-24T15:20:00+05:30,36.2,2025-07-25T09:16:00+05:30,59.45,-2379.00,200.00,-2579.00,0,
2025-07-25,TRADED,,2025-07-31,2025-07-28,2025-07-25T15:20:00+05:30,24832.75,24850,2025-07-25T15:20:00+05:30,122.0,2025-07-28T09:16:00+05:30,80.9,2025-07-25T15:20:00+05:30,119.2,2025-07-28T09:16:00+05:30,163.75,25100,2025-07-25T15:20:00+05:30,41.65,2025-07-28T09:16:00+05:30,25.3,24600,2025-07-25T15:20:00+05:30,39.35,2025-07-28T09:16:00+05:30,55.45,-3042.00,200.00,-3242.00,0,
2025-07-28,TRADED,,2025-07-31,2025-07-29,2025-07-28T15:20:00+05:30,24682.75,24700,2025-07-28T15:20:00+05:30,113.65,2025-07-29T09:16:00+05:30,86.2,2025-07-28T15:20:00+05:30,98.25,2025-07-29T09:16:00+05:30,122.1,24950,2025-07-28T15:20:00+05:30,36.0,2025-07-29T09:16:00+05:30,25.65,24450,2025-07-28T15:20:00+05:30,28.15,2025-07-29T09:16:00+05:30,34.75,-2119.00,200.00,-2319.00,0,
2025-07-29,TRADED,,2025-07-31,2025-07-30,2025-07-29T15:20:00+05:30,24829.1,24850,2025-07-29T15:20:00+05:30,76.65,2025-07-30T09:16:00+05:30,60.1,2025-07-29T15:20:00+05:30,79.85,2025-07-30T09:16:00+05:30,88.2,25050,2025-07-29T15:20:00+05:30,23.0,2025-07-30T09:16:00+05:30,16.4,24650,2025-07-29T15:20:00+05:30,21.2,2025-07-30T09:16:00+05:30,20.9,-1742.00,200.00,-1942.00,0,
2025-07-30,TRADED,,2025-07-31,2025-07-31,2025-07-30T15:20:00+05:30,24854.15,24850,2025-07-30T15:20:00+05:30,69.8,2025-07-31T09:16:00+05:30,13.5,2025-07-30T15:20:00+05:30,49.15,2025-07-31T09:16:00+05:30,179.4,25000,2025-07-30T15:20:00+05:30,20.1,2025-07-31T09:16:00+05:30,4.65,24700,2025-07-30T15:20:00+05:30,15.3,2025-07-31T09:16:00+05:30,72.95,-10335.00,200.00,-10535.00,0,
2025-07-31,TRADED,,2025-08-07,2025-08-01,2025-07-31T15:20:00+05:30,24754.2,24750,2025-07-31T15:20:00+05:30,179.95,2025-08-01T09:16:00+05:30,133.7,2025-07-31T15:20:00+05:30,132.8,2025-08-01T09:16:00+05:30,164.15,25050,2025-07-31T15:20:00+05:30,57.3,2025-08-01T09:16:00+05:30,38.85,24400,2025-07-31T15:20:00+05:30,42.7,2025-08-01T09:16:00+05:30,47.3,-1807.00,200.00,-2007.00,0,
2025-08-01,TRADED,,2025-08-07,2025-08-04,2025-08-01T15:20:00+05:30,24551.1,24550,2025-08-01T15:20:00+05:30,156.65,2025-08-04T09:16:00+05:30,179.2,2025-08-01T15:20:00+05:30,145.0,2025-08-04T09:16:00+05:30,102.9,24850,2025-08-01T15:20:00+05:30,48.8,2025-08-04T09:16:00+05:30,53.1,24200,2025-08-01T15:20:00+05:30,42.1,2025-08-04T09:16:00+05:30,24.55,-442.00,200.00,-642.00,0,
2025-08-04,TRADED,,2025-08-07,2025-08-05,2025-08-04T15:20:00+05:30,24723.35,24700,2025-08-04T15:20:00+05:30,135.5,2025-08-05T09:16:00+05:30,114.45,2025-08-04T15:20:00+05:30,101.5,2025-08-05T09:16:00+05:30,102.55,24950,2025-08-04T15:20:00+05:30,39.65,2025-08-05T09:16:00+05:30,29.6,24450,2025-08-04T15:20:00+05:30,34.15,2025-08-05T09:16:00+05:30,30.7,-390.00,200.00,-590.00,0,
2025-08-05,TRADED,,2025-08-07,2025-08-06,2025-08-05T15:20:00+05:30,24662.6,24650,2025-08-05T15:20:00+05:30,96.0,2025-08-06T09:16:00+05:30,82.2,2025-08-05T15:20:00+05:30,88.2,2025-08-06T09:16:00+05:30,88.55,24850,2025-08-05T15:20:00+05:30,27.8,2025-08-06T09:16:00+05:30,21.65,24450,2025-08-05T15:20:00+05:30,26.5,2025-08-06T09:16:00+05:30,25.75,-377.00,200.00,-577.00,0,
2025-08-06,TRADED,,2025-08-07,2025-08-07,2025-08-06T15:20:00+05:30,24575.55,24600,2025-08-06T15:20:00+05:30,60.35,2025-08-07T09:16:00+05:30,23.7,2025-08-06T15:20:00+05:30,78.3,2025-08-07T09:16:00+05:30,115.3,24750,2025-08-06T15:20:00+05:30,19.2,2025-08-07T09:16:00+05:30,6.6,24400,2025-08-06T15:20:00+05:30,20.2,2025-08-07T09:16:00+05:30,23.35,-4628.00,200.00,-4828.00,0,
2025-08-07,TRADED,,2025-08-14,2025-08-08,2025-08-07T15:20:00+05:30,24604.2,24600,2025-08-07T15:20:00+05:30,154.25,2025-08-08T09:16:00+05:30,130.05,2025-08-07T15:20:00+05:30,116.7,2025-08-08T09:16:00+05:30,127.3,24850,2025-08-07T15:20:00+05:30,53.4,2025-08-08T09:16:00+05:30,41.45,24300,2025-08-07T15:20:00+05:30,34.9,2025-08-08T09:16:00+05:30,36.05,-1352.00,200.00,-1552.00,0,
2025-08-08,TRADED,,2025-08-14,2025-08-11,2025-08-08T15:20:00+05:30,24345.45,24350,2025-08-08T15:20:00+05:30,159.95,2025-08-11T09:16:00+05:30,140.5,2025-08-08T15:20:00+05:30,114.05,2025-08-11T09:16:00+05:30,109.8,24650,2025-08-08T15:20:00+05:30,46.4,2025-08-11T09:16:00+05:30,36.9,24050,2025-08-08T15:20:00+05:30,34.6,2025-08-11T09:16:00+05:30,28.2,-52.00,200.00,-252.00,0,
2025-08-11,TRADED,,2025-08-14,2025-08-12,2025-08-11T15:20:00+05:30,24574.4,24550,2025-08-11T15:20:00+05:30,112.15,2025-08-12T09:16:00+05:30,101.3,2025-08-11T15:20:00+05:30,94.85,2025-08-12T09:16:00+05:30,90.75,24750,2025-08-11T15:20:00+05:30,37.25,2025-08-12T09:16:00+05:30,31.2,24300,2025-08-11T15:20:00+05:30,28.15,2025-08-12T09:16:00+05:30,23.7,-923.00,200.00,-1123.00,0,
2025-08-12,TRADED,,2025-08-14,2025-08-13,2025-08-12T15:20:00+05:30,24490.75,24500,2025-08-12T15:20:00+05:30,88.15,2025-08-13T09:16:00+05:30,134.4,2025-08-12T15:20:00+05:30,74.05,2025-08-13T09:16:00+05:30,35.45,24700,2025-08-12T15:20:00+05:30,23.5,2025-08-13T09:16:00+05:30,36.15,24300,2025-08-12T15:20:00+05:30,21.6,2025-08-13T09:16:00+05:30,8.8,-4108.00,200.00,-4308.00,0,
2025-08-13,TRADED,,2025-08-14,2025-08-14,2025-08-13T15:20:00+05:30,24617.3,24600,2025-08-13T15:20:00+05:30,82.2,2025-08-14T09:16:00+05:30,78.6,2025-08-13T15:20:00+05:30,42.3,2025-08-14T09:16:00+05:30,35.7,24750,2025-08-13T15:20:00+05:30,21.55,2025-08-14T09:16:00+05:30,18.15,24450,2025-08-13T15:20:00+05:30,12.9,2025-08-14T09:16:00+05:30,7.95,-1599.00,200.00,-1799.00,0,
2025-08-14,TRADED,,2025-08-21,2025-08-18,2025-08-14T15:20:00+05:30,24627.7,24650,2025-08-14T15:20:00+05:30,146.75,2025-08-18T09:16:00+05:30,342.3,2025-08-14T15:20:00+05:30,133.35,2025-08-18T09:16:00+05:30,36.05,24950,2025-08-14T15:20:00+05:30,40.6,2025-08-18T09:16:00+05:30,139.8,24350,2025-08-14T15:20:00+05:30,44.2,2025-08-18T09:16:00+05:30,9.65,-10816.00,200.00,-11016.00,0,
2025-08-18,TRADED,,2025-08-21,2025-08-19,2025-08-18T15:20:00+05:30,24876.2,24900,2025-08-18T15:20:00+05:30,130.65,2025-08-19T09:16:00+05:30,102.3,2025-08-18T15:20:00+05:30,89.05,2025-08-19T09:16:00+05:30,92.75,25150,2025-08-18T15:20:00+05:30,35.1,2025-08-19T09:16:00+05:30,22.8,24650,2025-08-18T15:20:00+05:30,24.9,2025-08-19T09:16:00+05:30,23.0,637.00,200.00,437.00,0,
2025-08-19,TRADED,,2025-08-21,2025-08-20,2025-08-19T15:20:00+05:30,24985.85,25000,2025-08-19T15:20:00+05:30,77.15,2025-08-20T09:16:00+05:30,52.25,2025-08-19T15:20:00+05:30,76.0,2025-08-20T09:16:00+05:30,97.35,25150,2025-08-19T15:20:00+05:30,25.35,2025-08-20T09:16:00+05:30,15.45,24800,2025-08-19T15:20:00+05:30,19.8,2025-08-20T09:16:00+05:30,23.2,-2847.00,200.00,-3047.00,0,
2025-08-20,SKIPPED,no_valid_wing_in_premium_band,2025-08-21,2025-08-21,2025-08-20T15:20:00+05:30,25041.05,25050,,,,,,,,,,,,,,,,,,,0.00,0.00,0.00,0,No CE wing contract satisfied the 25%-35% premium band with exact entry/exit timestamps.
2025-08-21,TRADED,,2025-08-28,2025-08-22,2025-08-21T15:20:00+05:30,25078.5,25100,2025-08-21T15:20:00+05:30,133.05,2025-08-22T09:16:00+05:30,95.15,2025-08-21T15:20:00+05:30,107.35,2025-08-22T09:16:00+05:30,134.4,25350,2025-08-21T15:20:00+05:30,37.8,2025-08-22T09:16:00+05:30,24.0,24850,2025-08-21T15:20:00+05:30,35.65,2025-08-22T09:16:00+05:30,42.75,-1001.00,200.00,-1201.00,0,
2025-08-22,TRADED,,2025-08-28,2025-08-25,2025-08-22T15:20:00+05:30,24870.5,24850,2025-08-22T15:20:00+05:30,144.5,2025-08-25T09:16:00+05:30,152.95,2025-08-22T15:20:00+05:30,87.6,2025-08-25T09:16:00+05:30,59.3,25100,2025-08-22T15:20:00+05:30,44.0,2025-08-25T09:16:00+05:30,41.4,24600,2025-08-22T15:20:00+05:30,26.95,2025-08-25T09:16:00+05:30,13.8,-1014.00,200.00,-1214.00,0,
2025-08-25,SKIPPED,no_valid_wing_in_premium_band,2025-08-28,2025-08-26,2025-08-25T15:20:00+05:30,24969.15,24950,,,,,,,,,,,,,,,,,,,0.00,0.00,0.00,0,No CE wing contract satisfied the 25%-35% premium band with exact entry/exit timestamps.
2025-08-26,TRADED,,2025-08-28,2025-08-28,2025-08-26T15:20:00+05:30,24695.8,24700,2025-08-26T15:20:00+05:30,82.0,2025-08-28T09:16:00+05:30,24.55,2025-08-26T15:20:00+05:30,57.0,2025-08-28T09:16:00+05:30,125.45,24900,2025-08-26T15:20:00+05:30,22.4,2025-08-28T09:16:00+05:30,5.45,24550,2025-08-26T15:20:00+05:30,18.75,2025-08-28T09:16:00+05:30,35.55,-4979.00,200.00,-5179.00,0,
2025-08-28,TRADED,,2025-09-02,2025-08-29,2025-08-28T15:20:00+05:30,24492.15,24500,2025-08-28T15:20:00+05:30,139.0,2025-08-29T09:16:00+05:30,160.95,2025-08-28T15:20:00+05:30,94.1,2025-08-29T09:16:00+05:30,77.4,24750,2025-08-28T15:20:00+05:30,39.8,2025-08-29T09:16:00+05:30,44.9,24250,2025-08-28T15:20:00+05:30,28.1,2025-08-29T09:16:00+05:30,22.65,-3536.00,200.00,-3736.00,0,
2025-08-29,TRADED,,2025-09-02,2025-09-01,2025-08-29T15:20:00+05:30,24412.2,24400,2025-08-29T15:20:00+05:30,120.5,2025-09-01T09:16:00+05:30,174.9,2025-08-29T15:20:00+05:30,63.3,2025-09-01T09:16:00+05:30,26.45,24600,2025-08-29T15:20:00+05:30,37.1,2025-09-01T09:16:00+05:30,52.85,24200,2025-08-29T15:20:00+05:30,18.35,2025-09-01T09:16:00+05:30,6.8,-5551.00,200.00,-5751.00,0,
2025-09-01,TRADED,,2025-09-02,2025-09-02,2025-09-01T15:20:00+05:30,24628.05,24650,2025-09-01T15:20:00+05:30,48.1,2025-09-02T09:16:00+05:30,63.0,2025-09-01T15:20:00+05:30,58.5,2025-09-02T09:16:00+05:30,31.8,24750,2025-09-01T15:20:00+05:30,16.45,2025-09-02T09:16:00+05:30,19.25,24500,2025-09-01T15:20:00+05:30,17.45,2025-09-02T09:16:00+05:30,6.5,-1131.00,200.00,-1331.00,0,
2025-09-02,TRADED,,2025-09-09,2025-09-03,2025-09-02T15:20:00+05:30,24586.3,24600,2025-09-02T15:20:00+05:30,143.5,2025-09-03T09:16:00+05:30,134.3,2025-09-02T15:20:00+05:30,121.5,2025-09-03T09:16:00+05:30,126.25,24850,2025-09-02T15:20:00+05:30,46.8,2025-09-03T09:16:00+05:30,42.05,24300,2025-09-02T15:20:00+05:30,37.7,2025-09-03T09:16:00+05:30,37.1,-2314.00,200.00,-2514.00,0,
2025-09-03,TRADED,,2025-09-09,2025-09-04,2025-09-03T15:20:00+05:30,24727.8,24750,2025-09-03T15:20:00+05:30,110.85,2025-09-04T09:16:00+05:30,199.4,2025-09-03T15:20:00+05:30,114.5,2025-09-04T09:16:00+05:30,55.85,24950,2025-09-03T15:20:00+05:30,37.85,2025-09-04T09:16:00+05:30,84.25,24500,2025-09-03T15:20:00+05:30,37.85,2025-09-04T09:16:00+05:30,17.2,-3159.00,200.00,-3359.00,0,
2025-09-04,TRADED,,2025-09-09,2025-09-05,2025-09-04T15:20:00+05:30,24728.9,24750,2025-09-04T15:20:00+05:30,103.3,2025-09-05T09:16:00+05:30,127.25,2025-09-04T15:20:00+05:30,95.6,2025-09-05T09:16:00+05:30,55.45,24950,2025-09-04T15:20:00+05:30,33.65,2025-09-05T09:16:00+05:30,38.5,24550,2025-09-04T15:20:00+05:30,32.7,2025-09-05T09:16:00+05:30,15.8,-1001.00,200.00,-1201.00,0,
2025-09-05,TRADED,,2025-09-09,2025-09-08,2025-09-05T15:20:00+05:30,24739.1,24750,2025-09-05T15:20:00+05:30,98.5,2025-09-08T09:16:00+05:30,108.8,2025-09-05T15:20:00+05:30,71.45,2025-09-08T09:16:00+05:30,42.2,24950,2025-09-05T15:20:00+05:30,26.9,2025-09-08T09:16:00+05:30,22.75,24550,2025-09-05T15:20:00+05:30,21.35,2025-09-08T09:16:00+05:30,11.15,-884.00,200.00,-1084.00,0,
2025-09-08,TRADED,,2025-09-09,2025-09-09,2025-09-08T15:20:00+05:30,24773.75,24750,2025-09-08T15:20:00+05:30,91.6,2025-09-09T09:16:00+05:30,128.05,2025-09-08T15:20:00+05:30,33.75,2025-09-09T09:16:00+05:30,14.75,24900,2025-09-08T15:20:00+05:30,22.9,2025-09-09T09:16:00+05:30,34.05,24550,2025-09-08T15:20:00+05:30,8.6,2025-09-09T09:16:00+05:30,2.95,-5187.00,200.00,-5387.00,0,
2025-09-09,TRADED,,2025-09-16,2025-09-10,2025-09-09T15:20:00+05:30,24868.0,24850,2025-09-09T15:20:00+05:30,149.2,2025-09-10T09:16:00+05:30,198.7,2025-09-09T15:20:00+05:30,105.45,2025-09-10T09:16:00+05:30,68.2,25100,2025-09-09T15:20:00+05:30,45.5,2025-09-10T09:16:00+05:30,67.75,24600,2025-09-09T15:20:00+05:30,36.45,2025-09-10T09:16:00+05:30,21.35,-3406.00,200.00,-3606.00,0,
2025-09-10,TRADED,,2025-09-16,2025-09-11,2025-09-10T15:20:00+05:30,24981.3,25000,2025-09-10T15:20:00+05:30,120.0,2025-09-11T09:16:00+05:30,105.2,2025-09-10T15:20:00+05:30,97.95,2025-09-11T09:16:00+05:30,102.45,25200,2025-09-10T15:20:00+05:30,41.15,2025-09-11T09:16:00+05:30,33.2,24750,2025-09-10T15:20:00+05:30,30.45,2025-09-11T09:16:00+05:30,30.0,-1586.00,200.00,-1786.00,0,
2025-09-11,TRADED,,2025-09-16,2025-09-12,2025-09-11T15:20:00+05:30,25004.0,25000,2025-09-11T15:20:00+05:30,120.15,2025-09-12T09:16:00+05:30,142.0,2025-09-11T15:20:00+05:30,71.15,2025-09-12T09:16:00+05:30,44.4,25200,2025-09-11T15:20:00+05:30,33.85,2025-09-12T09:16:00+05:30,39.1,24800,2025-09-11T15:20:00+05:30,24.1,2025-09-12T09:16:00+05:30,12.7,-2405.00,200.00,-2605.00,0,
2025-09-12,TRADED,,2025-09-16,2025-09-15,2025-09-12T15:20:00+05:30,25115.55,25100,2025-09-12T15:20:00+05:30,92.5,2025-09-15T09:16:00+05:30,70.9,2025-09-12T15:20:00+05:30,58.15,2025-09-15T09:16:00+05:30,53.05,25250,2025-09-12T15:20:00+05:30,28.95,2025-09-15T09:16:00+05:30,16.7,24900,2025-09-12T15:20:00+05:30,17.0,2025-09-15T09:16:00+05:30,11.05,130.00,200.00,-70.00,0,
2025-09-15,TRADED,,2025-09-16,2025-09-16,2025-09-15T15:20:00+05:30,25065.05,25050,2025-09-15T15:20:00+05:30,79.6,2025-09-16T09:16:00+05:30,67.2,2025-09-15T15:20:00+05:30,28.6,2025-09-16T09:16:00+05:30,23.15,25150,2025-09-15T15:20:00+05:30,27.1,2025-09-16T09:16:00+05:30,18.05,24900,2025-09-15T15:20:00+05:30,8.6,2025-09-16T09:16:00+05:30,4.95,-741.00,200.00,-941.00,0,
2025-09-16,TRADED,,2025-09-23,2025-09-17,2025-09-16T15:20:00+05:30,25244.65,25250,2025-09-16T15:20:00+05:30,146.9,2025-09-17T09:16:00+05:30,179.7,2025-09-16T15:20:00+05:30,103.4,2025-09-17T09:16:00+05:30,70.85,25500,2025-09-16T15:20:00+05:30,45.5,2025-09-17T09:16:00+05:30,54.9,25000,2025-09-16T15:20:00+05:30,35.75,2025-09-17T09:16:00+05:30,22.55,-3133.00,200.00,-3333.00,0,
2025-09-17,TRADED,,2025-09-23,2025-09-18,2025-09-17T15:20:00+05:30,25326.2,25350,2025-09-17T15:20:00+05:30,124.95,2025-09-18T09:16:00+05:30,154.35,2025-09-17T15:20:00+05:30,90.95,2025-09-18T09:16:00+05:30,52.2,25550,2025-09-17T15:20:00+05:30,42.5,2025-09-18T09:16:00+05:30,50.4,25100,2025-09-17T15:20:00+05:30,28.4,2025-09-18T09:16:00+05:30,13.75,-1404.00,200.00,-1604.00,0,
2025-09-18,TRADED,,2025-09-23,2025-09-19,2025-09-18T15:20:00+05:30,25434.3,25450,2025-09-18T15:20:00+05:30,93.3,2025-09-19T09:16:00+05:30,55.3,2025-09-18T15:20:00+05:30,68.7,2025-09-19T09:16:00+05:30,93.65,25600,2025-09-18T15:20:00+05:30,30.85,2025-09-19T09:16:00+05:30,15.8,25250,2025-09-18T15:20:00+05:30,20.4,2025-09-19T09:16:00+05:30,23.4,-1820.00,200.00,-2020.00,0,
2025-09-19,TRADED,,2025-09-23,2025-09-22,2025-09-19T15:20:00+05:30,25333.95,25350,2025-09-19T15:20:00+05:30,82.5,2025-09-22T09:16:00+05:30,30.5,2025-09-19T15:20:00+05:30,56.3,2025-09-22T09:16:00+05:30,105.5,25500,2025-09-19T15:20:00+05:30,25.9,2025-09-22T09:16:00+05:30,7.8,25200,2025-09-19T15:20:00+05:30,18.45,2025-09-22T09:16:00+05:30,35.25,-1690.00,200.00,-1890.00,0,
2025-09-22,TRADED,,2025-09-23,2025-09-23,2025-09-22T15:20:00+05:30,25202.15,25200,2025-09-22T15:20:00+05:30,67.9,2025-09-23T09:16:00+05:30,72.2,2025-09-22T15:20:00+05:30,38.0,2025-09-23T09:16:00+05:30,24.65,25350,2025-09-22T15:20:00+05:30,17.8,2025-09-23T09:16:00+05:30,13.4,25050,2025-09-22T15:20:00+05:30,10.35,2025-09-23T09:16:00+05:30,4.35,-2431.00,200.00,-2631.00,0,
2025-09-23,TRADED,,2025-09-30,2025-09-24,2025-09-23T15:20:00+05:30,25168.15,25150,2025-09-23T15:20:00+05:30,187.9,2025-09-24T09:16:00+05:30,116.65,2025-09-23T15:20:00+05:30,78.8,2025-09-24T09:16:00+05:30,114.5,25400,2025-09-23T15:20:00+05:30,62.8,2025-09-24T09:16:00+05:30,32.45,24900,2025-09-23T15:20:00+05:30,27.3,2025-09-24T09:16:00+05:30,37.4,1898.00,200.00,1698.00,0,
2025-09-24,TRADED,,2025-09-30,2025-09-25,2025-09-24T15:20:00+05:30,25057.65,25050,2025-09-24T15:20:00+05:30,141.1,2025-09-25T09:16:00+05:30,98.65,2025-09-24T15:20:00+05:30,78.4,2025-09-25T09:16:00+05:30,98.8,25300,2025-09-24T15:20:00+05:30,36.95,2025-09-25T09:16:00+05:30,22.9,24800,2025-09-24T15:20:00+05:30,21.75,2025-09-25T09:16:00+05:30,25.15,884.00,200.00,684.00,0,
2025-09-25,TRADED,,2025-09-30,2025-09-26,2025-09-25T15:20:00+05:30,24900.45,24900,2025-09-25T15:20:00+05:30,139.7,2025-09-26T09:16:00+05:30,81.65,2025-09-25T15:20:00+05:30,63.6,2025-09-26T09:16:00+05:30,109.65,25100,2025-09-25T15:20:00+05:30,48.75,2025-09-26T09:16:00+05:30,24.05,24700,2025-09-25T15:20:00+05:30,20.65,2025-09-26T09:16:00+05:30,36.8,-1183.00,200.00,-1383.00,0,
2025-09-26,TRADED,,2025-09-30,2025-09-29,2025-09-26T15:20:00+05:30,24651.85,24650,2025-09-26T15:20:00+05:30,108.2,2025-09-29T09:16:00+05:30,144.5,2025-09-26T15:20:00+05:30,72.55,2025-09-29T09:16:00+05:30,33.4,24850,2025-09-26T15:20:00+05:30,33.65,2025-09-29T09:16:00+05:30,36.9,24450,2025-09-26T15:20:00+05:30,22.7,2025-09-29T09:16:00+05:30,9.05,-4043.00,200.00,-4243.00,0,
2025-09-29,SKIPPED,no_valid_wing_in_premium_band,2025-09-30,2025-09-30,2025-09-29T15:20:00+05:30,24629.0,24650,,,,,,,,,,,,,,,,,,,0.00,0.00,0.00,0,No CE wing contract satisfied the 25%-35% premium band with exact entry/exit timestamps.
2025-09-30,TRADED,,2025-10-07,2025-10-01,2025-09-30T15:20:00+05:30,24606.95,24600,2025-09-30T15:20:00+05:30,178.9,2025-10-01T09:16:00+05:30,160.2,2025-09-30T15:20:00+05:30,95.0,2025-10-01T09:16:00+05:30,102.4,24850,2025-09-30T15:20:00+05:30,59.2,2025-10-01T09:16:00+05:30,50.5,24300,2025-09-30T15:20:00+05:30,27.5,2025-10-01T09:16:00+05:30,28.6,-1118.00,200.00,-1318.00,0,
2025-10-01,TRADED,,2025-10-07,2025-10-03,2025-10-01T15:20:00+05:30,24840.45,24850,2025-10-01T15:20:00+05:30,105.95,2025-10-03T09:16:00+05:30,77.0,2025-10-01T15:20:00+05:30,84.45,2025-10-03T09:16:00+05:30,96.4,25050,2025-10-01T15:20:00+05:30,28.85,2025-10-03T09:16:00+05:30,17.3,24600,2025-10-01T15:20:00+05:30,24.0,2025-10-03T09:16:00+05:30,24.15,-624.00,200.00,-824.00,0,
2025-10-03,SKIPPED,no_valid_wing_in_premium_band,2025-10-07,2025-10-06,2025-10-03T15:20:00+05:30,24886.05,24900,,,,,,,,,,,,,,,,,,,0.00,0.00,0.00,0,No CE wing contract satisfied the 25%-35% premium band with exact entry/exit timestamps.
2025-10-06,TRADED,,2025-10-07,2025-10-07,2025-10-06T15:20:00+05:30,25081.6,25100,2025-10-06T15:20:00+05:30,48.15,2025-10-07T09:16:00+05:30,54.45,2025-10-06T15:20:00+05:30,43.95,2025-10-07T09:16:00+05:30,35.7,25200,2025-10-06T15:20:00+05:30,14.1,2025-10-07T09:16:00+05:30,16.55,24950,2025-10-06T15:20:00+05:30,12.0,2025-10-07T09:16:00+05:30,6.8,-2288.00,200.00,-2488.00,0,
2025-10-07,TRADED,,2025-10-14,2025-10-08,2025-10-07T15:20:00+05:30,25103.75,25100,2025-10-07T15:20:00+05:30,147.5,2025-10-08T09:16:00+05:30,128.1,2025-10-07T15:20:00+05:30,81.85,2025-10-08T09:16:00+05:30,90.8,25350,2025-10-07T15:20:00+05:30,40.95,2025-10-08T09:16:00+05:30,31.9,24850,2025-10-07T15:20:00+05:30,24.85,2025-10-08T09:16:00+05:30,26.0,-1417.00,200.00,-1617.00,0,
2025-10-08,TRADED,,2025-10-14,2025-10-09,2025-10-08T15:20:00+05:30,25043.35,25050,2025-10-08T15:20:00+05:30,107.1,2025-10-09T09:16:00+05:30,123.9,2025-10-08T15:20:00+05:30,90.85,2025-10-09T09:16:00+05:30,78.45,25250,2025-10-08T15:20:00+05:30,35.9,2025-10-09T09:16:00+05:30,40.3,24850,2025-10-08T15:20:00+05:30,30.1,2025-10-09T09:16:00+05:30,26.6,-2990.00,200.00,-3190.00,0,
2025-10-09,SKIPPED,no_valid_wing_in_premium_band,2025-10-14,2025-10-10,2025-10-09T15:20:00+05:30,25187.5,25200,,,,,,,,,,,,,,,,,,,0.00,0.00,0.00,0,No CE wing contract satisfied the 25%-35% premium band with exact entry/exit timestamps.
2025-10-10,TRADED,,2025-10-14,2025-10-13,2025-10-10T15:20:00+05:30,25284.75,25300,2025-10-10T15:20:00+05:30,95.75,2025-10-13T09:16:00+05:30,46.65,2025-10-10T15:20:00+05:30,54.15,2025-10-13T09:16:00+05:30,105.05,25450,2025-10-10T15:20:00+05:30,26.45,2025-10-13T09:16:00+05:30,11.45,25100,2025-10-10T15:20:00+05:30,16.1,2025-10-13T09:16:00+05:30,31.45,-2457.00,200.00,-2657.00,0,
2025-10-13,SKIPPED,no_valid_wing_in_premium_band,2025-10-14,2025-10-14,2025-10-13T15:20:00+05:30,25227.95,25250,,,,,,,,,,,,,,,,,,,0.00,0.00,0.00,0,No CE wing contract satisfied the 25%-35% premium band with exact entry/exit timestamps.
2025-10-14,TRADED,,2025-10-20,2025-10-15,2025-10-14T15:20:00+05:30,25144.45,25150,2025-10-14T15:20:00+05:30,148.05,2025-10-15T09:16:00+05:30,207.95,2025-10-14T15:20:00+05:30,120.1,2025-10-15T09:16:00+05:30,63.4,25400,2025-10-14T15:20:00+05:30,48.5,2025-10-15T09:16:00+05:30,69.3,24850,2025-10-14T15:20:00+05:30,36.5,2025-10-15T09:16:00+05:30,18.05,-2301.00,200.00,-2501.00,0,
2025-10-15,TRADED,,2025-10-20,2025-10-16,2025-10-15T15:20:00+05:30,25329.25,25350,2025-10-15T15:20:00+05:30,128.25,2025-10-16T09:16:00+05:30,174.55,2025-10-15T15:20:00+05:30,84.95,2025-10-16T09:16:00+05:30,52.9,25550,2025-10-15T15:20:00+05:30,37.45,2025-10-16T09:16:00+05:30,57.5,25100,2025-10-15T15:20:00+05:30,29.25,2025-10-16T09:16:00+05:30,17.8,-3549.00,200.00,-3749.00,0,
2025-10-16,TRADED,,2025-10-20,2025-10-17,2025-10-16T15:20:00+05:30,25572.75,25550,2025-10-16T15:20:00+05:30,123.6,2025-10-17T09:16:00+05:30,95.45,2025-10-16T15:20:00+05:30,69.0,2025-10-17T09:16:00+05:30,86.85,25750,2025-10-16T15:20:00+05:30,33.0,2025-10-17T09:16:00+05:30,22.9,25300,2025-10-16T15:20:00+05:30,21.5,2025-10-17T09:16:00+05:30,23.0,-1638.00,200.00,-1838.00,0,
2025-10-17,TRADED,,2025-10-20,2025-10-20,2025-10-17T15:20:00+05:30,25711.5,25700,2025-10-17T15:20:00+05:30,98.7,2025-10-20T09:16:00+05:30,238.9,2025-10-17T15:20:00+05:30,66.6,2025-10-20T09:16:00+05:30,7.65,25850,2025-10-17T15:20:00+05:30,31.05,2025-10-20T09:16:00+05:30,110.5,25500,2025-10-17T15:20:00+05:30,22.1,2025-10-20T09:16:00+05:30,3.4,-7410.00,200.00,-7610.00,0,
2025-10-20,SKIPPED,missing_atm_entry_or_exit_timestamp,2025-10-28,2025-10-21,2025-10-20T15:20:00+05:30,25841.25,25850,,,,,,,,,,,,,,,,,,,0.00,0.00,0.00,0,"NIFTY_25850_CE_28_OCT_25.csv missing exit timestamp 2025-10-21T09:16:00+05:30; NIFTY_25850_PE_28_OCT_25.csv missing exit timestamp 2025-10-21T09:16:00+05:30; Next trading day is a special session that starts at 13:45, so the exact 09:16 exit candle is unavailable."
2025-10-23,TRADED,,2025-10-28,2025-10-24,2025-10-23T15:20:00+05:30,25900.3,25900,2025-10-23T15:20:00+05:30,167.0,2025-10-24T09:16:00+05:30,141.75,2025-10-23T15:20:00+05:30,78.2,2025-10-24T09:16:00+05:30,86.35,26150,2025-10-23T15:20:00+05:30,49.7,2025-10-24T09:16:00+05:30,37.4,25650,2025-10-23T15:20:00+05:30,26.0,2025-10-24T09:16:00+05:30,25.55,-949.00,200.00,-1149.00,0,
2025-10-24,TRADED,,2025-10-28,2025-10-27,2025-10-24T15:20:00+05:30,25804.65,25800,2025-10-24T15:20:00+05:30,102.5,2025-10-27T09:16:00+05:30,152.95,2025-10-24T15:20:00+05:30,87.55,2025-10-27T09:16:00+05:30,37.05,26050,2025-10-24T15:20:00+05:30,28.2,2025-10-27T09:16:00+05:30,33.15,25600,2025-10-24T15:20:00+05:30,25.3,2025-10-27T09:16:00+05:30,9.8,-4810.00,200.00,-5010.00,0,
2025-10-27,TRADED,,2025-10-28,2025-10-28,2025-10-27T15:20:00+05:30,25968.65,25950,2025-10-27T15:20:00+05:30,107.6,2025-10-28T09:16:00+05:30,118.45,2025-10-27T15:20:00+05:30,45.2,2025-10-28T09:16:00+05:30,42.05,26100,2025-10-27T15:20:00+05:30,33.95,2025-10-28T09:16:00+05:30,38.75,25750,2025-10-27T15:20:00+05:30,12.4,2025-10-28T09:16:00+05:30,8.45,-3861.00,200.00,-4061.00,0,
2025-10-28,TRADED,,2025-11-04,2025-10-29,2025-10-28T15:20:00+05:30,25959.65,25950,2025-10-28T15:20:00+05:30,192.05,2025-10-29T09:16:00+05:30,234.0,2025-10-28T15:20:00+05:30,138.95,2025-10-29T09:16:00+05:30,96.5,26300,2025-10-28T15:20:00+05:30,60.75,2025-10-29T09:16:00+05:30,70.5,25650,2025-10-28T15:20:00+05:30,46.85,2025-10-29T09:16:00+05:30,30.15,-3757.00,200.00,-3957.00,0,
2025-10-29,TRADED,,2025-11-04,2025-10-30,2025-10-29T15:20:00+05:30,26054.9,26050,2025-10-29T15:20:00+05:30,194.5,2025-10-30T09:16:00+05:30,128.65,2025-10-29T15:20:00+05:30,107.75,2025-10-30T09:16:00+05:30,136.85,26350,2025-10-29T15:20:00+05:30,60.2,2025-10-30T09:16:00+05:30,34.5,25750,2025-10-29T15:20:00+05:30,34.05,2025-10-30T09:16:00+05:30,39.65,2249.00,200.00,2049.00,0,
2025-10-30,TRADED,,2025-11-04,2025-10-31,2025-10-30T15:20:00+05:30,25887.7,25900,2025-10-30T15:20:00+05:30,144.35,2025-10-31T09:16:00+05:30,99.0,2025-10-30T15:20:00+05:30,99.4,2025-10-31T09:16:00+05:30,128.2,26150,2025-10-30T15:20:00+05:30,46.85,2025-10-31T09:16:00+05:30,26.45,25650,2025-10-30T15:20:00+05:30,28.25,2025-10-31T09:16:00+05:30,37.35,-715.00,200.00,-915.00,0,
2025-10-31,TRADED,,2025-11-04,2025-11-03,2025-10-31T15:20:00+05:30,25713.35,25700,2025-10-31T15:20:00+05:30,163.95,2025-11-03T09:16:00+05:30,111.4,2025-10-31T15:20:00+05:30,53.85,2025-11-03T09:16:00+05:30,77.75,25950,2025-10-31T15:20:00+05:30,50.05,2025-11-03T09:16:00+05:30,26.45,25500,2025-10-31T15:20:00+05:30,15.0,2025-11-03T09:16:00+05:30,20.9,767.00,200.00,567.00,0,
2025-11-03,TRADED,,2025-11-04,2025-11-04,2025-11-03T15:20:00+05:30,25769.4,25750,2025-11-03T15:20:00+05:30,88.6,2025-11-04T09:16:00+05:30,80.95,2025-11-03T15:20:00+05:30,55.9,2025-11-04T09:16:00+05:30,53.75,25900,2025-11-03T15:20:00+05:30,29.5,2025-11-04T09:16:00+05:30,23.85,25600,2025-11-03T15:20:00+05:30,17.5,2025-11-04T09:16:00+05:30,14.15,-1872.00,200.00,-2072.00,0,
2025-11-04,TRADED,,2025-11-11,2025-11-06,2025-11-04T15:20:00+05:30,25593.3,25600,2025-11-04T15:20:00+05:30,161.0,2025-11-06T09:16:00+05:30,187.7,2025-11-04T15:20:00+05:30,126.0,2025-11-06T09:16:00+05:30,82.6,25900,2025-11-04T15:20:00+05:30,45.8,2025-11-06T09:16:00+05:30,48.1,25300,2025-11-04T15:20:00+05:30,38.35,2025-11-06T09:16:00+05:30,23.6,-975.00,200.00,-1175.00,0,
2025-11-06,TRADED,,2025-11-11,2025-11-07,2025-11-06T15:20:00+05:30,25513.8,25500,2025-11-06T15:20:00+05:30,137.0,2025-11-07T09:16:00+05:30,64.55,2025-11-06T15:20:00+05:30,80.0,2025-11-07T09:16:00+05:30,157.8,25750,2025-11-06T15:20:00+05:30,36.15,2025-11-07T09:16:00+05:30,16.1,25300,2025-11-06T15:20:00+05:30,26.55,2025-11-07T09:16:00+05:30,58.65,-338.00,200.00,-538.00,0,
2025-11-07,TRADED,,2025-11-11,2025-11-10,2025-11-07T15:20:00+05:30,25500.6,25500,2025-11-07T15:20:00+05:30,99.45,2025-11-10T09:16:00+05:30,141.8,2025-11-07T15:20:00+05:30,81.45,2025-11-10T09:16:00+05:30,35.4,25700,2025-11-07T15:20:00+05:30,28.0,2025-11-10T09:16:00+05:30,36.6,25300,2025-11-07T15:20:00+05:30,23.95,2025-11-10T09:16:00+05:30,8.9,-2795.00,200.00,-2995.00,0,
2025-11-10,TRADED,,2025-11-11,2025-11-11,2025-11-10T15:20:00+05:30,25568.6,25550,2025-11-10T15:20:00+05:30,102.25,2025-11-11T09:16:00+05:30,103.9,2025-11-10T15:20:00+05:30,34.0,2025-11-11T09:16:00+05:30,26.8,25700,2025-11-10T15:20:00+05:30,26.55,2025-11-11T09:16:00+05:30,25.0,25400,2025-11-10T15:20:00+05:30,10.1,2025-11-11T09:16:00+05:30,5.55,-2223.00,200.00,-2423.00,0,
2025-11-11,TRADED,,2025-11-18,2025-11-12,2025-11-11T15:20:00+05:30,25699.3,25700,2025-11-11T15:20:00+05:30,184.25,2025-11-12T09:16:00+05:30,268.2,2025-11-11T15:20:00+05:30,122.35,2025-11-12T09:16:00+05:30,66.4,26000,2025-11-11T15:20:00+05:30,57.45,2025-11-12T09:16:00+05:30,93.7,25400,2025-11-11T15:20:00+05:30,41.5,2025-11-12T09:16:00+05:30,21.05,-5252.00,200.00,-5452.00,0,
2025-11-12,TRADED,,2025-11-18,2025-11-13,2025-11-12T15:20:00+05:30,25872.2,25850,2025-11-12T15:20:00+05:30,181.2,2025-11-13T09:16:00+05:30,136.5,2025-11-12T15:20:00+05:30,96.8,2025-11-13T09:16:00+05:30,114.45,26100,2025-11-12T15:20:00+05:30,62.2,2025-11-13T09:16:00+05:30,41.05,25550,2025-11-12T15:20:00+05:30,30.3,2025-11-13T09:16:00+05:30,33.75,351.00,200.00,151.00,0,
2025-11-13,TRADED,,2025-11-18,2025-11-14,2025-11-13T15:20:00+05:30,25873.5,25850,2025-11-13T15:20:00+05:30,168.85,2025-11-14T09:16:00+05:30,139.25,2025-11-13T15:20:00+05:30,117.15,2025-11-14T09:16:00+05:30,128.85,26150,2025-11-13T15:20:00+05:30,47.1,2025-11-14T09:16:00+05:30,36.0,25550,2025-11-13T15:20:00+05:30,38.35,2025-11-14T09:16:00+05:30,38.9,-169.00,200.00,-369.00,0,
2025-11-14,TRADED,,2025-11-18,2025-11-17,2025-11-14T15:20:00+05:30,25917.25,25900,2025-11-14T15:20:00+05:30,117.9,2025-11-17T09:16:00+05:30,119.25,2025-11-14T15:20:00+05:30,93.3,2025-11-17T09:16:00+05:30,59.95,26150,2025-11-14T15:20:00+05:30,31.0,2025-11-17T09:16:00+05:30,23.85,25700,2025-11-14T15:20:00+05:30,32.15,2025-11-17T09:16:00+05:30,16.15,221.00,200.00,21.00,0,
2025-11-17,TRADED,,2025-11-18,2025-11-18,2025-11-17T15:20:00+05:30,26017.85,26000,2025-11-17T15:20:00+05:30,74.15,2025-11-18T09:16:00+05:30,35.05,2025-11-17T15:20:00+05:30,59.3,2025-11-18T09:16:00+05:30,97.1,26150,2025-11-17T15:20:00+05:30,19.95,2025-11-18T09:16:00+05:30,7.35,25850,2025-11-17T15:20:00+05:30,17.8,2025-11-18T09:16:00+05:30,25.25,-3081.00,200.00,-3281.00,0,
2025-11-18,TRADED,,2025-11-25,2025-11-19,2025-11-18T15:20:00+05:30,25893.9,25900,2025-11-18T15:20:00+05:30,185.3,2025-11-19T09:16:00+05:30,164.05,2025-11-18T15:20:00+05:30,138.5,2025-11-19T09:16:00+05:30,142.45,26200,2025-11-18T15:20:00+05:30,61.25,2025-11-19T09:16:00+05:30,50.7,25550,2025-11-18T15:20:00+05:30,41.0,2025-11-19T09:16:00+05:30,39.95,-598.00,200.00,-798.00,0,
2025-11-19,TRADED,,2025-11-25,2025-11-20,2025-11-19T15:20:00+05:30,26052.25,26050,2025-11-19T15:20:00+05:30,151.8,2025-11-20T09:16:00+05:30,179.1,2025-11-19T15:20:00+05:30,135.15,2025-11-20T09:16:00+05:30,89.4,26300,2025-11-19T15:20:00+05:30,51.6,2025-11-20T09:16:00+05:30,58.55,25750,2025-11-19T15:20:00+05:30,44.5,2025-11-20T09:16:00+05:30,25.15,-507.00,200.00,-707.00,0,
2025-11-20,TRADED,,2025-11-25,2025-11-21,2025-11-20T15:20:00+05:30,26191.2,26200,2025-11-20T15:20:00+05:30,135.35,2025-11-21T09:16:00+05:30,84.0,2025-11-20T15:20:00+05:30,106.45,2025-11-21T09:16:00+05:30,146.6,26450,2025-11-20T15:20:00+05:30,37.65,2025-11-21T09:16:00+05:30,19.05,25950,2025-11-20T15:20:00+05:30,35.5,2025-11-21T09:16:00+05:30,48.35,-663.00,200.00,-863.00,0,
2025-11-21,TRADED,,2025-11-25,2025-11-24,2025-11-21T15:20:00+05:30,26064.9,26050,2025-11-21T15:20:00+05:30,122.3,2025-11-24T09:16:00+05:30,136.6,2025-11-21T15:20:00+05:30,89.1,2025-11-24T09:16:00+05:30,51.35,26250,2025-11-21T15:20:00+05:30,39.2,2025-11-24T09:16:00+05:30,38.35,25800,2025-11-21T15:20:00+05:30,23.85,2025-11-24T09:16:00+05:30,8.85,-104.00,200.00,-304.00,0,
2025-11-24,TRADED,,2025-11-25,2025-11-25,2025-11-24T15:20:00+05:30,25951.4,25950,2025-11-24T15:20:00+05:30,97.3,2025-11-25T09:16:00+05:30,59.6,2025-11-24T15:20:00+05:30,54.1,2025-11-25T09:16:00+05:30,63.1,26100,2025-11-24T15:20:00+05:30,30.8,2025-11-25T09:16:00+05:30,15.65,25800,2025-11-24T15:20:00+05:30,15.4,2025-11-25T09:16:00+05:30,13.45,936.00,200.00,736.00,0,
2025-11-25,TRADED,,2025-12-02,2025-11-26,2025-11-25T15:20:00+05:30,25880.0,25900,2025-11-25T15:20:00+05:30,159.05,2025-11-26T09:16:00+05:30,211.9,2025-11-25T15:20:00+05:30,127.5,2025-11-26T09:16:00+05:30,79.4,26200,2025-11-25T15:20:00+05:30,46.85,2025-11-26T09:16:00+05:30,62.9,25600,2025-11-25T15:20:00+05:30,36.5,2025-11-26T09:16:00+05:30,21.3,-3094.00,200.00,-3294.00,0,
2025-11-26,TRADED,,2025-12-02,2025-11-27,2025-11-26T15:20:00+05:30,26205.5,26200,2025-11-26T15:20:00+05:30,142.9,2025-11-27T09:16:00+05:30,168.8,2025-11-26T15:20:00+05:30,124.4,2025-11-27T09:16:00+05:30,86.6,26450,2025-11-26T15:20:00+05:30,43.65,2025-11-27T09:16:00+05:30,51.55,25900,2025-11-26T15:20:00+05:30,40.1,2025-11-27T09:16:00+05:30,23.8,-1170.00,200.00,-1370.00,0,
2025-11-27,TRADED,,2025-12-02,2025-11-28,2025-11-27T15:20:00+05:30,26224.15,26200,2025-11-27T15:20:00+05:30,133.25,2025-11-28T09:16:00+05:30,122.05,2025-11-27T15:20:00+05:30,83.65,2025-11-28T09:16:00+05:30,89.4,26400,2025-11-27T15:20:00+05:30,43.9,2025-11-28T09:16:00+05:30,38.2,25950,2025-11-27T15:20:00+05:30,22.7,2025-11-28T09:16:00+05:30,24.2,-1755.00,200.00,-1955.00,0,
2025-11-28,SKIPPED,no_valid_wing_in_premium_band,2025-12-02,2025-12-01,2025-11-28T15:20:00+05:30,26199.25,26200,,,,,,,,,,,,,,,,,,,0.00,0.00,0.00,0,No CE wing contract satisfied the 25%-35% premium band with exact entry/exit timestamps.
2025-12-01,SKIPPED,no_valid_wing_in_premium_band,2025-12-02,2025-12-02,2025-12-01T15:20:00+05:30,26178.85,26200,,,,,,,,,,,,,,,,,,,0.00,0.00,0.00,0,No CE wing contract satisfied the 25%-35% premium band with exact entry/exit timestamps.
2025-12-02,TRADED,,2025-12-09,2025-12-03,2025-12-02T15:20:00+05:30,26038.45,26050,2025-12-02T15:20:00+05:30,170.7,2025-12-03T09:16:00+05:30,135.25,2025-12-02T15:20:00+05:30,110.65,2025-12-03T09:16:00+05:30,133.1,26350,2025-12-02T15:20:00+05:30,48.7,2025-12-03T09:16:00+05:30,34.1,25800,2025-12-02T15:20:00+05:30,38.1,2025-12-03T09:16:00+05:30,47.15,-143.00,200.00,-343.00,0,
2025-12-03,TRADED,,2025-12-09,2025-12-04,2025-12-03T15:20:00+05:30,25983.45,26000,2025-12-03T15:20:00+05:30,137.75,2025-12-04T09:16:00+05:30,98.85,2025-12-03T15:20:00+05:30,109.75,2025-12-04T09:16:00+05:30,133.4,26250,2025-12-03T15:20:00+05:30,43.2,2025-12-04T09:16:00+05:30,27.45,25750,2025-12-03T15:20:00+05:30,33.35,2025-12-04T09:16:00+05:30,40.2,-429.00,200.00,-629.00,0,
2025-12-04,TRADED,,2025-12-09,2025-12-05,2025-12-04T15:20:00+05:30,26040.1,26050,2025-12-04T15:20:00+05:30,115.7,2025-12-05T09:16:00+05:30,104.15,2025-12-04T15:20:00+05:30,89.6,2025-12-05T09:16:00+05:30,98.75,26250,2025-12-04T15:20:00+05:30,37.85,2025-12-05T09:16:00+05:30,31.65,25850,2025-12-04T15:20:00+05:30,28.2,2025-12-05T09:16:00+05:30,32.75,-1885.00,200.00,-2085.00,0,
2025-12-05,TRADED,,2025-12-09,2025-12-08,2025-12-05T15:20:00+05:30,26193.25,26200,2025-12-05T15:20:00+05:30,79.4,2025-12-08T09:16:00+05:30,60.4,2025-12-05T15:20:00+05:30,74.85,2025-12-08T09:16:00+05:30,82.4,26350,2025-12-05T15:20:00+05:30,22.7,2025-12-08T09:16:00+05:30,14.35,26000,2025-12-05T15:20:00+05:30,19.55,2025-12-08T09:16:00+05:30,18.25,-1612.00,200.00,-1812.00,0,
2025-12-08,TRADED,,2025-12-09,2025-12-09,2025-12-08T15:20:00+05:30,25946.0,25950,2025-12-08T15:20:00+05:30,60.15,2025-12-09T09:16:00+05:30,26.15,2025-12-08T15:20:00+05:30,65.2,2025-12-09T09:16:00+05:30,109.4,26100,2025-12-08T15:20:00+05:30,16.65,2025-12-09T09:16:00+05:30,6.6,25800,2025-12-08T15:20:00+05:30,16.45,2025-12-09T09:16:00+05:30,29.6,-3926.00,200.00,-4126.00,0,
2025-12-09,TRADED,,2025-12-16,2025-12-10,2025-12-09T15:20:00+05:30,25836.5,25850,2025-12-09T15:20:00+05:30,151.45,2025-12-10T09:16:00+05:30,137.55,2025-12-09T15:20:00+05:30,117.35,2025-12-10T09:16:00+05:30,123.55,26100,2025-12-09T15:20:00+05:30,51.3,2025-12-10T09:16:00+05:30,44.3,25600,2025-12-09T15:20:00+05:30,39.95,2025-12-10T09:16:00+05:30,43.0,-1105.00,200.00,-1305.00,0,
2025-12-10,TRADED,,2025-12-16,2025-12-11,2025-12-10T15:20:00+05:30,25757.1,25750,2025-12-10T15:20:00+05:30,152.1,2025-12-11T09:16:00+05:30,152.35,2025-12-10T15:20:00+05:30,106.2,2025-12-11T09:16:00+05:30,99.15,26000,2025-12-10T15:20:00+05:30,52.85,2025-12-11T09:16:00+05:30,51.0,25500,2025-12-10T15:20:00+05:30,34.15,2025-12-11T09:16:00+05:30,30.3,-1794.00,200.00,-1994.00,0,
2025-12-11,TRADED,,2025-12-16,2025-12-12,2025-12-11T15:20:00+05:30,25901.5,25900,2025-12-11T15:20:00+05:30,118.95,2025-12-12T09:16:00+05:30,160.2,2025-12-11T15:20:00+05:30,84.0,2025-12-12T09:16:00+05:30,52.45,26100,2025-12-11T15:20:00+05:30,37.0,2025-12-12T09:16:00+05:30,52.6,25700,2025-12-11T15:20:00+05:30,27.1,2025-12-12T09:16:00+05:30,15.75,-3497.00,200.00,-3697.00,0,
2025-12-12,TRADED,,2025-12-16,2025-12-15,2025-12-12T15:20:00+05:30,26046.65,26050,2025-12-12T15:20:00+05:30,80.15,2025-12-15T09:16:00+05:30,38.25,2025-12-12T15:20:00+05:30,75.0,2025-12-15T09:16:00+05:30,126.5,26200,2025-12-12T15:20:00+05:30,25.4,2025-12-15T09:16:00+05:30,10.15,25850,2025-12-12T15:20:00+05:30,19.65,2025-12-15T09:16:00+05:30,34.0,-4810.00,200.00,-5010.00,0,
2025-12-15,SKIPPED,no_valid_wing_in_premium_band,2025-12-16,2025-12-16,2025-12-15T15:20:00+05:30,26023.45,26000,,,,,,,,,,,,,,,,,,,0.00,0.00,0.00,0,No CE wing contract satisfied the 25%-35% premium band with exact entry/exit timestamps.; No PE wing contract satisfied the 25%-35% premium band with exact entry/exit timestamps.
2025-12-16,TRADED,,2025-12-23,2025-12-17,2025-12-16T15:20:00+05:30,25841.05,25850,2025-12-16T15:20:00+05:30,152.3,2025-12-17T09:16:00+05:30,150.95,2025-12-16T15:20:00+05:30,106.7,2025-12-17T09:16:00+05:30,103.95,26100,2025-12-16T15:20:00+05:30,49.15,2025-12-17T09:16:00+05:30,47.5,25600,2025-12-16T15:20:00+05:30,35.1,2025-12-17T09:16:00+05:30,34.25,-1664.00,200.00,-1864.00,0,
2025-12-17,TRADED,,2025-12-23,2025-12-18,2025-12-17T15:20:00+05:30,25813.65,25800,2025-12-17T15:20:00+05:30,146.3,2025-12-18T09:16:00+05:30,108.9,2025-12-17T15:20:00+05:30,88.6,2025-12-18T09:16:00+05:30,109.5,26050,2025-12-17T15:20:00+05:30,44.55,2025-12-18T09:16:00+05:30,29.8,25550,2025-12-17T15:20:00+05:30,23.75,2025-12-18T09:16:00+05:30,28.85,-299.00,200.00,-499.00,0,
2025-12-18,TRADED,,2025-12-23,2025-12-19,2025-12-18T15:20:00+05:30,25819.4,25800,2025-12-18T15:20:00+05:30,121.0,2025-12-19T09:16:00+05:30,172.55,2025-12-18T15:20:00+05:30,80.9,2025-12-19T09:16:00+05:30,43.05,26000,2025-12-18T15:20:00+05:30,40.1,2025-12-19T09:16:00+05:30,61.05,25600,2025-12-18T15:20:00+05:30,25.15,2025-12-19T09:16:00+05:30,11.75,-3679.00,200.00,-3879.00,0,
2025-12-19,TRADED,,2025-12-23,2025-12-22,2025-12-19T15:20:00+05:30,25970.6,25950,2025-12-19T15:20:00+05:30,91.05,2025-12-22T09:16:00+05:30,177.15,2025-12-19T15:20:00+05:30,63.45,2025-12-22T09:16:00+05:30,19.25,26100,2025-12-19T15:20:00+05:30,29.1,2025-12-22T09:16:00+05:30,72.1,25800,2025-12-19T15:20:00+05:30,22.1,2025-12-22T09:16:00+05:30,6.75,-5785.00,200.00,-5985.00,0,
2025-12-22,TRADED,,2025-12-23,2025-12-23,2025-12-22T15:20:00+05:30,26168.95,26150,2025-12-22T15:20:00+05:30,54.05,2025-12-23T09:16:00+05:30,62.7,2025-12-22T15:20:00+05:30,52.75,2025-12-23T09:16:00+05:30,33.45,26250,2025-12-22T15:20:00+05:30,18.3,2025-12-23T09:16:00+05:30,19.1,26000,2025-12-22T15:20:00+05:30,13.8,2025-12-23T09:16:00+05:30,6.15,-1092.00,200.00,-1292.00,0,
2025-12-23,TRADED,,2025-12-30,2025-12-24,2025-12-23T15:20:00+05:30,26169.95,26150,2025-12-23T15:20:00+05:30,140.0,2025-12-24T09:16:00+05:30,114.45,2025-12-23T15:20:00+05:30,86.05,2025-12-24T09:16:00+05:30,94.3,26350,2025-12-23T15:20:00+05:30,48.85,2025-12-24T09:16:00+05:30,35.85,25900,2025-12-23T15:20:00+05:30,24.95,2025-12-24T09:16:00+05:30,25.65,-780.00,200.00,-980.00,0,
2025-12-24,SKIPPED,no_valid_wing_in_premium_band,2025-12-30,2025-12-26,2025-12-24T15:20:00+05:30,26140.35,26150,,,,,,,,,,,,,,,,,,,0.00,0.00,0.00,0,No CE wing contract satisfied the 25%-35% premium band with exact entry/exit timestamps.
2025-12-26,TRADED,,2025-12-30,2025-12-29,2025-12-26T15:20:00+05:30,26040.75,26050,2025-12-26T15:20:00+05:30,71.0,2025-12-29T09:16:00+05:30,69.15,2025-12-26T15:20:00+05:30,61.45,2025-12-29T09:16:00+05:30,48.7,26200,2025-12-26T15:20:00+05:30,21.5,2025-12-29T09:16:00+05:30,18.1,25900,2025-12-26T15:20:00+05:30,17.0,2025-12-29T09:16:00+05:30,10.4,-884.00,200.00,-1084.00,0,
2025-12-29,SKIPPED,no_valid_wing_in_premium_band,2025-12-30,2025-12-30,2025-12-29T15:20:00+05:30,25938.75,25950,,,,,,,,,,,,,,,,,,,0.00,0.00,0.00,0,No CE wing contract satisfied the 25%-35% premium band with exact entry/exit timestamps.
2025-12-30,SKIPPED,no_next_weekly_expiry,,2025-12-31,2025-12-30T15:20:00+05:30,25940.2,,,,,,,,,,,,,,,,,,,,0.00,0.00,0.00,0,No later weekly expiry folder exists in the dataset.
2025-12-31,SKIPPED,no_next_trading_day,,,2025-12-31T15:20:00+05:30,26130.25,,,,,,,,,,,,,,,,,,,,0.00,0.00,0.00,0,No next trading day exists in the dataset.
