entry_date,status,skip_reason,expiry_date,next_trading_day,spot_signal_timestamp,spot_signal_close,spot_sma_25,spot_signal_relation,atm_strike,sold_side,contract_name,option_entry_timestamp,option_entry_open,option_exit_timestamp,option_exit_open,gross_pnl,brokerage,net_pnl,remarks
2025-01-01,TRADED,,2025-01-02,2025-01-02,2025-01-01T15:15:00+05:30,23758.7,23718.99,ABOVE_SMA,23750,PE,NIFTY_23750_PE_02_JAN_25.csv,2025-01-01T15:29:00+05:30,95.9,2025-01-02T09:16:00+05:30,85.45,2197.00,50.00,2147.00,
2025-01-02,TRADED,,2025-01-09,2025-01-03,2025-01-02T15:15:00+05:30,24167.95,24012.97,ABOVE_SMA,24150,PE,NIFTY_24150_PE_09_JAN_25.csv,2025-01-02T15:29:00+05:30,168.6,2025-01-03T09:16:00+05:30,188.8,-5772.00,50.00,-5822.00,
2025-01-03,TRADED,,2025-01-09,2025-01-06,2025-01-03T15:15:00+05:30,23990.15,24065.33,BELOW_SMA,24000,CE,NIFTY_24000_CE_09_JAN_25.csv,2025-01-03T15:29:00+05:30,147.94,2025-01-06T09:16:00+05:30,165.9,-5189.60,50.00,-5239.60,
2025-01-06,TRADED,,2025-01-09,2025-01-07,2025-01-06T15:15:00+05:30,23629.6,23748.89,BELOW_SMA,23650,CE,NIFTY_23650_CE_09_JAN_25.csv,2025-01-06T15:29:00+05:30,185.05,2025-01-07T09:16:00+05:30,223.6,-10543.00,50.00,-10593.00,
2025-01-07,TRADED,,2025-01-09,2025-01-08,2025-01-07T15:15:00+05:30,23694.6,23727.07,BELOW_SMA,23700,CE,NIFTY_23700_CE_09_JAN_25.csv,2025-01-07T15:29:00+05:30,117.65,2025-01-08T09:16:00+05:30,103.7,3107.00,50.00,3057.00,
2025-01-08,TRADED,,2025-01-09,2025-01-09,2025-01-08T15:15:00+05:30,23675.2,23611.72,ABOVE_SMA,23700,PE,NIFTY_23700_PE_09_JAN_25.csv,2025-01-08T15:29:00+05:30,77.55,2025-01-09T09:16:00+05:30,103.65,-7306.00,50.00,-7356.00,
2025-01-09,TRADED,,2025-01-16,2025-01-10,2025-01-09T15:15:00+05:30,23557.2,23561.38,BELOW_SMA,23550,CE,NIFTY_23550_CE_16_JAN_25.csv,2025-01-09T15:29:00+05:30,209.0,2025-01-10T09:16:00+05:30,188.85,4719.00,50.00,4669.00,
2025-01-10,TRADED,,2025-01-16,2025-01-13,2025-01-10T15:15:00+05:30,23437.35,23475.84,BELOW_SMA,23450,CE,NIFTY_23450_CE_16_JAN_25.csv,2025-01-10T15:29:00+05:30,165.35,2025-01-13T09:16:00+05:30,81.15,21372.00,50.00,21322.00,
2025-01-13,TRADED,,2025-01-16,2025-01-14,2025-01-13T15:15:00+05:30,23088.7,23198.22,BELOW_SMA,23100,CE,NIFTY_23100_CE_16_JAN_25.csv,2025-01-13T15:29:00+05:30,154.19,2025-01-14T09:16:00+05:30,195.3,-11208.60,50.00,-11258.60,
2025-01-14,TRADED,,2025-01-16,2025-01-15,2025-01-14T15:15:00+05:30,23206.85,23183.34,ABOVE_SMA,23200,PE,NIFTY_23200_PE_16_JAN_25.csv,2025-01-14T15:29:00+05:30,63.75,2025-01-15T09:16:00+05:30,57.95,988.00,50.00,938.00,
2025-01-15,TRADED,,2025-01-16,2025-01-16,2025-01-15T15:15:00+05:30,23228.1,23219.45,ABOVE_SMA,23250,PE,NIFTY_23250_PE_16_JAN_25.csv,2025-01-15T15:29:00+05:30,72.8,2025-01-16T09:16:00+05:30,19.55,13325.00,50.00,13275.00,
2025-01-16,TRADED,,2025-01-23,2025-01-17,2025-01-16T15:15:00+05:30,23350.8,23312.68,ABOVE_SMA,23350,PE,NIFTY_23350_PE_23_JAN_25.csv,2025-01-16T15:29:00+05:30,176.6,2025-01-17T09:16:00+05:30,236.55,-16107.00,50.00,-16157.00,
2025-01-17,TRADED,,2025-01-23,2025-01-20,2025-01-17T15:15:00+05:30,23203.1,23197.05,ABOVE_SMA,23200,PE,NIFTY_23200_PE_23_JAN_25.csv,2025-01-17T15:29:00+05:30,148.94,2025-01-20T09:16:00+05:30,120.75,6809.40,50.00,6759.40,
2025-01-20,TRADED,,2025-01-23,2025-01-21,2025-01-20T15:15:00+05:30,23337.05,23312.84,ABOVE_SMA,23350,PE,NIFTY_23350_PE_23_JAN_25.csv,2025-01-20T15:29:00+05:30,133.8,2025-01-21T09:16:00+05:30,111.6,5252.00,50.00,5202.00,
2025-01-21,TRADED,,2025-01-23,2025-01-22,2025-01-21T15:15:00+05:30,23053.05,23199.63,BELOW_SMA,23050,CE,NIFTY_23050_CE_23_JAN_25.csv,2025-01-21T15:29:00+05:30,139.8,2025-01-22T09:16:00+05:30,134.75,793.00,50.00,743.00,
2025-01-22,TRADED,,2025-01-23,2025-01-23,2025-01-22T15:15:00+05:30,23161.75,23072.46,ABOVE_SMA,23150,PE,NIFTY_23150_PE_23_JAN_25.csv,2025-01-22T15:29:00+05:30,54.1,2025-01-23T09:16:00+05:30,65.25,-3419.00,50.00,-3469.00,
2025-01-23,TRADED,,2025-01-30,2025-01-24,2025-01-23T15:15:00+05:30,23216.3,23224.13,BELOW_SMA,23200,CE,NIFTY_23200_CE_30_JAN_25.csv,2025-01-23T15:29:00+05:30,223.2,2025-01-24T09:16:00+05:30,230.15,-2327.00,50.00,-2377.00,
2025-01-24,TRADED,,2025-01-30,2025-01-27,2025-01-24T15:15:00+05:30,23090.35,23198.75,BELOW_SMA,23100,CE,NIFTY_23100_CE_30_JAN_25.csv,2025-01-24T15:29:00+05:30,176.0,2025-01-27T09:16:00+05:30,112.3,16042.00,50.00,15992.00,
2025-01-27,TRADED,,2025-01-30,2025-01-28,2025-01-27T15:15:00+05:30,22816.85,22877.90,BELOW_SMA,22800,CE,NIFTY_22800_CE_30_JAN_25.csv,2025-01-27T15:29:00+05:30,174.45,2025-01-28T09:16:00+05:30,228.05,-14456.00,50.00,-14506.00,
2025-01-28,TRADED,,2025-01-30,2025-01-29,2025-01-28T15:15:00+05:30,22976.3,22987.69,BELOW_SMA,23000,CE,NIFTY_23000_CE_30_JAN_25.csv,2025-01-28T15:29:00+05:30,128.75,2025-01-29T09:16:00+05:30,145.1,-4771.00,50.00,-4821.00,
2025-01-29,TRADED,,2025-01-30,2025-01-30,2025-01-29T15:15:00+05:30,23176.2,23113.26,ABOVE_SMA,23200,PE,NIFTY_23200_PE_30_JAN_25.csv,2025-01-29T15:29:00+05:30,167.55,2025-01-30T09:16:00+05:30,177.15,-3016.00,50.00,-3066.00,
2025-01-30,TRADED,,2025-02-06,2025-01-31,2025-01-30T15:15:00+05:30,23297.95,23239.75,ABOVE_SMA,23300,PE,NIFTY_23300_PE_06_FEB_25.csv,2025-01-30T15:29:00+05:30,273.0,2025-01-31T09:16:00+05:30,293.14,-5756.40,50.00,-5806.40,
2025-01-31,TRADED,,2025-02-06,2025-02-01,2025-01-31T15:15:00+05:30,23533.85,23442.03,ABOVE_SMA,23550,PE,NIFTY_23550_PE_06_FEB_25.csv,2025-01-31T15:29:00+05:30,222.7,2025-02-01T09:16:00+05:30,231.65,-2847.00,50.00,-2897.00,
2025-02-01,TRADED,,2025-02-06,2025-02-03,2025-02-01T15:15:00+05:30,23495.3,23508.35,BELOW_SMA,23500,CE,NIFTY_23500_CE_06_FEB_25.csv,2025-02-01T15:29:00+05:30,143.94,2025-02-03T09:16:00+05:30,68.45,19107.40,50.00,19057.40,
2025-02-03,TRADED,,2025-02-06,2025-02-04,2025-02-03T15:15:00+05:30,23359.7,23313.21,ABOVE_SMA,23350,PE,NIFTY_23350_PE_06_FEB_25.csv,2025-02-03T15:29:00+05:30,96.95,2025-02-04T09:16:00+05:30,48.4,12103.00,50.00,12053.00,
2025-02-04,TRADED,,2025-02-06,2025-02-05,2025-02-04T15:15:00+05:30,23707.7,23595.98,ABOVE_SMA,23700,PE,NIFTY_23700_PE_06_FEB_25.csv,2025-02-04T15:29:00+05:30,89.0,2025-02-05T09:16:00+05:30,71.75,3965.00,50.00,3915.00,
2025-02-05,TRADED,,2025-02-06,2025-02-06,2025-02-05T15:15:00+05:30,23686.75,23743.89,BELOW_SMA,23700,CE,NIFTY_23700_CE_06_FEB_25.csv,2025-02-05T15:29:00+05:30,55.0,2025-02-06T09:16:00+05:30,63.2,-2652.00,50.00,-2702.00,
2025-02-06,TRADED,,2025-02-13,2025-02-07,2025-02-06T15:15:00+05:30,23628.05,23611.54,ABOVE_SMA,23650,PE,NIFTY_23650_PE_13_FEB_25.csv,2025-02-06T15:29:00+05:30,183.5,2025-02-07T09:16:00+05:30,188.3,-1768.00,50.00,-1818.00,
2025-02-07,TRADED,,2025-02-13,2025-02-10,2025-02-07T15:15:00+05:30,23563.15,23571.58,BELOW_SMA,23550,CE,NIFTY_23550_CE_13_FEB_25.csv,2025-02-07T15:29:00+05:30,165.0,2025-02-10T09:16:00+05:30,136.35,6929.00,50.00,6879.00,
2025-02-10,TRADED,,2025-02-13,2025-02-11,2025-02-10T15:15:00+05:30,23376.05,23378.53,BELOW_SMA,23400,CE,NIFTY_23400_CE_13_FEB_25.csv,2025-02-10T15:29:00+05:30,147.25,2025-02-11T09:16:00+05:30,127.0,4745.00,50.00,4695.00,
2025-02-11,TRADED,,2025-02-13,2025-02-12,2025-02-11T15:15:00+05:30,23070.5,23180.78,BELOW_SMA,23050,CE,NIFTY_23050_CE_13_FEB_25.csv,2025-02-11T15:29:00+05:30,133.69,2025-02-12T09:16:00+05:30,125.6,1583.40,50.00,1533.40,
2025-02-12,TRADED,,2025-02-13,2025-02-13,2025-02-12T15:15:00+05:30,23057.8,22988.75,ABOVE_SMA,23050,PE,NIFTY_23050_PE_13_FEB_25.csv,2025-02-12T15:29:00+05:30,81.59,2025-02-13T09:16:00+05:30,55.9,6159.40,50.00,6109.40,
2025-02-13,TRADED,,2025-02-20,2025-02-14,2025-02-13T15:15:00+05:30,23019.4,23132.52,BELOW_SMA,23000,CE,NIFTY_23000_CE_20_FEB_25.csv,2025-02-13T15:29:00+05:30,211.15,2025-02-14T09:16:00+05:30,263.45,-14118.00,50.00,-14168.00,
2025-02-14,TRADED,,2025-02-20,2025-02-17,2025-02-14T15:15:00+05:30,22897.25,22902.97,BELOW_SMA,22900,CE,NIFTY_22900_CE_20_FEB_25.csv,2025-02-14T15:29:00+05:30,185.6,2025-02-17T09:16:00+05:30,127.4,14612.00,50.00,14562.00,
2025-02-17,TRADED,,2025-02-20,2025-02-18,2025-02-17T15:15:00+05:30,22963.5,22864.70,ABOVE_SMA,22950,PE,NIFTY_22950_PE_20_FEB_25.csv,2025-02-17T15:29:00+05:30,127.85,2025-02-18T09:16:00+05:30,140.0,-3679.00,50.00,-3729.00,
2025-02-18,TRADED,,2025-02-20,2025-02-19,2025-02-18T15:15:00+05:30,22923.15,22889.31,ABOVE_SMA,22900,PE,NIFTY_22900_PE_20_FEB_25.csv,2025-02-18T15:29:00+05:30,105.8,2025-02-19T09:16:00+05:30,137.15,-8671.00,50.00,-8721.00,
2025-02-19,TRADED,,2025-02-20,2025-02-20,2025-02-19T15:15:00+05:30,22914.4,22947.21,BELOW_SMA,22900,CE,NIFTY_22900_CE_20_FEB_25.csv,2025-02-19T15:29:00+05:30,95.75,2025-02-20T09:16:00+05:30,64.45,7618.00,50.00,7568.00,
2025-02-20,TRADED,,2025-02-27,2025-02-21,2025-02-20T15:15:00+05:30,22906.25,22894.60,ABOVE_SMA,22900,PE,NIFTY_22900_PE_27_FEB_25.csv,2025-02-20T15:29:00+05:30,146.05,2025-02-21T09:16:00+05:30,154.85,-2808.00,50.00,-2858.00,
2025-02-21,TRADED,,2025-02-27,2025-02-24,2025-02-21T15:15:00+05:30,22764.35,22786.86,BELOW_SMA,22750,CE,NIFTY_22750_CE_27_FEB_25.csv,2025-02-21T15:29:00+05:30,173.75,2025-02-24T09:16:00+05:30,114.2,14963.00,50.00,14913.00,
2025-02-24,TRADED,,2025-02-27,2025-02-25,2025-02-24T15:15:00+05:30,22548.85,22567.00,BELOW_SMA,22550,CE,NIFTY_22550_CE_27_FEB_25.csv,2025-02-24T15:29:00+05:30,134.5,2025-02-25T09:16:00+05:30,122.1,2704.00,50.00,2654.00,
2025-02-25,TRADED,,2025-02-27,2025-02-27,2025-02-25T15:15:00+05:30,22526.3,22574.33,BELOW_SMA,22550,CE,NIFTY_22550_CE_27_FEB_25.csv,2025-02-25T15:29:00+05:30,67.2,2025-02-27T09:16:00+05:30,60.8,1144.00,50.00,1094.00,
2025-02-27,TRADED,,2025-03-06,2025-02-28,2025-02-27T15:15:00+05:30,22510.85,22539.35,BELOW_SMA,22500,CE,NIFTY_22500_CE_06_MAR_25.csv,2025-02-27T15:29:00+05:30,194.0,2025-02-28T09:16:00+05:30,110.0,21320.00,50.00,21270.00,
2025-02-28,TRADED,,2025-03-06,2025-03-03,2025-02-28T15:15:00+05:30,22127.4,22200.59,BELOW_SMA,22150,CE,NIFTY_22150_CE_06_MAR_25.csv,2025-02-28T15:29:00+05:30,162.05,2025-03-03T09:16:00+05:30,184.5,-6357.00,50.00,-6407.00,
2025-03-03,TRADED,,2025-03-06,2025-03-04,2025-03-03T15:15:00+05:30,22143.15,22092.64,ABOVE_SMA,22150,PE,NIFTY_22150_PE_06_MAR_25.csv,2025-03-03T15:29:00+05:30,109.35,2025-03-04T09:16:00+05:30,192.95,-22256.00,50.00,-22306.00,
2025-03-04,TRADED,,2025-03-06,2025-03-05,2025-03-04T15:15:00+05:30,22080.3,22065.48,ABOVE_SMA,22100,PE,NIFTY_22100_PE_06_MAR_25.csv,2025-03-04T15:29:00+05:30,109.45,2025-03-05T09:16:00+05:30,80.25,7072.00,50.00,7022.00,
2025-03-05,TRADED,,2025-03-06,2025-03-06,2025-03-05T15:15:00+05:30,22346.65,22313.18,ABOVE_SMA,22350,PE,NIFTY_22350_PE_06_MAR_25.csv,2025-03-05T15:29:00+05:30,84.65,2025-03-06T09:16:00+05:30,23.2,15457.00,50.00,15407.00,
2025-03-06,TRADED,,2025-03-13,2025-03-07,2025-03-06T15:15:00+05:30,22529.2,22432.01,ABOVE_SMA,22550,PE,NIFTY_22550_PE_13_MAR_25.csv,2025-03-06T15:29:00+05:30,161.05,2025-03-07T09:16:00+05:30,176.85,-4628.00,50.00,-4678.00,
2025-03-07,TRADED,,2025-03-13,2025-03-10,2025-03-07T15:15:00+05:30,22536.95,22564.86,BELOW_SMA,22550,CE,NIFTY_22550_CE_13_MAR_25.csv,2025-03-07T15:29:00+05:30,150.15,2025-03-10T09:16:00+05:30,136.3,3081.00,50.00,3031.00,
2025-03-10,TRADED,,2025-03-13,2025-03-11,2025-03-10T15:15:00+05:30,22441.1,22575.33,BELOW_SMA,22450,CE,NIFTY_22450_CE_13_MAR_25.csv,2025-03-10T15:29:00+05:30,118.3,2025-03-11T09:16:00+05:30,70.35,11947.00,50.00,11897.00,
2025-03-11,TRADED,,2025-03-13,2025-03-12,2025-03-11T15:15:00+05:30,22520.5,22453.13,ABOVE_SMA,22500,PE,NIFTY_22500_PE_13_MAR_25.csv,2025-03-11T15:29:00+05:30,90.9,2025-03-12T09:16:00+05:30,68.05,5421.00,50.00,5371.00,
2025-03-12,TRADED,,2025-03-13,2025-03-13,2025-03-12T15:15:00+05:30,22468.5,22419.46,ABOVE_SMA,22450,PE,NIFTY_22450_PE_13_MAR_25.csv,2025-03-12T15:29:00+05:30,54.3,2025-03-13T09:16:00+05:30,34.95,4511.00,50.00,4461.00,
2025-03-13,TRADED,,2025-03-20,2025-03-17,2025-03-13T15:15:00+05:30,22383.3,22455.65,BELOW_SMA,22400,CE,NIFTY_22400_CE_20_MAR_25.csv,2025-03-13T15:29:00+05:30,137.4,2025-03-17T09:16:00+05:30,199.95,-16783.00,50.00,-16833.00,
2025-03-17,TRADED,,2025-03-20,2025-03-18,2025-03-17T15:15:00+05:30,22515.25,22501.77,ABOVE_SMA,22500,PE,NIFTY_22500_PE_20_MAR_25.csv,2025-03-17T15:29:00+05:30,94.6,2025-03-18T09:16:00+05:30,61.8,8008.00,50.00,7958.00,
2025-03-18,TRADED,,2025-03-20,2025-03-19,2025-03-18T15:15:00+05:30,22848.75,22759.58,ABOVE_SMA,22850,PE,NIFTY_22850_PE_20_MAR_25.csv,2025-03-18T15:29:00+05:30,86.25,2025-03-19T09:16:00+05:30,80.5,975.00,50.00,925.00,
2025-03-19,TRADED,,2025-03-20,2025-03-20,2025-03-19T15:15:00+05:30,22911.8,22901.21,ABOVE_SMA,22900,PE,NIFTY_22900_PE_20_MAR_25.csv,2025-03-19T15:29:00+05:30,62.2,2025-03-20T09:16:00+05:30,31.2,7540.00,50.00,7490.00,
2025-03-20,TRADED,,2025-03-27,2025-03-21,2025-03-20T15:15:00+05:30,23165.7,23106.73,ABOVE_SMA,23150,PE,NIFTY_23150_PE_27_MAR_25.csv,2025-03-20T15:29:00+05:30,117.25,2025-03-21T09:16:00+05:30,116.55,-338.00,50.00,-388.00,
2025-03-21,TRADED,,2025-03-27,2025-03-24,2025-03-21T15:15:00+05:30,23355.65,23333.50,ABOVE_SMA,23350,PE,NIFTY_23350_PE_27_MAR_25.csv,2025-03-21T15:29:00+05:30,110.1,2025-03-24T09:16:00+05:30,70.09,9882.60,50.00,9832.60,
2025-03-24,TRADED,,2025-03-27,2025-03-25,2025-03-24T15:15:00+05:30,23674.15,23619.53,ABOVE_SMA,23650,PE,NIFTY_23650_PE_27_MAR_25.csv,2025-03-24T15:29:00+05:30,102.75,2025-03-25T09:16:00+05:30,84.75,4160.00,50.00,4110.00,
2025-03-25,TRADED,,2025-03-27,2025-03-26,2025-03-25T15:15:00+05:30,23605.95,23711.13,BELOW_SMA,23600,CE,NIFTY_23600_CE_27_MAR_25.csv,2025-03-25T15:29:00+05:30,150.65,2025-03-26T09:16:00+05:30,159.3,-2769.00,50.00,-2819.00,
2025-03-26,TRADED,,2025-03-27,2025-03-27,2025-03-26T15:15:00+05:30,23464.3,23597.70,BELOW_SMA,23450,CE,NIFTY_23450_CE_27_MAR_25.csv,2025-03-26T15:29:00+05:30,112.3,2025-03-27T09:16:00+05:30,70.0,10478.00,50.00,10428.00,
2025-03-27,TRADED,,2025-04-03,2025-03-28,2025-03-27T15:15:00+05:30,23601.05,23593.97,ABOVE_SMA,23600,PE,NIFTY_23600_PE_03_APR_25.csv,2025-03-27T15:29:00+05:30,120.35,2025-03-28T09:16:00+05:30,135.0,-4329.00,50.00,-4379.00,
2025-03-28,TRADED,,2025-04-03,2025-04-01,2025-03-28T15:15:00+05:30,23495.15,23547.31,BELOW_SMA,23500,CE,NIFTY_23500_CE_03_APR_25.csv,2025-03-28T15:29:00+05:30,130.5,2025-04-01T09:16:00+05:30,79.15,12831.00,50.00,12781.00,
2025-04-01,TRADED,,2025-04-03,2025-04-02,2025-04-01T15:15:00+05:30,23179.7,23249.91,BELOW_SMA,23200,CE,NIFTY_23200_CE_03_APR_25.csv,2025-04-01T15:29:00+05:30,106.4,2025-04-02T09:16:00+05:30,108.6,-1092.00,50.00,-1142.00,
2025-04-02,TRADED,,2025-04-03,2025-04-03,2025-04-02T15:15:00+05:30,23330.8,23278.42,ABOVE_SMA,23350,PE,NIFTY_23350_PE_03_APR_25.csv,2025-04-02T15:29:00+05:30,93.95,2025-04-03T09:16:00+05:30,181.5,-23283.00,50.00,-23333.00,
2025-04-03,TRADED,,2025-04-09,2025-04-04,2025-04-03T15:15:00+05:30,23241.6,23265.57,BELOW_SMA,23250,CE,NIFTY_23250_CE_09_APR_25.csv,2025-04-03T15:29:00+05:30,155.05,2025-04-04T09:16:00+05:30,99.05,14040.00,50.00,13990.00,
2025-04-04,TRADED,,2025-04-09,2025-04-07,2025-04-04T15:15:00+05:30,22912.05,22953.71,BELOW_SMA,22900,CE,NIFTY_22900_CE_09_APR_25.csv,2025-04-04T15:29:00+05:30,116.0,2025-04-07T09:16:00+05:30,20.95,24193.00,50.00,24143.00,
2025-04-07,TRADED,,2025-04-09,2025-04-08,2025-04-07T15:15:00+05:30,22238.0,21984.42,ABOVE_SMA,22250,PE,NIFTY_22250_PE_09_APR_25.csv,2025-04-07T15:29:00+05:30,288.8,2025-04-08T09:16:00+05:30,100.45,48451.00,50.00,48401.00,
2025-04-08,TRADED,,2025-04-09,2025-04-09,2025-04-08T15:15:00+05:30,22547.2,22516.34,ABOVE_SMA,22550,PE,NIFTY_22550_PE_09_APR_25.csv,2025-04-08T15:29:00+05:30,165.4,2025-04-09T09:16:00+05:30,233.8,-18304.00,50.00,-18354.00,
2025-04-09,TRADED,,2025-04-17,2025-04-11,2025-04-09T15:15:00+05:30,22420.4,22408.67,ABOVE_SMA,22400,PE,NIFTY_22400_PE_17_APR_25.csv,2025-04-09T15:29:00+05:30,278.0,2025-04-11T09:16:00+05:30,113.45,42263.00,50.00,42213.00,
2025-04-11,TRADED,,2025-04-17,2025-04-15,2025-04-11T15:15:00+05:30,22844.5,22841.92,ABOVE_SMA,22850,PE,NIFTY_22850_PE_17_APR_25.csv,2025-04-11T15:29:00+05:30,231.95,2025-04-15T09:16:00+05:30,39.9,49413.00,50.00,49363.00,
2025-04-15,TRADED,,2025-04-17,2025-04-16,2025-04-15T15:15:00+05:30,23344.1,23319.80,ABOVE_SMA,23350,PE,NIFTY_23350_PE_17_APR_25.csv,2025-04-15T15:29:00+05:30,109.9,2025-04-16T09:16:00+05:30,125.55,-4589.00,50.00,-4639.00,
2025-04-16,TRADED,,2025-04-17,2025-04-17,2025-04-16T15:15:00+05:30,23433.3,23355.16,ABOVE_SMA,23450,PE,NIFTY_23450_PE_17_APR_25.csv,2025-04-16T15:29:00+05:30,112.5,2025-04-17T09:16:00+05:30,109.3,312.00,50.00,262.00,
2025-04-17,TRADED,,2025-04-24,2025-04-21,2025-04-17T15:15:00+05:30,23837.75,23636.06,ABOVE_SMA,23850,PE,NIFTY_23850_PE_24_APR_25.csv,2025-04-17T15:29:00+05:30,193.65,2025-04-21T09:16:00+05:30,114.6,20033.00,50.00,19983.00,
2025-04-21,TRADED,,2025-04-24,2025-04-22,2025-04-21T15:15:00+05:30,24121.2,24112.33,ABOVE_SMA,24100,PE,NIFTY_24100_PE_24_APR_25.csv,2025-04-21T15:29:00+05:30,98.9,2025-04-22T09:16:00+05:30,90.4,1690.00,50.00,1640.00,
2025-04-22,TRADED,,2025-04-24,2025-04-23,2025-04-22T15:15:00+05:30,24134.05,24187.02,BELOW_SMA,24150,CE,NIFTY_24150_CE_24_APR_25.csv,2025-04-22T15:29:00+05:30,102.75,2025-04-23T09:16:00+05:30,170.8,-18213.00,50.00,-18263.00,
2025-04-23,TRADED,,2025-04-24,2025-04-24,2025-04-23T15:15:00+05:30,24300.85,24254.51,ABOVE_SMA,24300,PE,NIFTY_24300_PE_24_APR_25.csv,2025-04-23T15:29:00+05:30,59.6,2025-04-24T09:16:00+05:30,60.6,-780.00,50.00,-830.00,
2025-04-24,TRADED,,2025-04-30,2025-04-25,2025-04-24T15:15:00+05:30,24245.05,24260.66,BELOW_SMA,24250,CE,NIFTY_24250_CE_30_APR_25.csv,2025-04-24T15:29:00+05:30,205.35,2025-04-25T09:16:00+05:30,250.15,-12168.00,50.00,-12218.00,
2025-04-25,TRADED,,2025-04-30,2025-04-28,2025-04-25T15:15:00+05:30,23991.65,24025.77,BELOW_SMA,24000,CE,NIFTY_24000_CE_30_APR_25.csv,2025-04-25T15:29:00+05:30,171.4,2025-04-28T09:16:00+05:30,217.8,-12584.00,50.00,-12634.00,
2025-04-28,TRADED,,2025-04-30,2025-04-29,2025-04-28T15:15:00+05:30,24312.9,24285.76,ABOVE_SMA,24300,PE,NIFTY_24300_PE_30_APR_25.csv,2025-04-28T15:29:00+05:30,81.09,2025-04-29T09:16:00+05:30,41.35,9812.40,50.00,9762.40,
2025-04-29,TRADED,,2025-04-30,2025-04-30,2025-04-29T15:15:00+05:30,24325.45,24345.77,BELOW_SMA,24350,CE,NIFTY_24350_CE_30_APR_25.csv,2025-04-29T15:29:00+05:30,39.15,2025-04-30T09:16:00+05:30,16.5,5369.00,50.00,5319.00,
2025-04-30,TRADED,,2025-05-08,2025-05-02,2025-04-30T15:15:00+05:30,24246.25,24338.16,BELOW_SMA,24250,CE,NIFTY_24250_CE_08_MAY_25.csv,2025-04-30T15:29:00+05:30,274.2,2025-05-02T09:16:00+05:30,336.8,-16796.00,50.00,-16846.00,
2025-05-02,TRADED,,2025-05-08,2025-05-05,2025-05-02T15:15:00+05:30,24313.65,24389.81,BELOW_SMA,24300,CE,NIFTY_24300_CE_08_MAY_25.csv,2025-05-02T15:29:00+05:30,168.8,2025-05-05T09:16:00+05:30,225.15,-15171.00,50.00,-15221.00,
2025-05-05,TRADED,,2025-05-08,2025-05-06,2025-05-05T15:15:00+05:30,24459.5,24467.32,BELOW_SMA,24450,CE,NIFTY_24450_CE_08_MAY_25.csv,2025-05-05T15:29:00+05:30,109.05,2025-05-06T09:16:00+05:30,101.45,1456.00,50.00,1406.00,
2025-05-06,TRADED,,2025-05-08,2025-05-07,2025-05-06T15:15:00+05:30,24335.9,24388.45,BELOW_SMA,24350,CE,NIFTY_24350_CE_08_MAY_25.csv,2025-05-06T15:29:00+05:30,73.9,2025-05-07T09:16:00+05:30,88.95,-4433.00,50.00,-4483.00,
2025-05-07,TRADED,,2025-05-08,2025-05-08,2025-05-07T15:15:00+05:30,24409.3,24378.63,ABOVE_SMA,24400,PE,NIFTY_24400_PE_08_MAY_25.csv,2025-05-07T15:29:00+05:30,66.34,2025-05-08T09:16:00+05:30,29.25,9123.40,50.00,9073.40,
2025-05-08,TRADED,,2025-05-15,2025-05-09,2025-05-08T15:15:00+05:30,24154.1,24365.21,BELOW_SMA,24150,CE,NIFTY_24150_CE_15_MAY_25.csv,2025-05-08T15:29:00+05:30,272.45,2025-05-09T09:16:00+05:30,248.35,5746.00,50.00,5696.00,
2025-05-09,TRADED,,2025-05-15,2025-05-12,2025-05-09T15:15:00+05:30,24038.65,24023.40,ABOVE_SMA,24050,PE,NIFTY_24050_PE_15_MAY_25.csv,2025-05-09T15:29:00+05:30,246.1,2025-05-12T09:16:00+05:30,22.9,57512.00,50.00,57462.00,
2025-05-12,TRADED,,2025-05-15,2025-05-13,2025-05-12T15:15:00+05:30,24920.25,24769.59,ABOVE_SMA,24900,PE,NIFTY_24900_PE_15_MAY_25.csv,2025-05-12T15:29:00+05:30,176.3,2025-05-13T09:16:00+05:30,161.5,3328.00,50.00,3278.00,
2025-05-13,TRADED,,2025-05-15,2025-05-14,2025-05-13T15:15:00+05:30,24593.65,24671.45,BELOW_SMA,24600,CE,NIFTY_24600_CE_15_MAY_25.csv,2025-05-13T15:29:00+05:30,128.94,2025-05-14T09:16:00+05:30,115.0,3104.40,50.00,3054.40,
2025-05-14,TRADED,,2025-05-15,2025-05-15,2025-05-14T15:15:00+05:30,24685.75,24671.97,ABOVE_SMA,24700,PE,NIFTY_24700_PE_15_MAY_25.csv,2025-05-14T15:29:00+05:30,111.65,2025-05-15T09:16:00+05:30,104.25,1404.00,50.00,1354.00,
2025-05-15,TRADED,,2025-05-22,2025-05-16,2025-05-15T15:15:00+05:30,25035.3,24792.60,ABOVE_SMA,25050,PE,NIFTY_25050_PE_22_MAY_25.csv,2025-05-15T15:29:00+05:30,199.0,2025-05-16T09:16:00+05:30,205.65,-2249.00,50.00,-2299.00,
2025-05-16,TRADED,,2025-05-22,2025-05-19,2025-05-16T15:15:00+05:30,25013.1,25001.58,ABOVE_SMA,25000,PE,NIFTY_25000_PE_22_MAY_25.csv,2025-05-16T15:29:00+05:30,164.1,2025-05-19T09:16:00+05:30,179.5,-4524.00,50.00,-4574.00,
2025-05-19,TRADED,,2025-05-22,2025-05-20,2025-05-19T15:15:00+05:30,24935.35,24991.10,BELOW_SMA,24950,CE,NIFTY_24950_CE_22_MAY_25.csv,2025-05-19T15:29:00+05:30,142.5,2025-05-20T09:16:00+05:30,162.3,-5668.00,50.00,-5718.00,
2025-05-20,TRADED,,2025-05-22,2025-05-21,2025-05-20T15:15:00+05:30,24713.85,24824.80,BELOW_SMA,24700,CE,NIFTY_24700_CE_22_MAY_25.csv,2025-05-20T15:29:00+05:30,135.44,2025-05-21T09:16:00+05:30,130.9,660.40,50.00,610.40,
2025-05-21,TRADED,,2025-05-22,2025-05-22,2025-05-21T15:15:00+05:30,24800.95,24814.12,BELOW_SMA,24800,CE,NIFTY_24800_CE_22_MAY_25.csv,2025-05-21T15:29:00+05:30,96.8,2025-05-22T09:16:00+05:30,56.0,10088.00,50.00,10038.00,
2025-05-22,TRADED,,2025-05-29,2025-05-23,2025-05-22T15:15:00+05:30,24637.0,24573.45,ABOVE_SMA,24650,PE,NIFTY_24650_PE_29_MAY_25.csv,2025-05-22T15:29:00+05:30,191.0,2025-05-23T09:16:00+05:30,188.0,260.00,50.00,210.00,
2025-05-23,TRADED,,2025-05-29,2025-05-26,2025-05-23T15:15:00+05:30,24845.15,24844.74,ABOVE_SMA,24850,PE,NIFTY_24850_PE_29_MAY_25.csv,2025-05-23T15:29:00+05:30,190.15,2025-05-26T09:16:00+05:30,129.0,15379.00,50.00,15329.00,
2025-05-26,TRADED,,2025-05-29,2025-05-27,2025-05-26T15:15:00+05:30,24996.35,24995.95,ABOVE_SMA,25000,PE,NIFTY_25000_PE_29_MAY_25.csv,2025-05-26T15:29:00+05:30,188.7,2025-05-27T09:16:00+05:30,234.3,-12376.00,50.00,-12426.00,
2025-05-27,TRADED,,2025-05-29,2025-05-28,2025-05-27T15:15:00+05:30,24837.7,24831.57,ABOVE_SMA,24850,PE,NIFTY_24850_PE_29_MAY_25.csv,2025-05-27T15:29:00+05:30,175.65,2025-05-28T09:16:00+05:30,205.0,-8151.00,50.00,-8201.00,
2025-05-28,TRADED,,2025-05-29,2025-05-29,2025-05-28T15:15:00+05:30,24757.15,24773.97,BELOW_SMA,24750,CE,NIFTY_24750_CE_29_MAY_25.csv,2025-05-28T15:29:00+05:30,110.0,2025-05-29T09:16:00+05:30,177.8,-18148.00,50.00,-18198.00,
2025-05-29,TRADED,,2025-06-05,2025-05-30,2025-05-29T15:15:00+05:30,24880.85,24763.44,ABOVE_SMA,24900,PE,NIFTY_24900_PE_05_JUN_25.csv,2025-05-29T15:29:00+05:30,211.15,2025-05-30T09:16:00+05:30,232.15,-5980.00,50.00,-6030.00,
2025-05-30,TRADED,,2025-06-05,2025-06-02,2025-05-30T15:15:00+05:30,24736.65,24766.73,BELOW_SMA,24750,CE,NIFTY_24750_CE_05_JUN_25.csv,2025-05-30T15:29:00+05:30,222.8,2025-06-02T09:16:00+05:30,151.35,18057.00,50.00,18007.00,
2025-06-02,TRADED,,2025-06-05,2025-06-03,2025-06-02T15:15:00+05:30,24690.35,24658.64,ABOVE_SMA,24700,PE,NIFTY_24700_PE_05_JUN_25.csv,2025-06-02T15:29:00+05:30,213.35,2025-06-03T09:16:00+05:30,148.4,16367.00,50.00,16317.00,
2025-06-03,TRADED,,2025-06-05,2025-06-04,2025-06-03T15:15:00+05:30,24538.4,24598.05,BELOW_SMA,24550,CE,NIFTY_24550_CE_05_JUN_25.csv,2025-06-03T15:29:00+05:30,140.75,2025-06-04T09:16:00+05:30,157.1,-4771.00,50.00,-4821.00,
2025-06-04,TRADED,,2025-06-05,2025-06-05,2025-06-04T15:15:00+05:30,24612.0,24598.13,ABOVE_SMA,24600,PE,NIFTY_24600_PE_05_JUN_25.csv,2025-06-04T15:29:00+05:30,72.75,2025-06-05T09:16:00+05:30,32.4,9971.00,50.00,9921.00,
2025-06-05,TRADED,,2025-06-12,2025-06-06,2025-06-05T15:15:00+05:30,24761.1,24750.84,ABOVE_SMA,24750,PE,NIFTY_24750_PE_12_JUN_25.csv,2025-06-05T15:29:00+05:30,161.95,2025-06-06T09:16:00+05:30,182.25,-5798.00,50.00,-5848.00,
2025-06-06,TRADED,,2025-06-12,2025-06-09,2025-06-06T15:15:00+05:30,25000.3,24936.37,ABOVE_SMA,25000,PE,NIFTY_25000_PE_12_JUN_25.csv,2025-06-06T15:29:00+05:30,154.9,2025-06-09T09:16:00+05:30,108.4,11570.00,50.00,11520.00,
2025-06-09,TRADED,,2025-06-12,2025-06-10,2025-06-09T15:15:00+05:30,25103.1,25110.09,BELOW_SMA,25100,CE,NIFTY_25100_CE_12_JUN_25.csv,2025-06-09T15:29:00+05:30,138.3,2025-06-10T09:16:00+05:30,149.4,-3406.00,50.00,-3456.00,
2025-06-10,TRADED,,2025-06-12,2025-06-11,2025-06-10T15:15:00+05:30,25091.5,25124.96,BELOW_SMA,25100,CE,NIFTY_25100_CE_12_JUN_25.csv,2025-06-10T15:29:00+05:30,78.95,2025-06-11T09:16:00+05:30,72.2,1235.00,50.00,1185.00,
2025-06-11,TRADED,,2025-06-12,2025-06-12,2025-06-11T15:15:00+05:30,25126.8,25165.44,BELOW_SMA,25150,CE,NIFTY_25150_CE_12_JUN_25.csv,2025-06-11T15:29:00+05:30,58.5,2025-06-12T09:16:00+05:30,44.95,3003.00,50.00,2953.00,
2025-06-12,TRADED,,2025-06-19,2025-06-13,2025-06-12T15:15:00+05:30,24856.0,25004.30,BELOW_SMA,24850,CE,NIFTY_24850_CE_19_JUN_25.csv,2025-06-12T15:29:00+05:30,191.3,2025-06-13T09:16:00+05:30,92.55,25155.00,50.00,25105.00,
2025-06-13,TRADED,,2025-06-19,2025-06-16,2025-06-13T15:15:00+05:30,24735.55,24683.42,ABOVE_SMA,24750,PE,NIFTY_24750_PE_19_JUN_25.csv,2025-06-13T15:29:00+05:30,200.65,2025-06-16T09:16:00+05:30,141.1,14963.00,50.00,14913.00,
2025-06-16,TRADED,,2025-06-19,2025-06-17,2025-06-16T15:15:00+05:30,24940.95,24892.89,ABOVE_SMA,24950,PE,NIFTY_24950_PE_19_JUN_25.csv,2025-06-16T15:29:00+05:30,130.7,2025-06-17T09:16:00+05:30,137.95,-2405.00,50.00,-2455.00,
2025-06-17,TRADED,,2025-06-19,2025-06-18,2025-06-17T15:15:00+05:30,24841.5,24862.50,BELOW_SMA,24850,CE,NIFTY_24850_CE_19_JUN_25.csv,2025-06-17T15:29:00+05:30,98.8,2025-06-18T09:16:00+05:30,71.55,6565.00,50.00,6515.00,
2025-06-18,TRADED,,2025-06-19,2025-06-19,2025-06-18T15:15:00+05:30,24798.75,24823.27,BELOW_SMA,24800,CE,NIFTY_24800_CE_19_JUN_25.csv,2025-06-18T15:29:00+05:30,74.75,2025-06-19T09:16:00+05:30,42.35,7904.00,50.00,7854.00,
2025-06-19,TRADED,,2025-06-26,2025-06-20,2025-06-19T15:15:00+05:30,24744.7,24807.67,BELOW_SMA,24750,CE,NIFTY_24750_CE_26_JUN_25.csv,2025-06-19T15:29:00+05:30,205.5,2025-06-20T09:16:00+05:30,251.4,-12454.00,50.00,-12504.00,
2025-06-20,TRADED,,2025-06-26,2025-06-23,2025-06-20T15:15:00+05:30,25079.75,25007.03,ABOVE_SMA,25100,PE,NIFTY_25100_PE_26_JUN_25.csv,2025-06-20T15:29:00+05:30,157.7,2025-06-23T09:16:00+05:30,206.95,-13325.00,50.00,-13375.00,
2025-06-23,TRADED,,2025-06-26,2025-06-24,2025-06-23T15:15:00+05:30,24958.9,24950.38,ABOVE_SMA,24950,PE,NIFTY_24950_PE_26_JUN_25.csv,2025-06-23T15:29:00+05:30,117.8,2025-06-24T09:16:00+05:30,33.55,21385.00,50.00,21335.00,
2025-06-24,TRADED,,2025-06-26,2025-06-25,2025-06-24T15:15:00+05:30,25071.55,25173.15,BELOW_SMA,25050,CE,NIFTY_25050_CE_26_JUN_25.csv,2025-06-24T15:29:00+05:30,126.45,2025-06-25T09:16:00+05:30,150.4,-6747.00,50.00,-6797.00,
2025-06-25,TRADED,,2025-06-26,2025-06-26,2025-06-25T15:15:00+05:30,25236.35,25217.90,ABOVE_SMA,25250,PE,NIFTY_25250_PE_26_JUN_25.csv,2025-06-25T15:29:00+05:30,64.35,2025-06-26T09:16:00+05:30,35.05,7098.00,50.00,7048.00,
2025-06-26,TRADED,,2025-07-03,2025-06-27,2025-06-26T15:15:00+05:30,25530.4,25411.44,ABOVE_SMA,25550,PE,NIFTY_25550_PE_03_JUL_25.csv,2025-06-26T15:29:00+05:30,178.8,2025-06-27T09:16:00+05:30,127.35,12857.00,50.00,12807.00,
2025-06-27,TRADED,,2025-07-03,2025-06-30,2025-06-27T15:15:00+05:30,25632.45,25605.94,ABOVE_SMA,25650,PE,NIFTY_25650_PE_03_JUL_25.csv,2025-06-27T15:29:00+05:30,132.0,2025-06-30T09:16:00+05:30,123.75,1625.00,50.00,1575.00,
2025-06-30,TRADED,,2025-07-03,2025-07-01,2025-06-30T15:15:00+05:30,25507.45,25540.81,BELOW_SMA,25500,CE,NIFTY_25500_CE_03_JUL_25.csv,2025-06-30T15:29:00+05:30,142.4,2025-07-01T09:16:00+05:30,130.55,2561.00,50.00,2511.00,
2025-07-01,TRADED,,2025-07-03,2025-07-02,2025-07-01T15:15:00+05:30,25533.0,25537.07,BELOW_SMA,25550,CE,NIFTY_25550_CE_03_JUL_25.csv,2025-07-01T15:29:00+05:30,93.9,2025-07-02T09:16:00+05:30,101.05,-2379.00,50.00,-2429.00,
2025-07-02,TRADED,,2025-07-03,2025-07-03,2025-07-02T15:15:00+05:30,25442.85,25472.09,BELOW_SMA,25450,CE,NIFTY_25450_CE_03_JUL_25.csv,2025-07-02T15:29:00+05:30,65.35,2025-07-03T09:16:00+05:30,68.65,-1378.00,50.00,-1428.00,
2025-07-03,TRADED,,2025-07-10,2025-07-04,2025-07-03T15:15:00+05:30,25397.4,25498.29,BELOW_SMA,25400,CE,NIFTY_25400_CE_10_JUL_25.csv,2025-07-03T15:29:00+05:30,175.0,2025-07-04T09:16:00+05:30,179.45,-1677.00,50.00,-1727.00,
2025-07-04,TRADED,,2025-07-10,2025-07-07,2025-07-04T15:15:00+05:30,25467.8,25397.62,ABOVE_SMA,25450,PE,NIFTY_25450_PE_10_JUL_25.csv,2025-07-04T15:29:00+05:30,124.5,2025-07-07T09:16:00+05:30,140.9,-4784.00,50.00,-4834.00,
2025-07-07,TRADED,,2025-07-10,2025-07-08,2025-07-07T15:15:00+05:30,25454.95,25447.43,ABOVE_SMA,25450,PE,NIFTY_25450_PE_10_JUL_25.csv,2025-07-07T15:29:00+05:30,107.4,2025-07-08T09:16:00+05:30,107.1,-442.00,50.00,-492.00,
2025-07-08,TRADED,,2025-07-10,2025-07-09,2025-07-08T15:15:00+05:30,25523.1,25465.27,ABOVE_SMA,25500,PE,NIFTY_25500_PE_10_JUL_25.csv,2025-07-08T15:29:00+05:30,64.4,2025-07-09T09:16:00+05:30,65.65,-845.00,50.00,-895.00,
2025-07-09,TRADED,,2025-07-10,2025-07-10,2025-07-09T15:15:00+05:30,25464.65,25514.59,BELOW_SMA,25450,CE,NIFTY_25450_CE_10_JUL_25.csv,2025-07-09T15:29:00+05:30,84.55,2025-07-10T09:16:00+05:30,71.85,2782.00,50.00,2732.00,
2025-07-10,TRADED,,2025-07-17,2025-07-11,2025-07-10T15:15:00+05:30,25348.15,25393.26,BELOW_SMA,25350,CE,NIFTY_25350_CE_17_JUL_25.csv,2025-07-10T15:29:00+05:30,154.0,2025-07-11T09:16:00+05:30,101.35,13169.00,50.00,13119.00,
2025-07-11,TRADED,,2025-07-17,2025-07-14,2025-07-11T15:15:00+05:30,25140.55,25188.27,BELOW_SMA,25150,CE,NIFTY_25150_CE_17_JUL_25.csv,2025-07-11T15:29:00+05:30,137.6,2025-07-14T09:16:00+05:30,106.6,7540.00,50.00,7490.00,
2025-07-14,TRADED,,2025-07-17,2025-07-15,2025-07-14T15:15:00+05:30,25087.1,25064.73,ABOVE_SMA,25100,PE,NIFTY_25100_PE_17_JUL_25.csv,2025-07-14T15:29:00+05:30,86.55,2025-07-15T09:16:00+05:30,64.7,5161.00,50.00,5111.00,
2025-07-15,TRADED,,2025-07-17,2025-07-16,2025-07-15T15:15:00+05:30,25219.65,25182.01,ABOVE_SMA,25200,PE,NIFTY_25200_PE_17_JUL_25.csv,2025-07-15T15:29:00+05:30,52.0,2025-07-16T09:16:00+05:30,73.45,-6097.00,50.00,-6147.00,
2025-07-16,TRADED,,2025-07-17,2025-07-17,2025-07-16T15:15:00+05:30,25198.55,25184.42,ABOVE_SMA,25200,PE,NIFTY_25200_PE_17_JUL_25.csv,2025-07-16T15:29:00+05:30,43.0,2025-07-17T09:16:00+05:30,30.05,2847.00,50.00,2797.00,
2025-07-17,TRADED,,2025-07-24,2025-07-18,2025-07-17T15:15:00+05:30,25109.5,25166.27,BELOW_SMA,25100,CE,NIFTY_25100_CE_24_JUL_25.csv,2025-07-17T15:29:00+05:30,158.6,2025-07-18T09:16:00+05:30,148.6,2080.00,50.00,2030.00,
2025-07-18,TRADED,,2025-07-24,2025-07-21,2025-07-18T15:15:00+05:30,24967.45,24968.53,BELOW_SMA,24950,CE,NIFTY_24950_CE_24_JUL_25.csv,2025-07-18T15:29:00+05:30,163.95,2025-07-21T09:16:00+05:30,126.15,9308.00,50.00,9258.00,
2025-07-21,TRADED,,2025-07-24,2025-07-22,2025-07-21T15:15:00+05:30,25093.3,25035.60,ABOVE_SMA,25100,PE,NIFTY_25100_PE_24_JUL_25.csv,2025-07-21T15:29:00+05:30,82.9,2025-07-22T09:16:00+05:30,55.15,6695.00,50.00,6645.00,
2025-07-22,TRADED,,2025-07-24,2025-07-23,2025-07-22T15:15:00+05:30,25064.9,25086.08,BELOW_SMA,25050,CE,NIFTY_25050_CE_24_JUL_25.csv,2025-07-22T15:29:00+05:30,85.1,2025-07-23T09:16:00+05:30,113.5,-7904.00,50.00,-7954.00,
2025-07-23,TRADED,,2025-07-24,2025-07-24,2025-07-23T15:15:00+05:30,25209.2,25156.61,ABOVE_SMA,25200,PE,NIFTY_25200_PE_24_JUL_25.csv,2025-07-23T15:29:00+05:30,36.45,2025-07-24T09:16:00+05:30,29.55,1274.00,50.00,1224.00,
2025-07-24,TRADED,,2025-07-31,2025-07-25,2025-07-24T15:15:00+05:30,25051.9,25103.21,BELOW_SMA,25050,CE,NIFTY_25050_CE_31_JUL_25.csv,2025-07-24T15:29:00+05:30,143.1,2025-07-25T09:16:00+05:30,87.4,13962.00,50.00,13912.00,
2025-07-25,TRADED,,2025-07-31,2025-07-28,2025-07-25T15:15:00+05:30,24832.2,24867.58,BELOW_SMA,24850,CE,NIFTY_24850_CE_31_JUL_25.csv,2025-07-25T15:29:00+05:30,122.25,2025-07-28T09:16:00+05:30,80.9,10231.00,50.00,10181.00,
2025-07-28,TRADED,,2025-07-31,2025-07-29,2025-07-28T15:15:00+05:30,24673.95,24756.14,BELOW_SMA,24650,CE,NIFTY_24650_CE_31_JUL_25.csv,2025-07-28T15:29:00+05:30,139.05,2025-07-29T09:16:00+05:30,110.4,6929.00,50.00,6879.00,
2025-07-29,TRADED,,2025-07-31,2025-07-30,2025-07-29T15:15:00+05:30,24830.4,24721.43,ABOVE_SMA,24850,PE,NIFTY_24850_PE_31_JUL_25.csv,2025-07-29T15:29:00+05:30,77.7,2025-07-30T09:16:00+05:30,88.2,-3250.00,50.00,-3300.00,
2025-07-30,TRADED,,2025-07-31,2025-07-31,2025-07-30T15:15:00+05:30,24844.55,24853.34,BELOW_SMA,24850,CE,NIFTY_24850_CE_31_JUL_25.csv,2025-07-30T15:29:00+05:30,65.45,2025-07-31T09:16:00+05:30,13.5,12987.00,50.00,12937.00,
2025-07-31,TRADED,,2025-08-07,2025-08-01,2025-07-31T15:15:00+05:30,24765.6,24804.71,BELOW_SMA,24750,CE,NIFTY_24750_CE_07_AUG_25.csv,2025-07-31T15:29:00+05:30,178.55,2025-08-01T09:16:00+05:30,133.7,11141.00,50.00,11091.00,
2025-08-01,TRADED,,2025-08-07,2025-08-04,2025-08-01T15:15:00+05:30,24572.15,24668.28,BELOW_SMA,24550,CE,NIFTY_24550_CE_07_AUG_25.csv,2025-08-01T15:29:00+05:30,158.8,2025-08-04T09:16:00+05:30,179.2,-5824.00,50.00,-5874.00,
2025-08-04,TRADED,,2025-08-07,2025-08-05,2025-08-04T15:15:00+05:30,24726.9,24677.03,ABOVE_SMA,24750,PE,NIFTY_24750_PE_07_AUG_25.csv,2025-08-04T15:29:00+05:30,118.75,2025-08-05T09:16:00+05:30,128.2,-2977.00,50.00,-3027.00,
2025-08-05,TRADED,,2025-08-07,2025-08-06,2025-08-05T15:15:00+05:30,24649.5,24631.21,ABOVE_SMA,24650,PE,NIFTY_24650_PE_07_AUG_25.csv,2025-08-05T15:29:00+05:30,84.35,2025-08-06T09:16:00+05:30,88.55,-1612.00,50.00,-1662.00,
2025-08-06,TRADED,,2025-08-07,2025-08-07,2025-08-06T15:15:00+05:30,24569.6,24591.81,BELOW_SMA,24550,CE,NIFTY_24550_CE_07_AUG_25.csv,2025-08-06T15:29:00+05:30,88.9,2025-08-07T09:16:00+05:30,38.4,12610.00,50.00,12560.00,
2025-08-07,TRADED,,2025-08-14,2025-08-08,2025-08-07T15:15:00+05:30,24626.65,24457.54,ABOVE_SMA,24650,PE,NIFTY_24650_PE_14_AUG_25.csv,2025-08-07T15:29:00+05:30,124.9,2025-08-08T09:16:00+05:30,153.2,-7878.00,50.00,-7928.00,
2025-08-08,TRADED,,2025-08-14,2025-08-11,2025-08-08T15:15:00+05:30,24350.85,24433.97,BELOW_SMA,24350,CE,NIFTY_24350_CE_14_AUG_25.csv,2025-08-08T15:29:00+05:30,157.85,2025-08-11T09:16:00+05:30,140.5,3991.00,50.00,3941.00,
2025-08-11,TRADED,,2025-08-14,2025-08-12,2025-08-11T15:15:00+05:30,24562.15,24474.58,ABOVE_SMA,24550,PE,NIFTY_24550_PE_14_AUG_25.csv,2025-08-11T15:29:00+05:30,94.0,2025-08-12T09:16:00+05:30,90.75,325.00,50.00,275.00,
2025-08-12,TRADED,,2025-08-14,2025-08-13,2025-08-12T15:15:00+05:30,24485.85,24576.88,BELOW_SMA,24500,CE,NIFTY_24500_CE_14_AUG_25.csv,2025-08-12T15:29:00+05:30,82.0,2025-08-13T09:16:00+05:30,134.4,-14144.00,50.00,-14194.00,
2025-08-13,TRADED,,2025-08-14,2025-08-14,2025-08-13T15:15:00+05:30,24630.4,24603.25,ABOVE_SMA,24650,PE,NIFTY_24650_PE_14_AUG_25.csv,2025-08-13T15:29:00+05:30,59.2,2025-08-14T09:16:00+05:30,57.15,13.00,50.00,-37.00,
2025-08-14,TRADED,,2025-08-21,2025-08-18,2025-08-14T15:15:00+05:30,24616.05,24639.56,BELOW_SMA,24600,CE,NIFTY_24600_CE_21_AUG_25.csv,2025-08-14T15:29:00+05:30,170.95,2025-08-18T09:16:00+05:30,383.45,-55770.00,50.00,-55820.00,
2025-08-18,TRADED,,2025-08-21,2025-08-19,2025-08-18T15:15:00+05:30,24884.05,24937.15,BELOW_SMA,24900,CE,NIFTY_24900_CE_21_AUG_25.csv,2025-08-18T15:29:00+05:30,127.95,2025-08-19T09:16:00+05:30,102.3,6149.00,50.00,6099.00,
2025-08-19,TRADED,,2025-08-21,2025-08-20,2025-08-19T15:15:00+05:30,24989.7,24953.05,ABOVE_SMA,25000,PE,NIFTY_25000_PE_21_AUG_25.csv,2025-08-19T15:29:00+05:30,72.7,2025-08-20T09:16:00+05:30,97.35,-6929.00,50.00,-6979.00,
2025-08-20,TRADED,,2025-08-21,2025-08-21,2025-08-20T15:15:00+05:30,25047.15,25030.09,ABOVE_SMA,25050,PE,NIFTY_25050_PE_21_AUG_25.csv,2025-08-20T15:29:00+05:30,55.15,2025-08-21T09:16:00+05:30,31.0,5759.00,50.00,5709.00,
2025-08-21,TRADED,,2025-08-28,2025-08-22,2025-08-21T15:15:00+05:30,25076.95,25108.29,BELOW_SMA,25100,CE,NIFTY_25100_CE_28_AUG_25.csv,2025-08-21T15:29:00+05:30,128.4,2025-08-22T09:16:00+05:30,95.15,8125.00,50.00,8075.00,
2025-08-22,TRADED,,2025-08-28,2025-08-25,2025-08-22T15:15:00+05:30,24869.45,24925.55,BELOW_SMA,24850,CE,NIFTY_24850_CE_28_AUG_25.csv,2025-08-22T15:29:00+05:30,141.0,2025-08-25T09:16:00+05:30,152.95,-3627.00,50.00,-3677.00,
2025-08-25,TRADED,,2025-08-28,2025-08-26,2025-08-25T15:15:00+05:30,24978.55,24966.02,ABOVE_SMA,25000,PE,NIFTY_25000_PE_28_AUG_25.csv,2025-08-25T15:29:00+05:30,76.85,2025-08-26T09:16:00+05:30,119.6,-11635.00,50.00,-11685.00,
2025-08-26,TRADED,,2025-08-28,2025-08-28,2025-08-26T15:15:00+05:30,24710.7,24786.84,BELOW_SMA,24700,CE,NIFTY_24700_CE_28_AUG_25.csv,2025-08-26T15:29:00+05:30,86.0,2025-08-28T09:16:00+05:30,24.55,15457.00,50.00,15407.00,
2025-08-28,TRADED,,2025-09-02,2025-08-29,2025-08-28T15:15:00+05:30,24533.1,24580.83,BELOW_SMA,24550,CE,NIFTY_24550_CE_02_SEP_25.csv,2025-08-28T15:29:00+05:30,114.5,2025-08-29T09:16:00+05:30,129.85,-4511.00,50.00,-4561.00,
2025-08-29,TRADED,,2025-09-02,2025-09-01,2025-08-29T15:15:00+05:30,24433.65,24509.28,BELOW_SMA,24450,CE,NIFTY_24450_CE_02_SEP_25.csv,2025-08-29T15:29:00+05:30,97.65,2025-09-01T09:16:00+05:30,136.35,-10582.00,50.00,-10632.00,
2025-09-01,TRADED,,2025-09-02,2025-09-02,2025-09-01T15:15:00+05:30,24624.3,24569.60,ABOVE_SMA,24600,PE,NIFTY_24600_PE_02_SEP_25.csv,2025-09-01T15:29:00+05:30,34.0,2025-09-02T09:16:00+05:30,18.4,3536.00,50.00,3486.00,
2025-09-02,TRADED,,2025-09-09,2025-09-03,2025-09-02T15:15:00+05:30,24575.0,24677.96,BELOW_SMA,24600,CE,NIFTY_24600_CE_09_SEP_25.csv,2025-09-02T15:29:00+05:30,136.25,2025-09-03T09:16:00+05:30,134.3,-13.00,50.00,-63.00,
2025-09-03,TRADED,,2025-09-09,2025-09-04,2025-09-03T15:15:00+05:30,24713.6,24620.43,ABOVE_SMA,24700,PE,NIFTY_24700_PE_09_SEP_25.csv,2025-09-03T15:29:00+05:30,94.05,2025-09-04T09:16:00+05:30,43.65,12584.00,50.00,12534.00,
2025-09-04,TRADED,,2025-09-09,2025-09-05,2025-09-04T15:15:00+05:30,24739.8,24807.21,BELOW_SMA,24750,CE,NIFTY_24750_CE_09_SEP_25.csv,2025-09-04T15:29:00+05:30,102.35,2025-09-05T09:16:00+05:30,127.25,-6994.00,50.00,-7044.00,
2025-09-05,TRADED,,2025-09-09,2025-09-08,2025-09-05T15:15:00+05:30,24743.95,24709.83,ABOVE_SMA,24750,PE,NIFTY_24750_PE_09_SEP_25.csv,2025-09-05T15:29:00+05:30,70.6,2025-09-08T09:16:00+05:30,42.2,6864.00,50.00,6814.00,
2025-09-08,TRADED,,2025-09-09,2025-09-09,2025-09-08T15:15:00+05:30,24791.2,24825.36,BELOW_SMA,24800,CE,NIFTY_24800_CE_09_SEP_25.csv,2025-09-08T15:29:00+05:30,59.2,2025-09-09T09:16:00+05:30,88.2,-8060.00,50.00,-8110.00,
2025-09-09,TRADED,,2025-09-16,2025-09-10,2025-09-09T15:15:00+05:30,24878.8,24850.16,ABOVE_SMA,24900,PE,NIFTY_24900_PE_16_SEP_25.csv,2025-09-09T15:29:00+05:30,120.45,2025-09-10T09:16:00+05:30,85.0,8697.00,50.00,8647.00,
2025-09-10,TRADED,,2025-09-16,2025-09-11,2025-09-10T15:15:00+05:30,24977.55,24981.44,BELOW_SMA,25000,CE,NIFTY_25000_CE_16_SEP_25.csv,2025-09-10T15:29:00+05:30,122.0,2025-09-11T09:16:00+05:30,105.2,3848.00,50.00,3798.00,
2025-09-11,TRADED,,2025-09-16,2025-09-12,2025-09-11T15:15:00+05:30,25008.1,24994.45,ABOVE_SMA,25000,PE,NIFTY_25000_PE_16_SEP_25.csv,2025-09-11T15:29:00+05:30,69.85,2025-09-12T09:16:00+05:30,44.4,6097.00,50.00,6047.00,
2025-09-12,TRADED,,2025-09-16,2025-09-15,2025-09-12T15:15:00+05:30,25107.7,25102.96,ABOVE_SMA,25100,PE,NIFTY_25100_PE_16_SEP_25.csv,2025-09-12T15:29:00+05:30,55.25,2025-09-15T09:16:00+05:30,53.05,52.00,50.00,2.00,
2025-09-15,TRADED,,2025-09-16,2025-09-16,2025-09-15T15:15:00+05:30,25069.7,25088.68,BELOW_SMA,25050,CE,NIFTY_25050_CE_16_SEP_25.csv,2025-09-15T15:29:00+05:30,77.25,2025-09-16T09:16:00+05:30,67.2,2093.00,50.00,2043.00,
2025-09-16,TRADED,,2025-09-23,2025-09-17,2025-09-16T15:15:00+05:30,25254.45,25179.79,ABOVE_SMA,25250,PE,NIFTY_25250_PE_23_SEP_25.csv,2025-09-16T15:29:00+05:30,95.3,2025-09-17T09:16:00+05:30,70.85,5837.00,50.00,5787.00,
2025-09-17,TRADED,,2025-09-23,2025-09-18,2025-09-17T15:15:00+05:30,25330.15,25323.42,ABOVE_SMA,25350,PE,NIFTY_25350_PE_23_SEP_25.csv,2025-09-17T15:29:00+05:30,92.85,2025-09-18T09:16:00+05:30,52.2,10049.00,50.00,9999.00,
2025-09-18,TRADED,,2025-09-23,2025-09-19,2025-09-18T15:15:00+05:30,25420.75,25400.86,ABOVE_SMA,25400,PE,NIFTY_25400_PE_23_SEP_25.csv,2025-09-18T15:29:00+05:30,51.6,2025-09-19T09:16:00+05:30,67.0,-4524.00,50.00,-4574.00,
2025-09-19,TRADED,,2025-09-23,2025-09-22,2025-09-19T15:15:00+05:30,25352.5,25326.67,ABOVE_SMA,25350,PE,NIFTY_25350_PE_23_SEP_25.csv,2025-09-19T15:29:00+05:30,53.0,2025-09-22T09:16:00+05:30,105.5,-14170.00,50.00,-14220.00,
2025-09-22,TRADED,,2025-09-23,2025-09-23,2025-09-22T15:15:00+05:30,25200.2,25276.56,BELOW_SMA,25200,CE,NIFTY_25200_CE_23_SEP_25.csv,2025-09-22T15:29:00+05:30,69.45,2025-09-23T09:16:00+05:30,72.2,-1235.00,50.00,-1285.00,
2025-09-23,TRADED,,2025-09-30,2025-09-24,2025-09-23T15:15:00+05:30,25185.8,25164.55,ABOVE_SMA,25200,PE,NIFTY_25200_PE_30_SEP_25.csv,2025-09-23T15:29:00+05:30,98.5,2025-09-24T09:16:00+05:30,140.2,-11362.00,50.00,-11412.00,
2025-09-24,TRADED,,2025-09-30,2025-09-25,2025-09-24T15:15:00+05:30,25060.9,25086.07,BELOW_SMA,25050,CE,NIFTY_25050_CE_30_SEP_25.csv,2025-09-24T15:29:00+05:30,141.2,2025-09-25T09:16:00+05:30,98.65,10543.00,50.00,10493.00,
2025-09-25,TRADED,,2025-09-30,2025-09-26,2025-09-25T15:15:00+05:30,24904.55,24988.58,BELOW_SMA,24900,CE,NIFTY_24900_CE_30_SEP_25.csv,2025-09-25T15:29:00+05:30,132.05,2025-09-26T09:16:00+05:30,81.65,12584.00,50.00,12534.00,
2025-09-26,TRADED,,2025-09-30,2025-09-29,2025-09-26T15:15:00+05:30,24673.1,24739.79,BELOW_SMA,24650,CE,NIFTY_24650_CE_30_SEP_25.csv,2025-09-26T15:29:00+05:30,112.2,2025-09-29T09:16:00+05:30,144.5,-8918.00,50.00,-8968.00,
2025-09-29,TRADED,,2025-09-30,2025-09-30,2025-09-29T15:15:00+05:30,24677.55,24701.98,BELOW_SMA,24700,CE,NIFTY_24700_CE_30_SEP_25.csv,2025-09-29T15:29:00+05:30,47.6,2025-09-30T09:16:00+05:30,60.65,-3913.00,50.00,-3963.00,
2025-09-30,TRADED,,2025-10-07,2025-10-01,2025-09-30T15:15:00+05:30,24633.6,24642.45,BELOW_SMA,24650,CE,NIFTY_24650_CE_07_OCT_25.csv,2025-09-30T15:29:00+05:30,149.7,2025-10-01T09:16:00+05:30,131.7,4160.00,50.00,4110.00,
2025-10-01,TRADED,,2025-10-07,2025-10-03,2025-10-01T15:15:00+05:30,24853.4,24755.01,ABOVE_SMA,24850,PE,NIFTY_24850_PE_07_OCT_25.csv,2025-10-01T15:29:00+05:30,80.7,2025-10-03T09:16:00+05:30,96.4,-4602.00,50.00,-4652.00,
2025-10-03,TRADED,,2025-10-07,2025-10-06,2025-10-03T15:15:00+05:30,24895.0,24827.37,ABOVE_SMA,24900,PE,NIFTY_24900_PE_07_OCT_25.csv,2025-10-03T15:29:00+05:30,58.25,2025-10-06T09:16:00+05:30,52.55,962.00,50.00,912.00,
2025-10-06,TRADED,,2025-10-07,2025-10-07,2025-10-06T15:15:00+05:30,25072.55,25018.13,ABOVE_SMA,25050,PE,NIFTY_25050_PE_07_OCT_25.csv,2025-10-06T15:29:00+05:30,30.6,2025-10-07T09:16:00+05:30,19.8,2288.00,50.00,2238.00,
2025-10-07,TRADED,,2025-10-14,2025-10-08,2025-10-07T15:15:00+05:30,25112.8,25158.57,BELOW_SMA,25100,CE,NIFTY_25100_CE_14_OCT_25.csv,2025-10-07T15:29:00+05:30,148.85,2025-10-08T09:16:00+05:30,128.1,4875.00,50.00,4825.00,
2025-10-08,TRADED,,2025-10-14,2025-10-09,2025-10-08T15:15:00+05:30,25023.8,25085.89,BELOW_SMA,25000,CE,NIFTY_25000_CE_14_OCT_25.csv,2025-10-08T15:29:00+05:30,134.9,2025-10-09T09:16:00+05:30,156.1,-6032.00,50.00,-6082.00,
2025-10-09,TRADED,,2025-10-14,2025-10-10,2025-10-09T15:15:00+05:30,25170.3,25129.69,ABOVE_SMA,25150,PE,NIFTY_25150_PE_14_OCT_25.csv,2025-10-09T15:29:00+05:30,58.05,2025-10-10T09:16:00+05:30,53.85,572.00,50.00,522.00,
2025-10-10,TRADED,,2025-10-14,2025-10-13,2025-10-10T15:15:00+05:30,25278.2,25288.78,BELOW_SMA,25300,CE,NIFTY_25300_CE_14_OCT_25.csv,2025-10-10T15:29:00+05:30,96.5,2025-10-13T09:16:00+05:30,46.65,12441.00,50.00,12391.00,
2025-10-13,TRADED,,2025-10-14,2025-10-14,2025-10-13T15:15:00+05:30,25237.15,25206.24,ABOVE_SMA,25250,PE,NIFTY_25250_PE_14_OCT_25.csv,2025-10-13T15:29:00+05:30,53.95,2025-10-14T09:16:00+05:30,31.8,5239.00,50.00,5189.00,
2025-10-14,TRADED,,2025-10-20,2025-10-15,2025-10-14T15:15:00+05:30,25123.35,25155.02,BELOW_SMA,25100,CE,NIFTY_25100_CE_20_OCT_25.csv,2025-10-14T15:29:00+05:30,170.0,2025-10-15T09:16:00+05:30,245.35,-20111.00,50.00,-20161.00,
2025-10-15,TRADED,,2025-10-20,2025-10-16,2025-10-15T15:15:00+05:30,25327.75,25304.76,ABOVE_SMA,25350,PE,NIFTY_25350_PE_20_OCT_25.csv,2025-10-15T15:29:00+05:30,84.4,2025-10-16T09:16:00+05:30,52.9,7670.00,50.00,7620.00,
2025-10-16,TRADED,,2025-10-20,2025-10-17,2025-10-16T15:15:00+05:30,25566.3,25500.89,ABOVE_SMA,25550,PE,NIFTY_25550_PE_20_OCT_25.csv,2025-10-16T15:29:00+05:30,73.95,2025-10-17T09:16:00+05:30,86.85,-3874.00,50.00,-3924.00,
2025-10-17,TRADED,,2025-10-20,2025-10-20,2025-10-17T15:15:00+05:30,25704.7,25700.58,ABOVE_SMA,25700,PE,NIFTY_25700_PE_20_OCT_25.csv,2025-10-17T15:29:00+05:30,71.05,2025-10-20T09:16:00+05:30,7.65,15964.00,50.00,15914.00,
2025-10-20,SKIPPED,missing_entry_or_exit_timestamp,2025-10-28,2025-10-21,2025-10-20T15:15:00+05:30,25850.7,25854.64,BELOW_SMA,25850,CE,NIFTY_25850_CE_28_OCT_25.csv,2025-10-20T15:29:00+05:30,,2025-10-21T09:16:00+05:30,,0.00,0.00,0.00,"NIFTY_25850_CE_28_OCT_25.csv missing exit timestamp 2025-10-21T09:16:00+05:30; Next trading day is a special session that starts at 13:45, so the exact 09:16 exit candle is unavailable."
2025-10-21,SKIPPED,missing_spot_signal_timestamp,,,2025-10-21T15:15:00+05:30,,,,,,,,,,,0.00,0.00,0.00,Missing spot signal timestamp 2025-10-21T15:15:00+05:30
2025-10-23,TRADED,,2025-10-28,2025-10-24,2025-10-23T15:15:00+05:30,25870.3,26029.46,BELOW_SMA,25850,CE,NIFTY_25850_CE_28_OCT_25.csv,2025-10-23T15:29:00+05:30,183.35,2025-10-24T09:16:00+05:30,174.45,1794.00,50.00,1744.00,
2025-10-24,TRADED,,2025-10-28,2025-10-27,2025-10-24T15:15:00+05:30,25797.45,25814.09,BELOW_SMA,25800,CE,NIFTY_25800_CE_28_OCT_25.csv,2025-10-24T15:29:00+05:30,101.4,2025-10-27T09:16:00+05:30,152.95,-13923.00,50.00,-13973.00,
2025-10-27,TRADED,,2025-10-28,2025-10-28,2025-10-27T15:15:00+05:30,25974.0,25961.31,ABOVE_SMA,25950,PE,NIFTY_25950_PE_28_OCT_25.csv,2025-10-27T15:29:00+05:30,39.0,2025-10-28T09:16:00+05:30,42.05,-1313.00,50.00,-1363.00,
2025-10-28,TRADED,,2025-11-04,2025-10-29,2025-10-28T15:15:00+05:30,25965.4,25899.76,ABOVE_SMA,25950,PE,NIFTY_25950_PE_04_NOV_25.csv,2025-10-28T15:29:00+05:30,136.75,2025-10-29T09:16:00+05:30,96.5,9945.00,50.00,9895.00,
2025-10-29,TRADED,,2025-11-04,2025-10-30,2025-10-29T15:15:00+05:30,26068.3,26044.46,ABOVE_SMA,26050,PE,NIFTY_26050_PE_04_NOV_25.csv,2025-10-29T15:29:00+05:30,104.8,2025-10-30T09:16:00+05:30,136.85,-8853.00,50.00,-8903.00,
2025-10-30,TRADED,,2025-11-04,2025-10-31,2025-10-30T15:15:00+05:30,25891.2,25914.13,BELOW_SMA,25900,CE,NIFTY_25900_CE_04_NOV_25.csv,2025-10-30T15:29:00+05:30,142.7,2025-10-31T09:16:00+05:30,99.0,10842.00,50.00,10792.00,
2025-10-31,TRADED,,2025-11-04,2025-11-03,2025-10-31T15:15:00+05:30,25732.55,25804.40,BELOW_SMA,25750,CE,NIFTY_25750_CE_04_NOV_25.csv,2025-10-31T15:29:00+05:30,134.3,2025-11-03T09:16:00+05:30,85.7,12116.00,50.00,12066.00,
2025-11-03,TRADED,,2025-11-04,2025-11-04,2025-11-03T15:15:00+05:30,25774.3,25745.78,ABOVE_SMA,25750,PE,NIFTY_25750_PE_04_NOV_25.csv,2025-11-03T15:29:00+05:30,53.35,2025-11-04T09:16:00+05:30,53.75,-624.00,50.00,-674.00,
2025-11-04,TRADED,,2025-11-11,2025-11-06,2025-11-04T15:15:00+05:30,25586.25,25666.44,BELOW_SMA,25600,CE,NIFTY_25600_CE_11_NOV_25.csv,2025-11-04T15:29:00+05:30,158.0,2025-11-06T09:16:00+05:30,187.7,-8242.00,50.00,-8292.00,
2025-11-06,TRADED,,2025-11-11,2025-11-07,2025-11-06T15:15:00+05:30,25519.95,25558.89,BELOW_SMA,25500,CE,NIFTY_25500_CE_11_NOV_25.csv,2025-11-06T15:29:00+05:30,134.7,2025-11-07T09:16:00+05:30,64.55,17719.00,50.00,17669.00,
2025-11-07,TRADED,,2025-11-11,2025-11-10,2025-11-07T15:15:00+05:30,25510.05,25446.45,ABOVE_SMA,25500,PE,NIFTY_25500_PE_11_NOV_25.csv,2025-11-07T15:29:00+05:30,74.2,2025-11-10T09:16:00+05:30,35.4,9568.00,50.00,9518.00,
2025-11-10,TRADED,,2025-11-11,2025-11-11,2025-11-10T15:15:00+05:30,25574.25,25609.19,BELOW_SMA,25550,CE,NIFTY_25550_CE_11_NOV_25.csv,2025-11-10T15:29:00+05:30,98.55,2025-11-11T09:16:00+05:30,103.9,-1911.00,50.00,-1961.00,
2025-11-11,TRADED,,2025-11-18,2025-11-12,2025-11-11T15:15:00+05:30,25705.55,25571.13,ABOVE_SMA,25700,PE,NIFTY_25700_PE_18_NOV_25.csv,2025-11-11T15:29:00+05:30,115.7,2025-11-12T09:16:00+05:30,66.4,12298.00,50.00,12248.00,
2025-11-12,TRADED,,2025-11-18,2025-11-13,2025-11-12T15:15:00+05:30,25874.0,25883.36,BELOW_SMA,25850,CE,NIFTY_25850_CE_18_NOV_25.csv,2025-11-12T15:29:00+05:30,178.1,2025-11-13T09:16:00+05:30,136.5,10296.00,50.00,10246.00,
2025-11-13,TRADED,,2025-11-18,2025-11-14,2025-11-13T15:15:00+05:30,25884.1,25932.95,BELOW_SMA,25900,CE,NIFTY_25900_CE_18_NOV_25.csv,2025-11-13T15:29:00+05:30,143.05,2025-11-14T09:16:00+05:30,114.1,7007.00,50.00,6957.00,
2025-11-14,TRADED,,2025-11-18,2025-11-17,2025-11-14T15:15:00+05:30,25916.8,25811.88,ABOVE_SMA,25900,PE,NIFTY_25900_PE_18_NOV_25.csv,2025-11-14T15:29:00+05:30,85.55,2025-11-17T09:16:00+05:30,59.95,6136.00,50.00,6086.00,
2025-11-17,TRADED,,2025-11-18,2025-11-18,2025-11-17T15:15:00+05:30,26014.3,25972.90,ABOVE_SMA,26000,PE,NIFTY_26000_PE_18_NOV_25.csv,2025-11-17T15:29:00+05:30,56.3,2025-11-18T09:16:00+05:30,97.1,-11128.00,50.00,-11178.00,
2025-11-18,TRADED,,2025-11-25,2025-11-19,2025-11-18T15:15:00+05:30,25894.7,25941.05,BELOW_SMA,25900,CE,NIFTY_25900_CE_25_NOV_25.csv,2025-11-18T15:29:00+05:30,180.0,2025-11-19T09:16:00+05:30,164.05,3627.00,50.00,3577.00,
2025-11-19,TRADED,,2025-11-25,2025-11-20,2025-11-19T15:15:00+05:30,26052.7,25990.69,ABOVE_SMA,26050,PE,NIFTY_26050_PE_25_NOV_25.csv,2025-11-19T15:29:00+05:30,132.35,2025-11-20T09:16:00+05:30,89.4,10647.00,50.00,10597.00,
2025-11-20,TRADED,,2025-11-25,2025-11-21,2025-11-20T15:15:00+05:30,26197.4,26159.02,ABOVE_SMA,26200,PE,NIFTY_26200_PE_25_NOV_25.csv,2025-11-20T15:29:00+05:30,101.75,2025-11-21T09:16:00+05:30,146.6,-12181.00,50.00,-12231.00,
2025-11-21,TRADED,,2025-11-25,2025-11-24,2025-11-21T15:15:00+05:30,26063.95,26113.34,BELOW_SMA,26050,CE,NIFTY_26050_CE_25_NOV_25.csv,2025-11-21T15:29:00+05:30,116.5,2025-11-24T09:16:00+05:30,136.6,-5746.00,50.00,-5796.00,
2025-11-24,TRADED,,2025-11-25,2025-11-25,2025-11-24T15:15:00+05:30,25943.35,26073.67,BELOW_SMA,25950,CE,NIFTY_25950_CE_25_NOV_25.csv,2025-11-24T15:29:00+05:30,76.95,2025-11-25T09:16:00+05:30,59.6,3991.00,50.00,3941.00,
2025-11-25,TRADED,,2025-12-02,2025-11-26,2025-11-25T15:15:00+05:30,25860.3,25969.53,BELOW_SMA,25850,CE,NIFTY_25850_CE_02_DEC_25.csv,2025-11-25T15:29:00+05:30,180.5,2025-11-26T09:16:00+05:30,246.35,-17641.00,50.00,-17691.00,
2025-11-26,TRADED,,2025-12-02,2025-11-27,2025-11-26T15:15:00+05:30,26203.5,26138.44,ABOVE_SMA,26200,PE,NIFTY_26200_PE_02_DEC_25.csv,2025-11-26T15:29:00+05:30,116.15,2025-11-27T09:16:00+05:30,86.6,7163.00,50.00,7113.00,
2025-11-27,TRADED,,2025-12-02,2025-11-28,2025-11-27T15:15:00+05:30,26219.85,26234.63,BELOW_SMA,26200,CE,NIFTY_26200_CE_02_DEC_25.csv,2025-11-27T15:29:00+05:30,133.2,2025-11-28T09:16:00+05:30,122.05,2379.00,50.00,2329.00,
2025-11-28,TRADED,,2025-12-02,2025-12-01,2025-11-28T15:15:00+05:30,26204.55,26229.24,BELOW_SMA,26200,CE,NIFTY_26200_CE_02_DEC_25.csv,2025-11-28T15:29:00+05:30,112.75,2025-12-01T09:16:00+05:30,151.55,-10608.00,50.00,-10658.00,
2025-12-01,TRADED,,2025-12-02,2025-12-02,2025-12-01T15:15:00+05:30,26175.95,26214.11,BELOW_SMA,26200,CE,NIFTY_26200_CE_02_DEC_25.csv,2025-12-01T15:29:00+05:30,54.2,2025-12-02T09:16:00+05:30,21.2,8060.00,50.00,8010.00,
2025-12-02,TRADED,,2025-12-09,2025-12-03,2025-12-02T15:15:00+05:30,26057.0,26057.90,BELOW_SMA,26050,CE,NIFTY_26050_CE_09_DEC_25.csv,2025-12-02T15:29:00+05:30,178.0,2025-12-03T09:16:00+05:30,135.25,10595.00,50.00,10545.00,
2025-12-03,TRADED,,2025-12-09,2025-12-04,2025-12-03T15:15:00+05:30,25985.1,25939.03,ABOVE_SMA,26000,PE,NIFTY_26000_PE_09_DEC_25.csv,2025-12-03T15:29:00+05:30,105.25,2025-12-04T09:16:00+05:30,133.4,-7839.00,50.00,-7889.00,
2025-12-04,TRADED,,2025-12-09,2025-12-05,2025-12-04T15:15:00+05:30,26017.1,26027.15,BELOW_SMA,26000,CE,NIFTY_26000_CE_09_DEC_25.csv,2025-12-04T15:29:00+05:30,141.4,2025-12-05T09:16:00+05:30,132.3,1846.00,50.00,1796.00,
2025-12-05,TRADED,,2025-12-09,2025-12-08,2025-12-05T15:15:00+05:30,26176.65,26135.78,ABOVE_SMA,26200,PE,NIFTY_26200_PE_09_DEC_25.csv,2025-12-05T15:29:00+05:30,72.9,2025-12-08T09:16:00+05:30,82.4,-2990.00,50.00,-3040.00,
2025-12-08,TRADED,,2025-12-09,2025-12-09,2025-12-08T15:15:00+05:30,25932.8,26021.12,BELOW_SMA,25950,CE,NIFTY_25950_CE_09_DEC_25.csv,2025-12-08T15:29:00+05:30,57.65,2025-12-09T09:16:00+05:30,26.15,7670.00,50.00,7620.00,
2025-12-09,TRADED,,2025-12-16,2025-12-10,2025-12-09T15:15:00+05:30,25841.75,25843.60,BELOW_SMA,25850,CE,NIFTY_25850_CE_16_DEC_25.csv,2025-12-09T15:29:00+05:30,150.0,2025-12-10T09:16:00+05:30,137.55,2717.00,50.00,2667.00,
2025-12-10,TRADED,,2025-12-16,2025-12-11,2025-12-10T15:15:00+05:30,25742.65,25825.89,BELOW_SMA,25750,CE,NIFTY_25750_CE_16_DEC_25.csv,2025-12-10T15:29:00+05:30,152.0,2025-12-11T09:16:00+05:30,152.35,-611.00,50.00,-661.00,
2025-12-11,TRADED,,2025-12-16,2025-12-12,2025-12-11T15:15:00+05:30,25898.4,25845.40,ABOVE_SMA,25900,PE,NIFTY_25900_PE_16_DEC_25.csv,2025-12-11T15:29:00+05:30,89.2,2025-12-12T09:16:00+05:30,52.45,9035.00,50.00,8985.00,
2025-12-12,TRADED,,2025-12-16,2025-12-15,2025-12-12T15:15:00+05:30,26043.0,26014.22,ABOVE_SMA,26050,PE,NIFTY_26050_PE_16_DEC_25.csv,2025-12-12T15:29:00+05:30,70.75,2025-12-15T09:16:00+05:30,126.5,-15015.00,50.00,-15065.00,
2025-12-15,TRADED,,2025-12-16,2025-12-16,2025-12-15T15:15:00+05:30,26014.0,25998.45,ABOVE_SMA,26000,PE,NIFTY_26000_PE_16_DEC_25.csv,2025-12-15T15:29:00+05:30,46.5,2025-12-16T09:16:00+05:30,90.9,-12064.00,50.00,-12114.00,
2025-12-16,TRADED,,2025-12-23,2025-12-17,2025-12-16T15:15:00+05:30,25851.35,25891.62,BELOW_SMA,25850,CE,NIFTY_25850_CE_23_DEC_25.csv,2025-12-16T15:29:00+05:30,156.45,2025-12-17T09:16:00+05:30,150.95,910.00,50.00,860.00,
2025-12-17,TRADED,,2025-12-23,2025-12-18,2025-12-17T15:15:00+05:30,25821.8,25817.14,ABOVE_SMA,25800,PE,NIFTY_25800_PE_23_DEC_25.csv,2025-12-17T15:29:00+05:30,84.65,2025-12-18T09:16:00+05:30,109.5,-6981.00,50.00,-7031.00,
2025-12-18,TRADED,,2025-12-23,2025-12-19,2025-12-18T15:15:00+05:30,25815.65,25831.26,BELOW_SMA,25800,CE,NIFTY_25800_CE_23_DEC_25.csv,2025-12-18T15:29:00+05:30,120.95,2025-12-19T09:16:00+05:30,172.55,-13936.00,50.00,-13986.00,
2025-12-19,TRADED,,2025-12-23,2025-12-22,2025-12-19T15:15:00+05:30,25961.4,25953.74,ABOVE_SMA,25950,PE,NIFTY_25950_PE_23_DEC_25.csv,2025-12-19T15:29:00+05:30,62.85,2025-12-22T09:16:00+05:30,19.25,10816.00,50.00,10766.00,
2025-12-22,TRADED,,2025-12-23,2025-12-23,2025-12-22T15:15:00+05:30,26162.75,26140.60,ABOVE_SMA,26150,PE,NIFTY_26150_PE_23_DEC_25.csv,2025-12-22T15:29:00+05:30,52.1,2025-12-23T09:16:00+05:30,33.45,4329.00,50.00,4279.00,
2025-12-23,TRADED,,2025-12-30,2025-12-24,2025-12-23T15:15:00+05:30,26165.95,26179.99,BELOW_SMA,26150,CE,NIFTY_26150_CE_30_DEC_25.csv,2025-12-23T15:29:00+05:30,138.94,2025-12-24T09:16:00+05:30,114.45,5847.40,50.00,5797.40,
2025-12-24,TRADED,,2025-12-30,2025-12-26,2025-12-24T15:15:00+05:30,26141.65,26186.74,BELOW_SMA,26150,CE,NIFTY_26150_CE_30_DEC_25.csv,2025-12-24T15:29:00+05:30,95.05,2025-12-26T09:16:00+05:30,59.15,8814.00,50.00,8764.00,
2025-12-26,TRADED,,2025-12-30,2025-12-29,2025-12-26T15:15:00+05:30,26047.65,26061.44,BELOW_SMA,26050,CE,NIFTY_26050_CE_30_DEC_25.csv,2025-12-26T15:29:00+05:30,69.95,2025-12-29T09:16:00+05:30,69.15,-312.00,50.00,-362.00,
2025-12-29,TRADED,,2025-12-30,2025-12-30,2025-12-29T15:15:00+05:30,25949.8,25979.27,BELOW_SMA,25950,CE,NIFTY_25950_CE_30_DEC_25.csv,2025-12-29T15:29:00+05:30,51.6,2025-12-30T09:16:00+05:30,22.7,6994.00,50.00,6944.00,
2025-12-30,SKIPPED,no_next_weekly_expiry,,2025-12-31,2025-12-30T15:15:00+05:30,25970.55,25922.70,ABOVE_SMA,25950,PE,,,,,,0.00,0.00,0.00,No weekly expiry folder exists strictly after the trade date.
2025-12-31,SKIPPED,no_next_trading_day,,,2025-12-31T15:15:00+05:30,26141.85,26094.01,ABOVE_SMA,26150,PE,,,,,,0.00,0.00,0.00,No next trading day exists in the dataset.
