entry_date,exit_date,expiry,atm,lot_size,traded,skip_reason,remarks,legs_traded,adds,unwinds,orders,max_legs,gross_points,gross_pnl,costs,net_pnl,stale_prices,adds_blocked,rolls,rolls_blocked,entry_offset,entry_balance
2020-01-01,2020-01-02,2020-01-02,12200,75,YES,,,2,0,0,4,2,-14.60,-1095.00,120.00,-1215.00,0,0,0,0,0,0.76
2020-01-03,2020-01-09,2020-01-09,12250,75,YES,,,6,4,2,12,4,-304.25,-22818.75,360.00,-23178.75,3,6,0,9,0,0.79
2020-01-10,2020-01-16,2020-01-16,12250,75,YES,,,3,1,0,6,3,70.00,5250.00,180.00,5070.00,0,14,0,0,0,0.96
2020-01-17,2020-01-23,2020-01-23,12350,75,YES,,,4,2,0,8,4,22.25,1668.75,240.00,1428.75,1,1,0,14,0,0.80
2020-01-24,2020-01-30,2020-01-30,12150,75,YES,,,4,2,1,8,3,-0.80,-60.00,240.00,-300.00,0,10,0,0,0,0.75
2020-01-31,2020-02-06,2020-02-06,12050,75,YES,,,6,3,3,12,4,99.80,7485.00,360.00,7125.00,4,2,1,10,0,0.94
2020-02-07,2020-02-13,2020-02-13,12150,75,YES,,,7,5,4,14,4,54.35,4076.25,420.00,3656.25,0,12,0,0,0,0.50
2020-02-14,2020-02-20,2020-02-20,12250,75,YES,,,4,2,0,8,4,52.25,3918.75,240.00,3678.75,8,6,0,17,0,0.88
2020-02-24,2020-02-27,2020-02-27,11950,75,YES,,,6,2,0,12,4,1.55,116.25,360.00,-243.75,0,5,2,6,0,0.67
2020-02-28,2020-03-05,2020-03-05,11350,75,YES,,,6,4,4,12,4,47.35,3551.25,360.00,3191.25,1,2,0,0,0,0.88
2020-03-06,2020-03-12,2020-03-12,10900,75,YES,,,6,2,0,12,4,-596.55,-44741.25,360.00,-45101.25,0,1,2,9,0,0.93
2020-03-13,2020-03-19,2020-03-19,8750,75,NO,missing_entry_bar,No priceable straddle within 0 strikes of ATM 8750 at 09:20.,0,0,0,0,2,0.00,0.00,0.00,0.00,0,0,0,0,0,0.00
2020-03-20,2020-03-26,2020-03-26,8350,75,YES,,,9,6,4,18,4,285.50,21412.50,540.00,20872.50,21,1,1,0,0,0.94
2020-03-27,2020-04-01,2020-04-01,8950,75,YES,,,6,2,1,12,4,685.40,51405.00,360.00,51045.00,16,0,2,3,0,0.88
2020-04-03,2020-04-09,2020-04-09,8150,75,YES,,,4,2,0,8,4,-302.25,-22668.75,240.00,-22908.75,17,0,0,12,0,0.87
2020-04-13,2020-04-16,2020-04-16,9100,75,YES,,,6,4,3,12,3,306.70,23002.50,360.00,22642.50,0,2,0,0,0,0.81
2020-04-17,2020-04-23,2020-04-23,9250,75,YES,,,5,2,2,10,4,107.90,8092.50,300.00,7792.50,4,1,1,0,0,0.85
2020-04-24,2020-04-30,2020-04-30,9200,75,YES,,,5,3,1,10,4,-250.60,-18795.00,300.00,-19095.00,0,1,0,8,0,0.83
2020-05-04,2020-05-07,2020-05-07,9450,75,YES,,,6,3,2,12,4,233.65,17523.75,360.00,17163.75,3,0,1,0,0,0.81
2020-05-08,2020-05-14,2020-05-14,9350,75,YES,,,9,6,6,18,4,-174.25,-13068.75,540.00,-13608.75,6,1,1,0,0,0.90
2020-05-15,2020-05-21,2020-05-21,9100,75,YES,,,7,4,3,14,4,221.80,16635.00,420.00,16215.00,1,0,1,0,0,0.91
2020-05-22,2020-05-28,2020-05-28,9050,75,YES,,,5,3,1,10,4,-133.35,-10001.25,300.00,-10301.25,1,0,0,3,0,1.00
2020-05-29,2020-06-04,2020-06-04,9450,75,YES,,,7,3,1,14,4,78.95,5921.25,420.00,5501.25,15,0,2,10,0,0.70
2020-06-05,2020-06-11,2020-06-11,10100,75,YES,,,6,4,4,12,4,-19.50,-1462.50,360.00,-1822.50,0,1,0,0,0,0.88
2020-06-12,2020-06-18,2020-06-18,9650,75,YES,,,8,6,6,16,4,-212.00,-15900.00,480.00,-16380.00,11,1,0,0,0,0.88
2020-06-19,2020-06-25,2020-06-25,10150,75,YES,,,7,4,4,14,4,101.30,7597.50,420.00,7177.50,2,2,1,6,0,0.86
2020-06-26,2020-07-02,2020-07-02,10350,75,YES,,,6,4,3,12,4,127.35,9551.25,360.00,9191.25,0,1,0,0,0,0.79
2020-07-03,2020-07-09,2020-07-09,10600,75,YES,,,6,3,3,12,4,120.00,9000.00,360.00,8640.00,0,4,1,0,0,0.84
2020-07-10,2020-07-16,2020-07-16,10800,75,YES,,,7,4,4,14,4,21.95,1646.25,420.00,1226.25,0,1,1,1,0,0.87
2020-07-17,2020-07-23,2020-07-23,10800,75,YES,,,5,2,0,10,4,-12.35,-926.25,300.00,-1226.25,0,1,1,14,0,0.80
2020-07-24,2020-07-30,2020-07-30,11150,75,YES,,,5,2,2,10,4,70.25,5268.75,300.00,4968.75,0,1,1,0,0,0.77
2020-07-31,2020-08-06,2020-08-06,11050,75,YES,,,6,4,4,12,4,112.00,8400.00,360.00,8040.00,0,1,0,2,0,0.89
2020-08-07,2020-08-13,2020-08-13,11200,75,YES,,,6,3,2,12,4,112.75,8456.25,360.00,8096.25,0,3,1,0,0,0.74
2020-08-14,2020-08-20,2020-08-20,11350,75,YES,,,7,5,3,14,4,89.50,6712.50,420.00,6292.50,0,0,0,4,0,0.94
2020-08-21,2020-08-27,2020-08-27,11400,75,YES,,,7,4,3,14,4,88.60,6645.00,420.00,6225.00,0,2,1,0,0,0.90
2020-08-28,2020-09-03,2020-09-03,11600,75,YES,,,7,4,4,14,4,-11.25,-843.75,420.00,-1263.75,1,3,1,0,0,0.88
2020-09-04,2020-09-10,2020-09-10,11350,75,YES,,,6,4,4,12,4,18.00,1350.00,360.00,990.00,0,3,0,0,0,0.93
2020-09-11,2020-09-17,2020-09-17,11450,75,YES,,,7,3,1,14,4,180.95,13571.25,420.00,13151.25,0,0,2,2,0,0.97
2020-09-18,2020-09-24,2020-09-24,11550,75,YES,,,5,2,0,10,4,-375.50,-28162.50,300.00,-28462.50,4,1,1,15,0,0.89
2020-09-25,2020-10-01,2020-10-01,10900,75,YES,,,5,2,0,10,4,-110.80,-8310.00,300.00,-8610.00,1,0,1,20,0,0.96
2020-10-05,2020-10-08,2020-10-08,11550,75,YES,,,5,3,1,10,4,-42.90,-3217.50,300.00,-3517.50,0,2,0,6,0,0.68
2020-10-09,2020-10-15,2020-10-15,11850,75,YES,,,4,2,1,8,3,-150.75,-11306.25,240.00,-11546.25,0,2,0,0,0,0.89
2020-10-16,2020-10-22,2020-10-22,11750,75,YES,,,7,2,2,14,4,61.25,4593.75,420.00,4173.75,0,1,3,4,0,0.88
2020-10-23,2020-10-29,2020-10-29,11950,75,YES,,,5,2,2,10,4,17.15,1286.25,300.00,986.25,0,4,1,0,0,0.88
2020-10-30,2020-11-05,2020-11-05,11700,75,YES,,,8,5,4,16,4,-3.05,-228.75,480.00,-708.75,0,1,1,0,0,0.85
2020-11-06,2020-11-12,2020-11-12,12150,75,YES,,,6,2,0,12,4,-76.80,-5760.00,360.00,-6120.00,7,0,2,16,0,0.93
2020-11-13,2020-11-19,2020-11-19,12650,75,YES,,,6,2,0,12,4,182.40,13680.00,360.00,13320.00,22,1,2,7,0,0.90
2020-11-20,2020-11-26,2020-11-26,12850,75,YES,,,9,5,4,18,4,-29.75,-2231.25,540.00,-2771.25,0,2,2,2,0,0.89
2020-11-27,2020-12-03,2020-12-03,13000,75,YES,,,5,3,2,10,4,163.45,12258.75,300.00,11958.75,0,1,0,0,0,0.85
2020-12-04,2020-12-10,2020-12-10,13200,75,YES,,,5,2,0,10,4,77.55,5816.25,300.00,5516.25,0,2,1,9,0,0.84
2020-12-11,2020-12-17,2020-12-17,13550,75,YES,,,6,4,2,12,4,73.50,5512.50,360.00,5152.50,0,3,0,2,0,0.87
2020-12-18,2020-12-24,2020-12-24,13750,75,YES,,,4,2,0,8,4,248.05,18603.75,240.00,18363.75,1,0,0,15,0,0.91
2020-12-28,2020-12-31,2020-12-31,13850,75,YES,,,5,3,1,10,4,129.25,9693.75,300.00,9393.75,0,3,0,1,0,0.99
2021-01-01,2021-01-07,2021-01-07,14000,75,YES,,,6,4,2,12,4,133.65,10023.75,360.00,9663.75,0,3,0,7,0,0.96
2021-01-08,2021-01-14,2021-01-14,14250,75,YES,,,5,2,0,10,4,59.30,4447.50,300.00,4147.50,1,1,1,11,0,0.85
2021-01-15,2021-01-21,2021-01-21,14600,75,YES,,,7,4,3,14,4,163.40,12255.00,420.00,11835.00,3,6,1,0,0,0.98
2021-01-22,2021-01-28,2021-01-28,14600,75,YES,,,6,3,1,12,4,-300.25,-22518.75,360.00,-22878.75,0,0,1,9,0,0.88
2021-01-29,2021-02-04,2021-02-04,13950,75,YES,,,7,4,2,14,4,-376.55,-28241.25,420.00,-28661.25,8,1,1,14,0,0.91
2021-02-05,2021-02-11,2021-02-11,15000,75,YES,,,5,2,2,10,4,146.40,10980.00,300.00,10680.00,0,2,1,0,0,0.78
2021-02-12,2021-02-18,2021-02-18,15200,75,YES,,,7,3,2,14,4,100.00,7500.00,420.00,7080.00,0,0,2,0,0,0.92
2021-02-19,2021-02-25,2021-02-25,15050,75,YES,,,5,2,0,10,4,55.40,4155.00,300.00,3855.00,17,1,1,13,0,0.96
2021-02-26,2021-03-04,2021-03-04,14850,75,YES,,,7,5,3,14,4,216.40,16230.00,420.00,15810.00,0,0,0,6,0,0.92
2021-03-05,2021-03-10,2021-03-10,15000,75,YES,,,2,0,0,4,2,252.15,18911.25,120.00,18791.25,0,1,0,0,0,0.86
2021-03-12,2021-03-18,2021-03-18,15300,75,YES,,,4,2,0,8,4,-266.30,-19972.50,240.00,-20212.50,1,0,0,20,0,0.86
2021-03-19,2021-03-25,2021-03-25,14400,75,YES,,,7,3,3,14,4,136.45,10233.75,420.00,9813.75,0,0,2,2,0,0.82
2021-03-26,2021-04-01,2021-04-01,14450,75,YES,,,4,2,0,8,4,75.65,5673.75,240.00,5433.75,6,0,0,13,0,0.83
2021-04-05,2021-04-08,2021-04-08,14750,75,YES,,,7,4,2,14,4,222.70,16702.50,420.00,16282.50,0,0,1,0,0,0.88
2021-04-09,2021-04-15,2021-04-15,14850,75,YES,,,4,2,0,8,4,121.60,9120.00,240.00,8880.00,3,0,0,13,0,0.90
2021-04-16,2021-04-22,2021-04-22,14600,75,YES,,,6,3,2,12,4,29.60,2220.00,360.00,1860.00,0,2,1,0,0,0.91
2021-04-23,2021-04-29,2021-04-29,14400,75,YES,,,6,2,0,12,4,99.45,7458.75,360.00,7098.75,0,0,2,7,0,0.88
2021-04-30,2021-05-06,2021-05-06,14800,75,YES,,,7,5,5,14,4,157.10,11782.50,420.00,11362.50,0,0,0,0,0,0.89
2021-05-07,2021-05-12,2021-05-12,14850,75,YES,,,3,1,1,6,3,108.70,8152.50,180.00,7972.50,2,0,0,0,0,0.97
2021-05-14,2021-05-20,2021-05-20,14700,75,YES,,,4,2,0,8,4,169.90,12742.50,240.00,12502.50,3,1,0,15,0,0.84
2021-05-21,2021-05-27,2021-05-27,15000,75,YES,,,7,2,0,14,4,203.20,15240.00,420.00,14820.00,0,0,3,10,0,0.82
2021-05-28,2021-06-03,2021-06-03,15450,75,YES,,,5,3,2,10,4,62.55,4691.25,300.00,4391.25,0,2,0,0,0,0.81
2021-06-04,2021-06-10,2021-06-10,15700,75,YES,,,3,1,1,6,3,179.65,13473.75,180.00,13293.75,0,4,0,0,0,0.88
2021-06-11,2021-06-17,2021-06-17,15800,75,YES,,,4,2,2,8,3,76.60,5745.00,240.00,5505.00,0,1,0,0,0,0.95
2021-06-18,2021-06-24,2021-06-24,15750,75,YES,,,7,5,5,14,4,-20.60,-1545.00,420.00,-1965.00,0,3,0,0,0,0.82
2021-06-25,2021-07-01,2021-07-01,15800,75,YES,,,4,2,1,8,3,125.10,9382.50,240.00,9142.50,0,3,0,0,0,0.76
2021-07-02,2021-07-08,2021-07-08,15700,75,YES,,,5,2,0,10,4,168.00,12600.00,300.00,12300.00,0,0,1,9,0,0.85
2021-07-09,2021-07-15,2021-07-15,15700,75,YES,,,7,4,2,14,4,59.60,4470.00,420.00,4050.00,0,5,1,2,0,0.79
2021-07-16,2021-07-22,2021-07-22,15950,75,YES,,,4,2,0,8,4,112.20,8415.00,240.00,8175.00,2,3,0,10,0,0.88
2021-07-23,2021-07-29,2021-07-29,15850,75,YES,,,4,2,0,8,4,56.50,4237.50,240.00,3997.50,0,4,0,4,0,0.89
2021-07-30,2021-08-05,2021-08-05,15800,75,YES,,,5,2,0,10,4,-193.75,-14531.25,300.00,-14831.25,0,1,1,10,0,0.86
2021-08-06,2021-08-12,2021-08-12,16300,75,YES,,,5,3,3,10,3,73.40,5505.00,300.00,5205.00,0,4,0,0,0,0.97
2021-08-13,2021-08-18,2021-08-18,16400,75,YES,,,5,2,0,10,4,118.20,8865.00,300.00,8565.00,0,0,1,3,0,0.92
2021-08-20,2021-08-26,2021-08-26,16450,75,YES,,,4,2,0,8,4,99.95,7496.25,240.00,7256.25,0,1,0,9,0,0.95
2021-08-27,2021-09-02,2021-09-02,16650,75,YES,,,5,2,0,10,4,-239.70,-17977.50,300.00,-18277.50,1,0,1,17,0,0.80
2021-09-03,2021-09-09,2021-09-09,17300,75,YES,,,4,2,2,8,3,125.15,9386.25,240.00,9146.25,0,4,0,0,0,0.98
2021-09-13,2021-09-16,2021-09-16,17350,75,YES,,,5,2,0,10,4,6.95,521.25,300.00,221.25,0,1,1,3,0,0.86
2021-09-17,2021-09-23,2021-09-23,17700,75,YES,,,8,5,5,16,4,-137.60,-10320.00,480.00,-10800.00,0,1,1,1,0,0.89
2021-09-24,2021-09-30,2021-09-30,17950,75,YES,,,6,3,1,12,4,80.75,6056.25,360.00,5696.25,0,0,1,10,0,0.84
2021-10-01,2021-10-07,2021-10-07,17500,50,YES,,,6,3,3,12,4,119.60,5980.00,360.00,5620.00,0,0,1,8,0,0.85
2021-10-08,2021-10-14,2021-10-14,17850,50,YES,,,7,5,3,14,4,-145.90,-7295.00,420.00,-7715.00,0,1,0,6,0,0.95
2021-10-18,2021-10-21,2021-10-21,18450,50,YES,,,8,5,3,16,4,7.60,380.00,480.00,-100.00,0,1,1,0,0,0.97
2021-10-22,2021-10-28,2021-10-28,18250,50,YES,,,6,4,4,12,3,-139.70,-6985.00,360.00,-7345.00,0,3,0,0,0,0.86
2021-10-29,2021-11-03,2021-11-03,17700,50,YES,,,5,3,1,10,4,323.00,16150.00,300.00,15850.00,0,0,0,9,0,0.78
2021-11-04,2021-11-11,2021-11-11,17850,50,NO,missing_entry_bar,No priceable straddle within 0 strikes of ATM 17850 at 09:20.,0,0,0,0,2,0.00,0.00,0.00,0.00,0,0,0,0,0,0.00
2021-11-12,2021-11-18,2021-11-18,18000,50,YES,,,8,5,3,16,4,0.60,30.00,480.00,-450.00,0,3,1,1,0,0.84
2021-11-22,2021-11-25,2021-11-25,17700,50,YES,,,7,3,3,14,4,64.30,3215.00,420.00,2795.00,0,1,2,0,0,0.96
2021-11-26,2021-12-02,2021-12-02,17300,50,YES,,,8,5,5,16,4,-62.15,-3107.50,480.00,-3587.50,0,3,1,0,0,0.84
2021-12-03,2021-12-09,2021-12-09,17500,50,YES,,,7,3,2,14,4,263.55,13177.50,420.00,12757.50,0,2,2,6,0,0.83
2021-12-10,2021-12-16,2021-12-16,17500,50,YES,,,8,5,3,16,4,121.00,6050.00,480.00,5570.00,0,2,1,1,0,0.88
2021-12-17,2021-12-23,2021-12-23,17200,50,YES,,,6,2,0,12,4,113.85,5692.50,360.00,5332.50,0,0,2,15,0,0.93
2021-12-24,2021-12-30,2021-12-30,17050,50,YES,,,6,3,1,12,4,263.10,13155.00,360.00,12795.00,0,0,1,5,0,0.84
2021-12-31,2022-01-06,2022-01-06,17300,50,YES,,,5,2,0,10,4,-14.30,-715.00,300.00,-1015.00,1,0,1,17,0,0.96
2022-01-07,2022-01-13,2022-01-13,17850,50,YES,,,7,2,0,14,4,177.30,8865.00,420.00,8445.00,1,0,3,6,0,0.93
2022-01-14,2022-01-20,2022-01-20,18150,50,YES,,,9,6,4,18,4,-230.95,-11547.50,540.00,-12087.50,0,4,1,6,0,0.94
2022-01-21,2022-01-27,2022-01-27,17550,50,YES,,,7,3,1,14,4,224.00,11200.00,420.00,10780.00,1,0,2,7,0,0.86
2022-01-28,2022-02-03,2022-02-03,17300,50,YES,,,7,5,3,14,4,244.25,12212.50,420.00,11792.50,1,0,0,7,0,0.98
2022-02-04,2022-02-10,2022-02-10,17500,50,YES,,,9,5,4,18,4,5.40,270.00,540.00,-270.00,0,2,2,1,0,0.95
2022-02-11,2022-02-17,2022-02-17,17450,50,YES,,,8,5,4,16,4,-92.00,-4600.00,480.00,-5080.00,1,2,1,5,0,0.88
2022-02-18,2022-02-24,2022-02-24,17250,50,YES,,,6,3,3,12,4,-516.80,-25840.00,360.00,-26200.00,0,0,1,0,0,0.88
2022-02-25,2022-03-03,2022-03-03,16550,50,YES,,,3,1,1,6,3,466.10,23305.00,180.00,23125.00,0,0,0,0,0,0.96
2022-03-04,2022-03-10,2022-03-10,16250,50,YES,,,8,5,3,16,4,86.65,4332.50,480.00,3852.50,0,0,1,2,0,0.97
2022-03-11,2022-03-17,2022-03-17,16550,50,YES,,,7,4,2,14,4,0.65,32.50,420.00,-387.50,1,0,1,1,0,0.97
2022-03-21,2022-03-24,2022-03-24,17300,50,YES,,,5,3,3,10,4,219.30,10965.00,300.00,10665.00,0,0,0,0,0,0.95
2022-03-25,2022-03-31,2022-03-31,17200,50,YES,,,6,3,1,12,4,205.50,10275.00,360.00,9915.00,0,0,1,7,0,0.76
2022-04-01,2022-04-07,2022-04-07,17500,50,YES,,,5,2,0,10,4,282.25,14112.50,300.00,13812.50,0,0,1,20,0,0.89
2022-04-08,2022-04-13,2022-04-13,17700,50,YES,,,6,3,2,12,4,185.65,9282.50,360.00,8922.50,0,2,1,1,0,0.93
2022-04-18,2022-04-21,2022-04-21,17200,50,YES,,,3,1,1,6,3,-19.85,-992.50,180.00,-1172.50,0,1,0,0,0,0.94
2022-04-22,2022-04-28,2022-04-28,17200,50,YES,,,8,5,5,16,4,14.65,732.50,480.00,252.50,0,1,1,0,0,0.93
2022-04-29,2022-05-05,2022-05-05,17300,50,YES,,,7,4,2,14,4,23.80,1190.00,420.00,770.00,0,1,1,2,0,0.85
2022-05-06,2022-05-12,2022-05-12,16400,50,YES,,,9,5,4,18,4,-27.55,-1377.50,540.00,-1917.50,0,1,2,1,0,0.91
2022-05-13,2022-05-19,2022-05-19,15950,50,YES,,,7,4,2,14,4,-193.75,-9687.50,420.00,-10107.50,0,0,1,7,0,0.96
2022-05-20,2022-05-26,2022-05-26,16050,50,YES,,,6,3,2,12,4,251.45,12572.50,360.00,12212.50,2,0,1,0,0,0.97
2022-05-27,2022-06-02,2022-06-02,16300,50,YES,,,5,2,2,10,4,136.60,6830.00,300.00,6530.00,0,1,1,1,0,0.90
2022-06-03,2022-06-09,2022-06-09,16800,50,YES,,,8,4,2,16,4,289.75,14487.50,480.00,14007.50,0,0,2,6,0,0.86
2022-06-10,2022-06-16,2022-06-16,16300,50,YES,,,4,2,0,8,4,-472.55,-23627.50,240.00,-23867.50,0,0,0,20,0,0.99
2022-06-17,2022-06-23,2022-06-23,15300,50,YES,,,5,2,2,10,4,238.15,11907.50,300.00,11607.50,0,0,1,3,0,1.00
2022-06-24,2022-06-30,2022-06-30,15700,50,YES,,,7,5,4,14,4,276.65,13832.50,420.00,13412.50,0,0,0,0,0,0.98
2022-07-01,2022-07-07,2022-07-07,15700,50,YES,,,6,3,3,12,4,-77.30,-3865.00,360.00,-4225.00,0,3,1,0,0,0.81
2022-07-08,2022-07-14,2022-07-14,16200,50,YES,,,8,5,3,16,4,164.55,8227.50,480.00,7747.50,0,0,1,1,0,0.98
2022-07-15,2022-07-21,2022-07-21,16000,50,YES,,,5,2,0,10,4,-170.75,-8537.50,300.00,-8837.50,0,1,1,14,0,0.90
2022-07-22,2022-07-28,2022-07-28,16700,50,YES,,,7,4,4,14,4,-126.35,-6317.50,420.00,-6737.50,0,0,1,0,0,0.79
2022-07-29,2022-08-04,2022-08-04,17100,50,YES,,,9,6,4,18,4,103.15,5157.50,540.00,4617.50,0,0,1,1,0,0.97
2022-08-05,2022-08-11,2022-08-11,17400,50,YES,,,4,2,0,8,4,177.50,8875.00,240.00,8635.00,0,0,0,0,0,1.00
2022-08-12,2022-08-18,2022-08-18,17650,50,YES,,,6,3,1,12,4,122.50,6125.00,360.00,5765.00,0,0,1,6,0,0.97
2022-08-19,2022-08-25,2022-08-25,17950,50,YES,,,5,2,0,10,4,54.85,2742.50,300.00,2442.50,2,2,1,20,0,0.84
2022-08-26,2022-09-01,2022-09-01,17650,50,YES,,,6,3,2,12,4,100.20,5010.00,360.00,4650.00,0,2,1,2,0,0.91
2022-09-02,2022-09-08,2022-09-08,17600,50,YES,,,5,3,3,10,3,77.05,3852.50,300.00,3552.50,0,0,0,0,0,0.91
2022-09-09,2022-09-15,2022-09-15,17900,50,YES,,,8,5,5,16,4,-114.50,-5725.00,480.00,-6205.00,0,0,1,0,0,0.94
2022-09-16,2022-09-22,2022-09-22,17800,50,YES,,,7,4,4,14,4,175.75,8787.50,420.00,8367.50,0,0,1,0,0,0.94
2022-09-23,2022-09-29,2022-09-29,17550,50,YES,,,6,2,0,12,4,4.00,200.00,360.00,-160.00,5,0,2,19,0,0.92
2022-09-30,2022-10-06,2022-10-06,16750,50,YES,,,7,3,2,14,4,56.75,2837.50,420.00,2417.50,5,6,2,0,0,0.89
2022-10-07,2022-10-13,2022-10-13,17300,50,YES,,,9,5,5,18,4,-37.90,-1895.00,540.00,-2435.00,0,0,2,0,0,1.00
2022-10-14,2022-10-20,2022-10-20,17300,50,YES,,,6,3,1,12,4,206.90,10345.00,360.00,9985.00,0,0,1,6,0,0.85
2022-10-21,2022-10-27,2022-10-27,17650,50,YES,,,4,2,2,8,3,74.60,3730.00,240.00,3490.00,21,2,0,0,0,0.73
2022-10-28,2022-11-03,2022-11-03,17800,50,YES,,,7,2,0,14,4,259.55,12977.50,420.00,12557.50,0,0,3,9,0,1.00
2022-11-04,2022-11-10,2022-11-10,18100,50,YES,,,5,3,3,10,4,87.95,4397.50,300.00,4097.50,0,4,0,0,0,0.99
2022-11-11,2022-11-17,2022-11-17,18250,50,YES,,,6,3,2,12,4,150.30,7515.00,360.00,7155.00,0,7,1,0,0,0.67
2022-11-18,2022-11-24,2022-11-24,18350,50,YES,,,5,3,3,10,4,-3.35,-167.50,300.00,-467.50,0,3,0,0,0,0.78
2022-11-25,2022-12-01,2022-12-01,18450,50,YES,,,5,3,1,10,4,-85.65,-4282.50,300.00,-4582.50,0,1,0,13,0,0.59
2022-12-02,2022-12-08,2022-12-08,18750,50,YES,,,7,4,2,14,4,170.85,8542.50,420.00,8122.50,0,3,1,0,0,0.64
2022-12-09,2022-12-15,2022-12-15,18650,50,YES,,,7,4,3,14,4,-150.80,-7540.00,420.00,-7960.00,0,5,1,0,0,0.60
2022-12-16,2022-12-22,2022-12-22,18350,50,YES,,,5,3,3,10,3,-76.95,-3847.50,300.00,-4147.50,0,5,0,0,0,0.85
2022-12-23,2022-12-29,2022-12-29,18000,50,YES,,,7,5,3,14,4,178.90,8945.00,420.00,8525.00,0,1,0,1,0,0.60
2022-12-30,2023-01-05,2023-01-05,18200,50,YES,,,6,4,4,12,4,47.75,2387.50,360.00,2027.50,0,2,0,0,0,0.71
2023-01-06,2023-01-12,2023-01-12,18000,50,YES,,,8,6,5,16,4,-18.60,-930.00,480.00,-1410.00,0,2,0,0,0,0.94
2023-01-13,2023-01-19,2023-01-19,17800,50,YES,,,7,4,2,14,4,180.90,9045.00,420.00,8625.00,0,0,1,9,0,0.74
2023-01-20,2023-01-25,2023-01-25,18100,50,YES,,,5,3,2,10,3,-150.45,-7522.50,300.00,-7822.50,0,2,0,0,0,0.91
2023-01-27,2023-02-02,2023-02-02,17800,50,YES,,,10,8,6,20,4,123.05,6152.50,600.00,5552.50,0,1,0,0,0,0.77
2023-02-03,2023-02-09,2023-02-09,17700,50,YES,,,6,4,2,12,4,160.95,8047.50,360.00,7687.50,0,4,0,0,0,0.86
2023-02-10,2023-02-16,2023-02-16,17850,50,YES,,,5,3,1,10,4,75.85,3792.50,300.00,3492.50,0,4,0,1,0,0.99
2023-02-17,2023-02-23,2023-02-23,17950,50,YES,,,6,3,1,12,4,-138.30,-6915.00,360.00,-7275.00,0,0,1,6,0,0.70
2023-02-24,2023-03-02,2023-03-02,17600,50,YES,,,7,2,2,14,4,92.65,4632.50,420.00,4212.50,0,3,3,7,0,0.94
2023-03-03,2023-03-09,2023-03-09,17450,50,YES,,,4,2,0,8,4,129.80,6490.00,240.00,6250.00,0,2,0,14,0,0.90
2023-03-10,2023-03-16,2023-03-16,17400,50,YES,,,5,2,0,10,4,18.35,917.50,300.00,617.50,0,0,1,11,0,0.98
2023-03-17,2023-03-23,2023-03-23,17100,50,YES,,,7,5,3,14,4,220.60,11030.00,420.00,10610.00,0,1,0,0,0,0.84
2023-03-24,2023-03-29,2023-03-29,17100,50,YES,,,6,4,2,12,4,230.50,11525.00,360.00,11165.00,0,2,0,2,0,0.93
2023-03-31,2023-04-06,2023-04-06,17250,50,YES,,,6,4,2,12,4,-62.95,-3147.50,360.00,-3507.50,0,0,0,8,0,0.96
2023-04-10,2023-04-13,2023-04-13,17650,50,YES,,,5,2,0,10,4,75.65,3782.50,300.00,3482.50,0,3,1,3,0,0.94
2023-04-17,2023-04-20,2023-04-20,17650,50,YES,,,4,2,2,8,3,148.65,7432.50,240.00,7192.50,0,2,0,0,0,0.64
2023-04-21,2023-04-27,2023-04-27,17650,50,YES,,,5,2,0,10,4,-3.35,-167.50,300.00,-467.50,0,0,1,12,0,0.81
2023-04-28,2023-05-04,2023-05-04,17950,50,YES,,,5,2,0,10,4,-36.05,-1802.50,300.00,-2102.50,0,1,1,7,0,0.82
2023-05-05,2023-05-11,2023-05-11,18150,50,YES,,,8,4,3,16,4,86.75,4337.50,480.00,3857.50,0,3,2,3,0,0.72
2023-05-12,2023-05-18,2023-05-18,18250,50,YES,,,7,3,2,14,4,33.20,1660.00,420.00,1240.00,0,5,2,0,0,0.86
2023-05-19,2023-05-25,2023-05-25,18150,50,YES,,,4,2,0,8,4,90.95,4547.50,240.00,4307.50,0,0,0,19,0,0.72
2023-05-26,2023-06-01,2023-06-01,18350,50,YES,,,4,2,0,8,4,137.80,6890.00,240.00,6650.00,0,0,0,21,0,0.85
2023-06-02,2023-06-08,2023-06-08,18550,50,YES,,,5,3,1,10,4,145.85,7292.50,300.00,6992.50,0,7,0,3,0,0.64
2023-06-09,2023-06-15,2023-06-15,18650,50,YES,,,5,3,1,10,4,182.05,9102.50,300.00,8802.50,0,2,0,4,0,0.67
2023-06-16,2023-06-22,2023-06-22,18750,50,YES,,,7,5,3,14,4,66.55,3327.50,420.00,2907.50,0,5,0,1,0,0.78
2023-06-23,2023-06-28,2023-06-28,18700,50,NO,missing_entry_bar,No priceable straddle within 0 strikes of ATM 18700 at 09:20.,0,0,0,0,2,0.00,0.00,0.00,0.00,0,0,0,0,0,0.00
2023-06-30,2023-07-06,2023-07-06,19050,50,YES,,,5,2,0,10,4,-131.55,-6577.50,300.00,-6877.50,0,0,1,20,0,0.72
2023-07-07,2023-07-13,2023-07-13,19450,50,YES,,,7,5,4,14,4,169.20,8460.00,420.00,8040.00,0,1,0,0,0,1.00
2023-07-14,2023-07-20,2023-07-20,19500,50,YES,,,5,2,0,10,4,-193.55,-9677.50,300.00,-9977.50,0,0,1,15,0,0.85
2023-07-21,2023-07-27,2023-07-27,19800,50,YES,,,5,3,3,10,4,55.45,2772.50,300.00,2472.50,0,4,0,0,0,0.50
2023-07-28,2023-08-03,2023-08-03,19650,50,YES,,,7,4,2,14,4,-27.70,-1385.00,420.00,-1805.00,0,3,1,3,0,0.88
2023-08-04,2023-08-10,2023-08-10,19500,50,YES,,,7,4,4,14,4,132.60,6630.00,420.00,6210.00,0,1,1,0,0,0.89
2023-08-11,2023-08-17,2023-08-17,19500,50,YES,,,6,3,3,12,4,56.35,2817.50,360.00,2457.50,0,0,1,0,0,0.91
2023-08-18,2023-08-24,2023-08-24,19300,50,YES,,,6,2,0,12,4,209.30,10465.00,360.00,10105.00,0,0,2,3,0,0.97
2023-08-25,2023-08-31,2023-08-31,19250,50,YES,,,4,2,0,8,4,216.85,10842.50,240.00,10602.50,0,4,0,7,0,0.75
2023-09-01,2023-09-07,2023-09-07,19300,50,YES,,,4,2,0,8,4,-143.05,-7152.50,240.00,-7392.50,0,0,0,21,0,0.71
2023-09-08,2023-09-14,2023-09-14,19750,50,YES,,,4,2,0,8,4,-107.05,-5352.50,240.00,-5592.50,0,0,0,20,0,0.77
2023-09-15,2023-09-21,2023-09-21,20150,50,YES,,,5,3,1,10,4,-125.25,-6262.50,300.00,-6562.50,0,1,0,6,0,0.72
2023-09-22,2023-09-28,2023-09-28,19800,50,YES,,,8,5,5,16,4,-61.60,-3080.00,480.00,-3560.00,0,1,1,1,0,0.98
2023-09-29,2023-10-05,2023-10-05,19600,50,YES,,,5,3,1,10,4,151.05,7552.50,300.00,7252.50,0,2,0,7,0,0.87
2023-10-06,2023-10-12,2023-10-12,19600,50,YES,,,6,4,2,12,4,5.25,262.50,360.00,-97.50,0,0,0,7,0,0.97
2023-10-13,2023-10-19,2023-10-19,19700,50,YES,,,7,5,5,14,4,-18.75,-937.50,420.00,-1357.50,0,4,0,0,0,0.85
2023-10-20,2023-10-26,2023-10-26,19550,50,YES,,,4,2,0,8,4,-411.25,-20562.50,240.00,-20802.50,0,1,0,8,0,0.86
2023-10-27,2023-11-02,2023-11-02,18950,50,YES,,,6,3,3,12,4,125.75,6287.50,360.00,5927.50,0,1,1,1,0,0.97
2023-11-03,2023-11-09,2023-11-09,19250,50,YES,,,6,3,2,12,4,109.75,5487.50,360.00,5127.50,0,11,1,0,0,0.64
2023-11-10,2023-11-16,2023-11-16,19350,50,YES,,,8,5,3,16,4,-115.80,-5790.00,480.00,-6270.00,21,7,1,7,0,0.89
2023-11-17,2023-11-23,2023-11-23,19750,50,YES,,,4,2,1,8,3,165.45,8272.50,240.00,8032.50,0,5,0,0,0,0.83
2023-11-24,2023-11-30,2023-11-30,19800,50,YES,,,4,2,0,8,4,-109.05,-5452.50,240.00,-5692.50,0,0,0,8,0,0.49
2023-12-01,2023-12-07,2023-12-07,20200,50,YES,,,4,2,0,8,4,-316.05,-15802.50,240.00,-16042.50,0,0,0,21,0,0.54
2023-12-08,2023-12-14,2023-12-14,20950,50,YES,,,7,5,5,14,4,-95.25,-4762.50,420.00,-5182.50,0,1,0,1,0,0.68
2023-12-15,2023-12-21,2023-12-21,21250,50,YES,,,5,3,3,10,4,2.70,135.00,300.00,-165.00,0,2,0,7,0,0.46
2023-12-22,2023-12-28,2023-12-28,21300,50,YES,,,5,2,0,10,4,-37.00,-1850.00,300.00,-2150.00,0,1,1,7,0,0.78
2023-12-29,2024-01-04,2024-01-04,21700,50,YES,,,9,6,4,18,4,248.10,12405.00,540.00,11865.00,0,1,1,2,0,0.68
2024-01-05,2024-01-11,2024-01-11,21750,50,YES,,,8,5,5,16,4,59.90,2995.00,480.00,2515.00,0,1,1,3,0,0.95
2024-01-12,2024-01-18,2024-01-18,21750,50,YES,,,7,4,2,14,4,114.70,5735.00,420.00,5315.00,0,0,1,14,0,0.93
2024-01-19,2024-01-25,2024-01-25,21650,50,YES,,,9,4,4,18,4,64.50,3225.00,540.00,2685.00,0,0,3,2,0,0.90
2024-01-29,2024-02-01,2024-02-01,21500,50,YES,,,6,3,2,12,4,260.10,13005.00,360.00,12645.00,0,0,1,1,0,0.73
2024-02-02,2024-02-08,2024-02-08,21900,50,YES,,,6,4,3,12,3,-38.15,-1907.50,360.00,-2267.50,0,0,0,0,0,0.83
2024-02-09,2024-02-15,2024-02-15,21700,50,YES,,,6,4,2,12,4,180.65,9032.50,360.00,8672.50,0,2,0,0,0,0.85
2024-02-16,2024-02-22,2024-02-22,22000,50,YES,,,7,4,4,14,4,164.50,8225.00,420.00,7805.00,0,1,1,2,0,0.82
2024-02-23,2024-02-29,2024-02-29,22250,50,YES,,,6,4,2,12,4,151.95,7597.50,360.00,7237.50,0,1,0,2,0,0.84
2024-03-01,2024-03-07,2024-03-07,22100,50,YES,,,6,3,3,12,4,69.20,3460.00,360.00,3100.00,20,2,1,0,0,0.69
2024-03-11,2024-03-14,2024-03-14,22500,50,YES,,,7,4,2,14,4,62.50,3125.00,420.00,2705.00,0,2,1,4,0,0.93
2024-03-15,2024-03-21,2024-03-21,22100,50,YES,,,9,5,4,18,4,120.45,6022.50,540.00,5482.50,0,0,2,2,0,0.86
2024-03-22,2024-03-28,2024-03-28,21950,50,YES,,,6,4,2,12,4,49.75,2487.50,360.00,2127.50,0,2,0,6,0,0.53
2024-04-01,2024-04-04,2024-04-04,22500,50,YES,,,4,2,2,8,4,246.80,12340.00,240.00,12100.00,0,2,0,0,0,0.93
2024-04-05,2024-04-10,2024-04-10,22450,50,YES,,,6,2,0,12,4,164.90,8245.00,360.00,7885.00,0,0,2,6,0,0.86
2024-04-12,2024-04-18,2024-04-18,22700,50,YES,,,7,2,0,14,4,-46.40,-2320.00,420.00,-2740.00,0,0,3,7,0,0.95
2024-04-19,2024-04-25,2024-04-25,21800,50,YES,,,5,2,0,10,4,-146.55,-7327.50,300.00,-7627.50,1,0,1,21,0,0.79
2024-04-26,2024-05-02,2024-05-02,22600,25,YES,,,5,3,3,10,4,211.40,5285.00,300.00,4985.00,0,0,0,1,0,0.99
2024-05-03,2024-05-09,2024-05-09,22750,25,YES,,,7,4,2,14,4,-247.85,-6196.25,420.00,-6616.25,0,0,1,12,0,0.67
2024-05-10,2024-05-16,2024-05-16,21950,25,YES,,,8,5,3,16,4,-28.95,-723.75,480.00,-1203.75,0,0,1,9,0,0.69
2024-05-17,2024-05-23,2024-05-23,22400,25,YES,,,5,2,0,10,4,-105.50,-2637.50,300.00,-2937.50,13,3,1,1,0,0.91
2024-05-24,2024-05-30,2024-05-30,22950,25,YES,,,7,4,3,14,4,-25.70,-642.50,420.00,-1062.50,0,0,1,0,0,0.72
2024-05-31,2024-06-06,2024-06-06,22600,25,YES,,,6,4,4,12,4,-134.35,-3358.75,360.00,-3718.75,2,1,0,2,0,0.91
2024-06-07,2024-06-13,2024-06-13,22800,25,YES,,,8,3,1,16,4,467.40,11685.00,480.00,11205.00,0,0,3,6,0,0.81
2024-06-14,2024-06-20,2024-06-20,23400,25,YES,,,5,3,2,10,4,176.45,4411.25,300.00,4111.25,0,1,0,1,0,0.92
2024-06-21,2024-06-27,2024-06-27,23600,25,YES,,,7,5,3,14,4,-166.80,-4170.00,420.00,-4590.00,0,0,0,5,0,0.99
2024-06-28,2024-07-04,2024-07-04,24100,25,YES,,,6,4,2,12,4,196.30,4907.50,360.00,4547.50,0,1,0,1,0,0.88
2024-07-05,2024-07-11,2024-07-11,24200,25,YES,,,7,4,4,14,4,107.80,2695.00,420.00,2275.00,0,0,1,6,0,0.92
2024-07-12,2024-07-18,2024-07-18,24350,25,YES,,,4,2,0,8,4,-63.00,-1575.00,240.00,-1815.00,0,1,0,12,0,0.77
2024-07-19,2024-07-25,2024-07-25,24750,25,YES,,,6,4,2,12,4,210.80,5270.00,360.00,4910.00,0,0,0,5,0,0.95
2024-07-26,2024-08-01,2024-08-01,24450,25,YES,,,4,2,0,8,4,-119.80,-2995.00,240.00,-3235.00,0,0,0,24,0,0.92
2024-08-02,2024-08-08,2024-08-08,24850,25,YES,,,4,2,0,8,4,-251.30,-6282.50,240.00,-6522.50,2,0,0,21,0,0.82
2024-08-09,2024-08-14,2024-08-14,24350,25,YES,,,7,4,2,14,4,241.05,6026.25,420.00,5606.25,0,0,1,1,0,0.91
2024-08-16,2024-08-22,2024-08-22,24350,25,YES,,,7,4,2,14,4,26.05,651.25,420.00,231.25,0,0,1,14,0,0.84
2024-08-23,2024-08-29,2024-08-29,24800,25,YES,,,5,2,0,10,4,98.50,2462.50,300.00,2162.50,0,0,1,10,0,0.85
2024-08-30,2024-09-05,2024-09-05,25250,25,YES,,,4,2,1,8,3,185.80,4645.00,240.00,4405.00,0,4,0,0,0,0.98
2024-09-06,2024-09-12,2024-09-12,25100,25,YES,,,7,4,4,14,4,-237.25,-5931.25,420.00,-6351.25,0,2,1,0,0,0.97
2024-09-13,2024-09-19,2024-09-19,25350,25,YES,,,5,3,3,10,4,160.65,4016.25,300.00,3716.25,0,0,0,0,0,0.99
2024-09-20,2024-09-26,2024-09-26,25500,25,YES,,,5,2,0,10,4,-152.10,-3802.50,300.00,-4102.50,0,0,1,20,0,0.96
2024-09-27,2024-10-03,2024-10-03,26250,25,YES,,,5,2,0,10,4,-487.85,-12196.25,300.00,-12496.25,0,0,1,10,0,0.90
2024-10-04,2024-10-10,2024-10-10,25150,25,YES,,,9,6,5,18,4,11.75,293.75,540.00,-246.25,0,0,1,0,0,0.63
2024-10-11,2024-10-17,2024-10-17,24950,25,YES,,,7,4,3,14,4,-63.25,-1581.25,420.00,-2001.25,0,2,1,0,0,0.81
2024-10-18,2024-10-24,2024-10-24,24600,25,YES,,,8,4,2,16,4,117.75,2943.75,480.00,2463.75,0,0,2,4,0,0.81
2024-10-25,2024-10-31,2024-10-31,24400,25,YES,,,8,5,5,16,4,40.05,1001.25,480.00,521.25,0,1,1,0,0,0.86
2024-11-01,2024-11-07,2024-11-07,24200,25,NO,missing_entry_bar,No priceable straddle within 0 strikes of ATM 24200 at 09:20.,0,0,0,0,2,0.00,0.00,0.00,0.00,0,0,0,0,0,0.00
2024-11-08,2024-11-14,2024-11-14,24100,25,YES,,,7,5,3,14,4,-205.55,-5138.75,420.00,-5558.75,0,0,0,8,0,1.00
2024-11-18,2024-11-21,2024-11-21,23550,25,YES,,,8,5,5,16,4,-248.70,-6217.50,480.00,-6697.50,0,2,1,0,0,0.81
2024-11-22,2024-11-28,2024-11-28,23400,75,YES,,,4,2,0,8,4,29.05,2178.75,240.00,1938.75,3,0,0,23,0,0.82
2024-11-29,2024-12-05,2024-12-05,23950,75,YES,,,4,2,0,8,4,-230.40,-17280.00,240.00,-17520.00,2,0,0,16,0,0.69
2024-12-06,2024-12-12,2024-12-12,24700,75,YES,,,5,3,2,10,3,339.70,25477.50,300.00,25177.50,0,1,0,0,0,0.99
2024-12-13,2024-12-19,2024-12-19,24450,75,YES,,,8,5,3,16,4,-285.60,-21420.00,480.00,-21900.00,0,0,1,7,0,0.82
2024-12-20,2024-12-26,2024-12-26,23950,75,YES,,,7,5,4,14,4,296.35,22226.25,420.00,21806.25,0,0,0,0,0,0.97
2024-12-27,2025-01-02,2025-01-02,23800,75,YES,,,7,5,5,14,4,-187.36,-14052.00,420.00,-14472.00,0,0,0,1,0,0.72
2025-01-03,2025-01-09,2025-01-09,24200,75,YES,,,4,2,0,8,4,-190.80,-14310.00,240.00,-14550.00,0,0,0,19,0,0.85
2025-01-10,2025-01-16,2025-01-16,23550,75,YES,,,4,2,0,8,4,262.85,19713.75,240.00,19473.75,0,0,0,18,0,0.86
2025-01-17,2025-01-23,2025-01-23,23200,75,YES,,,6,4,4,12,4,227.05,17028.75,360.00,16668.75,0,1,0,0,0,0.99
2025-01-24,2025-01-30,2025-01-30,23300,75,YES,,,7,3,3,14,4,95.65,7173.75,420.00,6753.75,0,0,2,0,0,0.97
2025-01-31,2025-02-06,2025-02-06,23300,75,YES,,,9,5,3,18,4,682.10,51157.50,540.00,50617.50,0,0,2,8,0,0.84
2025-02-07,2025-02-13,2025-02-13,23600,75,YES,,,5,3,1,10,4,-59.90,-4492.50,300.00,-4792.50,0,1,0,13,0,0.88
2025-02-14,2025-02-20,2025-02-20,23100,75,YES,,,8,6,5,16,4,148.44,11133.00,480.00,10653.00,0,2,0,0,0,0.84
2025-02-21,2025-02-27,2025-02-27,22900,75,YES,,,5,2,0,10,4,215.35,16151.25,300.00,15851.25,0,1,1,6,0,0.83
2025-02-28,2025-03-06,2025-03-06,22300,75,YES,,,9,7,5,18,4,-67.16,-5037.00,540.00,-5577.00,0,1,0,2,0,0.53
2025-03-07,2025-03-13,2025-03-13,22550,75,YES,,,5,3,3,10,4,156.80,11760.00,300.00,11460.00,0,3,0,1,0,0.85
2025-03-17,2025-03-20,2025-03-20,22500,75,YES,,,6,2,0,12,4,-207.56,-15567.00,360.00,-15927.00,0,0,2,8,0,0.69
2025-03-21,2025-03-27,2025-03-27,23200,75,YES,,,5,2,0,10,4,97.45,7308.75,300.00,7008.75,0,4,1,20,0,0.92
2025-03-28,2025-04-03,2025-04-03,23600,75,YES,,,4,2,0,8,4,67.50,5062.50,240.00,4822.50,0,0,0,12,0,0.72
2025-04-04,2025-04-09,2025-04-09,23100,75,YES,,,4,2,0,8,4,-265.56,-19917.00,240.00,-20157.00,0,1,0,14,0,0.83
2025-04-11,2025-04-17,2025-04-17,22750,75,YES,,,5,3,1,10,4,-437.14,-32785.50,300.00,-33085.50,0,0,0,13,0,0.75
2025-04-21,2025-04-24,2025-04-24,23950,75,YES,,,4,2,0,8,4,160.58,12043.50,240.00,11803.50,0,1,0,13,0,0.94
2025-04-25,2025-04-30,2025-04-30,24350,75,YES,,,7,4,2,14,4,201.00,15075.00,420.00,14655.00,0,1,1,5,0,0.98
2025-05-02,2025-05-08,2025-05-08,24400,75,YES,,,6,4,3,12,3,297.15,22286.25,360.00,21926.25,0,2,0,0,0,0.81
2025-05-09,2025-05-15,2025-05-15,24100,75,YES,,,5,2,0,10,4,-61.36,-4602.00,300.00,-4902.00,0,0,1,16,0,0.99
2025-05-16,2025-05-22,2025-05-22,25000,75,YES,,,6,3,2,12,4,108.30,8122.50,360.00,7762.50,0,0,1,0,0,0.87
2025-05-23,2025-05-29,2025-05-29,24650,75,YES,,,6,3,3,12,4,105.85,7938.75,360.00,7578.75,0,0,1,1,0,0.97
2025-05-30,2025-06-05,2025-06-05,24800,75,YES,,,5,3,1,10,4,450.95,33821.25,300.00,33521.25,0,0,0,6,0,0.85
2025-06-06,2025-06-12,2025-06-12,24750,75,YES,,,4,2,0,8,4,380.00,28500.00,240.00,28260.00,0,3,0,21,0,0.93
2025-06-13,2025-06-19,2025-06-19,24600,75,YES,,,6,3,3,12,4,173.30,12997.50,360.00,12637.50,0,1,1,0,0,0.92
2025-06-20,2025-06-26,2025-06-26,24850,75,YES,,,7,4,2,14,4,-235.85,-17688.75,420.00,-18108.75,0,0,1,13,0,0.84
2025-06-27,2025-07-03,2025-07-03,25600,75,YES,,,6,3,1,12,4,263.05,19728.75,360.00,19368.75,0,4,1,0,0,0.87
2025-07-04,2025-07-10,2025-07-10,25400,75,YES,,,4,2,0,8,4,273.95,20546.25,240.00,20306.25,0,0,0,5,0,0.86
2025-07-11,2025-07-17,2025-07-17,25300,75,YES,,,6,2,2,12,4,94.25,7068.75,360.00,6708.75,0,1,2,0,0,0.99
2025-07-18,2025-07-24,2025-07-24,25100,75,YES,,,5,3,1,10,4,133.20,9990.00,300.00,9690.00,0,3,0,1,0,0.88
2025-07-25,2025-07-31,2025-07-31,24950,75,YES,,,5,2,0,10,4,195.55,14666.25,300.00,14366.25,0,0,1,8,0,0.99
2025-08-01,2025-08-07,2025-08-07,24750,75,YES,,,6,3,2,12,4,232.00,17400.00,360.00,17040.00,0,3,1,0,0,0.87
2025-08-08,2025-08-14,2025-08-14,24550,75,YES,,,6,4,2,12,4,246.50,18487.50,360.00,18127.50,0,2,0,0,0,0.71
2025-08-18,2025-08-21,2025-08-21,24950,75,YES,,,3,1,0,6,3,171.10,12832.50,180.00,12652.50,0,5,0,0,0,0.82
2025-08-22,2025-08-28,2025-08-28,25000,75,YES,,,5,3,1,10,4,-160.30,-12022.50,300.00,-12322.50,0,4,0,2,0,0.73
2025-08-29,2025-09-02,2025-09-02,24500,75,YES,,,5,3,1,10,4,152.80,11460.00,300.00,11160.00,0,0,0,3,0,0.68
2025-09-03,2025-09-09,2025-09-09,24550,75,YES,,,7,3,1,14,4,170.20,12765.00,420.00,12345.00,0,2,2,13,0,0.87
2025-09-10,2025-09-16,2025-09-16,24950,75,YES,,,5,3,1,10,4,32.50,2437.50,300.00,2137.50,0,1,0,12,0,0.75
2025-09-17,2025-09-23,2025-09-23,25300,75,YES,,,7,4,3,14,4,15.55,1166.25,420.00,746.25,0,2,1,1,0,0.71
2025-09-24,2025-09-30,2025-09-30,25100,75,YES,,,6,3,1,12,4,-69.55,-5216.25,360.00,-5576.25,0,2,1,10,0,0.72
2025-10-01,2025-10-07,2025-10-07,24600,75,YES,,,5,2,0,10,4,-97.20,-7290.00,300.00,-7590.00,0,1,1,15,0,0.65
2025-10-08,2025-10-14,2025-10-14,25150,75,YES,,,6,4,4,12,4,17.70,1327.50,360.00,967.50,0,1,0,3,0,0.73
2025-10-15,2025-10-20,2025-10-20,25250,75,YES,,,4,2,0,8,4,-244.80,-18360.00,240.00,-18600.00,0,0,0,13,0,0.58
2025-10-21,2025-10-28,2025-10-28,25850,75,YES,,,8,6,5,16,4,-34.10,-2557.50,480.00,-3037.50,10,2,0,2,0,0.54
2025-10-29,2025-11-04,2025-11-04,26000,75,YES,,,7,3,1,14,4,113.50,8512.50,420.00,8092.50,0,4,2,0,0,0.70
2025-11-06,2025-11-11,2025-11-11,25650,75,YES,,,6,3,3,12,4,106.30,7972.50,360.00,7612.50,0,0,1,2,0,0.57
2025-11-12,2025-11-18,2025-11-18,25800,75,YES,,,7,5,3,14,4,234.55,17591.25,420.00,17171.25,0,0,0,5,0,0.58
2025-11-19,2025-11-25,2025-11-25,25850,75,YES,,,4,2,0,8,4,383.90,28792.50,240.00,28552.50,0,0,0,21,0,0.74
2025-11-26,2025-12-02,2025-12-02,25950,75,YES,,,5,2,0,10,4,269.95,20246.25,300.00,19946.25,0,1,1,18,0,0.52
2025-12-03,2025-12-09,2025-12-09,26050,75,YES,,,7,4,3,14,4,57.95,4346.25,420.00,3926.25,0,1,1,1,0,0.88
2025-12-10,2025-12-16,2025-12-16,25900,75,YES,,,6,3,1,12,4,184.95,13871.25,360.00,13511.25,0,0,1,6,0,0.92
2025-12-17,2025-12-23,2025-12-23,25850,75,YES,,,4,2,0,8,4,10.60,795.00,240.00,555.00,0,2,0,7,0,0.59
2025-12-24,2025-12-30,2025-12-30,26200,75,YES,,,4,2,0,8,4,38.21,2865.75,240.00,2625.75,0,7,0,6,0,0.76
2025-12-31,2026-01-06,2026-01-06,26000,65,YES,,,5,2,0,10,4,195.19,12687.35,300.00,12387.35,0,1,1,13,0,0.59
2026-01-07,2026-01-13,2026-01-13,26150,65,YES,,,6,2,0,12,4,11.96,777.40,360.00,417.40,0,0,2,12,0,0.95
2026-01-14,2026-01-20,2026-01-20,25700,65,YES,,,8,5,4,16,4,-192.56,-12516.40,480.00,-12996.40,0,1,1,1,0,0.99
2026-01-21,2026-01-27,2026-01-27,25250,65,YES,,,6,4,3,12,3,207.70,13500.50,360.00,13140.50,0,2,0,0,0,0.78
2026-01-28,2026-02-03,2026-02-03,25350,65,YES,,,5,2,0,10,4,-872.60,-56719.00,300.00,-57019.00,0,1,1,7,0,0.89
2026-02-04,2026-02-10,2026-02-10,25700,65,YES,,,9,6,4,18,4,189.15,12294.75,540.00,11754.75,0,1,1,0,0,0.88
2026-02-11,2026-02-17,2026-02-17,26000,65,YES,,,4,2,0,8,4,57.65,3747.25,240.00,3507.25,0,0,0,14,0,0.80
2026-02-18,2026-02-24,2026-02-24,25750,65,YES,,,8,5,4,16,4,-146.45,-9519.25,480.00,-9999.25,0,0,1,0,0,0.96
2026-02-25,2026-03-02,2026-03-02,25550,65,YES,,,7,4,2,14,4,-242.20,-15743.00,420.00,-16163.00,0,0,1,1,0,0.73
2026-03-04,2026-03-10,2026-03-10,24400,65,YES,,,7,4,4,14,4,178.05,11573.25,420.00,11153.25,0,0,1,4,0,0.99
2026-03-11,2026-03-17,2026-03-17,24300,65,YES,,,7,3,1,14,4,605.25,39341.25,420.00,38921.25,0,0,2,13,0,0.99
2026-03-18,2026-03-24,2026-03-24,23700,65,NO,missing_entry_bar,No priceable straddle within 0 strikes of ATM 23700 at 09:20.,0,0,0,0,2,0.00,0.00,0.00,0.00,0,0,0,0,0,0.00
2026-03-25,2026-04-28,2026-04-28,23150,65,YES,,,11,7,6,22,4,605.20,39338.00,660.00,38678.00,25,6,2,31,0,0.81
2026-04-29,2026-05-05,2026-05-05,24100,65,YES,,,6,4,4,12,4,-108.70,-7065.50,360.00,-7425.50,16,0,0,0,0,0.99
2026-05-06,2026-05-12,2026-05-12,24200,65,YES,,,2,0,0,4,2,0.00,0.00,120.00,-120.00,56,0,0,0,0,0.71
2026-05-13,2026-05-19,2026-05-19,23400,65,YES,,,7,3,3,14,4,219.10,14241.50,420.00,13821.50,0,1,2,0,0,0.82
2026-05-20,2026-05-26,2026-05-26,23450,65,YES,,,8,5,3,16,4,300.65,19542.25,480.00,19062.25,0,0,1,7,0,0.98
2026-05-27,2026-06-02,2026-06-02,23950,65,YES,,,4,2,0,8,4,16.35,1062.75,240.00,822.75,0,0,0,6,0,0.99
2026-06-03,2026-06-09,2026-06-09,23300,65,YES,,,3,1,0,6,3,-3.90,-253.50,180.00,-433.50,66,0,0,0,0,0.82
2026-06-10,2026-06-16,2026-06-16,23350,65,YES,,,9,6,4,18,4,-165.90,-10783.50,540.00,-11323.50,0,1,1,7,0,0.98
