entry_date,status,skip_reason,expiry_date,previous_trading_day,previous_close_timestamp,previous_close,spot_entry_timestamp,spot_entry_open,gap_points,gap_percent,strategy_direction,atm_strike,ce_contract_file,ce_direction,ce_entry_open,ce_exit_close,ce_raw_points_pnl,ce_raw_gross_pnl,ce_slippage_points,ce_slippage_loss,ce_brokerage,ce_net_pnl,pe_contract_file,pe_direction,pe_entry_open,pe_exit_close,pe_raw_points_pnl,pe_raw_gross_pnl,pe_slippage_points,pe_slippage_loss,pe_brokerage,pe_net_pnl,orders_executed,raw_gross_pnl,slippage_loss,brokerage,net_pnl,remarks
2025-01-01,SKIPPED,no_previous_close,,,,,2025-01-01T09:15:00+05:30,,,,,,,,,,0.00,0.00,0.00,0.00,0.00,0.00,,,,,0.00,0.00,0.00,0.00,0.00,0.00,0,0.00,0.00,0.00,0.00,No previous trading day close exists in the dataset.
2025-01-02,TRADED,,2025-01-02,2025-01-01,2025-01-01T15:29:00+05:30,23758.7,2025-01-02T09:15:00+05:30,23783.0,24.30,0.10,SHORT_STRADDLE,23800,NIFTY_23800_CE_02_JAN_25.csv,SHORT,100.0,108.3,-8.30,-2158.00,4.00,1040.00,50.00,-3248.00,NIFTY_23800_PE_02_JAN_25.csv,SHORT,105.0,110.75,-5.75,-1495.00,4.00,1040.00,50.00,-2585.00,4,-3653.00,2080.00,100.00,-5833.00,
2025-01-03,TRADED,,2025-01-09,2025-01-02,2025-01-02T15:29:00+05:30,24167.95,2025-01-03T09:15:00+05:30,24196.4,28.45,0.12,SHORT_STRADDLE,24200,NIFTY_24200_CE_09_JAN_25.csv,SHORT,176.0,159.5,16.50,4290.00,4.00,1040.00,50.00,3200.00,NIFTY_24200_PE_09_JAN_25.csv,SHORT,199.0,214.1,-15.10,-3926.00,4.00,1040.00,50.00,-5016.00,4,364.00,2080.00,100.00,-1816.00,
2025-01-06,TRADED,,2025-01-09,2025-01-03,2025-01-03T15:29:00+05:30,23990.15,2025-01-06T09:15:00+05:30,24045.8,55.65,0.23,SHORT_STRADDLE,24050,NIFTY_24050_CE_09_JAN_25.csv,SHORT,144.69,139.35,5.34,1388.40,4.00,1040.00,50.00,298.40,NIFTY_24050_PE_09_JAN_25.csv,SHORT,166.0,165.95,0.05,13.00,4.00,1040.00,50.00,-1077.00,4,1401.40,2080.00,100.00,-778.60,
2025-01-07,TRADED,,2025-01-09,2025-01-06,2025-01-06T15:29:00+05:30,23629.6,2025-01-07T09:15:00+05:30,23679.9,50.30,0.21,SHORT_STRADDLE,23700,NIFTY_23700_CE_09_JAN_25.csv,SHORT,171.1,193.15,-22.05,-5733.00,4.00,1040.00,50.00,-6823.00,NIFTY_23700_PE_09_JAN_25.csv,SHORT,207.4,149.0,58.40,15184.00,4.00,1040.00,50.00,14094.00,4,9451.00,2080.00,100.00,7271.00,
2025-01-08,TRADED,,2025-01-09,2025-01-07,2025-01-07T15:29:00+05:30,23694.6,2025-01-08T09:15:00+05:30,23746.65,52.05,0.22,SHORT_STRADDLE,23750,NIFTY_23750_CE_09_JAN_25.csv,SHORT,100.0,81.25,18.75,4875.00,4.00,1040.00,50.00,3785.00,NIFTY_23750_PE_09_JAN_25.csv,SHORT,142.65,150.8,-8.15,-2119.00,4.00,1040.00,50.00,-3209.00,4,2756.00,2080.00,100.00,576.00,
2025-01-09,TRADED,,2025-01-09,2025-01-08,2025-01-08T15:29:00+05:30,23675.2,2025-01-09T09:15:00+05:30,23674.75,-0.45,-0.00,LONG_STRADDLE,23650,NIFTY_23650_CE_09_JAN_25.csv,LONG,77.0,42.75,-34.25,-8905.00,4.00,1040.00,50.00,-9995.00,NIFTY_23650_PE_09_JAN_25.csv,LONG,49.55,63.3,13.75,3575.00,4.00,1040.00,50.00,2485.00,4,-5330.00,2080.00,100.00,-7510.00,
2025-01-10,TRADED,,2025-01-16,2025-01-09,2025-01-09T15:29:00+05:30,23557.2,2025-01-10T09:15:00+05:30,23551.9,-5.30,-0.02,LONG_STRADDLE,23550,NIFTY_23550_CE_16_JAN_25.csv,LONG,210.0,186.25,-23.75,-6175.00,4.00,1040.00,50.00,-7265.00,NIFTY_23550_PE_16_JAN_25.csv,LONG,174.95,167.45,-7.50,-1950.00,4.00,1040.00,50.00,-3040.00,4,-8125.00,2080.00,100.00,-10305.00,
2025-01-13,TRADED,,2025-01-16,2025-01-10,2025-01-10T15:29:00+05:30,23437.35,2025-01-13T09:15:00+05:30,23195.4,-241.95,-1.03,LONG_STRADDLE,23200,NIFTY_23200_CE_16_JAN_25.csv,LONG,180.0,200.15,20.15,5239.00,4.00,1040.00,50.00,4149.00,NIFTY_23200_PE_16_JAN_25.csv,LONG,115.0,139.3,24.30,6318.00,4.00,1040.00,50.00,5228.00,4,11557.00,2080.00,100.00,9377.00,
2025-01-14,TRADED,,2025-01-16,2025-01-13,2025-01-13T15:29:00+05:30,23088.7,2025-01-14T09:15:00+05:30,23165.9,77.20,0.33,SHORT_STRADDLE,23150,NIFTY_23150_CE_16_JAN_25.csv,SHORT,142.94,161.3,-18.36,-4773.60,4.00,1040.00,50.00,-5863.60,NIFTY_23150_PE_16_JAN_25.csv,SHORT,91.05,83.85,7.20,1872.00,4.00,1040.00,50.00,782.00,4,-2901.60,2080.00,100.00,-5081.60,
2025-01-15,TRADED,,2025-01-16,2025-01-14,2025-01-14T15:29:00+05:30,23206.85,2025-01-15T09:15:00+05:30,23250.45,43.60,0.19,SHORT_STRADDLE,23250,NIFTY_23250_CE_16_JAN_25.csv,SHORT,88.75,85.35,3.40,884.00,4.00,1040.00,50.00,-206.00,NIFTY_23250_PE_16_JAN_25.csv,SHORT,65.15,78.3,-13.15,-3419.00,4.00,1040.00,50.00,-4509.00,4,-2535.00,2080.00,100.00,-4715.00,
2025-01-16,TRADED,,2025-01-16,2025-01-15,2025-01-15T15:29:00+05:30,23228.1,2025-01-16T09:15:00+05:30,23377.25,149.15,0.64,SHORT_STRADDLE,23400,NIFTY_23400_CE_16_JAN_25.csv,SHORT,30.0,22.2,7.80,2028.00,4.00,1040.00,50.00,938.00,NIFTY_23400_PE_16_JAN_25.csv,SHORT,98.9,104.2,-5.30,-1378.00,4.00,1040.00,50.00,-2468.00,4,650.00,2080.00,100.00,-1530.00,
2025-01-17,TRADED,,2025-01-23,2025-01-16,2025-01-16T15:29:00+05:30,23350.8,2025-01-17T09:15:00+05:30,23277.1,-73.70,-0.32,LONG_STRADDLE,23300,NIFTY_23300_CE_23_JAN_25.csv,LONG,189.0,145.65,-43.35,-11271.00,4.00,1040.00,50.00,-12361.00,NIFTY_23300_PE_23_JAN_25.csv,LONG,173.0,207.85,34.85,9061.00,4.00,1040.00,50.00,7971.00,4,-2210.00,2080.00,100.00,-4390.00,
2025-01-20,TRADED,,2025-01-23,2025-01-17,2025-01-17T15:29:00+05:30,23203.1,2025-01-20T09:15:00+05:30,23290.4,87.30,0.38,SHORT_STRADDLE,23300,NIFTY_23300_CE_23_JAN_25.csv,SHORT,161.0,142.55,18.45,4797.00,4.00,1040.00,50.00,3707.00,NIFTY_23300_PE_23_JAN_25.csv,SHORT,159.94,167.1,-7.16,-1861.60,4.00,1040.00,50.00,-2951.60,4,2935.40,2080.00,100.00,755.40,
2025-01-21,TRADED,,2025-01-23,2025-01-20,2025-01-20T15:29:00+05:30,23337.05,2025-01-21T09:15:00+05:30,23421.65,84.60,0.36,SHORT_STRADDLE,23400,NIFTY_23400_CE_23_JAN_25.csv,SHORT,149.0,126.95,22.05,5733.00,4.00,1040.00,50.00,4643.00,NIFTY_23400_PE_23_JAN_25.csv,SHORT,125.05,135.5,-10.45,-2717.00,4.00,1040.00,50.00,-3807.00,4,3016.00,2080.00,100.00,836.00,
2025-01-22,TRADED,,2025-01-23,2025-01-21,2025-01-21T15:29:00+05:30,23053.05,2025-01-22T09:15:00+05:30,23099.15,46.10,0.20,SHORT_STRADDLE,23100,NIFTY_23100_CE_23_JAN_25.csv,SHORT,123.9,108.25,15.65,4069.00,4.00,1040.00,50.00,2979.00,NIFTY_23100_PE_23_JAN_25.csv,SHORT,100.0,110.55,-10.55,-2743.00,4.00,1040.00,50.00,-3833.00,4,1326.00,2080.00,100.00,-854.00,
2025-01-23,TRADED,,2025-01-23,2025-01-22,2025-01-22T15:29:00+05:30,23161.75,2025-01-23T09:15:00+05:30,23128.3,-33.45,-0.14,LONG_STRADDLE,23150,NIFTY_23150_CE_23_JAN_25.csv,LONG,53.0,30.35,-22.65,-5889.00,4.00,1040.00,50.00,-6979.00,NIFTY_23150_PE_23_JAN_25.csv,LONG,62.0,66.09,4.09,1063.40,4.00,1040.00,50.00,-26.60,4,-4825.60,2080.00,100.00,-7005.60,
2025-01-24,TRADED,,2025-01-30,2025-01-23,2025-01-23T15:29:00+05:30,23216.3,2025-01-24T09:15:00+05:30,23183.9,-32.40,-0.14,LONG_STRADDLE,23200,NIFTY_23200_CE_30_JAN_25.csv,LONG,191.0,232.7,41.70,10842.00,4.00,1040.00,50.00,9752.00,NIFTY_23200_PE_30_JAN_25.csv,LONG,196.0,152.69,-43.31,-11260.60,4.00,1040.00,50.00,-12350.60,4,-418.60,2080.00,100.00,-2598.60,
2025-01-27,TRADED,,2025-01-30,2025-01-24,2025-01-24T15:29:00+05:30,23090.35,2025-01-27T09:15:00+05:30,22940.15,-150.20,-0.65,LONG_STRADDLE,22950,NIFTY_22950_CE_30_JAN_25.csv,LONG,180.0,185.55,5.55,1443.00,4.00,1040.00,50.00,353.00,NIFTY_22950_PE_30_JAN_25.csv,LONG,150.69,161.44,10.75,2795.00,4.00,1040.00,50.00,1705.00,4,4238.00,2080.00,100.00,2058.00,
2025-01-28,TRADED,,2025-01-30,2025-01-27,2025-01-27T15:29:00+05:30,22816.85,2025-01-28T09:15:00+05:30,22960.45,143.60,0.63,SHORT_STRADDLE,22950,NIFTY_22950_CE_30_JAN_25.csv,SHORT,131.15,136.6,-5.45,-1417.00,4.00,1040.00,50.00,-2507.00,NIFTY_22950_PE_30_JAN_25.csv,SHORT,158.25,142.85,15.40,4004.00,4.00,1040.00,50.00,2914.00,4,2587.00,2080.00,100.00,407.00,
2025-01-29,TRADED,,2025-01-30,2025-01-28,2025-01-28T15:29:00+05:30,22976.3,2025-01-29T09:15:00+05:30,23026.75,50.45,0.22,SHORT_STRADDLE,23050,NIFTY_23050_CE_30_JAN_25.csv,SHORT,128.0,118.2,9.80,2548.00,4.00,1040.00,50.00,1458.00,NIFTY_23050_PE_30_JAN_25.csv,SHORT,158.19,146.44,11.75,3055.00,4.00,1040.00,50.00,1965.00,4,5603.00,2080.00,100.00,3423.00,
2025-01-30,TRADED,,2025-01-30,2025-01-29,2025-01-29T15:29:00+05:30,23176.2,2025-01-30T09:15:00+05:30,23169.5,-6.70,-0.03,LONG_STRADDLE,23150,NIFTY_23150_CE_30_JAN_25.csv,LONG,104.45,135.94,31.49,8187.40,4.00,1040.00,50.00,7097.40,NIFTY_23150_PE_30_JAN_25.csv,LONG,121.5,155.75,34.25,8905.00,4.00,1040.00,50.00,7815.00,4,17092.40,2080.00,100.00,14912.40,
2025-01-31,TRADED,,2025-02-06,2025-01-30,2025-01-30T15:29:00+05:30,23297.95,2025-01-31T09:15:00+05:30,23296.75,-1.20,-0.01,LONG_STRADDLE,23300,NIFTY_23300_CE_06_FEB_25.csv,LONG,365.0,340.1,-24.90,-6474.00,4.00,1040.00,50.00,-7564.00,NIFTY_23300_PE_06_FEB_25.csv,LONG,272.0,296.3,24.30,6318.00,4.00,1040.00,50.00,5228.00,4,-156.00,2080.00,100.00,-2336.00,
2025-02-01,TRADED,,2025-02-06,2025-01-31,2025-01-31T15:29:00+05:30,23533.85,2025-02-01T09:15:00+05:30,23528.6,-5.25,-0.02,LONG_STRADDLE,23550,NIFTY_23550_CE_06_FEB_25.csv,LONG,258.1,249.4,-8.70,-2262.00,4.00,1040.00,50.00,-3352.00,NIFTY_23550_PE_06_FEB_25.csv,LONG,235.55,235.1,-0.45,-117.00,4.00,1040.00,50.00,-1207.00,4,-2379.00,2080.00,100.00,-4559.00,
2025-02-03,TRADED,,2025-02-06,2025-02-01,2025-02-01T15:29:00+05:30,23495.3,2025-02-03T09:15:00+05:30,23319.35,-175.95,-0.75,LONG_STRADDLE,23300,NIFTY_23300_CE_06_FEB_25.csv,LONG,198.0,160.0,-38.00,-9880.00,4.00,1040.00,50.00,-10970.00,NIFTY_23300_PE_06_FEB_25.csv,LONG,115.0,131.55,16.55,4303.00,4.00,1040.00,50.00,3213.00,4,-5577.00,2080.00,100.00,-7757.00,
2025-02-04,TRADED,,2025-02-06,2025-02-03,2025-02-03T15:29:00+05:30,23359.7,2025-02-04T09:15:00+05:30,23509.9,150.20,0.64,SHORT_STRADDLE,23500,NIFTY_23500_CE_06_FEB_25.csv,SHORT,90.5,93.3,-2.80,-728.00,4.00,1040.00,50.00,-1818.00,NIFTY_23500_PE_06_FEB_25.csv,SHORT,120.0,104.6,15.40,4004.00,4.00,1040.00,50.00,2914.00,4,3276.00,2080.00,100.00,1096.00,
2025-02-05,TRADED,,2025-02-06,2025-02-04,2025-02-04T15:29:00+05:30,23707.7,2025-02-05T09:15:00+05:30,23801.75,94.05,0.40,SHORT_STRADDLE,23800,NIFTY_23800_CE_06_FEB_25.csv,SHORT,60.0,67.0,-7.00,-1820.00,4.00,1040.00,50.00,-2910.00,NIFTY_23800_PE_06_FEB_25.csv,SHORT,104.65,124.5,-19.85,-5161.00,4.00,1040.00,50.00,-6251.00,4,-6981.00,2080.00,100.00,-9161.00,
2025-02-06,TRADED,,2025-02-06,2025-02-05,2025-02-05T15:29:00+05:30,23686.75,2025-02-06T09:15:00+05:30,23761.95,75.20,0.32,SHORT_STRADDLE,23750,NIFTY_23750_CE_06_FEB_25.csv,SHORT,50.0,48.95,1.05,273.00,4.00,1040.00,50.00,-817.00,NIFTY_23750_PE_06_FEB_25.csv,SHORT,89.35,95.55,-6.20,-1612.00,4.00,1040.00,50.00,-2702.00,4,-1339.00,2080.00,100.00,-3519.00,
2025-02-07,TRADED,,2025-02-13,2025-02-06,2025-02-06T15:29:00+05:30,23628.05,2025-02-07T09:15:00+05:30,23649.5,21.45,0.09,SHORT_STRADDLE,23650,NIFTY_23650_CE_13_FEB_25.csv,SHORT,201.95,193.35,8.60,2236.00,4.00,1040.00,50.00,1146.00,NIFTY_23650_PE_13_FEB_25.csv,SHORT,156.75,190.2,-33.45,-8697.00,4.00,1040.00,50.00,-9787.00,4,-6461.00,2080.00,100.00,-8641.00,
2025-02-10,TRADED,,2025-02-13,2025-02-07,2025-02-07T15:29:00+05:30,23563.15,2025-02-10T09:15:00+05:30,23543.8,-19.35,-0.08,LONG_STRADDLE,23550,NIFTY_23550_CE_13_FEB_25.csv,LONG,164.95,138.6,-26.35,-6851.00,4.00,1040.00,50.00,-7941.00,NIFTY_23550_PE_13_FEB_25.csv,LONG,150.05,170.4,20.35,5291.00,4.00,1040.00,50.00,4201.00,4,-1560.00,2080.00,100.00,-3740.00,
2025-02-11,TRADED,,2025-02-13,2025-02-10,2025-02-10T15:29:00+05:30,23376.05,2025-02-11T09:15:00+05:30,23383.55,7.50,0.03,SHORT_STRADDLE,23400,NIFTY_23400_CE_13_FEB_25.csv,SHORT,145.0,127.3,17.70,4602.00,4.00,1040.00,50.00,3512.00,NIFTY_23400_PE_13_FEB_25.csv,SHORT,129.0,156.8,-27.80,-7228.00,4.00,1040.00,50.00,-8318.00,4,-2626.00,2080.00,100.00,-4806.00,
2025-02-12,TRADED,,2025-02-13,2025-02-11,2025-02-11T15:29:00+05:30,23070.5,2025-02-12T09:15:00+05:30,23050.8,-19.70,-0.09,LONG_STRADDLE,23050,NIFTY_23050_CE_13_FEB_25.csv,LONG,128.1,127.7,-0.40,-104.00,4.00,1040.00,50.00,-1194.00,NIFTY_23050_PE_13_FEB_25.csv,LONG,96.95,100.9,3.95,1027.00,4.00,1040.00,50.00,-63.00,4,923.00,2080.00,100.00,-1257.00,
2025-02-13,TRADED,,2025-02-13,2025-02-12,2025-02-12T15:29:00+05:30,23057.8,2025-02-13T09:15:00+05:30,23055.75,-2.05,-0.01,LONG_STRADDLE,23050,NIFTY_23050_CE_13_FEB_25.csv,LONG,90.0,111.9,21.90,5694.00,4.00,1040.00,50.00,4604.00,NIFTY_23050_PE_13_FEB_25.csv,LONG,77.75,57.7,-20.05,-5213.00,4.00,1040.00,50.00,-6303.00,4,481.00,2080.00,100.00,-1699.00,
2025-02-14,TRADED,,2025-02-20,2025-02-13,2025-02-13T15:29:00+05:30,23019.4,2025-02-14T09:15:00+05:30,23096.45,77.05,0.33,SHORT_STRADDLE,23100,NIFTY_23100_CE_20_FEB_25.csv,SHORT,190.0,201.5,-11.50,-2990.00,4.00,1040.00,50.00,-4080.00,NIFTY_23100_PE_20_FEB_25.csv,SHORT,170.0,149.55,20.45,5317.00,4.00,1040.00,50.00,4227.00,4,2327.00,2080.00,100.00,147.00,
2025-02-17,TRADED,,2025-02-20,2025-02-14,2025-02-14T15:29:00+05:30,22897.25,2025-02-17T09:15:00+05:30,22809.9,-87.35,-0.38,LONG_STRADDLE,22800,NIFTY_22800_CE_20_FEB_25.csv,LONG,210.0,182.4,-27.60,-7176.00,4.00,1040.00,50.00,-8266.00,NIFTY_22800_PE_20_FEB_25.csv,LONG,125.0,170.85,45.85,11921.00,4.00,1040.00,50.00,10831.00,4,4745.00,2080.00,100.00,2565.00,
2025-02-18,TRADED,,2025-02-20,2025-02-17,2025-02-17T15:29:00+05:30,22963.5,2025-02-18T09:15:00+05:30,22963.65,0.15,0.00,SHORT_STRADDLE,22950,NIFTY_22950_CE_20_FEB_25.csv,SHORT,167.95,164.1,3.85,1001.00,4.00,1040.00,50.00,-89.00,NIFTY_22950_PE_20_FEB_25.csv,SHORT,130.0,144.3,-14.30,-3718.00,4.00,1040.00,50.00,-4808.00,4,-2717.00,2080.00,100.00,-4897.00,
2025-02-19,TRADED,,2025-02-20,2025-02-18,2025-02-18T15:29:00+05:30,22923.15,2025-02-19T09:15:00+05:30,22847.25,-75.90,-0.33,LONG_STRADDLE,22850,NIFTY_22850_CE_20_FEB_25.csv,LONG,138.19,124.0,-14.19,-3689.40,4.00,1040.00,50.00,-4779.40,NIFTY_22850_PE_20_FEB_25.csv,LONG,96.95,110.1,13.15,3419.00,4.00,1040.00,50.00,2329.00,4,-270.40,2080.00,100.00,-2450.40,
2025-02-20,TRADED,,2025-02-20,2025-02-19,2025-02-19T15:29:00+05:30,22914.4,2025-02-20T09:15:00+05:30,22821.1,-93.30,-0.41,LONG_STRADDLE,22800,NIFTY_22800_CE_20_FEB_25.csv,LONG,114.2,124.1,9.90,2574.00,4.00,1040.00,50.00,1484.00,NIFTY_22800_PE_20_FEB_25.csv,LONG,50.05,49.15,-0.90,-234.00,4.00,1040.00,50.00,-1324.00,4,2340.00,2080.00,100.00,160.00,
2025-02-21,TRADED,,2025-02-27,2025-02-20,2025-02-20T15:29:00+05:30,22906.25,2025-02-21T09:15:00+05:30,22857.2,-49.05,-0.21,LONG_STRADDLE,22850,NIFTY_22850_CE_27_FEB_25.csv,LONG,198.05,192.85,-5.20,-1352.00,4.00,1040.00,50.00,-2442.00,NIFTY_22850_PE_27_FEB_25.csv,LONG,133.3,133.35,0.05,13.00,4.00,1040.00,50.00,-1077.00,4,-1339.00,2080.00,100.00,-3519.00,
2025-02-24,TRADED,,2025-02-27,2025-02-21,2025-02-21T15:29:00+05:30,22764.35,2025-02-24T09:15:00+05:30,22609.35,-155.00,-0.68,LONG_STRADDLE,22600,NIFTY_22600_CE_27_FEB_25.csv,LONG,198.2,203.7,5.50,1430.00,4.00,1040.00,50.00,340.00,NIFTY_22600_PE_27_FEB_25.csv,LONG,110.5,88.65,-21.85,-5681.00,4.00,1040.00,50.00,-6771.00,4,-4251.00,2080.00,100.00,-6431.00,
2025-02-25,TRADED,,2025-02-27,2025-02-24,2025-02-24T15:29:00+05:30,22548.85,2025-02-25T09:15:00+05:30,22516.45,-32.40,-0.14,LONG_STRADDLE,22500,NIFTY_22500_CE_27_FEB_25.csv,LONG,156.0,155.44,-0.56,-145.60,4.00,1040.00,50.00,-1235.60,NIFTY_22500_PE_27_FEB_25.csv,LONG,65.0,60.95,-4.05,-1053.00,4.00,1040.00,50.00,-2143.00,4,-1198.60,2080.00,100.00,-3378.60,
2025-02-27,TRADED,,2025-02-27,2025-02-25,2025-02-25T15:29:00+05:30,22526.3,2025-02-27T09:15:00+05:30,22568.95,42.65,0.19,SHORT_STRADDLE,22550,NIFTY_22550_CE_27_FEB_25.csv,SHORT,69.9,62.5,7.40,1924.00,4.00,1040.00,50.00,834.00,NIFTY_22550_PE_27_FEB_25.csv,SHORT,39.0,28.45,10.55,2743.00,4.00,1040.00,50.00,1653.00,4,4667.00,2080.00,100.00,2487.00,
2025-02-28,TRADED,,2025-03-06,2025-02-27,2025-02-27T15:29:00+05:30,22510.85,2025-02-28T09:15:00+05:30,22433.4,-77.45,-0.34,LONG_STRADDLE,22450,NIFTY_22450_CE_06_MAR_25.csv,LONG,184.2,138.3,-45.90,-11934.00,4.00,1040.00,50.00,-13024.00,NIFTY_22450_PE_06_MAR_25.csv,LONG,110.0,165.3,55.30,14378.00,4.00,1040.00,50.00,13288.00,4,2444.00,2080.00,100.00,264.00,
2025-03-03,TRADED,,2025-03-06,2025-02-28,2025-02-28T15:29:00+05:30,22127.4,2025-03-03T09:15:00+05:30,22194.55,67.15,0.30,SHORT_STRADDLE,22200,NIFTY_22200_CE_06_MAR_25.csv,SHORT,155.0,154.15,0.85,221.00,4.00,1040.00,50.00,-869.00,NIFTY_22200_PE_06_MAR_25.csv,SHORT,138.19,114.6,23.59,6133.40,4.00,1040.00,50.00,5043.40,4,6354.40,2080.00,100.00,4174.40,
2025-03-04,TRADED,,2025-03-06,2025-03-03,2025-03-03T15:29:00+05:30,22143.15,2025-03-04T09:15:00+05:30,21974.45,-168.70,-0.76,LONG_STRADDLE,21950,NIFTY_21950_CE_06_MAR_25.csv,LONG,149.94,145.35,-4.59,-1193.40,4.00,1040.00,50.00,-2283.40,NIFTY_21950_PE_06_MAR_25.csv,LONG,63.95,82.5,18.55,4823.00,4.00,1040.00,50.00,3733.00,4,3629.60,2080.00,100.00,1449.60,
2025-03-05,TRADED,,2025-03-06,2025-03-04,2025-03-04T15:29:00+05:30,22080.3,2025-03-05T09:15:00+05:30,22073.05,-7.25,-0.03,LONG_STRADDLE,22050,NIFTY_22050_CE_06_MAR_25.csv,LONG,95.0,125.35,30.35,7891.00,4.00,1040.00,50.00,6801.00,NIFTY_22050_PE_06_MAR_25.csv,LONG,80.0,60.4,-19.60,-5096.00,4.00,1040.00,50.00,-6186.00,4,2795.00,2080.00,100.00,615.00,
2025-03-06,TRADED,,2025-03-06,2025-03-05,2025-03-05T15:29:00+05:30,22346.65,2025-03-06T09:15:00+05:30,22476.35,129.70,0.58,SHORT_STRADDLE,22500,NIFTY_22500_CE_06_MAR_25.csv,SHORT,39.85,30.85,9.00,2340.00,4.00,1040.00,50.00,1250.00,NIFTY_22500_PE_06_MAR_25.csv,SHORT,91.75,95.35,-3.60,-936.00,4.00,1040.00,50.00,-2026.00,4,1404.00,2080.00,100.00,-776.00,
2025-03-07,TRADED,,2025-03-13,2025-03-06,2025-03-06T15:29:00+05:30,22529.2,2025-03-07T09:15:00+05:30,22508.65,-20.55,-0.09,LONG_STRADDLE,22500,NIFTY_22500_CE_13_MAR_25.csv,LONG,164.0,157.6,-6.40,-1664.00,4.00,1040.00,50.00,-2754.00,NIFTY_22500_PE_13_MAR_25.csv,LONG,148.0,152.75,4.75,1235.00,4.00,1040.00,50.00,145.00,4,-429.00,2080.00,100.00,-2609.00,
2025-03-10,TRADED,,2025-03-13,2025-03-07,2025-03-07T15:29:00+05:30,22536.95,2025-03-10T09:15:00+05:30,22521.85,-15.10,-0.07,LONG_STRADDLE,22500,NIFTY_22500_CE_13_MAR_25.csv,LONG,168.0,164.45,-3.55,-923.00,4.00,1040.00,50.00,-2013.00,NIFTY_22500_PE_13_MAR_25.csv,LONG,102.0,108.95,6.95,1807.00,4.00,1040.00,50.00,717.00,4,884.00,2080.00,100.00,-1296.00,
2025-03-11,TRADED,,2025-03-13,2025-03-10,2025-03-10T15:29:00+05:30,22441.1,2025-03-11T09:15:00+05:30,22345.95,-95.15,-0.42,LONG_STRADDLE,22350,NIFTY_22350_CE_13_MAR_25.csv,LONG,125.0,113.9,-11.10,-2886.00,4.00,1040.00,50.00,-3976.00,NIFTY_22350_PE_13_MAR_25.csv,LONG,92.1,120.75,28.65,7449.00,4.00,1040.00,50.00,6359.00,4,4563.00,2080.00,100.00,2383.00,
2025-03-12,TRADED,,2025-03-13,2025-03-11,2025-03-11T15:29:00+05:30,22520.5,2025-03-12T09:15:00+05:30,22536.35,15.85,0.07,SHORT_STRADDLE,22550,NIFTY_22550_CE_13_MAR_25.csv,SHORT,96.25,90.3,5.95,1547.00,4.00,1040.00,50.00,457.00,NIFTY_22550_PE_13_MAR_25.csv,SHORT,98.15,90.1,8.05,2093.00,4.00,1040.00,50.00,1003.00,4,3640.00,2080.00,100.00,1460.00,
2025-03-13,TRADED,,2025-03-13,2025-03-12,2025-03-12T15:29:00+05:30,22468.5,2025-03-13T09:15:00+05:30,22541.5,73.00,0.32,SHORT_STRADDLE,22550,NIFTY_22550_CE_13_MAR_25.csv,SHORT,40.2,29.05,11.15,2899.00,4.00,1040.00,50.00,1809.00,NIFTY_22550_PE_13_MAR_25.csv,SHORT,84.2,91.8,-7.60,-1976.00,4.00,1040.00,50.00,-3066.00,4,923.00,2080.00,100.00,-1257.00,
2025-03-17,TRADED,,2025-03-20,2025-03-13,2025-03-13T15:29:00+05:30,22383.3,2025-03-17T09:15:00+05:30,22353.15,-30.15,-0.13,LONG_STRADDLE,22350,NIFTY_22350_CE_20_MAR_25.csv,LONG,186.0,235.5,49.50,12870.00,4.00,1040.00,50.00,11780.00,NIFTY_22350_PE_20_MAR_25.csv,LONG,88.95,61.95,-27.00,-7020.00,4.00,1040.00,50.00,-8110.00,4,5850.00,2080.00,100.00,3670.00,
2025-03-18,TRADED,,2025-03-20,2025-03-17,2025-03-17T15:29:00+05:30,22515.25,2025-03-18T09:15:00+05:30,22662.25,147.00,0.65,SHORT_STRADDLE,22650,NIFTY_22650_CE_20_MAR_25.csv,SHORT,100.1,97.6,2.50,650.00,4.00,1040.00,50.00,-440.00,NIFTY_22650_PE_20_MAR_25.csv,SHORT,110.05,120.9,-10.85,-2821.00,4.00,1040.00,50.00,-3911.00,4,-2171.00,2080.00,100.00,-4351.00,
2025-03-19,TRADED,,2025-03-20,2025-03-18,2025-03-18T15:29:00+05:30,22848.75,2025-03-19T09:15:00+05:30,22874.95,26.20,0.11,SHORT_STRADDLE,22850,NIFTY_22850_CE_20_MAR_25.csv,SHORT,103.0,97.5,5.50,1430.00,4.00,1040.00,50.00,340.00,NIFTY_22850_PE_20_MAR_25.csv,SHORT,77.2,80.75,-3.55,-923.00,4.00,1040.00,50.00,-2013.00,4,507.00,2080.00,100.00,-1673.00,
2025-03-20,TRADED,,2025-03-20,2025-03-19,2025-03-19T15:29:00+05:30,22911.8,2025-03-20T09:15:00+05:30,23036.6,124.80,0.54,SHORT_STRADDLE,23050,NIFTY_23050_CE_20_MAR_25.csv,SHORT,44.95,40.2,4.75,1235.00,4.00,1040.00,50.00,145.00,NIFTY_23050_PE_20_MAR_25.csv,SHORT,80.0,93.45,-13.45,-3497.00,4.00,1040.00,50.00,-4587.00,4,-2262.00,2080.00,100.00,-4442.00,
2025-03-21,TRADED,,2025-03-27,2025-03-20,2025-03-20T15:29:00+05:30,23165.7,2025-03-21T09:15:00+05:30,23168.25,2.55,0.01,SHORT_STRADDLE,23150,NIFTY_23150_CE_27_MAR_25.csv,SHORT,144.69,157.35,-12.66,-3291.60,4.00,1040.00,50.00,-4381.60,NIFTY_23150_PE_27_MAR_25.csv,SHORT,118.05,116.65,1.40,364.00,4.00,1040.00,50.00,-726.00,4,-2927.60,2080.00,100.00,-5107.60,
2025-03-24,TRADED,,2025-03-27,2025-03-21,2025-03-21T15:29:00+05:30,23355.65,2025-03-24T09:15:00+05:30,23515.4,159.75,0.68,SHORT_STRADDLE,23500,NIFTY_23500_CE_27_MAR_25.csv,SHORT,90.0,118.3,-28.30,-7358.00,4.00,1040.00,50.00,-8448.00,NIFTY_23500_PE_27_MAR_25.csv,SHORT,122.0,129.1,-7.10,-1846.00,4.00,1040.00,50.00,-2936.00,4,-9204.00,2080.00,100.00,-11384.00,
2025-03-25,TRADED,,2025-03-27,2025-03-24,2025-03-24T15:29:00+05:30,23674.15,2025-03-25T09:15:00+05:30,23751.5,77.35,0.33,SHORT_STRADDLE,23750,NIFTY_23750_CE_27_MAR_25.csv,SHORT,125.65,151.55,-25.90,-6734.00,4.00,1040.00,50.00,-7824.00,NIFTY_23750_PE_27_MAR_25.csv,SHORT,140.0,124.4,15.60,4056.00,4.00,1040.00,50.00,2966.00,4,-2678.00,2080.00,100.00,-4858.00,
2025-03-26,TRADED,,2025-03-27,2025-03-25,2025-03-25T15:29:00+05:30,23605.95,2025-03-26T09:15:00+05:30,23700.95,95.00,0.40,SHORT_STRADDLE,23700,NIFTY_23700_CE_27_MAR_25.csv,SHORT,113.5,100.1,13.40,3484.00,4.00,1040.00,50.00,2394.00,NIFTY_23700_PE_27_MAR_25.csv,SHORT,109.0,107.75,1.25,325.00,4.00,1040.00,50.00,-765.00,4,3809.00,2080.00,100.00,1629.00,
2025-03-27,TRADED,,2025-03-27,2025-03-26,2025-03-26T15:29:00+05:30,23464.3,2025-03-27T09:15:00+05:30,23433.95,-30.35,-0.13,LONG_STRADDLE,23450,NIFTY_23450_CE_27_MAR_25.csv,LONG,93.35,69.9,-23.45,-6097.00,4.00,1040.00,50.00,-7187.00,NIFTY_23450_PE_27_MAR_25.csv,LONG,55.15,61.2,6.05,1573.00,4.00,1040.00,50.00,483.00,4,-4524.00,2080.00,100.00,-6704.00,
2025-03-28,TRADED,,2025-04-03,2025-03-27,2025-03-27T15:29:00+05:30,23601.05,2025-03-28T09:15:00+05:30,23600.4,-0.65,-0.00,LONG_STRADDLE,23600,NIFTY_23600_CE_03_APR_25.csv,LONG,209.6,195.0,-14.60,-3796.00,4.00,1040.00,50.00,-4886.00,NIFTY_23600_PE_03_APR_25.csv,LONG,118.0,132.9,14.90,3874.00,4.00,1040.00,50.00,2784.00,4,78.00,2080.00,100.00,-2102.00,
2025-04-01,TRADED,,2025-04-03,2025-03-28,2025-03-28T15:29:00+05:30,23495.15,2025-04-01T09:15:00+05:30,23341.1,-154.05,-0.66,LONG_STRADDLE,23350,NIFTY_23350_CE_03_APR_25.csv,LONG,139.0,168.1,29.10,7566.00,4.00,1040.00,50.00,6476.00,NIFTY_23350_PE_03_APR_25.csv,LONG,84.0,75.4,-8.60,-2236.00,4.00,1040.00,50.00,-3326.00,4,5330.00,2080.00,100.00,3150.00,
2025-04-02,TRADED,,2025-04-03,2025-04-01,2025-04-01T15:29:00+05:30,23179.7,2025-04-02T09:15:00+05:30,23192.6,12.90,0.06,SHORT_STRADDLE,23200,NIFTY_23200_CE_03_APR_25.csv,SHORT,110.75,108.15,2.60,676.00,4.00,1040.00,50.00,-414.00,NIFTY_23200_PE_03_APR_25.csv,SHORT,103.0,89.8,13.20,3432.00,4.00,1040.00,50.00,2342.00,4,4108.00,2080.00,100.00,1928.00,
2025-04-03,TRADED,,2025-04-03,2025-04-02,2025-04-02T15:29:00+05:30,23330.8,2025-04-03T09:15:00+05:30,23150.3,-180.50,-0.77,LONG_STRADDLE,23150,NIFTY_23150_CE_03_APR_25.csv,LONG,66.75,81.3,14.55,3783.00,4.00,1040.00,50.00,2693.00,NIFTY_23150_PE_03_APR_25.csv,LONG,80.0,54.15,-25.85,-6721.00,4.00,1040.00,50.00,-7811.00,4,-2938.00,2080.00,100.00,-5118.00,
2025-04-04,TRADED,,2025-04-09,2025-04-03,2025-04-03T15:29:00+05:30,23241.6,2025-04-04T09:15:00+05:30,23190.4,-51.20,-0.22,LONG_STRADDLE,23200,NIFTY_23200_CE_09_APR_25.csv,LONG,149.94,119.0,-30.94,-8044.40,4.00,1040.00,50.00,-9134.40,NIFTY_23200_PE_09_APR_25.csv,LONG,160.0,214.55,54.55,14183.00,4.00,1040.00,50.00,13093.00,4,6138.60,2080.00,100.00,3958.60,
2025-04-07,TRADED,,2025-04-09,2025-04-04,2025-04-04T15:29:00+05:30,22912.05,2025-04-07T09:15:00+05:30,21758.4,-1153.65,-5.04,LONG_STRADDLE,21750,NIFTY_21750_CE_09_APR_25.csv,LONG,375.9,708.15,332.25,86385.00,4.00,1040.00,50.00,85295.00,NIFTY_21750_PE_09_APR_25.csv,LONG,203.25,211.6,8.35,2171.00,4.00,1040.00,50.00,1081.00,4,88556.00,2080.00,100.00,86376.00,
2025-04-08,TRADED,,2025-04-09,2025-04-07,2025-04-07T15:29:00+05:30,22238.0,2025-04-08T09:15:00+05:30,22446.75,208.75,0.94,SHORT_STRADDLE,22450,NIFTY_22450_CE_09_APR_25.csv,SHORT,180.95,264.39,-83.44,-21694.40,4.00,1040.00,50.00,-22784.40,NIFTY_22450_PE_09_APR_25.csv,SHORT,210.0,151.55,58.45,15197.00,4.00,1040.00,50.00,14107.00,4,-6497.40,2080.00,100.00,-8677.40,
2025-04-09,TRADED,,2025-04-09,2025-04-08,2025-04-08T15:29:00+05:30,22547.2,2025-04-09T09:15:00+05:30,22460.3,-86.90,-0.39,LONG_STRADDLE,22450,NIFTY_22450_CE_09_APR_25.csv,LONG,200.0,121.9,-78.10,-20306.00,4.00,1040.00,50.00,-21396.00,NIFTY_22450_PE_09_APR_25.csv,LONG,121.55,177.25,55.70,14482.00,4.00,1040.00,50.00,13392.00,4,-5824.00,2080.00,100.00,-8004.00,
2025-04-11,TRADED,,2025-04-17,2025-04-09,2025-04-09T15:29:00+05:30,22420.4,2025-04-11T09:15:00+05:30,22695.4,275.00,1.23,SHORT_STRADDLE,22700,NIFTY_22700_CE_17_APR_25.csv,SHORT,294.8,293.55,1.25,325.00,4.00,1040.00,50.00,-765.00,NIFTY_22700_PE_17_APR_25.csv,SHORT,274.2,204.7,69.50,18070.00,4.00,1040.00,50.00,16980.00,4,18395.00,2080.00,100.00,16215.00,
2025-04-15,TRADED,,2025-04-17,2025-04-11,2025-04-11T15:29:00+05:30,22844.5,2025-04-15T09:15:00+05:30,23368.35,523.85,2.29,SHORT_STRADDLE,23350,NIFTY_23350_CE_17_APR_25.csv,SHORT,160.44,131.35,29.09,7563.40,4.00,1040.00,50.00,6473.40,NIFTY_23350_PE_17_APR_25.csv,SHORT,240.05,195.15,44.90,11674.00,4.00,1040.00,50.00,10584.00,4,19237.40,2080.00,100.00,17057.40,
2025-04-16,SKIPPED,flat_open,,2025-04-15,2025-04-15T15:29:00+05:30,23344.1,2025-04-16T09:15:00+05:30,23344.1,0.00,0.00,FLAT_OPEN,,,,,,0.00,0.00,0.00,0.00,0.00,0.00,,,,,0.00,0.00,0.00,0.00,0.00,0.00,0,0.00,0.00,0.00,0.00,Open matched previous close exactly.
2025-04-17,TRADED,,2025-04-17,2025-04-16,2025-04-16T15:29:00+05:30,23433.3,2025-04-17T09:15:00+05:30,23401.85,-31.45,-0.13,LONG_STRADDLE,23400,NIFTY_23400_CE_17_APR_25.csv,LONG,63.6,30.75,-32.85,-8541.00,4.00,1040.00,50.00,-9631.00,NIFTY_23400_PE_17_APR_25.csv,LONG,83.9,71.9,-12.00,-3120.00,4.00,1040.00,50.00,-4210.00,4,-11661.00,2080.00,100.00,-13841.00,
2025-04-21,TRADED,,2025-04-24,2025-04-17,2025-04-17T15:29:00+05:30,23837.75,2025-04-21T09:15:00+05:30,23949.15,111.40,0.47,SHORT_STRADDLE,23950,NIFTY_23950_CE_24_APR_25.csv,SHORT,150.4,167.85,-17.45,-4537.00,4.00,1040.00,50.00,-5627.00,NIFTY_23950_PE_24_APR_25.csv,SHORT,209.05,157.15,51.90,13494.00,4.00,1040.00,50.00,12404.00,4,8957.00,2080.00,100.00,6777.00,
2025-04-22,TRADED,,2025-04-24,2025-04-21,2025-04-21T15:29:00+05:30,24121.2,2025-04-22T09:15:00+05:30,24185.4,64.20,0.27,SHORT_STRADDLE,24200,NIFTY_24200_CE_24_APR_25.csv,SHORT,105.0,81.3,23.70,6162.00,4.00,1040.00,50.00,5072.00,NIFTY_24200_PE_24_APR_25.csv,SHORT,140.0,144.4,-4.40,-1144.00,4.00,1040.00,50.00,-2234.00,4,5018.00,2080.00,100.00,2838.00,
2025-04-23,TRADED,,2025-04-24,2025-04-22,2025-04-22T15:29:00+05:30,24134.05,2025-04-23T09:15:00+05:30,24357.6,223.55,0.93,SHORT_STRADDLE,24350,NIFTY_24350_CE_24_APR_25.csv,SHORT,71.95,57.0,14.95,3887.00,4.00,1040.00,50.00,2797.00,NIFTY_24350_PE_24_APR_25.csv,SHORT,125.0,125.05,-0.05,-13.00,4.00,1040.00,50.00,-1103.00,4,3874.00,2080.00,100.00,1694.00,
2025-04-24,TRADED,,2025-04-24,2025-04-23,2025-04-23T15:29:00+05:30,24300.85,2025-04-24T09:15:00+05:30,24277.9,-22.95,-0.09,LONG_STRADDLE,24300,NIFTY_24300_CE_24_APR_25.csv,LONG,49.8,30.65,-19.15,-4979.00,4.00,1040.00,50.00,-6069.00,NIFTY_24300_PE_24_APR_25.csv,LONG,60.95,65.0,4.05,1053.00,4.00,1040.00,50.00,-37.00,4,-3926.00,2080.00,100.00,-6106.00,
2025-04-25,TRADED,,2025-04-30,2025-04-24,2025-04-24T15:29:00+05:30,24245.05,2025-04-25T09:15:00+05:30,24289.0,43.95,0.18,SHORT_STRADDLE,24300,NIFTY_24300_CE_30_APR_25.csv,SHORT,196.0,219.55,-23.55,-6123.00,4.00,1040.00,50.00,-7213.00,NIFTY_24300_PE_30_APR_25.csv,SHORT,190.0,151.05,38.95,10127.00,4.00,1040.00,50.00,9037.00,4,4004.00,2080.00,100.00,1824.00,
2025-04-28,TRADED,,2025-04-30,2025-04-25,2025-04-25T15:29:00+05:30,23991.65,2025-04-28T09:15:00+05:30,24070.25,78.60,0.33,SHORT_STRADDLE,24050,NIFTY_24050_CE_30_APR_25.csv,SHORT,172.0,188.45,-16.45,-4277.00,4.00,1040.00,50.00,-5367.00,NIFTY_24050_PE_30_APR_25.csv,SHORT,178.2,114.0,64.20,16692.00,4.00,1040.00,50.00,15602.00,4,12415.00,2080.00,100.00,10235.00,
2025-04-29,TRADED,,2025-04-30,2025-04-28,2025-04-28T15:29:00+05:30,24312.9,2025-04-29T09:15:00+05:30,24370.7,57.80,0.24,SHORT_STRADDLE,24350,NIFTY_24350_CE_30_APR_25.csv,SHORT,104.0,130.25,-26.25,-6825.00,4.00,1040.00,50.00,-7915.00,NIFTY_24350_PE_30_APR_25.csv,SHORT,94.9,57.0,37.90,9854.00,4.00,1040.00,50.00,8764.00,4,3029.00,2080.00,100.00,849.00,
2025-04-30,TRADED,,2025-04-30,2025-04-29,2025-04-29T15:29:00+05:30,24325.45,2025-04-30T09:15:00+05:30,24342.05,16.60,0.07,SHORT_STRADDLE,24350,NIFTY_24350_CE_30_APR_25.csv,SHORT,38.35,16.7,21.65,5629.00,4.00,1040.00,50.00,4539.00,NIFTY_24350_PE_30_APR_25.csv,SHORT,69.0,101.55,-32.55,-8463.00,4.00,1040.00,50.00,-9553.00,4,-2834.00,2080.00,100.00,-5014.00,
2025-05-02,TRADED,,2025-05-08,2025-04-30,2025-04-30T15:29:00+05:30,24246.25,2025-05-02T09:15:00+05:30,24311.9,65.65,0.27,SHORT_STRADDLE,24300,NIFTY_24300_CE_08_MAY_25.csv,SHORT,284.64,300.2,-15.56,-4045.60,4.00,1040.00,50.00,-5135.60,NIFTY_24300_PE_08_MAY_25.csv,SHORT,234.0,150.0,84.00,21840.00,4.00,1040.00,50.00,20750.00,4,17794.40,2080.00,100.00,15614.40,
2025-05-05,TRADED,,2025-05-08,2025-05-02,2025-05-02T15:29:00+05:30,24313.65,2025-05-05T09:15:00+05:30,24419.5,105.85,0.44,SHORT_STRADDLE,24400,NIFTY_24400_CE_08_MAY_25.csv,SHORT,153.6,164.7,-11.10,-2886.00,4.00,1040.00,50.00,-3976.00,NIFTY_24400_PE_08_MAY_25.csv,SHORT,174.2,121.2,53.00,13780.00,4.00,1040.00,50.00,12690.00,4,10894.00,2080.00,100.00,8714.00,
2025-05-06,TRADED,,2025-05-08,2025-05-05,2025-05-05T15:29:00+05:30,24459.5,2025-05-06T09:15:00+05:30,24500.75,41.25,0.17,SHORT_STRADDLE,24500,NIFTY_24500_CE_08_MAY_25.csv,SHORT,85.05,75.84,9.21,2394.60,4.00,1040.00,50.00,1304.60,NIFTY_24500_PE_08_MAY_25.csv,SHORT,107.0,118.45,-11.45,-2977.00,4.00,1040.00,50.00,-4067.00,4,-582.40,2080.00,100.00,-2762.40,
2025-05-07,TRADED,,2025-05-08,2025-05-06,2025-05-06T15:29:00+05:30,24335.9,2025-05-07T09:15:00+05:30,24233.3,-102.60,-0.42,LONG_STRADDLE,24250,NIFTY_24250_CE_08_MAY_25.csv,LONG,88.2,155.44,67.24,17482.40,4.00,1040.00,50.00,16392.40,NIFTY_24250_PE_08_MAY_25.csv,LONG,70.09,73.25,3.16,821.60,4.00,1040.00,50.00,-268.40,4,18304.00,2080.00,100.00,16124.00,
2025-05-08,TRADED,,2025-05-08,2025-05-07,2025-05-07T15:29:00+05:30,24409.3,2025-05-08T09:15:00+05:30,24431.5,22.20,0.09,SHORT_STRADDLE,24450,NIFTY_24450_CE_08_MAY_25.csv,SHORT,28.6,25.1,3.50,910.00,4.00,1040.00,50.00,-180.00,NIFTY_24450_PE_08_MAY_25.csv,SHORT,94.4,56.65,37.75,9815.00,4.00,1040.00,50.00,8725.00,4,10725.00,2080.00,100.00,8545.00,
2025-05-09,TRADED,,2025-05-15,2025-05-08,2025-05-08T15:29:00+05:30,24154.1,2025-05-09T09:15:00+05:30,23935.75,-218.35,-0.90,LONG_STRADDLE,23950,NIFTY_23950_CE_15_MAY_25.csv,LONG,260.0,378.4,118.40,30784.00,4.00,1040.00,50.00,29694.00,NIFTY_23950_PE_15_MAY_25.csv,LONG,310.2,240.6,-69.60,-18096.00,4.00,1040.00,50.00,-19186.00,4,12688.00,2080.00,100.00,10508.00,
2025-05-12,TRADED,,2025-05-15,2025-05-09,2025-05-09T15:29:00+05:30,24038.65,2025-05-12T09:15:00+05:30,24420.1,381.45,1.59,SHORT_STRADDLE,24400,NIFTY_24400_CE_15_MAY_25.csv,SHORT,150.0,204.95,-54.95,-14287.00,4.00,1040.00,50.00,-15377.00,NIFTY_24400_PE_15_MAY_25.csv,SHORT,180.05,95.5,84.55,21983.00,4.00,1040.00,50.00,20893.00,4,7696.00,2080.00,100.00,5516.00,
2025-05-13,TRADED,,2025-05-15,2025-05-12,2025-05-12T15:29:00+05:30,24920.25,2025-05-13T09:15:00+05:30,24864.05,-56.20,-0.23,LONG_STRADDLE,24850,NIFTY_24850_CE_15_MAY_25.csv,LONG,204.55,245.9,41.35,10751.00,4.00,1040.00,50.00,9661.00,NIFTY_24850_PE_15_MAY_25.csv,LONG,174.85,145.15,-29.70,-7722.00,4.00,1040.00,50.00,-8812.00,4,3029.00,2080.00,100.00,849.00,
2025-05-14,TRADED,,2025-05-15,2025-05-13,2025-05-13T15:29:00+05:30,24593.65,2025-05-14T09:15:00+05:30,24613.8,20.15,0.08,SHORT_STRADDLE,24600,NIFTY_24600_CE_15_MAY_25.csv,SHORT,144.8,121.3,23.50,6110.00,4.00,1040.00,50.00,5020.00,NIFTY_24600_PE_15_MAY_25.csv,SHORT,152.19,129.6,22.59,5873.40,4.00,1040.00,50.00,4783.40,4,11983.40,2080.00,100.00,9803.40,
2025-05-15,TRADED,,2025-05-15,2025-05-14,2025-05-14T15:29:00+05:30,24685.75,2025-05-15T09:15:00+05:30,24694.45,8.70,0.04,SHORT_STRADDLE,24700,NIFTY_24700_CE_15_MAY_25.csv,SHORT,66.15,45.15,21.00,5460.00,4.00,1040.00,50.00,4370.00,NIFTY_24700_PE_15_MAY_25.csv,SHORT,104.95,110.6,-5.65,-1469.00,4.00,1040.00,50.00,-2559.00,4,3991.00,2080.00,100.00,1811.00,
2025-05-16,TRADED,,2025-05-22,2025-05-15,2025-05-15T15:29:00+05:30,25035.3,2025-05-16T09:15:00+05:30,25064.65,29.35,0.12,SHORT_STRADDLE,25050,NIFTY_25050_CE_22_MAY_25.csv,SHORT,194.05,192.5,1.55,403.00,4.00,1040.00,50.00,-687.00,NIFTY_25050_PE_22_MAY_25.csv,SHORT,200.3,206.2,-5.90,-1534.00,4.00,1040.00,50.00,-2624.00,4,-1131.00,2080.00,100.00,-3311.00,
2025-05-19,TRADED,,2025-05-22,2025-05-16,2025-05-16T15:29:00+05:30,25013.1,2025-05-19T09:15:00+05:30,25005.35,-7.75,-0.03,LONG_STRADDLE,25000,NIFTY_25000_CE_22_MAY_25.csv,LONG,201.3,161.44,-39.86,-10363.60,4.00,1040.00,50.00,-11453.60,NIFTY_25000_PE_22_MAY_25.csv,LONG,169.55,184.65,15.10,3926.00,4.00,1040.00,50.00,2836.00,4,-6437.60,2080.00,100.00,-8617.60,
2025-05-20,TRADED,,2025-05-22,2025-05-19,2025-05-19T15:29:00+05:30,24935.35,2025-05-20T09:15:00+05:30,24996.2,60.85,0.24,SHORT_STRADDLE,25000,NIFTY_25000_CE_22_MAY_25.csv,SHORT,135.69,135.9,-0.21,-54.60,4.00,1040.00,50.00,-1144.60,NIFTY_25000_PE_22_MAY_25.csv,SHORT,180.0,141.0,39.00,10140.00,4.00,1040.00,50.00,9050.00,4,10085.40,2080.00,100.00,7905.40,
2025-05-21,TRADED,,2025-05-22,2025-05-20,2025-05-20T15:29:00+05:30,24713.85,2025-05-21T09:15:00+05:30,24744.25,30.40,0.12,SHORT_STRADDLE,24750,NIFTY_24750_CE_22_MAY_25.csv,SHORT,115.0,103.4,11.60,3016.00,4.00,1040.00,50.00,1926.00,NIFTY_24750_PE_22_MAY_25.csv,SHORT,118.15,110.45,7.70,2002.00,4.00,1040.00,50.00,912.00,4,5018.00,2080.00,100.00,2838.00,
2025-05-22,TRADED,,2025-05-22,2025-05-21,2025-05-21T15:29:00+05:30,24800.95,2025-05-22T09:15:00+05:30,24733.95,-67.00,-0.27,LONG_STRADDLE,24750,NIFTY_24750_CE_22_MAY_25.csv,LONG,115.0,78.09,-36.91,-9596.60,4.00,1040.00,50.00,-10686.60,NIFTY_24750_PE_22_MAY_25.csv,LONG,113.85,134.6,20.75,5395.00,4.00,1040.00,50.00,4305.00,4,-4201.60,2080.00,100.00,-6381.60,
2025-05-23,TRADED,,2025-05-29,2025-05-22,2025-05-22T15:29:00+05:30,24637.0,2025-05-23T09:15:00+05:30,24639.5,2.50,0.01,SHORT_STRADDLE,24650,NIFTY_24650_CE_29_MAY_25.csv,SHORT,209.9,208.95,0.95,247.00,4.00,1040.00,50.00,-843.00,NIFTY_24650_PE_29_MAY_25.csv,SHORT,191.1,181.6,9.50,2470.00,4.00,1040.00,50.00,1380.00,4,2717.00,2080.00,100.00,537.00,
2025-05-26,TRADED,,2025-05-29,2025-05-23,2025-05-23T15:29:00+05:30,24845.15,2025-05-26T09:15:00+05:30,24919.35,74.20,0.30,SHORT_STRADDLE,24900,NIFTY_24900_CE_29_MAY_25.csv,SHORT,202.0,266.39,-64.39,-16741.40,4.00,1040.00,50.00,-17831.40,NIFTY_24900_PE_29_MAY_25.csv,SHORT,187.9,147.1,40.80,10608.00,4.00,1040.00,50.00,9518.00,4,-6133.40,2080.00,100.00,-8313.40,
2025-05-27,TRADED,,2025-05-29,2025-05-26,2025-05-26T15:29:00+05:30,24996.35,2025-05-27T09:15:00+05:30,24956.65,-39.70,-0.16,LONG_STRADDLE,24950,NIFTY_24950_CE_29_MAY_25.csv,LONG,249.6,216.6,-33.00,-8580.00,4.00,1040.00,50.00,-9670.00,NIFTY_24950_PE_29_MAY_25.csv,LONG,174.3,213.35,39.05,10153.00,4.00,1040.00,50.00,9063.00,4,1573.00,2080.00,100.00,-607.00,
2025-05-28,TRADED,,2025-05-29,2025-05-27,2025-05-27T15:29:00+05:30,24837.7,2025-05-28T09:15:00+05:30,24832.5,-5.20,-0.02,LONG_STRADDLE,24850,NIFTY_24850_CE_29_MAY_25.csv,LONG,191.85,183.45,-8.40,-2184.00,4.00,1040.00,50.00,-3274.00,NIFTY_24850_PE_29_MAY_25.csv,LONG,190.0,213.45,23.45,6097.00,4.00,1040.00,50.00,5007.00,4,3913.00,2080.00,100.00,1733.00,
2025-05-29,TRADED,,2025-05-29,2025-05-28,2025-05-28T15:29:00+05:30,24757.15,2025-05-29T09:15:00+05:30,24825.1,67.95,0.27,SHORT_STRADDLE,24850,NIFTY_24850_CE_29_MAY_25.csv,SHORT,75.0,117.25,-42.25,-10985.00,4.00,1040.00,50.00,-12075.00,NIFTY_24850_PE_29_MAY_25.csv,SHORT,150.0,65.25,84.75,22035.00,4.00,1040.00,50.00,20945.00,4,11050.00,2080.00,100.00,8870.00,
2025-05-30,TRADED,,2025-06-05,2025-05-29,2025-05-29T15:29:00+05:30,24880.85,2025-05-30T09:15:00+05:30,24812.6,-68.25,-0.27,LONG_STRADDLE,24800,NIFTY_24800_CE_05_JUN_25.csv,LONG,243.55,220.3,-23.25,-6045.00,4.00,1040.00,50.00,-7135.00,NIFTY_24800_PE_05_JUN_25.csv,LONG,182.0,180.8,-1.20,-312.00,4.00,1040.00,50.00,-1402.00,4,-6357.00,2080.00,100.00,-8537.00,
2025-06-02,TRADED,,2025-06-05,2025-05-30,2025-05-30T15:29:00+05:30,24736.65,2025-06-02T09:15:00+05:30,24669.7,-66.95,-0.27,LONG_STRADDLE,24650,NIFTY_24650_CE_05_JUN_25.csv,LONG,274.0,193.95,-80.05,-20813.00,4.00,1040.00,50.00,-21903.00,NIFTY_24650_PE_05_JUN_25.csv,LONG,147.25,241.95,94.70,24622.00,4.00,1040.00,50.00,23532.00,4,3809.00,2080.00,100.00,1629.00,
2025-06-03,TRADED,,2025-06-05,2025-06-02,2025-06-02T15:29:00+05:30,24690.35,2025-06-03T09:15:00+05:30,24786.3,95.95,0.39,SHORT_STRADDLE,24800,NIFTY_24800_CE_05_JUN_25.csv,SHORT,202.2,212.75,-10.55,-2743.00,4.00,1040.00,50.00,-3833.00,NIFTY_24800_PE_05_JUN_25.csv,SHORT,221.0,192.2,28.80,7488.00,4.00,1040.00,50.00,6398.00,4,4745.00,2080.00,100.00,2565.00,
2025-06-04,TRADED,,2025-06-05,2025-06-03,2025-06-03T15:29:00+05:30,24538.4,2025-06-04T09:15:00+05:30,24560.45,22.05,0.09,SHORT_STRADDLE,24550,NIFTY_24550_CE_05_JUN_25.csv,SHORT,160.0,156.75,3.25,845.00,4.00,1040.00,50.00,-245.00,NIFTY_24550_PE_05_JUN_25.csv,SHORT,127.4,108.9,18.50,4810.00,4.00,1040.00,50.00,3720.00,4,5655.00,2080.00,100.00,3475.00,
2025-06-05,TRADED,,2025-06-05,2025-06-04,2025-06-04T15:29:00+05:30,24612.0,2025-06-05T09:15:00+05:30,24691.2,79.20,0.32,SHORT_STRADDLE,24700,NIFTY_24700_CE_05_JUN_25.csv,SHORT,59.9,36.4,23.50,6110.00,4.00,1040.00,50.00,5020.00,NIFTY_24700_PE_05_JUN_25.csv,SHORT,104.9,89.7,15.20,3952.00,4.00,1040.00,50.00,2862.00,4,10062.00,2080.00,100.00,7882.00,
2025-06-06,TRADED,,2025-06-12,2025-06-05,2025-06-05T15:29:00+05:30,24761.1,2025-06-06T09:15:00+05:30,24748.7,-12.40,-0.05,LONG_STRADDLE,24750,NIFTY_24750_CE_12_JUN_25.csv,LONG,140.0,188.15,48.15,12519.00,4.00,1040.00,50.00,11429.00,NIFTY_24750_PE_12_JUN_25.csv,LONG,143.0,182.75,39.75,10335.00,4.00,1040.00,50.00,9245.00,4,22854.00,2080.00,100.00,20674.00,
2025-06-09,TRADED,,2025-06-12,2025-06-06,2025-06-06T15:29:00+05:30,25000.3,2025-06-09T09:15:00+05:30,25160.1,159.80,0.64,SHORT_STRADDLE,25150,NIFTY_25150_CE_12_JUN_25.csv,SHORT,143.95,141.5,2.45,637.00,4.00,1040.00,50.00,-453.00,NIFTY_25150_PE_12_JUN_25.csv,SHORT,147.0,176.2,-29.20,-7592.00,4.00,1040.00,50.00,-8682.00,4,-6955.00,2080.00,100.00,-9135.00,
2025-06-10,TRADED,,2025-06-12,2025-06-09,2025-06-09T15:29:00+05:30,25103.1,2025-06-10T09:15:00+05:30,25196.05,92.95,0.37,SHORT_STRADDLE,25200,NIFTY_25200_CE_12_JUN_25.csv,SHORT,100.25,98.8,1.45,377.00,4.00,1040.00,50.00,-713.00,NIFTY_25200_PE_12_JUN_25.csv,SHORT,151.0,151.35,-0.35,-91.00,4.00,1040.00,50.00,-1181.00,4,286.00,2080.00,100.00,-1894.00,
2025-06-11,TRADED,,2025-06-12,2025-06-10,2025-06-10T15:29:00+05:30,25091.5,2025-06-11T09:15:00+05:30,25134.15,42.65,0.17,SHORT_STRADDLE,25150,NIFTY_25150_CE_12_JUN_25.csv,SHORT,63.8,51.7,12.10,3146.00,4.00,1040.00,50.00,2056.00,NIFTY_25150_PE_12_JUN_25.csv,SHORT,136.05,113.3,22.75,5915.00,4.00,1040.00,50.00,4825.00,4,9061.00,2080.00,100.00,6881.00,
2025-06-12,TRADED,,2025-06-12,2025-06-11,2025-06-11T15:29:00+05:30,25126.8,2025-06-12T09:15:00+05:30,25164.45,37.65,0.15,SHORT_STRADDLE,25150,NIFTY_25150_CE_12_JUN_25.csv,SHORT,59.0,45.05,13.95,3627.00,4.00,1040.00,50.00,2537.00,NIFTY_25150_PE_12_JUN_25.csv,SHORT,84.9,78.5,6.40,1664.00,4.00,1040.00,50.00,574.00,4,5291.00,2080.00,100.00,3111.00,
2025-06-13,TRADED,,2025-06-19,2025-06-12,2025-06-12T15:29:00+05:30,24856.0,2025-06-13T09:15:00+05:30,24473.0,-383.00,-1.54,LONG_STRADDLE,24450,NIFTY_24450_CE_19_JUN_25.csv,LONG,281.05,279.8,-1.25,-325.00,4.00,1040.00,50.00,-1415.00,NIFTY_24450_PE_19_JUN_25.csv,LONG,126.3,166.95,40.65,10569.00,4.00,1040.00,50.00,9479.00,4,10244.00,2080.00,100.00,8064.00,
2025-06-16,TRADED,,2025-06-19,2025-06-13,2025-06-13T15:29:00+05:30,24735.55,2025-06-16T09:15:00+05:30,24732.35,-3.20,-0.01,LONG_STRADDLE,24750,NIFTY_24750_CE_19_JUN_25.csv,LONG,159.55,160.1,0.55,143.00,4.00,1040.00,50.00,-947.00,NIFTY_24750_PE_19_JUN_25.csv,LONG,177.05,140.7,-36.35,-9451.00,4.00,1040.00,50.00,-10541.00,4,-9308.00,2080.00,100.00,-11488.00,
2025-06-17,TRADED,,2025-06-19,2025-06-16,2025-06-16T15:29:00+05:30,24940.95,2025-06-17T09:15:00+05:30,24977.85,36.90,0.15,SHORT_STRADDLE,25000,NIFTY_25000_CE_19_JUN_25.csv,SHORT,114.0,89.8,24.20,6292.00,4.00,1040.00,50.00,5202.00,NIFTY_25000_PE_19_JUN_25.csv,SHORT,151.6,164.6,-13.00,-3380.00,4.00,1040.00,50.00,-4470.00,4,2912.00,2080.00,100.00,732.00,
2025-06-18,TRADED,,2025-06-19,2025-06-17,2025-06-17T15:29:00+05:30,24841.5,2025-06-18T09:15:00+05:30,24788.35,-53.15,-0.21,LONG_STRADDLE,24800,NIFTY_24800_CE_19_JUN_25.csv,LONG,123.0,96.1,-26.90,-6994.00,4.00,1040.00,50.00,-8084.00,NIFTY_24800_PE_19_JUN_25.csv,LONG,111.0,95.4,-15.60,-4056.00,4.00,1040.00,50.00,-5146.00,4,-11050.00,2080.00,100.00,-13230.00,
2025-06-19,TRADED,,2025-06-19,2025-06-18,2025-06-18T15:29:00+05:30,24798.75,2025-06-19T09:15:00+05:30,24803.25,4.50,0.02,SHORT_STRADDLE,24800,NIFTY_24800_CE_19_JUN_25.csv,SHORT,55.0,42.3,12.70,3302.00,4.00,1040.00,50.00,2212.00,NIFTY_24800_PE_19_JUN_25.csv,SHORT,60.0,70.25,-10.25,-2665.00,4.00,1040.00,50.00,-3755.00,4,637.00,2080.00,100.00,-1543.00,
2025-06-20,TRADED,,2025-06-26,2025-06-19,2025-06-19T15:29:00+05:30,24744.7,2025-06-20T09:15:00+05:30,24787.65,42.95,0.17,SHORT_STRADDLE,24800,NIFTY_24800_CE_26_JUN_25.csv,SHORT,178.0,219.45,-41.45,-10777.00,4.00,1040.00,50.00,-11867.00,NIFTY_24800_PE_26_JUN_25.csv,SHORT,188.0,135.1,52.90,13754.00,4.00,1040.00,50.00,12664.00,4,2977.00,2080.00,100.00,797.00,
2025-06-23,TRADED,,2025-06-26,2025-06-20,2025-06-20T15:29:00+05:30,25079.75,2025-06-23T09:15:00+05:30,24939.75,-140.00,-0.56,LONG_STRADDLE,24950,NIFTY_24950_CE_26_JUN_25.csv,LONG,180.0,168.0,-12.00,-3120.00,4.00,1040.00,50.00,-4210.00,NIFTY_24950_PE_26_JUN_25.csv,LONG,135.0,132.4,-2.60,-676.00,4.00,1040.00,50.00,-1766.00,4,-3796.00,2080.00,100.00,-5976.00,
2025-06-24,TRADED,,2025-06-26,2025-06-23,2025-06-23T15:29:00+05:30,24958.9,2025-06-24T09:15:00+05:30,25179.9,221.00,0.89,SHORT_STRADDLE,25200,NIFTY_25200_CE_26_JUN_25.csv,SHORT,101.05,142.1,-41.05,-10673.00,4.00,1040.00,50.00,-11763.00,NIFTY_25200_PE_26_JUN_25.csv,SHORT,130.0,99.3,30.70,7982.00,4.00,1040.00,50.00,6892.00,4,-2691.00,2080.00,100.00,-4871.00,
2025-06-25,TRADED,,2025-06-26,2025-06-24,2025-06-24T15:29:00+05:30,25071.55,2025-06-25T09:15:00+05:30,25150.35,78.80,0.31,SHORT_STRADDLE,25150,NIFTY_25150_CE_26_JUN_25.csv,SHORT,98.8,90.65,8.15,2119.00,4.00,1040.00,50.00,1029.00,NIFTY_25150_PE_26_JUN_25.csv,SHORT,110.0,91.55,18.45,4797.00,4.00,1040.00,50.00,3707.00,4,6916.00,2080.00,100.00,4736.00,
2025-06-26,TRADED,,2025-06-26,2025-06-25,2025-06-25T15:29:00+05:30,25236.35,2025-06-26T09:15:00+05:30,25268.95,32.60,0.13,SHORT_STRADDLE,25250,NIFTY_25250_CE_26_JUN_25.csv,SHORT,70.0,77.75,-7.75,-2015.00,4.00,1040.00,50.00,-3105.00,NIFTY_25250_PE_26_JUN_25.csv,SHORT,58.0,35.05,22.95,5967.00,4.00,1040.00,50.00,4877.00,4,3952.00,2080.00,100.00,1772.00,
2025-06-27,TRADED,,2025-07-03,2025-06-26,2025-06-26T15:29:00+05:30,25530.4,2025-06-27T09:15:00+05:30,25576.65,46.25,0.18,SHORT_STRADDLE,25600,NIFTY_25600_CE_03_JUL_25.csv,SHORT,144.0,184.8,-40.80,-10608.00,4.00,1040.00,50.00,-11698.00,NIFTY_25600_PE_03_JUL_25.csv,SHORT,193.0,147.4,45.60,11856.00,4.00,1040.00,50.00,10766.00,4,1248.00,2080.00,100.00,-932.00,
2025-06-30,TRADED,,2025-07-03,2025-06-27,2025-06-27T15:29:00+05:30,25632.45,2025-06-30T09:15:00+05:30,25661.65,29.20,0.11,SHORT_STRADDLE,25650,NIFTY_25650_CE_03_JUL_25.csv,SHORT,142.0,134.9,7.10,1846.00,4.00,1040.00,50.00,756.00,NIFTY_25650_PE_03_JUL_25.csv,SHORT,120.0,124.1,-4.10,-1066.00,4.00,1040.00,50.00,-2156.00,4,780.00,2080.00,100.00,-1400.00,
2025-07-01,TRADED,,2025-07-03,2025-06-30,2025-06-30T15:29:00+05:30,25507.45,2025-07-01T09:15:00+05:30,25551.35,43.90,0.17,SHORT_STRADDLE,25550,NIFTY_25550_CE_03_JUL_25.csv,SHORT,119.6,106.35,13.25,3445.00,4.00,1040.00,50.00,2355.00,NIFTY_25550_PE_03_JUL_25.csv,SHORT,130.2,138.5,-8.30,-2158.00,4.00,1040.00,50.00,-3248.00,4,1287.00,2080.00,100.00,-893.00,
2025-07-02,TRADED,,2025-07-03,2025-07-01,2025-07-01T15:29:00+05:30,25533.0,2025-07-02T09:15:00+05:30,25588.3,55.30,0.22,SHORT_STRADDLE,25600,NIFTY_25600_CE_03_JUL_25.csv,SHORT,80.0,74.9,5.10,1326.00,4.00,1040.00,50.00,236.00,NIFTY_25600_PE_03_JUL_25.csv,SHORT,89.5,88.7,0.80,208.00,4.00,1040.00,50.00,-882.00,4,1534.00,2080.00,100.00,-646.00,
2025-07-03,TRADED,,2025-07-03,2025-07-02,2025-07-02T15:29:00+05:30,25442.85,2025-07-03T09:15:00+05:30,25505.1,62.25,0.24,SHORT_STRADDLE,25500,NIFTY_25500_CE_03_JUL_25.csv,SHORT,54.0,43.45,10.55,2743.00,4.00,1040.00,50.00,1653.00,NIFTY_25500_PE_03_JUL_25.csv,SHORT,69.0,69.25,-0.25,-65.00,4.00,1040.00,50.00,-1155.00,4,2678.00,2080.00,100.00,498.00,
2025-07-04,TRADED,,2025-07-10,2025-07-03,2025-07-03T15:29:00+05:30,25397.4,2025-07-04T09:15:00+05:30,25428.85,31.45,0.12,SHORT_STRADDLE,25450,NIFTY_25450_CE_10_JUL_25.csv,SHORT,160.0,152.3,7.70,2002.00,4.00,1040.00,50.00,912.00,NIFTY_25450_PE_10_JUL_25.csv,SHORT,160.65,158.6,2.05,533.00,4.00,1040.00,50.00,-557.00,4,2535.00,2080.00,100.00,355.00,
2025-07-07,TRADED,,2025-07-10,2025-07-04,2025-07-04T15:29:00+05:30,25467.8,2025-07-07T09:15:00+05:30,25450.45,-17.35,-0.07,LONG_STRADDLE,25450,NIFTY_25450_CE_10_JUL_25.csv,LONG,150.5,110.75,-39.75,-10335.00,4.00,1040.00,50.00,-11425.00,NIFTY_25450_PE_10_JUL_25.csv,LONG,127.15,141.35,14.20,3692.00,4.00,1040.00,50.00,2602.00,4,-6643.00,2080.00,100.00,-8823.00,
2025-07-08,TRADED,,2025-07-10,2025-07-07,2025-07-07T15:29:00+05:30,25454.95,2025-07-08T09:15:00+05:30,25427.85,-27.10,-0.11,LONG_STRADDLE,25450,NIFTY_25450_CE_10_JUL_25.csv,LONG,112.8,111.6,-1.20,-312.00,4.00,1040.00,50.00,-1402.00,NIFTY_25450_PE_10_JUL_25.csv,LONG,120.0,106.95,-13.05,-3393.00,4.00,1040.00,50.00,-4483.00,4,-3705.00,2080.00,100.00,-5885.00,
2025-07-09,TRADED,,2025-07-10,2025-07-08,2025-07-08T15:29:00+05:30,25523.1,2025-07-09T09:15:00+05:30,25514.6,-8.50,-0.03,LONG_STRADDLE,25500,NIFTY_25500_CE_10_JUL_25.csv,LONG,111.0,87.3,-23.70,-6162.00,4.00,1040.00,50.00,-7252.00,NIFTY_25500_PE_10_JUL_25.csv,LONG,63.9,65.85,1.95,507.00,4.00,1040.00,50.00,-583.00,4,-5655.00,2080.00,100.00,-7835.00,
2025-07-10,TRADED,,2025-07-10,2025-07-09,2025-07-09T15:29:00+05:30,25464.65,2025-07-10T09:15:00+05:30,25511.65,47.00,0.18,SHORT_STRADDLE,25500,NIFTY_25500_CE_10_JUL_25.csv,SHORT,54.9,42.9,12.00,3120.00,4.00,1040.00,50.00,2030.00,NIFTY_25500_PE_10_JUL_25.csv,SHORT,62.8,54.55,8.25,2145.00,4.00,1040.00,50.00,1055.00,4,5265.00,2080.00,100.00,3085.00,
2025-07-11,TRADED,,2025-07-17,2025-07-10,2025-07-10T15:29:00+05:30,25348.15,2025-07-11T09:15:00+05:30,25255.5,-92.65,-0.37,LONG_STRADDLE,25250,NIFTY_25250_CE_17_JUL_25.csv,LONG,174.15,150.6,-23.55,-6123.00,4.00,1040.00,50.00,-7213.00,NIFTY_25250_PE_17_JUL_25.csv,LONG,103.0,115.15,12.15,3159.00,4.00,1040.00,50.00,2069.00,4,-2964.00,2080.00,100.00,-5144.00,
2025-07-14,TRADED,,2025-07-17,2025-07-11,2025-07-11T15:29:00+05:30,25140.55,2025-07-14T09:15:00+05:30,25149.5,8.95,0.04,SHORT_STRADDLE,25150,NIFTY_25150_CE_17_JUL_25.csv,SHORT,130.0,106.55,23.45,6097.00,4.00,1040.00,50.00,5007.00,NIFTY_25150_PE_17_JUL_25.csv,SHORT,114.75,123.65,-8.90,-2314.00,4.00,1040.00,50.00,-3404.00,4,3783.00,2080.00,100.00,1603.00,
2025-07-15,TRADED,,2025-07-17,2025-07-14,2025-07-14T15:29:00+05:30,25087.1,2025-07-15T09:15:00+05:30,25089.5,2.40,0.01,SHORT_STRADDLE,25100,NIFTY_25100_CE_17_JUL_25.csv,SHORT,119.7,131.9,-12.20,-3172.00,4.00,1040.00,50.00,-4262.00,NIFTY_25100_PE_17_JUL_25.csv,SHORT,80.0,64.7,15.30,3978.00,4.00,1040.00,50.00,2888.00,4,806.00,2080.00,100.00,-1374.00,
2025-07-16,TRADED,,2025-07-17,2025-07-15,2025-07-15T15:29:00+05:30,25219.65,2025-07-16T09:15:00+05:30,25196.6,-23.05,-0.09,LONG_STRADDLE,25200,NIFTY_25200_CE_17_JUL_25.csv,LONG,57.95,55.6,-2.35,-611.00,4.00,1040.00,50.00,-1701.00,NIFTY_25200_PE_17_JUL_25.csv,LONG,65.0,73.4,8.40,2184.00,4.00,1040.00,50.00,1094.00,4,1573.00,2080.00,100.00,-607.00,
2025-07-17,TRADED,,2025-07-17,2025-07-16,2025-07-16T15:29:00+05:30,25198.55,2025-07-17T09:15:00+05:30,25230.75,32.20,0.13,SHORT_STRADDLE,25250,NIFTY_25250_CE_17_JUL_25.csv,SHORT,34.05,31.55,2.50,650.00,4.00,1040.00,50.00,-440.00,NIFTY_25250_PE_17_JUL_25.csv,SHORT,62.0,56.2,5.80,1508.00,4.00,1040.00,50.00,418.00,4,2158.00,2080.00,100.00,-22.00,
2025-07-18,TRADED,,2025-07-24,2025-07-17,2025-07-17T15:29:00+05:30,25109.5,2025-07-18T09:15:00+05:30,25108.55,-0.95,-0.00,LONG_STRADDLE,25100,NIFTY_25100_CE_24_JUL_25.csv,LONG,162.2,148.3,-13.90,-3614.00,4.00,1040.00,50.00,-4704.00,NIFTY_25100_PE_24_JUL_25.csv,LONG,109.0,106.0,-3.00,-780.00,4.00,1040.00,50.00,-1870.00,4,-4394.00,2080.00,100.00,-6574.00,
2025-07-21,TRADED,,2025-07-24,2025-07-18,2025-07-18T15:29:00+05:30,24967.45,2025-07-21T09:15:00+05:30,24999.0,31.55,0.13,SHORT_STRADDLE,25000,NIFTY_25000_CE_24_JUL_25.csv,SHORT,136.2,101.7,34.50,8970.00,4.00,1040.00,50.00,7880.00,NIFTY_25000_PE_24_JUL_25.csv,SHORT,120.0,125.8,-5.80,-1508.00,4.00,1040.00,50.00,-2598.00,4,7462.00,2080.00,100.00,5282.00,
2025-07-22,TRADED,,2025-07-24,2025-07-21,2025-07-21T15:29:00+05:30,25093.3,2025-07-22T09:15:00+05:30,25166.65,73.35,0.29,SHORT_STRADDLE,25150,NIFTY_25150_CE_24_JUL_25.csv,SHORT,84.4,93.5,-9.10,-2366.00,4.00,1040.00,50.00,-3456.00,NIFTY_25150_PE_24_JUL_25.csv,SHORT,85.0,75.6,9.40,2444.00,4.00,1040.00,50.00,1354.00,4,78.00,2080.00,100.00,-2102.00,
2025-07-23,TRADED,,2025-07-24,2025-07-22,2025-07-22T15:29:00+05:30,25064.9,2025-07-23T09:15:00+05:30,25139.35,74.45,0.30,SHORT_STRADDLE,25150,NIFTY_25150_CE_24_JUL_25.csv,SHORT,53.3,54.15,-0.85,-221.00,4.00,1040.00,50.00,-1311.00,NIFTY_25150_PE_24_JUL_25.csv,SHORT,78.2,69.3,8.90,2314.00,4.00,1040.00,50.00,1224.00,4,2093.00,2080.00,100.00,-87.00,
2025-07-24,TRADED,,2025-07-24,2025-07-23,2025-07-23T15:29:00+05:30,25209.2,2025-07-24T09:15:00+05:30,25243.3,34.10,0.14,SHORT_STRADDLE,25250,NIFTY_25250_CE_24_JUL_25.csv,SHORT,39.8,28.55,11.25,2925.00,4.00,1040.00,50.00,1835.00,NIFTY_25250_PE_24_JUL_25.csv,SHORT,52.0,55.7,-3.70,-962.00,4.00,1040.00,50.00,-2052.00,4,1963.00,2080.00,100.00,-217.00,
2025-07-25,TRADED,,2025-07-31,2025-07-24,2025-07-24T15:29:00+05:30,25051.9,2025-07-25T09:15:00+05:30,24994.85,-57.05,-0.23,LONG_STRADDLE,25000,NIFTY_25000_CE_31_JUL_25.csv,LONG,148.2,109.25,-38.95,-10127.00,4.00,1040.00,50.00,-11217.00,NIFTY_25000_PE_31_JUL_25.csv,LONG,97.0,137.55,40.55,10543.00,4.00,1040.00,50.00,9453.00,4,416.00,2080.00,100.00,-1764.00,
2025-07-28,TRADED,,2025-07-31,2025-07-25,2025-07-25T15:29:00+05:30,24832.2,2025-07-28T09:15:00+05:30,24782.45,-49.75,-0.20,LONG_STRADDLE,24800,NIFTY_24800_CE_31_JUL_25.csv,LONG,126.0,101.6,-24.40,-6344.00,4.00,1040.00,50.00,-7434.00,NIFTY_24800_PE_31_JUL_25.csv,LONG,98.45,133.8,35.35,9191.00,4.00,1040.00,50.00,8101.00,4,2847.00,2080.00,100.00,667.00,
2025-07-29,TRADED,,2025-07-31,2025-07-28,2025-07-28T15:29:00+05:30,24673.95,2025-07-29T09:15:00+05:30,24614.2,-59.75,-0.24,LONG_STRADDLE,24600,NIFTY_24600_CE_31_JUL_25.csv,LONG,141.0,140.05,-0.95,-247.00,4.00,1040.00,50.00,-1337.00,NIFTY_24600_PE_31_JUL_25.csv,LONG,75.0,75.55,0.55,143.00,4.00,1040.00,50.00,-947.00,4,-104.00,2080.00,100.00,-2284.00,
2025-07-30,TRADED,,2025-07-31,2025-07-29,2025-07-29T15:29:00+05:30,24830.4,2025-07-30T09:15:00+05:30,24890.4,60.00,0.24,SHORT_STRADDLE,24900,NIFTY_24900_CE_31_JUL_25.csv,SHORT,52.35,43.4,8.95,2327.00,4.00,1040.00,50.00,1237.00,NIFTY_24900_PE_31_JUL_25.csv,SHORT,65.0,121.4,-56.40,-14664.00,4.00,1040.00,50.00,-15754.00,4,-12337.00,2080.00,100.00,-14517.00,
2025-07-31,TRADED,,2025-07-31,2025-07-30,2025-07-30T15:29:00+05:30,24844.55,2025-07-31T09:15:00+05:30,24642.25,-202.30,-0.81,LONG_STRADDLE,24650,NIFTY_24650_CE_31_JUL_25.csv,LONG,107.7,87.5,-20.20,-5252.00,4.00,1040.00,50.00,-6342.00,NIFTY_24650_PE_31_JUL_25.csv,LONG,51.95,53.15,1.20,312.00,4.00,1040.00,50.00,-778.00,4,-4940.00,2080.00,100.00,-7120.00,
2025-08-01,TRADED,,2025-08-07,2025-07-31,2025-07-31T15:29:00+05:30,24765.6,2025-08-01T09:15:00+05:30,24734.9,-30.70,-0.12,LONG_STRADDLE,24750,NIFTY_24750_CE_07_AUG_25.csv,LONG,162.65,133.6,-29.05,-7553.00,4.00,1040.00,50.00,-8643.00,NIFTY_24750_PE_07_AUG_25.csv,LONG,150.0,164.05,14.05,3653.00,4.00,1040.00,50.00,2563.00,4,-3900.00,2080.00,100.00,-6080.00,
2025-08-04,TRADED,,2025-08-07,2025-08-01,2025-08-01T15:29:00+05:30,24572.15,2025-08-04T09:15:00+05:30,24596.05,23.90,0.10,SHORT_STRADDLE,24600,NIFTY_24600_CE_07_AUG_25.csv,SHORT,140.15,151.2,-11.05,-2873.00,4.00,1040.00,50.00,-3963.00,NIFTY_24600_PE_07_AUG_25.csv,SHORT,151.2,124.05,27.15,7059.00,4.00,1040.00,50.00,5969.00,4,4186.00,2080.00,100.00,2006.00,
2025-08-05,TRADED,,2025-08-07,2025-08-04,2025-08-04T15:29:00+05:30,24726.9,2025-08-05T09:15:00+05:30,24720.25,-6.65,-0.03,LONG_STRADDLE,24700,NIFTY_24700_CE_07_AUG_25.csv,LONG,131.1,114.25,-16.85,-4381.00,4.00,1040.00,50.00,-5471.00,NIFTY_24700_PE_07_AUG_25.csv,LONG,99.0,102.7,3.70,962.00,4.00,1040.00,50.00,-128.00,4,-3419.00,2080.00,100.00,-5599.00,
2025-08-06,TRADED,,2025-08-07,2025-08-05,2025-08-05T15:29:00+05:30,24649.5,2025-08-06T09:15:00+05:30,24641.35,-8.15,-0.03,LONG_STRADDLE,24650,NIFTY_24650_CE_07_AUG_25.csv,LONG,86.95,82.4,-4.55,-1183.00,4.00,1040.00,50.00,-2273.00,NIFTY_24650_PE_07_AUG_25.csv,LONG,93.0,88.55,-4.45,-1157.00,4.00,1040.00,50.00,-2247.00,4,-2340.00,2080.00,100.00,-4520.00,
2025-08-07,TRADED,,2025-08-07,2025-08-06,2025-08-06T15:29:00+05:30,24569.6,2025-08-07T09:15:00+05:30,24464.2,-105.40,-0.43,LONG_STRADDLE,24450,NIFTY_24450_CE_07_AUG_25.csv,LONG,95.0,93.9,-1.10,-286.00,4.00,1040.00,50.00,-1376.00,NIFTY_24450_PE_07_AUG_25.csv,LONG,44.0,35.4,-8.60,-2236.00,4.00,1040.00,50.00,-3326.00,4,-2522.00,2080.00,100.00,-4702.00,
2025-08-08,TRADED,,2025-08-14,2025-08-07,2025-08-07T15:29:00+05:30,24626.65,2025-08-08T09:15:00+05:30,24544.25,-82.40,-0.33,LONG_STRADDLE,24550,NIFTY_24550_CE_14_AUG_25.csv,LONG,175.2,156.8,-18.40,-4784.00,4.00,1040.00,50.00,-5874.00,NIFTY_24550_PE_14_AUG_25.csv,LONG,110.0,104.75,-5.25,-1365.00,4.00,1040.00,50.00,-2455.00,4,-6149.00,2080.00,100.00,-8329.00,
2025-08-11,TRADED,,2025-08-14,2025-08-08,2025-08-08T15:29:00+05:30,24350.85,2025-08-11T09:15:00+05:30,24371.5,20.65,0.08,SHORT_STRADDLE,24350,NIFTY_24350_CE_14_AUG_25.csv,SHORT,152.45,140.7,11.75,3055.00,4.00,1040.00,50.00,1965.00,NIFTY_24350_PE_14_AUG_25.csv,SHORT,105.0,110.15,-5.15,-1339.00,4.00,1040.00,50.00,-2429.00,4,1716.00,2080.00,100.00,-464.00,
2025-08-12,TRADED,,2025-08-14,2025-08-11,2025-08-11T15:29:00+05:30,24562.15,2025-08-12T09:15:00+05:30,24563.35,1.20,0.00,SHORT_STRADDLE,24550,NIFTY_24550_CE_14_AUG_25.csv,SHORT,118.2,101.3,16.90,4394.00,4.00,1040.00,50.00,3304.00,NIFTY_24550_PE_14_AUG_25.csv,SHORT,92.0,91.0,1.00,260.00,4.00,1040.00,50.00,-830.00,4,4654.00,2080.00,100.00,2474.00,
2025-08-13,TRADED,,2025-08-14,2025-08-12,2025-08-12T15:29:00+05:30,24485.85,2025-08-13T09:15:00+05:30,24586.2,100.35,0.41,SHORT_STRADDLE,24600,NIFTY_24600_CE_14_AUG_25.csv,SHORT,63.8,73.45,-9.65,-2509.00,4.00,1040.00,50.00,-3599.00,NIFTY_24600_PE_14_AUG_25.csv,SHORT,89.2,74.55,14.65,3809.00,4.00,1040.00,50.00,2719.00,4,1300.00,2080.00,100.00,-880.00,
2025-08-14,TRADED,,2025-08-14,2025-08-13,2025-08-13T15:29:00+05:30,24630.4,2025-08-14T09:15:00+05:30,24607.25,-23.15,-0.09,LONG_STRADDLE,24600,NIFTY_24600_CE_14_AUG_25.csv,LONG,80.2,78.8,-1.40,-364.00,4.00,1040.00,50.00,-1454.00,NIFTY_24600_PE_14_AUG_25.csv,LONG,36.2,35.85,-0.35,-91.00,4.00,1040.00,50.00,-1181.00,4,-455.00,2080.00,100.00,-2635.00,
2025-08-18,TRADED,,2025-08-21,2025-08-14,2025-08-14T15:29:00+05:30,24616.05,2025-08-18T09:15:00+05:30,24938.2,322.15,1.31,SHORT_STRADDLE,24950,NIFTY_24950_CE_21_AUG_25.csv,SHORT,102.6,139.8,-37.20,-9672.00,4.00,1040.00,50.00,-10762.00,NIFTY_24950_PE_21_AUG_25.csv,SHORT,138.2,135.25,2.95,767.00,4.00,1040.00,50.00,-323.00,4,-8905.00,2080.00,100.00,-11085.00,
2025-08-19,TRADED,,2025-08-21,2025-08-18,2025-08-18T15:29:00+05:30,24884.05,2025-08-19T09:15:00+05:30,24891.35,7.30,0.03,SHORT_STRADDLE,24900,NIFTY_24900_CE_21_AUG_25.csv,SHORT,130.65,102.35,28.30,7358.00,4.00,1040.00,50.00,6268.00,NIFTY_24900_PE_21_AUG_25.csv,SHORT,86.0,92.8,-6.80,-1768.00,4.00,1040.00,50.00,-2858.00,4,5590.00,2080.00,100.00,3410.00,
2025-08-20,TRADED,,2025-08-21,2025-08-19,2025-08-19T15:29:00+05:30,24989.7,2025-08-20T09:15:00+05:30,24965.8,-23.90,-0.10,LONG_STRADDLE,24950,NIFTY_24950_CE_21_AUG_25.csv,LONG,98.2,75.0,-23.20,-6032.00,4.00,1040.00,50.00,-7122.00,NIFTY_24950_PE_21_AUG_25.csv,LONG,63.0,70.35,7.35,1911.00,4.00,1040.00,50.00,821.00,4,-4121.00,2080.00,100.00,-6301.00,
2025-08-21,TRADED,,2025-08-21,2025-08-20,2025-08-20T15:29:00+05:30,25047.15,2025-08-21T09:15:00+05:30,25142.0,94.85,0.38,SHORT_STRADDLE,25150,NIFTY_25150_CE_21_AUG_25.csv,SHORT,35.0,23.25,11.75,3055.00,4.00,1040.00,50.00,1965.00,NIFTY_25150_PE_21_AUG_25.csv,SHORT,74.2,88.35,-14.15,-3679.00,4.00,1040.00,50.00,-4769.00,4,-624.00,2080.00,100.00,-2804.00,
2025-08-22,TRADED,,2025-08-28,2025-08-21,2025-08-21T15:29:00+05:30,25076.95,2025-08-22T09:15:00+05:30,25064.15,-12.80,-0.05,LONG_STRADDLE,25050,NIFTY_25050_CE_28_AUG_25.csv,LONG,152.2,119.4,-32.80,-8528.00,4.00,1040.00,50.00,-9618.00,NIFTY_25050_PE_28_AUG_25.csv,LONG,90.0,108.85,18.85,4901.00,4.00,1040.00,50.00,3811.00,4,-3627.00,2080.00,100.00,-5807.00,
2025-08-25,TRADED,,2025-08-28,2025-08-22,2025-08-22T15:29:00+05:30,24869.45,2025-08-25T09:15:00+05:30,24949.15,79.70,0.32,SHORT_STRADDLE,24950,NIFTY_24950_CE_28_AUG_25.csv,SHORT,109.0,95.6,13.40,3484.00,4.00,1040.00,50.00,2394.00,NIFTY_24950_PE_28_AUG_25.csv,SHORT,115.25,101.65,13.60,3536.00,4.00,1040.00,50.00,2446.00,4,7020.00,2080.00,100.00,4840.00,
2025-08-26,TRADED,,2025-08-28,2025-08-25,2025-08-25T15:29:00+05:30,24978.55,2025-08-26T09:15:00+05:30,24899.5,-79.05,-0.32,LONG_STRADDLE,24900,NIFTY_24900_CE_28_AUG_25.csv,LONG,91.0,76.3,-14.70,-3822.00,4.00,1040.00,50.00,-4912.00,NIFTY_24900_PE_28_AUG_25.csv,LONG,59.0,62.5,3.50,910.00,4.00,1040.00,50.00,-180.00,4,-2912.00,2080.00,100.00,-5092.00,
2025-08-28,TRADED,,2025-08-28,2025-08-26,2025-08-26T15:29:00+05:30,24710.7,2025-08-28T09:15:00+05:30,24695.8,-14.90,-0.06,LONG_STRADDLE,24700,NIFTY_24700_CE_28_AUG_25.csv,LONG,73.9,24.45,-49.45,-12857.00,4.00,1040.00,50.00,-13947.00,NIFTY_24700_PE_28_AUG_25.csv,LONG,64.0,125.35,61.35,15951.00,4.00,1040.00,50.00,14861.00,4,3094.00,2080.00,100.00,914.00,
2025-08-29,TRADED,,2025-09-02,2025-08-28,2025-08-28T15:29:00+05:30,24533.1,2025-08-29T09:15:00+05:30,24466.7,-66.40,-0.27,LONG_STRADDLE,24450,NIFTY_24450_CE_02_SEP_25.csv,LONG,165.0,194.25,29.25,7605.00,4.00,1040.00,50.00,6515.00,NIFTY_24450_PE_02_SEP_25.csv,LONG,81.55,61.6,-19.95,-5187.00,4.00,1040.00,50.00,-6277.00,4,2418.00,2080.00,100.00,238.00,
2025-09-01,TRADED,,2025-09-02,2025-08-29,2025-08-29T15:29:00+05:30,24433.65,2025-09-01T09:15:00+05:30,24432.7,-0.95,-0.00,LONG_STRADDLE,24450,NIFTY_24450_CE_02_SEP_25.csv,LONG,97.85,136.05,38.20,9932.00,4.00,1040.00,50.00,8842.00,NIFTY_24450_PE_02_SEP_25.csv,LONG,65.0,38.0,-27.00,-7020.00,4.00,1040.00,50.00,-8110.00,4,2912.00,2080.00,100.00,732.00,
2025-09-02,TRADED,,2025-09-02,2025-09-01,2025-09-01T15:29:00+05:30,24624.3,2025-09-02T09:15:00+05:30,24653.0,28.70,0.12,SHORT_STRADDLE,24650,NIFTY_24650_CE_02_SEP_25.csv,SHORT,48.6,62.85,-14.25,-3705.00,4.00,1040.00,50.00,-4795.00,NIFTY_24650_PE_02_SEP_25.csv,SHORT,44.0,31.8,12.20,3172.00,4.00,1040.00,50.00,2082.00,4,-533.00,2080.00,100.00,-2713.00,
2025-09-03,TRADED,,2025-09-09,2025-09-02,2025-09-02T15:29:00+05:30,24575.0,2025-09-03T09:15:00+05:30,24616.5,41.50,0.17,SHORT_STRADDLE,24600,NIFTY_24600_CE_09_SEP_25.csv,SHORT,144.95,134.25,10.70,2782.00,4.00,1040.00,50.00,1692.00,NIFTY_24600_PE_09_SEP_25.csv,SHORT,140.0,126.6,13.40,3484.00,4.00,1040.00,50.00,2394.00,4,6266.00,2080.00,100.00,4086.00,
2025-09-04,TRADED,,2025-09-09,2025-09-03,2025-09-03T15:29:00+05:30,24713.6,2025-09-04T09:15:00+05:30,24980.75,267.15,1.08,SHORT_STRADDLE,25000,NIFTY_25000_CE_09_SEP_25.csv,SHORT,73.0,64.55,8.45,2197.00,4.00,1040.00,50.00,1107.00,NIFTY_25000_PE_09_SEP_25.csv,SHORT,140.0,170.75,-30.75,-7995.00,4.00,1040.00,50.00,-9085.00,4,-5798.00,2080.00,100.00,-7978.00,
2025-09-05,TRADED,,2025-09-09,2025-09-04,2025-09-04T15:29:00+05:30,24739.8,2025-09-05T09:15:00+05:30,24818.85,79.05,0.32,SHORT_STRADDLE,24800,NIFTY_24800_CE_09_SEP_25.csv,SHORT,87.5,97.85,-10.35,-2691.00,4.00,1040.00,50.00,-3781.00,NIFTY_24800_PE_09_SEP_25.csv,SHORT,96.0,75.55,20.45,5317.00,4.00,1040.00,50.00,4227.00,4,2626.00,2080.00,100.00,446.00,
2025-09-08,TRADED,,2025-09-09,2025-09-05,2025-09-05T15:29:00+05:30,24743.95,2025-09-08T09:15:00+05:30,24802.6,58.65,0.24,SHORT_STRADDLE,24800,NIFTY_24800_CE_09_SEP_25.csv,SHORT,82.0,77.5,4.50,1170.00,4.00,1040.00,50.00,80.00,NIFTY_24800_PE_09_SEP_25.csv,SHORT,78.2,60.45,17.75,4615.00,4.00,1040.00,50.00,3525.00,4,5785.00,2080.00,100.00,3605.00,
2025-09-09,TRADED,,2025-09-09,2025-09-08,2025-09-08T15:29:00+05:30,24791.2,2025-09-09T09:15:00+05:30,24864.1,72.90,0.29,SHORT_STRADDLE,24850,NIFTY_24850_CE_09_SEP_25.csv,SHORT,45.0,55.95,-10.95,-2847.00,4.00,1040.00,50.00,-3937.00,NIFTY_24850_PE_09_SEP_25.csv,SHORT,41.0,42.1,-1.10,-286.00,4.00,1040.00,50.00,-1376.00,4,-3133.00,2080.00,100.00,-5313.00,
2025-09-10,TRADED,,2025-09-16,2025-09-09,2025-09-09T15:29:00+05:30,24878.8,2025-09-10T09:15:00+05:30,24991.0,112.20,0.45,SHORT_STRADDLE,25000,NIFTY_25000_CE_16_SEP_25.csv,SHORT,112.0,109.8,2.20,572.00,4.00,1040.00,50.00,-518.00,NIFTY_25000_PE_16_SEP_25.csv,SHORT,140.0,129.35,10.65,2769.00,4.00,1040.00,50.00,1679.00,4,3341.00,2080.00,100.00,1161.00,
2025-09-11,TRADED,,2025-09-16,2025-09-10,2025-09-10T15:29:00+05:30,24977.55,2025-09-11T09:15:00+05:30,24945.5,-32.05,-0.13,LONG_STRADDLE,24950,NIFTY_24950_CE_16_SEP_25.csv,LONG,154.55,133.9,-20.65,-5369.00,4.00,1040.00,50.00,-6459.00,NIFTY_24950_PE_16_SEP_25.csv,LONG,85.0,81.4,-3.60,-936.00,4.00,1040.00,50.00,-2026.00,4,-6305.00,2080.00,100.00,-8485.00,
2025-09-12,TRADED,,2025-09-16,2025-09-11,2025-09-11T15:29:00+05:30,25008.1,2025-09-12T09:15:00+05:30,25074.45,66.35,0.27,SHORT_STRADDLE,25050,NIFTY_25050_CE_16_SEP_25.csv,SHORT,101.0,108.5,-7.50,-1950.00,4.00,1040.00,50.00,-3040.00,NIFTY_25050_PE_16_SEP_25.csv,SHORT,60.0,60.95,-0.95,-247.00,4.00,1040.00,50.00,-1337.00,4,-2197.00,2080.00,100.00,-4377.00,
2025-09-15,TRADED,,2025-09-16,2025-09-12,2025-09-12T15:29:00+05:30,25107.7,2025-09-15T09:15:00+05:30,25118.9,11.20,0.04,SHORT_STRADDLE,25100,NIFTY_25100_CE_16_SEP_25.csv,SHORT,88.0,70.85,17.15,4459.00,4.00,1040.00,50.00,3369.00,NIFTY_25100_PE_16_SEP_25.csv,SHORT,54.7,53.25,1.45,377.00,4.00,1040.00,50.00,-713.00,4,4836.00,2080.00,100.00,2656.00,
2025-09-16,TRADED,,2025-09-16,2025-09-15,2025-09-15T15:29:00+05:30,25069.7,2025-09-16T09:15:00+05:30,25073.6,3.90,0.02,SHORT_STRADDLE,25050,NIFTY_25050_CE_16_SEP_25.csv,SHORT,71.5,67.1,4.40,1144.00,4.00,1040.00,50.00,54.00,NIFTY_25050_PE_16_SEP_25.csv,SHORT,27.95,23.15,4.80,1248.00,4.00,1040.00,50.00,158.00,4,2392.00,2080.00,100.00,212.00,
2025-09-17,TRADED,,2025-09-23,2025-09-16,2025-09-16T15:29:00+05:30,25254.45,2025-09-17T09:15:00+05:30,25276.6,22.15,0.09,SHORT_STRADDLE,25300,NIFTY_25300_CE_23_SEP_25.csv,SHORT,133.0,147.3,-14.30,-3718.00,4.00,1040.00,50.00,-4808.00,NIFTY_25300_PE_23_SEP_25.csv,SHORT,112.8,88.55,24.25,6305.00,4.00,1040.00,50.00,5215.00,4,2587.00,2080.00,100.00,407.00,
2025-09-18,TRADED,,2025-09-23,2025-09-17,2025-09-17T15:29:00+05:30,25330.15,2025-09-18T09:15:00+05:30,25441.05,110.90,0.44,SHORT_STRADDLE,25450,NIFTY_25450_CE_23_SEP_25.csv,SHORT,95.0,93.35,1.65,429.00,4.00,1040.00,50.00,-661.00,NIFTY_25450_PE_23_SEP_25.csv,SHORT,97.0,92.85,4.15,1079.00,4.00,1040.00,50.00,-11.00,4,1508.00,2080.00,100.00,-672.00,
2025-09-19,TRADED,,2025-09-23,2025-09-18,2025-09-18T15:29:00+05:30,25420.75,2025-09-19T09:15:00+05:30,25410.2,-10.55,-0.04,LONG_STRADDLE,25400,NIFTY_25400_CE_23_SEP_25.csv,LONG,109.0,79.55,-29.45,-7657.00,4.00,1040.00,50.00,-8747.00,NIFTY_25400_PE_23_SEP_25.csv,LONG,65.0,67.15,2.15,559.00,4.00,1040.00,50.00,-531.00,4,-7098.00,2080.00,100.00,-9278.00,
2025-09-22,TRADED,,2025-09-23,2025-09-19,2025-09-19T15:29:00+05:30,25352.5,2025-09-22T09:15:00+05:30,25238.1,-114.40,-0.45,LONG_STRADDLE,25250,NIFTY_25250_CE_23_SEP_25.csv,LONG,97.65,76.35,-21.30,-5538.00,4.00,1040.00,50.00,-6628.00,NIFTY_25250_PE_23_SEP_25.csv,LONG,45.0,51.15,6.15,1599.00,4.00,1040.00,50.00,509.00,4,-3939.00,2080.00,100.00,-6119.00,
2025-09-23,TRADED,,2025-09-23,2025-09-22,2025-09-22T15:29:00+05:30,25200.2,2025-09-23T09:15:00+05:30,25209.0,8.80,0.03,SHORT_STRADDLE,25200,NIFTY_25200_CE_23_SEP_25.csv,SHORT,58.0,72.1,-14.10,-3666.00,4.00,1040.00,50.00,-4756.00,NIFTY_25200_PE_23_SEP_25.csv,SHORT,36.65,24.55,12.10,3146.00,4.00,1040.00,50.00,2056.00,4,-520.00,2080.00,100.00,-2700.00,
2025-09-24,TRADED,,2025-09-30,2025-09-23,2025-09-23T15:29:00+05:30,25185.8,2025-09-24T09:15:00+05:30,25108.75,-77.05,-0.31,LONG_STRADDLE,25100,NIFTY_25100_CE_30_SEP_25.csv,LONG,199.0,144.8,-54.20,-14092.00,4.00,1040.00,50.00,-15182.00,NIFTY_25100_PE_30_SEP_25.csv,LONG,74.55,92.7,18.15,4719.00,4.00,1040.00,50.00,3629.00,4,-9373.00,2080.00,100.00,-11553.00,
2025-09-25,TRADED,,2025-09-30,2025-09-24,2025-09-24T15:29:00+05:30,25060.9,2025-09-25T09:15:00+05:30,25034.5,-26.40,-0.11,LONG_STRADDLE,25050,NIFTY_25050_CE_30_SEP_25.csv,LONG,124.2,98.55,-25.65,-6669.00,4.00,1040.00,50.00,-7759.00,NIFTY_25050_PE_30_SEP_25.csv,LONG,81.0,99.2,18.20,4732.00,4.00,1040.00,50.00,3642.00,4,-1937.00,2080.00,100.00,-4117.00,
2025-09-26,TRADED,,2025-09-30,2025-09-25,2025-09-25T15:29:00+05:30,24904.55,2025-09-26T09:15:00+05:30,24818.55,-86.00,-0.35,LONG_STRADDLE,24800,NIFTY_24800_CE_30_SEP_25.csv,LONG,168.0,137.6,-30.40,-7904.00,4.00,1040.00,50.00,-8994.00,NIFTY_24800_PE_30_SEP_25.csv,LONG,51.4,65.6,14.20,3692.00,4.00,1040.00,50.00,2602.00,4,-4212.00,2080.00,100.00,-6392.00,
2025-09-29,TRADED,,2025-09-30,2025-09-26,2025-09-26T15:29:00+05:30,24673.1,2025-09-29T09:15:00+05:30,24728.55,55.45,0.22,SHORT_STRADDLE,24750,NIFTY_24750_CE_30_SEP_25.csv,SHORT,61.6,78.3,-16.70,-4342.00,4.00,1040.00,50.00,-5432.00,NIFTY_24750_PE_30_SEP_25.csv,SHORT,89.05,66.95,22.10,5746.00,4.00,1040.00,50.00,4656.00,4,1404.00,2080.00,100.00,-776.00,
2025-09-30,TRADED,,2025-09-30,2025-09-29,2025-09-29T15:29:00+05:30,24677.55,2025-09-30T09:15:00+05:30,24691.95,14.40,0.06,SHORT_STRADDLE,24700,NIFTY_24700_CE_30_SEP_25.csv,SHORT,47.95,60.6,-12.65,-3289.00,4.00,1040.00,50.00,-4379.00,NIFTY_24700_PE_30_SEP_25.csv,SHORT,42.8,40.4,2.40,624.00,4.00,1040.00,50.00,-466.00,4,-2665.00,2080.00,100.00,-4845.00,
2025-10-01,TRADED,,2025-10-07,2025-09-30,2025-09-30T15:29:00+05:30,24633.6,2025-10-01T09:15:00+05:30,24620.55,-13.05,-0.05,LONG_STRADDLE,24600,NIFTY_24600_CE_07_OCT_25.csv,LONG,178.65,160.2,-18.45,-4797.00,4.00,1040.00,50.00,-5887.00,NIFTY_24600_PE_07_OCT_25.csv,LONG,87.2,102.5,15.30,3978.00,4.00,1040.00,50.00,2888.00,4,-819.00,2080.00,100.00,-2999.00,
2025-10-03,TRADED,,2025-10-07,2025-10-01,2025-10-01T15:29:00+05:30,24853.4,2025-10-03T09:15:00+05:30,24759.55,-93.85,-0.38,LONG_STRADDLE,24750,NIFTY_24750_CE_07_OCT_25.csv,LONG,141.45,136.8,-4.65,-1209.00,4.00,1040.00,50.00,-2299.00,NIFTY_24750_PE_07_OCT_25.csv,LONG,62.0,55.95,-6.05,-1573.00,4.00,1040.00,50.00,-2663.00,4,-2782.00,2080.00,100.00,-4962.00,
2025-10-06,TRADED,,2025-10-07,2025-10-03,2025-10-03T15:29:00+05:30,24895.0,2025-10-06T09:15:00+05:30,24916.55,21.55,0.09,SHORT_STRADDLE,24900,NIFTY_24900_CE_07_OCT_25.csv,SHORT,74.55,72.5,2.05,533.00,4.00,1040.00,50.00,-557.00,NIFTY_24900_PE_07_OCT_25.csv,SHORT,63.05,52.55,10.50,2730.00,4.00,1040.00,50.00,1640.00,4,3263.00,2080.00,100.00,1083.00,
2025-10-07,TRADED,,2025-10-07,2025-10-06,2025-10-06T15:29:00+05:30,25072.55,2025-10-07T09:15:00+05:30,25085.3,12.75,0.05,SHORT_STRADDLE,25100,NIFTY_25100_CE_07_OCT_25.csv,SHORT,41.55,54.3,-12.75,-3315.00,4.00,1040.00,50.00,-4405.00,NIFTY_25100_PE_07_OCT_25.csv,SHORT,41.9,35.7,6.20,1612.00,4.00,1040.00,50.00,522.00,4,-1703.00,2080.00,100.00,-3883.00,
2025-10-08,TRADED,,2025-10-14,2025-10-07,2025-10-07T15:29:00+05:30,25112.8,2025-10-08T09:15:00+05:30,25079.75,-33.05,-0.13,LONG_STRADDLE,25100,NIFTY_25100_CE_14_OCT_25.csv,LONG,140.0,128.2,-11.80,-3068.00,4.00,1040.00,50.00,-4158.00,NIFTY_25100_PE_14_OCT_25.csv,LONG,90.0,90.8,0.80,208.00,4.00,1040.00,50.00,-882.00,4,-2860.00,2080.00,100.00,-5040.00,
2025-10-09,TRADED,,2025-10-14,2025-10-08,2025-10-08T15:29:00+05:30,25023.8,2025-10-09T09:15:00+05:30,25074.3,50.50,0.20,SHORT_STRADDLE,25050,NIFTY_25050_CE_14_OCT_25.csv,SHORT,115.0,124.0,-9.00,-2340.00,4.00,1040.00,50.00,-3430.00,NIFTY_25050_PE_14_OCT_25.csv,SHORT,83.0,78.55,4.45,1157.00,4.00,1040.00,50.00,67.00,4,-1183.00,2080.00,100.00,-3363.00,
2025-10-10,TRADED,,2025-10-14,2025-10-09,2025-10-09T15:29:00+05:30,25170.3,2025-10-10T09:15:00+05:30,25167.65,-2.65,-0.01,LONG_STRADDLE,25150,NIFTY_25150_CE_14_OCT_25.csv,LONG,117.05,126.8,9.75,2535.00,4.00,1040.00,50.00,1445.00,NIFTY_25150_PE_14_OCT_25.csv,LONG,60.75,53.75,-7.00,-1820.00,4.00,1040.00,50.00,-2910.00,4,715.00,2080.00,100.00,-1465.00,
2025-10-13,TRADED,,2025-10-14,2025-10-10,2025-10-10T15:29:00+05:30,25278.2,2025-10-13T09:15:00+05:30,25177.3,-100.90,-0.40,LONG_STRADDLE,25200,NIFTY_25200_CE_14_OCT_25.csv,LONG,110.0,100.25,-9.75,-2535.00,4.00,1040.00,50.00,-3625.00,NIFTY_25200_PE_14_OCT_25.csv,LONG,47.0,58.65,11.65,3029.00,4.00,1040.00,50.00,1939.00,4,494.00,2080.00,100.00,-1686.00,
2025-10-14,TRADED,,2025-10-14,2025-10-13,2025-10-13T15:29:00+05:30,25237.15,2025-10-14T09:15:00+05:30,25277.55,40.40,0.16,SHORT_STRADDLE,25300,NIFTY_25300_CE_14_OCT_25.csv,SHORT,32.4,50.25,-17.85,-4641.00,4.00,1040.00,50.00,-5731.00,NIFTY_25300_PE_14_OCT_25.csv,SHORT,49.0,52.0,-3.00,-780.00,4.00,1040.00,50.00,-1870.00,4,-5421.00,2080.00,100.00,-7601.00,
2025-10-15,TRADED,,2025-10-20,2025-10-14,2025-10-14T15:29:00+05:30,25123.35,2025-10-15T09:15:00+05:30,25181.95,58.60,0.23,SHORT_STRADDLE,25200,NIFTY_25200_CE_20_OCT_25.csv,SHORT,134.9,172.65,-37.75,-9815.00,4.00,1040.00,50.00,-10905.00,NIFTY_25200_PE_20_OCT_25.csv,SHORT,140.0,78.15,61.85,16081.00,4.00,1040.00,50.00,14991.00,4,6266.00,2080.00,100.00,4086.00,
2025-10-16,TRADED,,2025-10-20,2025-10-15,2025-10-15T15:29:00+05:30,25327.75,2025-10-16T09:15:00+05:30,25394.9,67.15,0.27,SHORT_STRADDLE,25400,NIFTY_25400_CE_20_OCT_25.csv,SHORT,100.8,138.75,-37.95,-9867.00,4.00,1040.00,50.00,-10957.00,NIFTY_25400_PE_20_OCT_25.csv,SHORT,70.0,67.1,2.90,754.00,4.00,1040.00,50.00,-336.00,4,-9113.00,2080.00,100.00,-11293.00,
2025-10-17,TRADED,,2025-10-20,2025-10-16,2025-10-16T15:29:00+05:30,25566.3,2025-10-17T09:15:00+05:30,25546.85,-19.45,-0.08,LONG_STRADDLE,25550,NIFTY_25550_CE_20_OCT_25.csv,LONG,112.05,95.7,-16.35,-4251.00,4.00,1040.00,50.00,-5341.00,NIFTY_25550_PE_20_OCT_25.csv,LONG,73.0,86.65,13.65,3549.00,4.00,1040.00,50.00,2459.00,4,-702.00,2080.00,100.00,-2882.00,
2025-10-20,TRADED,,2025-10-20,2025-10-17,2025-10-17T15:29:00+05:30,25704.7,2025-10-20T09:15:00+05:30,25824.6,119.90,0.47,SHORT_STRADDLE,25800,NIFTY_25800_CE_20_OCT_25.csv,SHORT,61.5,149.1,-87.60,-22776.00,4.00,1040.00,50.00,-23866.00,NIFTY_25800_PE_20_OCT_25.csv,SHORT,70.0,18.0,52.00,13520.00,4.00,1040.00,50.00,12430.00,4,-9256.00,2080.00,100.00,-11436.00,
2025-10-21,SKIPPED,missing_spot_timestamp,,2025-10-20,2025-10-20T15:29:00+05:30,25850.7,2025-10-21T09:15:00+05:30,,,,,,,,,,0.00,0.00,0.00,0.00,0.00,0.00,,,,,0.00,0.00,0.00,0.00,0.00,0.00,0,0.00,0.00,0.00,0.00,Missing spot entry timestamp 2025-10-21T09:15:00+05:30
2025-10-23,TRADED,,2025-10-28,2025-10-21,2025-10-21T14:45:00+05:30,25833.3,2025-10-23T09:15:00+05:30,26057.2,223.90,0.87,SHORT_STRADDLE,26050,NIFTY_26050_CE_28_OCT_25.csv,SHORT,140.0,152.0,-12.00,-3120.00,4.00,1040.00,50.00,-4210.00,NIFTY_26050_PE_28_OCT_25.csv,SHORT,86.0,104.0,-18.00,-4680.00,4.00,1040.00,50.00,-5770.00,4,-7800.00,2080.00,100.00,-9980.00,
2025-10-24,TRADED,,2025-10-28,2025-10-23,2025-10-23T15:29:00+05:30,25870.3,2025-10-24T09:15:00+05:30,25935.1,64.80,0.25,SHORT_STRADDLE,25950,NIFTY_25950_CE_28_OCT_25.csv,SHORT,131.1,112.7,18.40,4784.00,4.00,1040.00,50.00,3694.00,NIFTY_25950_PE_28_OCT_25.csv,SHORT,90.9,107.45,-16.55,-4303.00,4.00,1040.00,50.00,-5393.00,4,481.00,2080.00,100.00,-1699.00,
2025-10-27,TRADED,,2025-10-28,2025-10-24,2025-10-24T15:29:00+05:30,25797.45,2025-10-27T09:15:00+05:30,25843.2,45.75,0.18,SHORT_STRADDLE,25850,NIFTY_25850_CE_28_OCT_25.csv,SHORT,95.8,118.1,-22.30,-5798.00,4.00,1040.00,50.00,-6888.00,NIFTY_25850_PE_28_OCT_25.csv,SHORT,82.05,52.2,29.85,7761.00,4.00,1040.00,50.00,6671.00,4,1963.00,2080.00,100.00,-217.00,
2025-10-28,TRADED,,2025-10-28,2025-10-27,2025-10-27T15:29:00+05:30,25974.0,2025-10-28T09:15:00+05:30,25939.95,-34.05,-0.13,LONG_STRADDLE,25950,NIFTY_25950_CE_28_OCT_25.csv,LONG,103.0,118.1,15.10,3926.00,4.00,1040.00,50.00,2836.00,NIFTY_25950_PE_28_OCT_25.csv,LONG,43.9,42.2,-1.70,-442.00,4.00,1040.00,50.00,-1532.00,4,3484.00,2080.00,100.00,1304.00,
2025-10-29,TRADED,,2025-11-04,2025-10-28,2025-10-28T15:29:00+05:30,25965.4,2025-10-29T09:15:00+05:30,25982.0,16.60,0.06,SHORT_STRADDLE,26000,NIFTY_26000_CE_04_NOV_25.csv,SHORT,188.0,202.7,-14.70,-3822.00,4.00,1040.00,50.00,-4912.00,NIFTY_26000_PE_04_NOV_25.csv,SHORT,150.0,115.15,34.85,9061.00,4.00,1040.00,50.00,7971.00,4,5239.00,2080.00,100.00,3059.00,
2025-10-30,TRADED,,2025-11-04,2025-10-29,2025-10-29T15:29:00+05:30,26068.3,2025-10-30T09:15:00+05:30,25984.4,-83.90,-0.32,LONG_STRADDLE,26000,NIFTY_26000_CE_04_NOV_25.csv,LONG,198.1,155.75,-42.35,-11011.00,4.00,1040.00,50.00,-12101.00,NIFTY_26000_PE_04_NOV_25.csv,LONG,96.45,113.4,16.95,4407.00,4.00,1040.00,50.00,3317.00,4,-6604.00,2080.00,100.00,-8784.00,
2025-10-31,TRADED,,2025-11-04,2025-10-30,2025-10-30T15:29:00+05:30,25891.2,2025-10-31T09:15:00+05:30,25863.8,-27.40,-0.11,LONG_STRADDLE,25850,NIFTY_25850_CE_04_NOV_25.csv,LONG,167.05,124.35,-42.70,-11102.00,4.00,1040.00,50.00,-12192.00,NIFTY_25850_PE_04_NOV_25.csv,LONG,84.0,103.35,19.35,5031.00,4.00,1040.00,50.00,3941.00,4,-6071.00,2080.00,100.00,-8251.00,
2025-11-03,TRADED,,2025-11-04,2025-10-31,2025-10-31T15:29:00+05:30,25732.55,2025-11-03T09:15:00+05:30,25696.85,-35.70,-0.14,LONG_STRADDLE,25700,NIFTY_25700_CE_04_NOV_25.csv,LONG,147.0,111.8,-35.20,-9152.00,4.00,1040.00,50.00,-10242.00,NIFTY_25700_PE_04_NOV_25.csv,LONG,62.0,77.6,15.60,4056.00,4.00,1040.00,50.00,2966.00,4,-5096.00,2080.00,100.00,-7276.00,
2025-11-04,TRADED,,2025-11-04,2025-11-03,2025-11-03T15:29:00+05:30,25774.3,2025-11-04T09:15:00+05:30,25744.75,-29.55,-0.11,LONG_STRADDLE,25750,NIFTY_25750_CE_04_NOV_25.csv,LONG,80.0,80.65,0.65,169.00,4.00,1040.00,50.00,-921.00,NIFTY_25750_PE_04_NOV_25.csv,LONG,58.85,53.6,-5.25,-1365.00,4.00,1040.00,50.00,-2455.00,4,-1196.00,2080.00,100.00,-3376.00,
2025-11-06,TRADED,,2025-11-11,2025-11-04,2025-11-04T15:29:00+05:30,25586.25,2025-11-06T09:15:00+05:30,25593.35,7.10,0.03,SHORT_STRADDLE,25600,NIFTY_25600_CE_11_NOV_25.csv,SHORT,111.3,187.8,-76.50,-19890.00,4.00,1040.00,50.00,-20980.00,NIFTY_25600_PE_11_NOV_25.csv,SHORT,123.05,82.7,40.35,10491.00,4.00,1040.00,50.00,9401.00,4,-9399.00,2080.00,100.00,-11579.00,
2025-11-07,TRADED,,2025-11-11,2025-11-06,2025-11-06T15:29:00+05:30,25519.95,2025-11-07T09:15:00+05:30,25433.8,-86.15,-0.34,LONG_STRADDLE,25450,NIFTY_25450_CE_11_NOV_25.csv,LONG,118.0,83.65,-34.35,-8931.00,4.00,1040.00,50.00,-10021.00,NIFTY_25450_PE_11_NOV_25.csv,LONG,82.35,126.75,44.40,11544.00,4.00,1040.00,50.00,10454.00,4,2613.00,2080.00,100.00,433.00,
2025-11-10,TRADED,,2025-11-11,2025-11-07,2025-11-07T15:29:00+05:30,25510.05,2025-11-10T09:15:00+05:30,25503.5,-6.55,-0.03,LONG_STRADDLE,25500,NIFTY_25500_CE_11_NOV_25.csv,LONG,103.0,141.75,38.75,10075.00,4.00,1040.00,50.00,8985.00,NIFTY_25500_PE_11_NOV_25.csv,LONG,76.4,35.35,-41.05,-10673.00,4.00,1040.00,50.00,-11763.00,4,-598.00,2080.00,100.00,-2778.00,
2025-11-11,TRADED,,2025-11-11,2025-11-10,2025-11-10T15:29:00+05:30,25574.25,2025-11-11T09:15:00+05:30,25617.0,42.75,0.17,SHORT_STRADDLE,25600,NIFTY_25600_CE_11_NOV_25.csv,SHORT,65.8,70.35,-4.55,-1183.00,4.00,1040.00,50.00,-2273.00,NIFTY_25600_PE_11_NOV_25.csv,SHORT,50.0,43.1,6.90,1794.00,4.00,1040.00,50.00,704.00,4,611.00,2080.00,100.00,-1569.00,
2025-11-12,TRADED,,2025-11-18,2025-11-11,2025-11-11T15:29:00+05:30,25705.55,2025-11-12T09:15:00+05:30,25834.3,128.75,0.50,SHORT_STRADDLE,25850,NIFTY_25850_CE_18_NOV_25.csv,SHORT,171.0,168.2,2.80,728.00,4.00,1040.00,50.00,-362.00,NIFTY_25850_PE_18_NOV_25.csv,SHORT,125.05,115.75,9.30,2418.00,4.00,1040.00,50.00,1328.00,4,3146.00,2080.00,100.00,966.00,
2025-11-13,TRADED,,2025-11-18,2025-11-12,2025-11-12T15:29:00+05:30,25874.0,2025-11-13T09:15:00+05:30,25906.1,32.10,0.12,SHORT_STRADDLE,25900,NIFTY_25900_CE_18_NOV_25.csv,SHORT,153.0,110.95,42.05,10933.00,4.00,1040.00,50.00,9843.00,NIFTY_25900_PE_18_NOV_25.csv,SHORT,108.25,138.05,-29.80,-7748.00,4.00,1040.00,50.00,-8838.00,4,3185.00,2080.00,100.00,1005.00,
2025-11-14,TRADED,,2025-11-18,2025-11-13,2025-11-13T15:29:00+05:30,25884.1,2025-11-14T09:15:00+05:30,25767.9,-116.20,-0.45,LONG_STRADDLE,25750,NIFTY_25750_CE_18_NOV_25.csv,LONG,197.0,199.25,2.25,585.00,4.00,1040.00,50.00,-505.00,NIFTY_25750_PE_18_NOV_25.csv,LONG,99.9,88.55,-11.35,-2951.00,4.00,1040.00,50.00,-4041.00,4,-2366.00,2080.00,100.00,-4546.00,
2025-11-17,TRADED,,2025-11-18,2025-11-14,2025-11-14T15:29:00+05:30,25916.8,2025-11-17T09:15:00+05:30,25948.2,31.40,0.12,SHORT_STRADDLE,25950,NIFTY_25950_CE_18_NOV_25.csv,SHORT,100.6,90.5,10.10,2626.00,4.00,1040.00,50.00,1536.00,NIFTY_25950_PE_18_NOV_25.csv,SHORT,104.9,81.3,23.60,6136.00,4.00,1040.00,50.00,5046.00,4,8762.00,2080.00,100.00,6582.00,
2025-11-18,TRADED,,2025-11-18,2025-11-17,2025-11-17T15:29:00+05:30,26014.3,2025-11-18T09:15:00+05:30,26021.8,7.50,0.03,SHORT_STRADDLE,26000,NIFTY_26000_CE_18_NOV_25.csv,SHORT,68.0,35.05,32.95,8567.00,4.00,1040.00,50.00,7477.00,NIFTY_26000_PE_18_NOV_25.csv,SHORT,57.6,96.8,-39.20,-10192.00,4.00,1040.00,50.00,-11282.00,4,-1625.00,2080.00,100.00,-3805.00,
2025-11-19,TRADED,,2025-11-25,2025-11-18,2025-11-18T15:29:00+05:30,25894.7,2025-11-19T09:15:00+05:30,25918.1,23.40,0.09,SHORT_STRADDLE,25900,NIFTY_25900_CE_25_NOV_25.csv,SHORT,181.0,164.05,16.95,4407.00,4.00,1040.00,50.00,3317.00,NIFTY_25900_PE_25_NOV_25.csv,SHORT,131.0,142.45,-11.45,-2977.00,4.00,1040.00,50.00,-4067.00,4,1430.00,2080.00,100.00,-750.00,
2025-11-20,TRADED,,2025-11-25,2025-11-19,2025-11-19T15:29:00+05:30,26052.7,2025-11-20T09:15:00+05:30,26132.1,79.40,0.30,SHORT_STRADDLE,26150,NIFTY_26150_CE_25_NOV_25.csv,SHORT,130.0,120.95,9.05,2353.00,4.00,1040.00,50.00,1263.00,NIFTY_26150_PE_25_NOV_25.csv,SHORT,152.05,131.6,20.45,5317.00,4.00,1040.00,50.00,4227.00,4,7670.00,2080.00,100.00,5490.00,
2025-11-21,TRADED,,2025-11-25,2025-11-20,2025-11-20T15:29:00+05:30,26197.4,2025-11-21T09:15:00+05:30,26109.55,-87.85,-0.34,LONG_STRADDLE,26100,NIFTY_26100_CE_25_NOV_25.csv,LONG,159.05,134.55,-24.50,-6370.00,4.00,1040.00,50.00,-7460.00,NIFTY_26100_PE_25_NOV_25.csv,LONG,81.3,96.95,15.65,4069.00,4.00,1040.00,50.00,2979.00,4,-2301.00,2080.00,100.00,-4481.00,
2025-11-24,TRADED,,2025-11-25,2025-11-21,2025-11-21T15:29:00+05:30,26063.95,2025-11-24T09:15:00+05:30,26122.8,58.85,0.23,SHORT_STRADDLE,26100,NIFTY_26100_CE_25_NOV_25.csv,SHORT,104.0,104.6,-0.60,-156.00,4.00,1040.00,50.00,-1246.00,NIFTY_26100_PE_25_NOV_25.csv,SHORT,82.0,69.6,12.40,3224.00,4.00,1040.00,50.00,2134.00,4,3068.00,2080.00,100.00,888.00,
2025-11-25,TRADED,,2025-11-25,2025-11-24,2025-11-24T15:29:00+05:30,25943.35,2025-11-25T09:15:00+05:30,25998.5,55.15,0.21,SHORT_STRADDLE,26000,NIFTY_26000_CE_25_NOV_25.csv,SHORT,67.0,39.1,27.90,7254.00,4.00,1040.00,50.00,6164.00,NIFTY_26000_PE_25_NOV_25.csv,SHORT,60.0,92.7,-32.70,-8502.00,4.00,1040.00,50.00,-9592.00,4,-1248.00,2080.00,100.00,-3428.00,
2025-11-26,TRADED,,2025-12-02,2025-11-25,2025-11-25T15:29:00+05:30,25860.3,2025-11-26T09:15:00+05:30,25842.95,-17.35,-0.07,LONG_STRADDLE,25850,NIFTY_25850_CE_02_DEC_25.csv,LONG,213.0,247.1,34.10,8866.00,4.00,1040.00,50.00,7776.00,NIFTY_25850_PE_02_DEC_25.csv,LONG,98.0,65.0,-33.00,-8580.00,4.00,1040.00,50.00,-9670.00,4,286.00,2080.00,100.00,-1894.00,
2025-11-27,TRADED,,2025-12-02,2025-11-26,2025-11-26T15:29:00+05:30,26203.5,2025-11-27T09:15:00+05:30,26261.25,57.75,0.22,SHORT_STRADDLE,26250,NIFTY_26250_CE_02_DEC_25.csv,SHORT,130.05,137.95,-7.90,-2054.00,4.00,1040.00,50.00,-3144.00,NIFTY_26250_PE_02_DEC_25.csv,SHORT,124.05,105.8,18.25,4745.00,4.00,1040.00,50.00,3655.00,4,2691.00,2080.00,100.00,511.00,
2025-11-28,TRADED,,2025-12-02,2025-11-27,2025-11-27T15:29:00+05:30,26219.85,2025-11-28T09:15:00+05:30,26237.45,17.60,0.07,SHORT_STRADDLE,26250,NIFTY_26250_CE_02_DEC_25.csv,SHORT,108.0,95.05,12.95,3367.00,4.00,1040.00,50.00,2277.00,NIFTY_26250_PE_02_DEC_25.csv,SHORT,107.05,112.55,-5.50,-1430.00,4.00,1040.00,50.00,-2520.00,4,1937.00,2080.00,100.00,-243.00,
2025-12-01,TRADED,,2025-12-02,2025-11-28,2025-11-28T15:29:00+05:30,26204.55,2025-12-01T09:15:00+05:30,26325.8,121.25,0.46,SHORT_STRADDLE,26350,NIFTY_26350_CE_02_DEC_25.csv,SHORT,68.0,59.9,8.10,2106.00,4.00,1040.00,50.00,1016.00,NIFTY_26350_PE_02_DEC_25.csv,SHORT,87.0,92.8,-5.80,-1508.00,4.00,1040.00,50.00,-2598.00,4,598.00,2080.00,100.00,-1582.00,
2025-12-02,TRADED,,2025-12-02,2025-12-01,2025-12-01T15:29:00+05:30,26175.95,2025-12-02T09:15:00+05:30,26087.95,-88.00,-0.34,LONG_STRADDLE,26100,NIFTY_26100_CE_02_DEC_25.csv,LONG,85.0,63.85,-21.15,-5499.00,4.00,1040.00,50.00,-6589.00,NIFTY_26100_PE_02_DEC_25.csv,LONG,51.1,43.25,-7.85,-2041.00,4.00,1040.00,50.00,-3131.00,4,-7540.00,2080.00,100.00,-9720.00,
2025-12-03,TRADED,,2025-12-09,2025-12-02,2025-12-02T15:29:00+05:30,26057.0,2025-12-03T09:15:00+05:30,26004.9,-52.10,-0.20,LONG_STRADDLE,26000,NIFTY_26000_CE_09_DEC_25.csv,LONG,195.0,162.6,-32.40,-8424.00,4.00,1040.00,50.00,-9514.00,NIFTY_26000_PE_09_DEC_25.csv,LONG,93.1,110.25,17.15,4459.00,4.00,1040.00,50.00,3369.00,4,-3965.00,2080.00,100.00,-6145.00,
2025-12-04,TRADED,,2025-12-09,2025-12-03,2025-12-03T15:29:00+05:30,25985.1,2025-12-04T09:15:00+05:30,25981.85,-3.25,-0.01,LONG_STRADDLE,26000,NIFTY_26000_CE_09_DEC_25.csv,LONG,129.0,98.8,-30.20,-7852.00,4.00,1040.00,50.00,-8942.00,NIFTY_26000_PE_09_DEC_25.csv,LONG,106.0,133.15,27.15,7059.00,4.00,1040.00,50.00,5969.00,4,-793.00,2080.00,100.00,-2973.00,
2025-12-05,TRADED,,2025-12-09,2025-12-04,2025-12-04T15:29:00+05:30,26017.1,2025-12-05T09:15:00+05:30,25999.8,-17.30,-0.07,LONG_STRADDLE,26000,NIFTY_26000_CE_09_DEC_25.csv,LONG,132.0,132.0,0.00,0.00,4.00,1040.00,50.00,-1090.00,NIFTY_26000_PE_09_DEC_25.csv,LONG,75.0,76.7,1.70,442.00,4.00,1040.00,50.00,-648.00,4,442.00,2080.00,100.00,-1738.00,
2025-12-08,TRADED,,2025-12-09,2025-12-05,2025-12-05T15:29:00+05:30,26176.65,2025-12-08T09:15:00+05:30,26159.8,-16.85,-0.06,LONG_STRADDLE,26150,NIFTY_26150_CE_09_DEC_25.csv,LONG,110.85,86.9,-23.95,-6227.00,4.00,1040.00,50.00,-7317.00,NIFTY_26150_PE_09_DEC_25.csv,LONG,56.0,58.8,2.80,728.00,4.00,1040.00,50.00,-362.00,4,-5499.00,2080.00,100.00,-7679.00,
2025-12-09,TRADED,,2025-12-09,2025-12-08,2025-12-08T15:29:00+05:30,25932.8,2025-12-09T09:15:00+05:30,25867.1,-65.70,-0.25,LONG_STRADDLE,25850,NIFTY_25850_CE_09_DEC_25.csv,LONG,89.0,65.7,-23.30,-6058.00,4.00,1040.00,50.00,-7148.00,NIFTY_25850_PE_09_DEC_25.csv,LONG,36.0,48.7,12.70,3302.00,4.00,1040.00,50.00,2212.00,4,-2756.00,2080.00,100.00,-4936.00,
2025-12-10,TRADED,,2025-12-16,2025-12-09,2025-12-09T15:29:00+05:30,25841.75,2025-12-10T09:15:00+05:30,25864.05,22.30,0.09,SHORT_STRADDLE,25850,NIFTY_25850_CE_16_DEC_25.csv,SHORT,149.8,137.55,12.25,3185.00,4.00,1040.00,50.00,2095.00,NIFTY_25850_PE_16_DEC_25.csv,SHORT,139.95,123.55,16.40,4264.00,4.00,1040.00,50.00,3174.00,4,7449.00,2080.00,100.00,5269.00,
2025-12-11,TRADED,,2025-12-16,2025-12-10,2025-12-10T15:29:00+05:30,25742.65,2025-12-11T09:15:00+05:30,25771.4,28.75,0.11,SHORT_STRADDLE,25750,NIFTY_25750_CE_16_DEC_25.csv,SHORT,175.0,152.4,22.60,5876.00,4.00,1040.00,50.00,4786.00,NIFTY_25750_PE_16_DEC_25.csv,SHORT,104.0,98.9,5.10,1326.00,4.00,1040.00,50.00,236.00,4,7202.00,2080.00,100.00,5022.00,
2025-12-12,TRADED,,2025-12-16,2025-12-11,2025-12-11T15:29:00+05:30,25898.4,2025-12-12T09:15:00+05:30,25971.2,72.80,0.28,SHORT_STRADDLE,25950,NIFTY_25950_CE_16_DEC_25.csv,SHORT,102.5,127.15,-24.65,-6409.00,4.00,1040.00,50.00,-7499.00,NIFTY_25950_PE_16_DEC_25.csv,SHORT,81.95,69.45,12.50,3250.00,4.00,1040.00,50.00,2160.00,4,-3159.00,2080.00,100.00,-5339.00,
2025-12-15,TRADED,,2025-12-16,2025-12-12,2025-12-12T15:29:00+05:30,26043.0,2025-12-15T09:15:00+05:30,25930.05,-112.95,-0.43,LONG_STRADDLE,25950,NIFTY_25950_CE_16_DEC_25.csv,LONG,105.0,80.45,-24.55,-6383.00,4.00,1040.00,50.00,-7473.00,NIFTY_25950_PE_16_DEC_25.csv,LONG,69.7,68.7,-1.00,-260.00,4.00,1040.00,50.00,-1350.00,4,-6643.00,2080.00,100.00,-8823.00,
2025-12-16,TRADED,,2025-12-16,2025-12-15,2025-12-15T15:29:00+05:30,26014.0,2025-12-16T09:15:00+05:30,25951.5,-62.50,-0.24,LONG_STRADDLE,25950,NIFTY_25950_CE_16_DEC_25.csv,LONG,66.25,47.65,-18.60,-4836.00,4.00,1040.00,50.00,-5926.00,NIFTY_25950_PE_16_DEC_25.csv,LONG,50.0,60.2,10.20,2652.00,4.00,1040.00,50.00,1562.00,4,-2184.00,2080.00,100.00,-4364.00,
2025-12-17,TRADED,,2025-12-23,2025-12-16,2025-12-16T15:29:00+05:30,25851.35,2025-12-17T09:15:00+05:30,25902.4,51.05,0.20,SHORT_STRADDLE,25900,NIFTY_25900_CE_23_DEC_25.csv,SHORT,133.0,123.9,9.10,2366.00,4.00,1040.00,50.00,1276.00,NIFTY_25900_PE_23_DEC_25.csv,SHORT,121.0,126.85,-5.85,-1521.00,4.00,1040.00,50.00,-2611.00,4,845.00,2080.00,100.00,-1335.00,
2025-12-18,TRADED,,2025-12-23,2025-12-17,2025-12-17T15:29:00+05:30,25821.8,2025-12-18T09:15:00+05:30,25764.7,-57.10,-0.22,LONG_STRADDLE,25750,NIFTY_25750_CE_23_DEC_25.csv,LONG,180.95,135.85,-45.10,-11726.00,4.00,1040.00,50.00,-12816.00,NIFTY_25750_PE_23_DEC_25.csv,LONG,75.25,86.25,11.00,2860.00,4.00,1040.00,50.00,1770.00,4,-8866.00,2080.00,100.00,-11046.00,
2025-12-19,TRADED,,2025-12-23,2025-12-18,2025-12-18T15:29:00+05:30,25815.65,2025-12-19T09:15:00+05:30,25911.5,95.85,0.37,SHORT_STRADDLE,25900,NIFTY_25900_CE_23_DEC_25.csv,SHORT,99.0,108.3,-9.30,-2418.00,4.00,1040.00,50.00,-3508.00,NIFTY_25900_PE_23_DEC_25.csv,SHORT,90.05,78.95,11.10,2886.00,4.00,1040.00,50.00,1796.00,4,468.00,2080.00,100.00,-1712.00,
2025-12-22,TRADED,,2025-12-23,2025-12-19,2025-12-19T15:29:00+05:30,25961.4,2025-12-22T09:15:00+05:30,26055.85,94.45,0.36,SHORT_STRADDLE,26050,NIFTY_26050_CE_23_DEC_25.csv,SHORT,67.8,102.05,-34.25,-8905.00,4.00,1040.00,50.00,-9995.00,NIFTY_26050_PE_23_DEC_25.csv,SHORT,66.0,43.9,22.10,5746.00,4.00,1040.00,50.00,4656.00,4,-3159.00,2080.00,100.00,-5339.00,
2025-12-23,TRADED,,2025-12-23,2025-12-22,2025-12-22T15:29:00+05:30,26162.75,2025-12-23T09:15:00+05:30,26205.2,42.45,0.16,SHORT_STRADDLE,26200,NIFTY_26200_CE_23_DEC_25.csv,SHORT,43.0,36.7,6.30,1638.00,4.00,1040.00,50.00,548.00,NIFTY_26200_PE_23_DEC_25.csv,SHORT,70.0,57.2,12.80,3328.00,4.00,1040.00,50.00,2238.00,4,4966.00,2080.00,100.00,2786.00,
2025-12-24,TRADED,,2025-12-30,2025-12-23,2025-12-23T15:29:00+05:30,26165.95,2025-12-24T09:15:00+05:30,26170.65,4.70,0.02,SHORT_STRADDLE,26150,NIFTY_26150_CE_30_DEC_25.csv,SHORT,140.44,115.35,25.09,6523.40,4.00,1040.00,50.00,5433.40,NIFTY_26150_PE_30_DEC_25.csv,SHORT,85.45,93.45,-8.00,-2080.00,4.00,1040.00,50.00,-3170.00,4,4443.40,2080.00,100.00,2263.40,
2025-12-26,TRADED,,2025-12-30,2025-12-24,2025-12-24T15:29:00+05:30,26141.65,2025-12-26T09:15:00+05:30,26121.25,-20.40,-0.08,LONG_STRADDLE,26100,NIFTY_26100_CE_30_DEC_25.csv,LONG,130.55,80.2,-50.35,-13091.00,4.00,1040.00,50.00,-14181.00,NIFTY_26100_PE_30_DEC_25.csv,LONG,63.0,75.45,12.45,3237.00,4.00,1040.00,50.00,2147.00,4,-9854.00,2080.00,100.00,-12034.00,
2025-12-29,TRADED,,2025-12-30,2025-12-26,2025-12-26T15:29:00+05:30,26047.65,2025-12-29T09:15:00+05:30,26063.35,15.70,0.06,SHORT_STRADDLE,26050,NIFTY_26050_CE_30_DEC_25.csv,SHORT,67.75,70.55,-2.80,-728.00,4.00,1040.00,50.00,-1818.00,NIFTY_26050_PE_30_DEC_25.csv,SHORT,57.0,47.65,9.35,2431.00,4.00,1040.00,50.00,1341.00,4,1703.00,2080.00,100.00,-477.00,
2025-12-30,TRADED,,2025-12-30,2025-12-29,2025-12-29T15:29:00+05:30,25949.8,2025-12-30T09:15:00+05:30,25940.9,-8.90,-0.03,LONG_STRADDLE,25950,NIFTY_25950_CE_30_DEC_25.csv,LONG,50.6,22.6,-28.00,-7280.00,4.00,1040.00,50.00,-8370.00,NIFTY_25950_PE_30_DEC_25.csv,LONG,47.05,68.25,21.20,5512.00,4.00,1040.00,50.00,4422.00,4,-1768.00,2080.00,100.00,-3948.00,
2025-12-31,SKIPPED,no_same_week_expiry,,2025-12-30,2025-12-30T15:29:00+05:30,25970.55,2025-12-31T09:15:00+05:30,25971.05,0.50,0.00,SHORT_STRADDLE,,,,,,0.00,0.00,0.00,0.00,0.00,0.00,,,,,0.00,0.00,0.00,0.00,0.00,0.00,0,0.00,0.00,0.00,0.00,No expiry folder exists on or after this trade date.
