entry_date,status,skip_reason,expiry_date,previous_trading_day,previous_close_timestamp,previous_close,gap_timestamp,gap_open,gap_points,gap_percent,entry_timestamp,spot_entry_open,exit_timestamp,atm_strike,option_side,contract_file,option_entry_open,option_exit_open,raw_points_pnl,raw_gross_pnl,slippage_points,slippage_loss,brokerage,net_pnl,remarks
2025-01-01,SKIPPED,no_previous_close,,,,,2025-01-01T09:15:00+05:30,,,,2025-01-01T09:16:00+05:30,,2025-01-01T09:25:00+05:30,,,,,,0.00,0.00,0.00,0.00,0.00,0.00,No previous trading day close exists in the dataset.
2025-01-02,SKIPPED,gap_below_threshold,,2025-01-01,2025-01-01T15:29:00+05:30,23758.7,2025-01-02T09:15:00+05:30,23783.0,24.30,0.10,2025-01-02T09:16:00+05:30,23785.65,2025-01-02T09:25:00+05:30,,,,,,0.00,0.00,0.00,0.00,0.00,0.00,Absolute gap 24.30 is below 100.00 points.
2025-01-03,SKIPPED,gap_below_threshold,,2025-01-02,2025-01-02T15:29:00+05:30,24167.95,2025-01-03T09:15:00+05:30,24196.4,28.45,0.12,2025-01-03T09:16:00+05:30,24150.75,2025-01-03T09:25:00+05:30,,,,,,0.00,0.00,0.00,0.00,0.00,0.00,Absolute gap 28.45 is below 100.00 points.
2025-01-06,SKIPPED,gap_below_threshold,,2025-01-03,2025-01-03T15:29:00+05:30,23990.15,2025-01-06T09:15:00+05:30,24045.8,55.65,0.23,2025-01-06T09:16:00+05:30,24040.45,2025-01-06T09:25:00+05:30,,,,,,0.00,0.00,0.00,0.00,0.00,0.00,Absolute gap 55.65 is below 100.00 points.
2025-01-07,SKIPPED,gap_below_threshold,,2025-01-06,2025-01-06T15:29:00+05:30,23629.6,2025-01-07T09:15:00+05:30,23679.9,50.30,0.21,2025-01-07T09:16:00+05:30,23756.75,2025-01-07T09:25:00+05:30,,,,,,0.00,0.00,0.00,0.00,0.00,0.00,Absolute gap 50.30 is below 100.00 points.
2025-01-08,SKIPPED,gap_below_threshold,,2025-01-07,2025-01-07T15:29:00+05:30,23694.6,2025-01-08T09:15:00+05:30,23746.65,52.05,0.22,2025-01-08T09:16:00+05:30,23708.1,2025-01-08T09:25:00+05:30,,,,,,0.00,0.00,0.00,0.00,0.00,0.00,Absolute gap 52.05 is below 100.00 points.
2025-01-09,SKIPPED,gap_below_threshold,,2025-01-08,2025-01-08T15:29:00+05:30,23675.2,2025-01-09T09:15:00+05:30,23674.75,-0.45,-0.00,2025-01-09T09:16:00+05:30,23642.75,2025-01-09T09:25:00+05:30,,,,,,0.00,0.00,0.00,0.00,0.00,0.00,Absolute gap 0.45 is below 100.00 points.
2025-01-10,SKIPPED,gap_below_threshold,,2025-01-09,2025-01-09T15:29:00+05:30,23557.2,2025-01-10T09:15:00+05:30,23551.9,-5.30,-0.02,2025-01-10T09:16:00+05:30,23571.85,2025-01-10T09:25:00+05:30,,,,,,0.00,0.00,0.00,0.00,0.00,0.00,Absolute gap 5.30 is below 100.00 points.
2025-01-13,TRADED,,2025-01-16,2025-01-10,2025-01-10T15:29:00+05:30,23437.35,2025-01-13T09:15:00+05:30,23195.4,-241.95,-1.03,2025-01-13T09:16:00+05:30,23220.45,2025-01-13T09:25:00+05:30,23200,PE,NIFTY_23200_PE_16_JAN_25.csv,144.19,146.4,2.21,574.60,2.00,520.00,50.00,4.60,
2025-01-14,SKIPPED,gap_below_threshold,,2025-01-13,2025-01-13T15:29:00+05:30,23088.7,2025-01-14T09:15:00+05:30,23165.9,77.20,0.33,2025-01-14T09:16:00+05:30,23201.1,2025-01-14T09:25:00+05:30,,,,,,0.00,0.00,0.00,0.00,0.00,0.00,Absolute gap 77.20 is below 100.00 points.
2025-01-15,SKIPPED,gap_below_threshold,,2025-01-14,2025-01-14T15:29:00+05:30,23206.85,2025-01-15T09:15:00+05:30,23250.45,43.60,0.19,2025-01-15T09:16:00+05:30,23240.45,2025-01-15T09:25:00+05:30,,,,,,0.00,0.00,0.00,0.00,0.00,0.00,Absolute gap 43.60 is below 100.00 points.
2025-01-16,TRADED,,2025-01-16,2025-01-15,2025-01-15T15:29:00+05:30,23228.1,2025-01-16T09:15:00+05:30,23377.25,149.15,0.64,2025-01-16T09:16:00+05:30,23334.65,2025-01-16T09:25:00+05:30,23350,CE,NIFTY_23350_CE_16_JAN_25.csv,34.29,24.95,-9.34,-2428.40,2.00,520.00,50.00,-2998.40,
2025-01-17,SKIPPED,gap_below_threshold,,2025-01-16,2025-01-16T15:29:00+05:30,23350.8,2025-01-17T09:15:00+05:30,23277.1,-73.70,-0.32,2025-01-17T09:16:00+05:30,23200.4,2025-01-17T09:25:00+05:30,,,,,,0.00,0.00,0.00,0.00,0.00,0.00,Absolute gap 73.70 is below 100.00 points.
2025-01-20,SKIPPED,gap_below_threshold,,2025-01-17,2025-01-17T15:29:00+05:30,23203.1,2025-01-20T09:15:00+05:30,23290.4,87.30,0.38,2025-01-20T09:16:00+05:30,23246.6,2025-01-20T09:25:00+05:30,,,,,,0.00,0.00,0.00,0.00,0.00,0.00,Absolute gap 87.30 is below 100.00 points.
2025-01-21,SKIPPED,gap_below_threshold,,2025-01-20,2025-01-20T15:29:00+05:30,23337.05,2025-01-21T09:15:00+05:30,23421.65,84.60,0.36,2025-01-21T09:16:00+05:30,23391.05,2025-01-21T09:25:00+05:30,,,,,,0.00,0.00,0.00,0.00,0.00,0.00,Absolute gap 84.60 is below 100.00 points.
2025-01-22,SKIPPED,gap_below_threshold,,2025-01-21,2025-01-21T15:29:00+05:30,23053.05,2025-01-22T09:15:00+05:30,23099.15,46.10,0.20,2025-01-22T09:16:00+05:30,23099.85,2025-01-22T09:25:00+05:30,,,,,,0.00,0.00,0.00,0.00,0.00,0.00,Absolute gap 46.10 is below 100.00 points.
2025-01-23,SKIPPED,gap_below_threshold,,2025-01-22,2025-01-22T15:29:00+05:30,23161.75,2025-01-23T09:15:00+05:30,23128.3,-33.45,-0.14,2025-01-23T09:16:00+05:30,23102.35,2025-01-23T09:25:00+05:30,,,,,,0.00,0.00,0.00,0.00,0.00,0.00,Absolute gap 33.45 is below 100.00 points.
2025-01-24,SKIPPED,gap_below_threshold,,2025-01-23,2025-01-23T15:29:00+05:30,23216.3,2025-01-24T09:15:00+05:30,23183.9,-32.40,-0.14,2025-01-24T09:16:00+05:30,23235.85,2025-01-24T09:25:00+05:30,,,,,,0.00,0.00,0.00,0.00,0.00,0.00,Absolute gap 32.40 is below 100.00 points.
2025-01-27,TRADED,,2025-01-30,2025-01-24,2025-01-24T15:29:00+05:30,23090.35,2025-01-27T09:15:00+05:30,22940.15,-150.20,-0.65,2025-01-27T09:16:00+05:30,22943.05,2025-01-27T09:25:00+05:30,22950,PE,NIFTY_22950_PE_30_JAN_25.csv,166.25,163.75,-2.50,-650.00,2.00,520.00,50.00,-1220.00,
2025-01-28,TRADED,,2025-01-30,2025-01-27,2025-01-27T15:29:00+05:30,22816.85,2025-01-28T09:15:00+05:30,22960.45,143.60,0.63,2025-01-28T09:16:00+05:30,22938.5,2025-01-28T09:25:00+05:30,22950,CE,NIFTY_22950_CE_30_JAN_25.csv,138.65,148.94,10.29,2675.40,2.00,520.00,50.00,2105.40,
2025-01-29,SKIPPED,gap_below_threshold,,2025-01-28,2025-01-28T15:29:00+05:30,22976.3,2025-01-29T09:15:00+05:30,23026.75,50.45,0.22,2025-01-29T09:16:00+05:30,23034.65,2025-01-29T09:25:00+05:30,,,,,,0.00,0.00,0.00,0.00,0.00,0.00,Absolute gap 50.45 is below 100.00 points.
2025-01-30,SKIPPED,gap_below_threshold,,2025-01-29,2025-01-29T15:29:00+05:30,23176.2,2025-01-30T09:15:00+05:30,23169.5,-6.70,-0.03,2025-01-30T09:16:00+05:30,23147.0,2025-01-30T09:25:00+05:30,,,,,,0.00,0.00,0.00,0.00,0.00,0.00,Absolute gap 6.70 is below 100.00 points.
2025-01-31,SKIPPED,gap_below_threshold,,2025-01-30,2025-01-30T15:29:00+05:30,23297.95,2025-01-31T09:15:00+05:30,23296.75,-1.20,-0.01,2025-01-31T09:16:00+05:30,23286.2,2025-01-31T09:25:00+05:30,,,,,,0.00,0.00,0.00,0.00,0.00,0.00,Absolute gap 1.20 is below 100.00 points.
2025-02-01,SKIPPED,gap_below_threshold,,2025-01-31,2025-01-31T15:29:00+05:30,23533.85,2025-02-01T09:15:00+05:30,23528.6,-5.25,-0.02,2025-02-01T09:16:00+05:30,23535.4,2025-02-01T09:25:00+05:30,,,,,,0.00,0.00,0.00,0.00,0.00,0.00,Absolute gap 5.25 is below 100.00 points.
2025-02-03,TRADED,,2025-02-06,2025-02-01,2025-02-01T15:29:00+05:30,23495.3,2025-02-03T09:15:00+05:30,23319.35,-175.95,-0.75,2025-02-03T09:16:00+05:30,23272.25,2025-02-03T09:25:00+05:30,23250,PE,NIFTY_23250_PE_06_FEB_25.csv,114.7,119.45,4.75,1235.00,2.00,520.00,50.00,665.00,
2025-02-04,TRADED,,2025-02-06,2025-02-03,2025-02-03T15:29:00+05:30,23359.7,2025-02-04T09:15:00+05:30,23509.9,150.20,0.64,2025-02-04T09:16:00+05:30,23493.75,2025-02-04T09:25:00+05:30,23500,CE,NIFTY_23500_CE_06_FEB_25.csv,94.05,118.35,24.30,6318.00,2.00,520.00,50.00,5748.00,
2025-02-05,SKIPPED,gap_below_threshold,,2025-02-04,2025-02-04T15:29:00+05:30,23707.7,2025-02-05T09:15:00+05:30,23801.75,94.05,0.40,2025-02-05T09:16:00+05:30,23767.65,2025-02-05T09:25:00+05:30,,,,,,0.00,0.00,0.00,0.00,0.00,0.00,Absolute gap 94.05 is below 100.00 points.
2025-02-06,SKIPPED,gap_below_threshold,,2025-02-05,2025-02-05T15:29:00+05:30,23686.75,2025-02-06T09:15:00+05:30,23761.95,75.20,0.32,2025-02-06T09:16:00+05:30,23720.6,2025-02-06T09:25:00+05:30,,,,,,0.00,0.00,0.00,0.00,0.00,0.00,Absolute gap 75.20 is below 100.00 points.
2025-02-07,SKIPPED,gap_below_threshold,,2025-02-06,2025-02-06T15:29:00+05:30,23628.05,2025-02-07T09:15:00+05:30,23649.5,21.45,0.09,2025-02-07T09:16:00+05:30,23608.05,2025-02-07T09:25:00+05:30,,,,,,0.00,0.00,0.00,0.00,0.00,0.00,Absolute gap 21.45 is below 100.00 points.
2025-02-10,SKIPPED,gap_below_threshold,,2025-02-07,2025-02-07T15:29:00+05:30,23563.15,2025-02-10T09:15:00+05:30,23543.8,-19.35,-0.08,2025-02-10T09:16:00+05:30,23476.45,2025-02-10T09:25:00+05:30,,,,,,0.00,0.00,0.00,0.00,0.00,0.00,Absolute gap 19.35 is below 100.00 points.
2025-02-11,SKIPPED,gap_below_threshold,,2025-02-10,2025-02-10T15:29:00+05:30,23376.05,2025-02-11T09:15:00+05:30,23383.55,7.50,0.03,2025-02-11T09:16:00+05:30,23345.6,2025-02-11T09:25:00+05:30,,,,,,0.00,0.00,0.00,0.00,0.00,0.00,Absolute gap 7.50 is below 100.00 points.
2025-02-12,SKIPPED,gap_below_threshold,,2025-02-11,2025-02-11T15:29:00+05:30,23070.5,2025-02-12T09:15:00+05:30,23050.8,-19.70,-0.09,2025-02-12T09:16:00+05:30,23041.1,2025-02-12T09:25:00+05:30,,,,,,0.00,0.00,0.00,0.00,0.00,0.00,Absolute gap 19.70 is below 100.00 points.
2025-02-13,SKIPPED,gap_below_threshold,,2025-02-12,2025-02-12T15:29:00+05:30,23057.8,2025-02-13T09:15:00+05:30,23055.75,-2.05,-0.01,2025-02-13T09:16:00+05:30,23097.1,2025-02-13T09:25:00+05:30,,,,,,0.00,0.00,0.00,0.00,0.00,0.00,Absolute gap 2.05 is below 100.00 points.
2025-02-14,SKIPPED,gap_below_threshold,,2025-02-13,2025-02-13T15:29:00+05:30,23019.4,2025-02-14T09:15:00+05:30,23096.45,77.05,0.33,2025-02-14T09:16:00+05:30,23117.2,2025-02-14T09:25:00+05:30,,,,,,0.00,0.00,0.00,0.00,0.00,0.00,Absolute gap 77.05 is below 100.00 points.
2025-02-17,SKIPPED,gap_below_threshold,,2025-02-14,2025-02-14T15:29:00+05:30,22897.25,2025-02-17T09:15:00+05:30,22809.9,-87.35,-0.38,2025-02-17T09:16:00+05:30,22749.0,2025-02-17T09:25:00+05:30,,,,,,0.00,0.00,0.00,0.00,0.00,0.00,Absolute gap 87.35 is below 100.00 points.
2025-02-18,SKIPPED,gap_below_threshold,,2025-02-17,2025-02-17T15:29:00+05:30,22963.5,2025-02-18T09:15:00+05:30,22963.65,0.15,0.00,2025-02-18T09:16:00+05:30,22957.2,2025-02-18T09:25:00+05:30,,,,,,0.00,0.00,0.00,0.00,0.00,0.00,Absolute gap 0.15 is below 100.00 points.
2025-02-19,SKIPPED,gap_below_threshold,,2025-02-18,2025-02-18T15:29:00+05:30,22923.15,2025-02-19T09:15:00+05:30,22847.25,-75.90,-0.33,2025-02-19T09:16:00+05:30,22825.45,2025-02-19T09:25:00+05:30,,,,,,0.00,0.00,0.00,0.00,0.00,0.00,Absolute gap 75.90 is below 100.00 points.
2025-02-20,SKIPPED,gap_below_threshold,,2025-02-19,2025-02-19T15:29:00+05:30,22914.4,2025-02-20T09:15:00+05:30,22821.1,-93.30,-0.41,2025-02-20T09:16:00+05:30,22862.4,2025-02-20T09:25:00+05:30,,,,,,0.00,0.00,0.00,0.00,0.00,0.00,Absolute gap 93.30 is below 100.00 points.
2025-02-21,SKIPPED,gap_below_threshold,,2025-02-20,2025-02-20T15:29:00+05:30,22906.25,2025-02-21T09:15:00+05:30,22857.2,-49.05,-0.21,2025-02-21T09:16:00+05:30,22887.85,2025-02-21T09:25:00+05:30,,,,,,0.00,0.00,0.00,0.00,0.00,0.00,Absolute gap 49.05 is below 100.00 points.
2025-02-24,TRADED,,2025-02-27,2025-02-21,2025-02-21T15:29:00+05:30,22764.35,2025-02-24T09:15:00+05:30,22609.35,-155.00,-0.68,2025-02-24T09:16:00+05:30,22667.05,2025-02-24T09:25:00+05:30,22650,PE,NIFTY_22650_PE_27_FEB_25.csv,111.35,128.35,17.00,4420.00,2.00,520.00,50.00,3850.00,
2025-02-25,SKIPPED,gap_below_threshold,,2025-02-24,2025-02-24T15:29:00+05:30,22548.85,2025-02-25T09:15:00+05:30,22516.45,-32.40,-0.14,2025-02-25T09:16:00+05:30,22562.65,2025-02-25T09:25:00+05:30,,,,,,0.00,0.00,0.00,0.00,0.00,0.00,Absolute gap 32.40 is below 100.00 points.
2025-02-27,SKIPPED,gap_below_threshold,,2025-02-25,2025-02-25T15:29:00+05:30,22526.3,2025-02-27T09:15:00+05:30,22568.95,42.65,0.19,2025-02-27T09:16:00+05:30,22584.4,2025-02-27T09:25:00+05:30,,,,,,0.00,0.00,0.00,0.00,0.00,0.00,Absolute gap 42.65 is below 100.00 points.
2025-02-28,SKIPPED,gap_below_threshold,,2025-02-27,2025-02-27T15:29:00+05:30,22510.85,2025-02-28T09:15:00+05:30,22433.4,-77.45,-0.34,2025-02-28T09:16:00+05:30,22348.4,2025-02-28T09:25:00+05:30,,,,,,0.00,0.00,0.00,0.00,0.00,0.00,Absolute gap 77.45 is below 100.00 points.
2025-03-03,SKIPPED,gap_below_threshold,,2025-02-28,2025-02-28T15:29:00+05:30,22127.4,2025-03-03T09:15:00+05:30,22194.55,67.15,0.30,2025-03-03T09:16:00+05:30,22217.95,2025-03-03T09:25:00+05:30,,,,,,0.00,0.00,0.00,0.00,0.00,0.00,Absolute gap 67.15 is below 100.00 points.
2025-03-04,TRADED,,2025-03-06,2025-03-03,2025-03-03T15:29:00+05:30,22143.15,2025-03-04T09:15:00+05:30,21974.45,-168.70,-0.76,2025-03-04T09:16:00+05:30,21986.85,2025-03-04T09:25:00+05:30,22000,PE,NIFTY_22000_PE_06_MAR_25.csv,104.4,88.95,-15.45,-4017.00,2.00,520.00,50.00,-4587.00,
2025-03-05,SKIPPED,gap_below_threshold,,2025-03-04,2025-03-04T15:29:00+05:30,22080.3,2025-03-05T09:15:00+05:30,22073.05,-7.25,-0.03,2025-03-05T09:16:00+05:30,22129.35,2025-03-05T09:25:00+05:30,,,,,,0.00,0.00,0.00,0.00,0.00,0.00,Absolute gap 7.25 is below 100.00 points.
2025-03-06,TRADED,,2025-03-06,2025-03-05,2025-03-05T15:29:00+05:30,22346.65,2025-03-06T09:15:00+05:30,22476.35,129.70,0.58,2025-03-06T09:16:00+05:30,22452.3,2025-03-06T09:25:00+05:30,22450,CE,NIFTY_22450_CE_06_MAR_25.csv,49.7,24.8,-24.90,-6474.00,2.00,520.00,50.00,-7044.00,
2025-03-07,SKIPPED,gap_below_threshold,,2025-03-06,2025-03-06T15:29:00+05:30,22529.2,2025-03-07T09:15:00+05:30,22508.65,-20.55,-0.09,2025-03-07T09:16:00+05:30,22478.1,2025-03-07T09:25:00+05:30,,,,,,0.00,0.00,0.00,0.00,0.00,0.00,Absolute gap 20.55 is below 100.00 points.
2025-03-10,SKIPPED,gap_below_threshold,,2025-03-07,2025-03-07T15:29:00+05:30,22536.95,2025-03-10T09:15:00+05:30,22521.85,-15.10,-0.07,2025-03-10T09:16:00+05:30,22559.85,2025-03-10T09:25:00+05:30,,,,,,0.00,0.00,0.00,0.00,0.00,0.00,Absolute gap 15.10 is below 100.00 points.
2025-03-11,SKIPPED,gap_below_threshold,,2025-03-10,2025-03-10T15:29:00+05:30,22441.1,2025-03-11T09:15:00+05:30,22345.95,-95.15,-0.42,2025-03-11T09:16:00+05:30,22341.8,2025-03-11T09:25:00+05:30,,,,,,0.00,0.00,0.00,0.00,0.00,0.00,Absolute gap 95.15 is below 100.00 points.
2025-03-12,SKIPPED,gap_below_threshold,,2025-03-11,2025-03-11T15:29:00+05:30,22520.5,2025-03-12T09:15:00+05:30,22536.35,15.85,0.07,2025-03-12T09:16:00+05:30,22545.5,2025-03-12T09:25:00+05:30,,,,,,0.00,0.00,0.00,0.00,0.00,0.00,Absolute gap 15.85 is below 100.00 points.
2025-03-13,SKIPPED,gap_below_threshold,,2025-03-12,2025-03-12T15:29:00+05:30,22468.5,2025-03-13T09:15:00+05:30,22541.5,73.00,0.32,2025-03-13T09:16:00+05:30,22501.9,2025-03-13T09:25:00+05:30,,,,,,0.00,0.00,0.00,0.00,0.00,0.00,Absolute gap 73.00 is below 100.00 points.
2025-03-17,SKIPPED,gap_below_threshold,,2025-03-13,2025-03-13T15:29:00+05:30,22383.3,2025-03-17T09:15:00+05:30,22353.15,-30.15,-0.13,2025-03-17T09:16:00+05:30,22480.8,2025-03-17T09:25:00+05:30,,,,,,0.00,0.00,0.00,0.00,0.00,0.00,Absolute gap 30.15 is below 100.00 points.
2025-03-18,TRADED,,2025-03-20,2025-03-17,2025-03-17T15:29:00+05:30,22515.25,2025-03-18T09:15:00+05:30,22662.25,147.00,0.65,2025-03-18T09:16:00+05:30,22614.75,2025-03-18T09:25:00+05:30,22600,CE,NIFTY_22600_CE_20_MAR_25.csv,124.55,162.3,37.75,9815.00,2.00,520.00,50.00,9245.00,
2025-03-19,SKIPPED,gap_below_threshold,,2025-03-18,2025-03-18T15:29:00+05:30,22848.75,2025-03-19T09:15:00+05:30,22874.95,26.20,0.11,2025-03-19T09:16:00+05:30,22843.7,2025-03-19T09:25:00+05:30,,,,,,0.00,0.00,0.00,0.00,0.00,0.00,Absolute gap 26.20 is below 100.00 points.
2025-03-20,TRADED,,2025-03-20,2025-03-19,2025-03-19T15:29:00+05:30,22911.8,2025-03-20T09:15:00+05:30,23036.6,124.80,0.54,2025-03-20T09:16:00+05:30,23007.3,2025-03-20T09:25:00+05:30,23000,CE,NIFTY_23000_CE_20_MAR_25.csv,61.1,94.0,32.90,8554.00,2.00,520.00,50.00,7984.00,
2025-03-21,SKIPPED,gap_below_threshold,,2025-03-20,2025-03-20T15:29:00+05:30,23165.7,2025-03-21T09:15:00+05:30,23168.25,2.55,0.01,2025-03-21T09:16:00+05:30,23156.5,2025-03-21T09:25:00+05:30,,,,,,0.00,0.00,0.00,0.00,0.00,0.00,Absolute gap 2.55 is below 100.00 points.
2025-03-24,TRADED,,2025-03-27,2025-03-21,2025-03-21T15:29:00+05:30,23355.65,2025-03-24T09:15:00+05:30,23515.4,159.75,0.68,2025-03-24T09:16:00+05:30,23489.0,2025-03-24T09:25:00+05:30,23500,CE,NIFTY_23500_CE_27_MAR_25.csv,118.0,135.55,17.55,4563.00,2.00,520.00,50.00,3993.00,
2025-03-25,SKIPPED,gap_below_threshold,,2025-03-24,2025-03-24T15:29:00+05:30,23674.15,2025-03-25T09:15:00+05:30,23751.5,77.35,0.33,2025-03-25T09:16:00+05:30,23764.6,2025-03-25T09:25:00+05:30,,,,,,0.00,0.00,0.00,0.00,0.00,0.00,Absolute gap 77.35 is below 100.00 points.
2025-03-26,SKIPPED,gap_below_threshold,,2025-03-25,2025-03-25T15:29:00+05:30,23605.95,2025-03-26T09:15:00+05:30,23700.95,95.00,0.40,2025-03-26T09:16:00+05:30,23684.0,2025-03-26T09:25:00+05:30,,,,,,0.00,0.00,0.00,0.00,0.00,0.00,Absolute gap 95.00 is below 100.00 points.
2025-03-27,SKIPPED,gap_below_threshold,,2025-03-26,2025-03-26T15:29:00+05:30,23464.3,2025-03-27T09:15:00+05:30,23433.95,-30.35,-0.13,2025-03-27T09:16:00+05:30,23451.6,2025-03-27T09:25:00+05:30,,,,,,0.00,0.00,0.00,0.00,0.00,0.00,Absolute gap 30.35 is below 100.00 points.
2025-03-28,SKIPPED,gap_below_threshold,,2025-03-27,2025-03-27T15:29:00+05:30,23601.05,2025-03-28T09:15:00+05:30,23600.4,-0.65,-0.00,2025-03-28T09:16:00+05:30,23592.95,2025-03-28T09:25:00+05:30,,,,,,0.00,0.00,0.00,0.00,0.00,0.00,Absolute gap 0.65 is below 100.00 points.
2025-04-01,TRADED,,2025-04-03,2025-03-28,2025-03-28T15:29:00+05:30,23495.15,2025-04-01T09:15:00+05:30,23341.1,-154.05,-0.66,2025-04-01T09:16:00+05:30,23415.75,2025-04-01T09:25:00+05:30,23400,PE,NIFTY_23400_PE_03_APR_25.csv,96.9,90.75,-6.15,-1599.00,2.00,520.00,50.00,-2169.00,
2025-04-02,SKIPPED,gap_below_threshold,,2025-04-01,2025-04-01T15:29:00+05:30,23179.7,2025-04-02T09:15:00+05:30,23192.6,12.90,0.06,2025-04-02T09:16:00+05:30,23204.6,2025-04-02T09:25:00+05:30,,,,,,0.00,0.00,0.00,0.00,0.00,0.00,Absolute gap 12.90 is below 100.00 points.
2025-04-03,TRADED,,2025-04-03,2025-04-02,2025-04-02T15:29:00+05:30,23330.8,2025-04-03T09:15:00+05:30,23150.3,-180.50,-0.77,2025-04-03T09:16:00+05:30,23193.7,2025-04-03T09:25:00+05:30,23200,PE,NIFTY_23200_PE_03_APR_25.csv,75.8,43.4,-32.40,-8424.00,2.00,520.00,50.00,-8994.00,
2025-04-04,SKIPPED,gap_below_threshold,,2025-04-03,2025-04-03T15:29:00+05:30,23241.6,2025-04-04T09:15:00+05:30,23190.4,-51.20,-0.22,2025-04-04T09:16:00+05:30,23123.05,2025-04-04T09:25:00+05:30,,,,,,0.00,0.00,0.00,0.00,0.00,0.00,Absolute gap 51.20 is below 100.00 points.
2025-04-07,TRADED,,2025-04-09,2025-04-04,2025-04-04T15:29:00+05:30,22912.05,2025-04-07T09:15:00+05:30,21758.4,-1153.65,-5.04,2025-04-07T09:16:00+05:30,22028.05,2025-04-07T09:25:00+05:30,22050,PE,NIFTY_22050_PE_09_APR_25.csv,257.2,271.6,14.40,3744.00,2.00,520.00,50.00,3174.00,
2025-04-08,TRADED,,2025-04-09,2025-04-07,2025-04-07T15:29:00+05:30,22238.0,2025-04-08T09:15:00+05:30,22446.75,208.75,0.94,2025-04-08T09:16:00+05:30,22550.5,2025-04-08T09:25:00+05:30,22550,CE,NIFTY_22550_CE_09_APR_25.csv,199.15,154.35,-44.80,-11648.00,2.00,520.00,50.00,-12218.00,
2025-04-09,SKIPPED,gap_below_threshold,,2025-04-08,2025-04-08T15:29:00+05:30,22547.2,2025-04-09T09:15:00+05:30,22460.3,-86.90,-0.39,2025-04-09T09:16:00+05:30,22401.2,2025-04-09T09:25:00+05:30,,,,,,0.00,0.00,0.00,0.00,0.00,0.00,Absolute gap 86.90 is below 100.00 points.
2025-04-11,TRADED,,2025-04-17,2025-04-09,2025-04-09T15:29:00+05:30,22420.4,2025-04-11T09:15:00+05:30,22695.4,275.00,1.23,2025-04-11T09:16:00+05:30,22712.95,2025-04-11T09:25:00+05:30,22700,CE,NIFTY_22700_CE_17_APR_25.csv,286.3,324.35,38.05,9893.00,2.00,520.00,50.00,9323.00,
2025-04-15,TRADED,,2025-04-17,2025-04-11,2025-04-11T15:29:00+05:30,22844.5,2025-04-15T09:15:00+05:30,23368.35,523.85,2.29,2025-04-15T09:16:00+05:30,23255.55,2025-04-15T09:25:00+05:30,23250,CE,NIFTY_23250_CE_17_APR_25.csv,186.25,176.8,-9.45,-2457.00,2.00,520.00,50.00,-3027.00,
2025-04-16,SKIPPED,gap_below_threshold,,2025-04-15,2025-04-15T15:29:00+05:30,23344.1,2025-04-16T09:15:00+05:30,23344.1,0.00,0.00,2025-04-16T09:16:00+05:30,23292.6,2025-04-16T09:25:00+05:30,,,,,,0.00,0.00,0.00,0.00,0.00,0.00,Absolute gap 0.00 is below 100.00 points.
2025-04-17,SKIPPED,gap_below_threshold,,2025-04-16,2025-04-16T15:29:00+05:30,23433.3,2025-04-17T09:15:00+05:30,23401.85,-31.45,-0.13,2025-04-17T09:16:00+05:30,23379.05,2025-04-17T09:25:00+05:30,,,,,,0.00,0.00,0.00,0.00,0.00,0.00,Absolute gap 31.45 is below 100.00 points.
2025-04-21,TRADED,,2025-04-24,2025-04-17,2025-04-17T15:29:00+05:30,23837.75,2025-04-21T09:15:00+05:30,23949.15,111.40,0.47,2025-04-21T09:16:00+05:30,23985.8,2025-04-21T09:25:00+05:30,24000,CE,NIFTY_24000_CE_24_APR_25.csv,144.65,144.15,-0.50,-130.00,2.00,520.00,50.00,-700.00,
2025-04-22,SKIPPED,gap_below_threshold,,2025-04-21,2025-04-21T15:29:00+05:30,24121.2,2025-04-22T09:15:00+05:30,24185.4,64.20,0.27,2025-04-22T09:16:00+05:30,24141.65,2025-04-22T09:25:00+05:30,,,,,,0.00,0.00,0.00,0.00,0.00,0.00,Absolute gap 64.20 is below 100.00 points.
2025-04-23,TRADED,,2025-04-24,2025-04-22,2025-04-22T15:29:00+05:30,24134.05,2025-04-23T09:15:00+05:30,24357.6,223.55,0.93,2025-04-23T09:16:00+05:30,24288.05,2025-04-23T09:25:00+05:30,24300,CE,NIFTY_24300_CE_24_APR_25.csv,78.2,113.15,34.95,9087.00,2.00,520.00,50.00,8517.00,
2025-04-24,SKIPPED,gap_below_threshold,,2025-04-23,2025-04-23T15:29:00+05:30,24300.85,2025-04-24T09:15:00+05:30,24277.9,-22.95,-0.09,2025-04-24T09:16:00+05:30,24279.55,2025-04-24T09:25:00+05:30,,,,,,0.00,0.00,0.00,0.00,0.00,0.00,Absolute gap 22.95 is below 100.00 points.
2025-04-25,SKIPPED,gap_below_threshold,,2025-04-24,2025-04-24T15:29:00+05:30,24245.05,2025-04-25T09:15:00+05:30,24289.0,43.95,0.18,2025-04-25T09:16:00+05:30,24343.0,2025-04-25T09:25:00+05:30,,,,,,0.00,0.00,0.00,0.00,0.00,0.00,Absolute gap 43.95 is below 100.00 points.
2025-04-28,SKIPPED,gap_below_threshold,,2025-04-25,2025-04-25T15:29:00+05:30,23991.65,2025-04-28T09:15:00+05:30,24070.25,78.60,0.33,2025-04-28T09:16:00+05:30,24115.75,2025-04-28T09:25:00+05:30,,,,,,0.00,0.00,0.00,0.00,0.00,0.00,Absolute gap 78.60 is below 100.00 points.
2025-04-29,SKIPPED,gap_below_threshold,,2025-04-28,2025-04-28T15:29:00+05:30,24312.9,2025-04-29T09:15:00+05:30,24370.7,57.80,0.24,2025-04-29T09:16:00+05:30,24421.05,2025-04-29T09:25:00+05:30,,,,,,0.00,0.00,0.00,0.00,0.00,0.00,Absolute gap 57.80 is below 100.00 points.
2025-04-30,SKIPPED,gap_below_threshold,,2025-04-29,2025-04-29T15:29:00+05:30,24325.45,2025-04-30T09:15:00+05:30,24342.05,16.60,0.07,2025-04-30T09:16:00+05:30,24281.25,2025-04-30T09:25:00+05:30,,,,,,0.00,0.00,0.00,0.00,0.00,0.00,Absolute gap 16.60 is below 100.00 points.
2025-05-02,SKIPPED,gap_below_threshold,,2025-04-30,2025-04-30T15:29:00+05:30,24246.25,2025-05-02T09:15:00+05:30,24311.9,65.65,0.27,2025-05-02T09:16:00+05:30,24429.0,2025-05-02T09:25:00+05:30,,,,,,0.00,0.00,0.00,0.00,0.00,0.00,Absolute gap 65.65 is below 100.00 points.
2025-05-05,TRADED,,2025-05-08,2025-05-02,2025-05-02T15:29:00+05:30,24313.65,2025-05-05T09:15:00+05:30,24419.5,105.85,0.44,2025-05-05T09:16:00+05:30,24449.05,2025-05-05T09:25:00+05:30,24450,CE,NIFTY_24450_CE_08_MAY_25.csv,128.35,125.65,-2.70,-702.00,2.00,520.00,50.00,-1272.00,
2025-05-06,SKIPPED,gap_below_threshold,,2025-05-05,2025-05-05T15:29:00+05:30,24459.5,2025-05-06T09:15:00+05:30,24500.75,41.25,0.17,2025-05-06T09:16:00+05:30,24459.0,2025-05-06T09:25:00+05:30,,,,,,0.00,0.00,0.00,0.00,0.00,0.00,Absolute gap 41.25 is below 100.00 points.
2025-05-07,TRADED,,2025-05-08,2025-05-06,2025-05-06T15:29:00+05:30,24335.9,2025-05-07T09:15:00+05:30,24233.3,-102.60,-0.42,2025-05-07T09:16:00+05:30,24342.1,2025-05-07T09:25:00+05:30,24350,PE,NIFTY_24350_PE_08_MAY_25.csv,94.35,92.25,-2.10,-546.00,2.00,520.00,50.00,-1116.00,
2025-05-08,SKIPPED,gap_below_threshold,,2025-05-07,2025-05-07T15:29:00+05:30,24409.3,2025-05-08T09:15:00+05:30,24431.5,22.20,0.09,2025-05-08T09:16:00+05:30,24434.45,2025-05-08T09:25:00+05:30,,,,,,0.00,0.00,0.00,0.00,0.00,0.00,Absolute gap 22.20 is below 100.00 points.
2025-05-09,TRADED,,2025-05-15,2025-05-08,2025-05-08T15:29:00+05:30,24154.1,2025-05-09T09:15:00+05:30,23935.75,-218.35,-0.90,2025-05-09T09:16:00+05:30,24126.0,2025-05-09T09:25:00+05:30,24150,PE,NIFTY_24150_PE_15_MAY_25.csv,300.85,287.35,-13.50,-3510.00,2.00,520.00,50.00,-4080.00,
2025-05-12,TRADED,,2025-05-15,2025-05-09,2025-05-09T15:29:00+05:30,24038.65,2025-05-12T09:15:00+05:30,24420.1,381.45,1.59,2025-05-12T09:16:00+05:30,24514.9,2025-05-12T09:25:00+05:30,24500,CE,NIFTY_24500_CE_15_MAY_25.csv,154.9,195.85,40.95,10647.00,2.00,520.00,50.00,10077.00,
2025-05-13,SKIPPED,gap_below_threshold,,2025-05-12,2025-05-12T15:29:00+05:30,24920.25,2025-05-13T09:15:00+05:30,24864.05,-56.20,-0.23,2025-05-13T09:16:00+05:30,24960.45,2025-05-13T09:25:00+05:30,,,,,,0.00,0.00,0.00,0.00,0.00,0.00,Absolute gap 56.20 is below 100.00 points.
2025-05-14,SKIPPED,gap_below_threshold,,2025-05-13,2025-05-13T15:29:00+05:30,24593.65,2025-05-14T09:15:00+05:30,24613.8,20.15,0.08,2025-05-14T09:16:00+05:30,24618.75,2025-05-14T09:25:00+05:30,,,,,,0.00,0.00,0.00,0.00,0.00,0.00,Absolute gap 20.15 is below 100.00 points.
2025-05-15,SKIPPED,gap_below_threshold,,2025-05-14,2025-05-14T15:29:00+05:30,24685.75,2025-05-15T09:15:00+05:30,24694.45,8.70,0.04,2025-05-15T09:16:00+05:30,24641.3,2025-05-15T09:25:00+05:30,,,,,,0.00,0.00,0.00,0.00,0.00,0.00,Absolute gap 8.70 is below 100.00 points.
2025-05-16,SKIPPED,gap_below_threshold,,2025-05-15,2025-05-15T15:29:00+05:30,25035.3,2025-05-16T09:15:00+05:30,25064.65,29.35,0.12,2025-05-16T09:16:00+05:30,24998.7,2025-05-16T09:25:00+05:30,,,,,,0.00,0.00,0.00,0.00,0.00,0.00,Absolute gap 29.35 is below 100.00 points.
2025-05-19,SKIPPED,gap_below_threshold,,2025-05-16,2025-05-16T15:29:00+05:30,25013.1,2025-05-19T09:15:00+05:30,25005.35,-7.75,-0.03,2025-05-19T09:16:00+05:30,24978.1,2025-05-19T09:25:00+05:30,,,,,,0.00,0.00,0.00,0.00,0.00,0.00,Absolute gap 7.75 is below 100.00 points.
2025-05-20,SKIPPED,gap_below_threshold,,2025-05-19,2025-05-19T15:29:00+05:30,24935.35,2025-05-20T09:15:00+05:30,24996.2,60.85,0.24,2025-05-20T09:16:00+05:30,24988.9,2025-05-20T09:25:00+05:30,,,,,,0.00,0.00,0.00,0.00,0.00,0.00,Absolute gap 60.85 is below 100.00 points.
2025-05-21,SKIPPED,gap_below_threshold,,2025-05-20,2025-05-20T15:29:00+05:30,24713.85,2025-05-21T09:15:00+05:30,24744.25,30.40,0.12,2025-05-21T09:16:00+05:30,24760.35,2025-05-21T09:25:00+05:30,,,,,,0.00,0.00,0.00,0.00,0.00,0.00,Absolute gap 30.40 is below 100.00 points.
2025-05-22,SKIPPED,gap_below_threshold,,2025-05-21,2025-05-21T15:29:00+05:30,24800.95,2025-05-22T09:15:00+05:30,24733.95,-67.00,-0.27,2025-05-22T09:16:00+05:30,24703.85,2025-05-22T09:25:00+05:30,,,,,,0.00,0.00,0.00,0.00,0.00,0.00,Absolute gap 67.00 is below 100.00 points.
2025-05-23,SKIPPED,gap_below_threshold,,2025-05-22,2025-05-22T15:29:00+05:30,24637.0,2025-05-23T09:15:00+05:30,24639.5,2.50,0.01,2025-05-23T09:16:00+05:30,24648.85,2025-05-23T09:25:00+05:30,,,,,,0.00,0.00,0.00,0.00,0.00,0.00,Absolute gap 2.50 is below 100.00 points.
2025-05-26,SKIPPED,gap_below_threshold,,2025-05-23,2025-05-23T15:29:00+05:30,24845.15,2025-05-26T09:15:00+05:30,24919.35,74.20,0.30,2025-05-26T09:16:00+05:30,24993.3,2025-05-26T09:25:00+05:30,,,,,,0.00,0.00,0.00,0.00,0.00,0.00,Absolute gap 74.20 is below 100.00 points.
2025-05-27,SKIPPED,gap_below_threshold,,2025-05-26,2025-05-26T15:29:00+05:30,24996.35,2025-05-27T09:15:00+05:30,24956.65,-39.70,-0.16,2025-05-27T09:16:00+05:30,24922.9,2025-05-27T09:25:00+05:30,,,,,,0.00,0.00,0.00,0.00,0.00,0.00,Absolute gap 39.70 is below 100.00 points.
2025-05-28,SKIPPED,gap_below_threshold,,2025-05-27,2025-05-27T15:29:00+05:30,24837.7,2025-05-28T09:15:00+05:30,24832.5,-5.20,-0.02,2025-05-28T09:16:00+05:30,24812.7,2025-05-28T09:25:00+05:30,,,,,,0.00,0.00,0.00,0.00,0.00,0.00,Absolute gap 5.20 is below 100.00 points.
2025-05-29,SKIPPED,gap_below_threshold,,2025-05-28,2025-05-28T15:29:00+05:30,24757.15,2025-05-29T09:15:00+05:30,24825.1,67.95,0.27,2025-05-29T09:16:00+05:30,24883.1,2025-05-29T09:25:00+05:30,,,,,,0.00,0.00,0.00,0.00,0.00,0.00,Absolute gap 67.95 is below 100.00 points.
2025-05-30,SKIPPED,gap_below_threshold,,2025-05-29,2025-05-29T15:29:00+05:30,24880.85,2025-05-30T09:15:00+05:30,24812.6,-68.25,-0.27,2025-05-30T09:16:00+05:30,24814.4,2025-05-30T09:25:00+05:30,,,,,,0.00,0.00,0.00,0.00,0.00,0.00,Absolute gap 68.25 is below 100.00 points.
2025-06-02,SKIPPED,gap_below_threshold,,2025-05-30,2025-05-30T15:29:00+05:30,24736.65,2025-06-02T09:15:00+05:30,24669.7,-66.95,-0.27,2025-06-02T09:16:00+05:30,24599.8,2025-06-02T09:25:00+05:30,,,,,,0.00,0.00,0.00,0.00,0.00,0.00,Absolute gap 66.95 is below 100.00 points.
2025-06-03,SKIPPED,gap_below_threshold,,2025-06-02,2025-06-02T15:29:00+05:30,24690.35,2025-06-03T09:15:00+05:30,24786.3,95.95,0.39,2025-06-03T09:16:00+05:30,24801.35,2025-06-03T09:25:00+05:30,,,,,,0.00,0.00,0.00,0.00,0.00,0.00,Absolute gap 95.95 is below 100.00 points.
2025-06-04,SKIPPED,gap_below_threshold,,2025-06-03,2025-06-03T15:29:00+05:30,24538.4,2025-06-04T09:15:00+05:30,24560.45,22.05,0.09,2025-06-04T09:16:00+05:30,24590.4,2025-06-04T09:25:00+05:30,,,,,,0.00,0.00,0.00,0.00,0.00,0.00,Absolute gap 22.05 is below 100.00 points.
2025-06-05,SKIPPED,gap_below_threshold,,2025-06-04,2025-06-04T15:29:00+05:30,24612.0,2025-06-05T09:15:00+05:30,24691.2,79.20,0.32,2025-06-05T09:16:00+05:30,24660.7,2025-06-05T09:25:00+05:30,,,,,,0.00,0.00,0.00,0.00,0.00,0.00,Absolute gap 79.20 is below 100.00 points.
2025-06-06,SKIPPED,gap_below_threshold,,2025-06-05,2025-06-05T15:29:00+05:30,24761.1,2025-06-06T09:15:00+05:30,24748.7,-12.40,-0.05,2025-06-06T09:16:00+05:30,24735.25,2025-06-06T09:25:00+05:30,,,,,,0.00,0.00,0.00,0.00,0.00,0.00,Absolute gap 12.40 is below 100.00 points.
2025-06-09,TRADED,,2025-06-12,2025-06-06,2025-06-06T15:29:00+05:30,25000.3,2025-06-09T09:15:00+05:30,25160.1,159.80,0.64,2025-06-09T09:16:00+05:30,25121.05,2025-06-09T09:25:00+05:30,25100,CE,NIFTY_25100_CE_12_JUN_25.csv,166.3,153.85,-12.45,-3237.00,2.00,520.00,50.00,-3807.00,
2025-06-10,SKIPPED,gap_below_threshold,,2025-06-09,2025-06-09T15:29:00+05:30,25103.1,2025-06-10T09:15:00+05:30,25196.05,92.95,0.37,2025-06-10T09:16:00+05:30,25153.35,2025-06-10T09:25:00+05:30,,,,,,0.00,0.00,0.00,0.00,0.00,0.00,Absolute gap 92.95 is below 100.00 points.
2025-06-11,SKIPPED,gap_below_threshold,,2025-06-10,2025-06-10T15:29:00+05:30,25091.5,2025-06-11T09:15:00+05:30,25134.15,42.65,0.17,2025-06-11T09:16:00+05:30,25110.25,2025-06-11T09:25:00+05:30,,,,,,0.00,0.00,0.00,0.00,0.00,0.00,Absolute gap 42.65 is below 100.00 points.
2025-06-12,SKIPPED,gap_below_threshold,,2025-06-11,2025-06-11T15:29:00+05:30,25126.8,2025-06-12T09:15:00+05:30,25164.45,37.65,0.15,2025-06-12T09:16:00+05:30,25129.8,2025-06-12T09:25:00+05:30,,,,,,0.00,0.00,0.00,0.00,0.00,0.00,Absolute gap 37.65 is below 100.00 points.
2025-06-13,TRADED,,2025-06-19,2025-06-12,2025-06-12T15:29:00+05:30,24856.0,2025-06-13T09:15:00+05:30,24473.0,-383.00,-1.54,2025-06-13T09:16:00+05:30,24543.65,2025-06-13T09:25:00+05:30,24550,PE,NIFTY_24550_PE_19_JUN_25.csv,207.7,165.65,-42.05,-10933.00,2.00,520.00,50.00,-11503.00,
2025-06-16,SKIPPED,gap_below_threshold,,2025-06-13,2025-06-13T15:29:00+05:30,24735.55,2025-06-16T09:15:00+05:30,24732.35,-3.20,-0.01,2025-06-16T09:16:00+05:30,24770.8,2025-06-16T09:25:00+05:30,,,,,,0.00,0.00,0.00,0.00,0.00,0.00,Absolute gap 3.20 is below 100.00 points.
2025-06-17,SKIPPED,gap_below_threshold,,2025-06-16,2025-06-16T15:29:00+05:30,24940.95,2025-06-17T09:15:00+05:30,24977.85,36.90,0.15,2025-06-17T09:16:00+05:30,24926.8,2025-06-17T09:25:00+05:30,,,,,,0.00,0.00,0.00,0.00,0.00,0.00,Absolute gap 36.90 is below 100.00 points.
2025-06-18,SKIPPED,gap_below_threshold,,2025-06-17,2025-06-17T15:29:00+05:30,24841.5,2025-06-18T09:15:00+05:30,24788.35,-53.15,-0.21,2025-06-18T09:16:00+05:30,24791.0,2025-06-18T09:25:00+05:30,,,,,,0.00,0.00,0.00,0.00,0.00,0.00,Absolute gap 53.15 is below 100.00 points.
2025-06-19,SKIPPED,gap_below_threshold,,2025-06-18,2025-06-18T15:29:00+05:30,24798.75,2025-06-19T09:15:00+05:30,24803.25,4.50,0.02,2025-06-19T09:16:00+05:30,24785.85,2025-06-19T09:25:00+05:30,,,,,,0.00,0.00,0.00,0.00,0.00,0.00,Absolute gap 4.50 is below 100.00 points.
2025-06-20,SKIPPED,gap_below_threshold,,2025-06-19,2025-06-19T15:29:00+05:30,24744.7,2025-06-20T09:15:00+05:30,24787.65,42.95,0.17,2025-06-20T09:16:00+05:30,24862.8,2025-06-20T09:25:00+05:30,,,,,,0.00,0.00,0.00,0.00,0.00,0.00,Absolute gap 42.95 is below 100.00 points.
2025-06-23,TRADED,,2025-06-26,2025-06-20,2025-06-20T15:29:00+05:30,25079.75,2025-06-23T09:15:00+05:30,24939.75,-140.00,-0.56,2025-06-23T09:16:00+05:30,24966.85,2025-06-23T09:25:00+05:30,24950,PE,NIFTY_24950_PE_26_JUN_25.csv,132.25,152.25,20.00,5200.00,2.00,520.00,50.00,4630.00,
2025-06-24,TRADED,,2025-06-26,2025-06-23,2025-06-23T15:29:00+05:30,24958.9,2025-06-24T09:15:00+05:30,25179.9,221.00,0.89,2025-06-24T09:16:00+05:30,25216.6,2025-06-24T09:25:00+05:30,25200,CE,NIFTY_25200_CE_26_JUN_25.csv,142.05,143.7,1.65,429.00,2.00,520.00,50.00,-141.00,
2025-06-25,SKIPPED,gap_below_threshold,,2025-06-24,2025-06-24T15:29:00+05:30,25071.55,2025-06-25T09:15:00+05:30,25150.35,78.80,0.31,2025-06-25T09:16:00+05:30,25146.9,2025-06-25T09:25:00+05:30,,,,,,0.00,0.00,0.00,0.00,0.00,0.00,Absolute gap 78.80 is below 100.00 points.
2025-06-26,SKIPPED,gap_below_threshold,,2025-06-25,2025-06-25T15:29:00+05:30,25236.35,2025-06-26T09:15:00+05:30,25268.95,32.60,0.13,2025-06-26T09:16:00+05:30,25281.6,2025-06-26T09:25:00+05:30,,,,,,0.00,0.00,0.00,0.00,0.00,0.00,Absolute gap 32.60 is below 100.00 points.
2025-06-27,SKIPPED,gap_below_threshold,,2025-06-26,2025-06-26T15:29:00+05:30,25530.4,2025-06-27T09:15:00+05:30,25576.65,46.25,0.18,2025-06-27T09:16:00+05:30,25617.25,2025-06-27T09:25:00+05:30,,,,,,0.00,0.00,0.00,0.00,0.00,0.00,Absolute gap 46.25 is below 100.00 points.
2025-06-30,SKIPPED,gap_below_threshold,,2025-06-27,2025-06-27T15:29:00+05:30,25632.45,2025-06-30T09:15:00+05:30,25661.65,29.20,0.11,2025-06-30T09:16:00+05:30,25629.6,2025-06-30T09:25:00+05:30,,,,,,0.00,0.00,0.00,0.00,0.00,0.00,Absolute gap 29.20 is below 100.00 points.
2025-07-01,SKIPPED,gap_below_threshold,,2025-06-30,2025-06-30T15:29:00+05:30,25507.45,2025-07-01T09:15:00+05:30,25551.35,43.90,0.17,2025-07-01T09:16:00+05:30,25522.5,2025-07-01T09:25:00+05:30,,,,,,0.00,0.00,0.00,0.00,0.00,0.00,Absolute gap 43.90 is below 100.00 points.
2025-07-02,SKIPPED,gap_below_threshold,,2025-07-01,2025-07-01T15:29:00+05:30,25533.0,2025-07-02T09:15:00+05:30,25588.3,55.30,0.22,2025-07-02T09:16:00+05:30,25597.4,2025-07-02T09:25:00+05:30,,,,,,0.00,0.00,0.00,0.00,0.00,0.00,Absolute gap 55.30 is below 100.00 points.
2025-07-03,SKIPPED,gap_below_threshold,,2025-07-02,2025-07-02T15:29:00+05:30,25442.85,2025-07-03T09:15:00+05:30,25505.1,62.25,0.24,2025-07-03T09:16:00+05:30,25485.45,2025-07-03T09:25:00+05:30,,,,,,0.00,0.00,0.00,0.00,0.00,0.00,Absolute gap 62.25 is below 100.00 points.
2025-07-04,SKIPPED,gap_below_threshold,,2025-07-03,2025-07-03T15:29:00+05:30,25397.4,2025-07-04T09:15:00+05:30,25428.85,31.45,0.12,2025-07-04T09:16:00+05:30,25436.7,2025-07-04T09:25:00+05:30,,,,,,0.00,0.00,0.00,0.00,0.00,0.00,Absolute gap 31.45 is below 100.00 points.
2025-07-07,SKIPPED,gap_below_threshold,,2025-07-04,2025-07-04T15:29:00+05:30,25467.8,2025-07-07T09:15:00+05:30,25450.45,-17.35,-0.07,2025-07-07T09:16:00+05:30,25424.95,2025-07-07T09:25:00+05:30,,,,,,0.00,0.00,0.00,0.00,0.00,0.00,Absolute gap 17.35 is below 100.00 points.
2025-07-08,SKIPPED,gap_below_threshold,,2025-07-07,2025-07-07T15:29:00+05:30,25454.95,2025-07-08T09:15:00+05:30,25427.85,-27.10,-0.11,2025-07-08T09:16:00+05:30,25449.6,2025-07-08T09:25:00+05:30,,,,,,0.00,0.00,0.00,0.00,0.00,0.00,Absolute gap 27.10 is below 100.00 points.
2025-07-09,SKIPPED,gap_below_threshold,,2025-07-08,2025-07-08T15:29:00+05:30,25523.1,2025-07-09T09:15:00+05:30,25514.6,-8.50,-0.03,2025-07-09T09:16:00+05:30,25503.75,2025-07-09T09:25:00+05:30,,,,,,0.00,0.00,0.00,0.00,0.00,0.00,Absolute gap 8.50 is below 100.00 points.
2025-07-10,SKIPPED,gap_below_threshold,,2025-07-09,2025-07-09T15:29:00+05:30,25464.65,2025-07-10T09:15:00+05:30,25511.65,47.00,0.18,2025-07-10T09:16:00+05:30,25482.5,2025-07-10T09:25:00+05:30,,,,,,0.00,0.00,0.00,0.00,0.00,0.00,Absolute gap 47.00 is below 100.00 points.
2025-07-11,SKIPPED,gap_below_threshold,,2025-07-10,2025-07-10T15:29:00+05:30,25348.15,2025-07-11T09:15:00+05:30,25255.5,-92.65,-0.37,2025-07-11T09:16:00+05:30,25263.3,2025-07-11T09:25:00+05:30,,,,,,0.00,0.00,0.00,0.00,0.00,0.00,Absolute gap 92.65 is below 100.00 points.
2025-07-14,SKIPPED,gap_below_threshold,,2025-07-11,2025-07-11T15:29:00+05:30,25140.55,2025-07-14T09:15:00+05:30,25149.5,8.95,0.04,2025-07-14T09:16:00+05:30,25120.25,2025-07-14T09:25:00+05:30,,,,,,0.00,0.00,0.00,0.00,0.00,0.00,Absolute gap 8.95 is below 100.00 points.
2025-07-15,SKIPPED,gap_below_threshold,,2025-07-14,2025-07-14T15:29:00+05:30,25087.1,2025-07-15T09:15:00+05:30,25089.5,2.40,0.01,2025-07-15T09:16:00+05:30,25149.95,2025-07-15T09:25:00+05:30,,,,,,0.00,0.00,0.00,0.00,0.00,0.00,Absolute gap 2.40 is below 100.00 points.
2025-07-16,SKIPPED,gap_below_threshold,,2025-07-15,2025-07-15T15:29:00+05:30,25219.65,2025-07-16T09:15:00+05:30,25196.6,-23.05,-0.09,2025-07-16T09:16:00+05:30,25170.85,2025-07-16T09:25:00+05:30,,,,,,0.00,0.00,0.00,0.00,0.00,0.00,Absolute gap 23.05 is below 100.00 points.
2025-07-17,SKIPPED,gap_below_threshold,,2025-07-16,2025-07-16T15:29:00+05:30,25198.55,2025-07-17T09:15:00+05:30,25230.75,32.20,0.13,2025-07-17T09:16:00+05:30,25219.15,2025-07-17T09:25:00+05:30,,,,,,0.00,0.00,0.00,0.00,0.00,0.00,Absolute gap 32.20 is below 100.00 points.
2025-07-18,SKIPPED,gap_below_threshold,,2025-07-17,2025-07-17T15:29:00+05:30,25109.5,2025-07-18T09:15:00+05:30,25108.55,-0.95,-0.00,2025-07-18T09:16:00+05:30,25113.5,2025-07-18T09:25:00+05:30,,,,,,0.00,0.00,0.00,0.00,0.00,0.00,Absolute gap 0.95 is below 100.00 points.
2025-07-21,SKIPPED,gap_below_threshold,,2025-07-18,2025-07-18T15:29:00+05:30,24967.45,2025-07-21T09:15:00+05:30,24999.0,31.55,0.13,2025-07-21T09:16:00+05:30,24960.9,2025-07-21T09:25:00+05:30,,,,,,0.00,0.00,0.00,0.00,0.00,0.00,Absolute gap 31.55 is below 100.00 points.
2025-07-22,SKIPPED,gap_below_threshold,,2025-07-21,2025-07-21T15:29:00+05:30,25093.3,2025-07-22T09:15:00+05:30,25166.65,73.35,0.29,2025-07-22T09:16:00+05:30,25150.35,2025-07-22T09:25:00+05:30,,,,,,0.00,0.00,0.00,0.00,0.00,0.00,Absolute gap 73.35 is below 100.00 points.
2025-07-23,SKIPPED,gap_below_threshold,,2025-07-22,2025-07-22T15:29:00+05:30,25064.9,2025-07-23T09:15:00+05:30,25139.35,74.45,0.30,2025-07-23T09:16:00+05:30,25137.2,2025-07-23T09:25:00+05:30,,,,,,0.00,0.00,0.00,0.00,0.00,0.00,Absolute gap 74.45 is below 100.00 points.
2025-07-24,SKIPPED,gap_below_threshold,,2025-07-23,2025-07-23T15:29:00+05:30,25209.2,2025-07-24T09:15:00+05:30,25243.3,34.10,0.14,2025-07-24T09:16:00+05:30,25218.05,2025-07-24T09:25:00+05:30,,,,,,0.00,0.00,0.00,0.00,0.00,0.00,Absolute gap 34.10 is below 100.00 points.
2025-07-25,SKIPPED,gap_below_threshold,,2025-07-24,2025-07-24T15:29:00+05:30,25051.9,2025-07-25T09:15:00+05:30,24994.85,-57.05,-0.23,2025-07-25T09:16:00+05:30,24954.45,2025-07-25T09:25:00+05:30,,,,,,0.00,0.00,0.00,0.00,0.00,0.00,Absolute gap 57.05 is below 100.00 points.
2025-07-28,SKIPPED,gap_below_threshold,,2025-07-25,2025-07-25T15:29:00+05:30,24832.2,2025-07-28T09:15:00+05:30,24782.45,-49.75,-0.20,2025-07-28T09:16:00+05:30,24755.2,2025-07-28T09:25:00+05:30,,,,,,0.00,0.00,0.00,0.00,0.00,0.00,Absolute gap 49.75 is below 100.00 points.
2025-07-29,SKIPPED,gap_below_threshold,,2025-07-28,2025-07-28T15:29:00+05:30,24673.95,2025-07-29T09:15:00+05:30,24614.2,-59.75,-0.24,2025-07-29T09:16:00+05:30,24632.7,2025-07-29T09:25:00+05:30,,,,,,0.00,0.00,0.00,0.00,0.00,0.00,Absolute gap 59.75 is below 100.00 points.
2025-07-30,SKIPPED,gap_below_threshold,,2025-07-29,2025-07-29T15:29:00+05:30,24830.4,2025-07-30T09:15:00+05:30,24890.4,60.00,0.24,2025-07-30T09:16:00+05:30,24831.1,2025-07-30T09:25:00+05:30,,,,,,0.00,0.00,0.00,0.00,0.00,0.00,Absolute gap 60.00 is below 100.00 points.
2025-07-31,TRADED,,2025-07-31,2025-07-30,2025-07-30T15:29:00+05:30,24844.55,2025-07-31T09:15:00+05:30,24642.25,-202.30,-0.81,2025-07-31T09:16:00+05:30,24693.5,2025-07-31T09:25:00+05:30,24700,PE,NIFTY_24700_PE_31_JUL_25.csv,72.95,55.05,-17.90,-4654.00,2.00,520.00,50.00,-5224.00,
2025-08-01,SKIPPED,gap_below_threshold,,2025-07-31,2025-07-31T15:29:00+05:30,24765.6,2025-08-01T09:15:00+05:30,24734.9,-30.70,-0.12,2025-08-01T09:16:00+05:30,24723.05,2025-08-01T09:25:00+05:30,,,,,,0.00,0.00,0.00,0.00,0.00,0.00,Absolute gap 30.70 is below 100.00 points.
2025-08-04,SKIPPED,gap_below_threshold,,2025-08-01,2025-08-01T15:29:00+05:30,24572.15,2025-08-04T09:15:00+05:30,24596.05,23.90,0.10,2025-08-04T09:16:00+05:30,24611.35,2025-08-04T09:25:00+05:30,,,,,,0.00,0.00,0.00,0.00,0.00,0.00,Absolute gap 23.90 is below 100.00 points.
2025-08-05,SKIPPED,gap_below_threshold,,2025-08-04,2025-08-04T15:29:00+05:30,24726.9,2025-08-05T09:15:00+05:30,24720.25,-6.65,-0.03,2025-08-05T09:16:00+05:30,24712.1,2025-08-05T09:25:00+05:30,,,,,,0.00,0.00,0.00,0.00,0.00,0.00,Absolute gap 6.65 is below 100.00 points.
2025-08-06,SKIPPED,gap_below_threshold,,2025-08-05,2025-08-05T15:29:00+05:30,24649.5,2025-08-06T09:15:00+05:30,24641.35,-8.15,-0.03,2025-08-06T09:16:00+05:30,24643.65,2025-08-06T09:25:00+05:30,,,,,,0.00,0.00,0.00,0.00,0.00,0.00,Absolute gap 8.15 is below 100.00 points.
2025-08-07,TRADED,,2025-08-07,2025-08-06,2025-08-06T15:29:00+05:30,24569.6,2025-08-07T09:15:00+05:30,24464.2,-105.40,-0.43,2025-08-07T09:16:00+05:30,24498.35,2025-08-07T09:25:00+05:30,24500,PE,NIFTY_24500_PE_07_AUG_25.csv,53.65,41.4,-12.25,-3185.00,2.00,520.00,50.00,-3755.00,
2025-08-08,SKIPPED,gap_below_threshold,,2025-08-07,2025-08-07T15:29:00+05:30,24626.65,2025-08-08T09:15:00+05:30,24544.25,-82.40,-0.33,2025-08-08T09:16:00+05:30,24559.55,2025-08-08T09:25:00+05:30,,,,,,0.00,0.00,0.00,0.00,0.00,0.00,Absolute gap 82.40 is below 100.00 points.
2025-08-11,SKIPPED,gap_below_threshold,,2025-08-08,2025-08-08T15:29:00+05:30,24350.85,2025-08-11T09:15:00+05:30,24371.5,20.65,0.08,2025-08-11T09:16:00+05:30,24361.25,2025-08-11T09:25:00+05:30,,,,,,0.00,0.00,0.00,0.00,0.00,0.00,Absolute gap 20.65 is below 100.00 points.
2025-08-12,SKIPPED,gap_below_threshold,,2025-08-11,2025-08-11T15:29:00+05:30,24562.15,2025-08-12T09:15:00+05:30,24563.35,1.20,0.00,2025-08-12T09:16:00+05:30,24544.45,2025-08-12T09:25:00+05:30,,,,,,0.00,0.00,0.00,0.00,0.00,0.00,Absolute gap 1.20 is below 100.00 points.
2025-08-13,TRADED,,2025-08-14,2025-08-12,2025-08-12T15:29:00+05:30,24485.85,2025-08-13T09:15:00+05:30,24586.2,100.35,0.41,2025-08-13T09:16:00+05:30,24582.0,2025-08-13T09:25:00+05:30,24600,CE,NIFTY_24600_CE_14_AUG_25.csv,73.6,68.45,-5.15,-1339.00,2.00,520.00,50.00,-1909.00,
2025-08-14,SKIPPED,gap_below_threshold,,2025-08-13,2025-08-13T15:29:00+05:30,24630.4,2025-08-14T09:15:00+05:30,24607.25,-23.15,-0.09,2025-08-14T09:16:00+05:30,24644.3,2025-08-14T09:25:00+05:30,,,,,,0.00,0.00,0.00,0.00,0.00,0.00,Absolute gap 23.15 is below 100.00 points.
2025-08-18,TRADED,,2025-08-21,2025-08-14,2025-08-14T15:29:00+05:30,24616.05,2025-08-18T09:15:00+05:30,24938.2,322.15,1.31,2025-08-18T09:16:00+05:30,24918.4,2025-08-18T09:25:00+05:30,24900,CE,NIFTY_24900_CE_21_AUG_25.csv,166.15,177.65,11.50,2990.00,2.00,520.00,50.00,2420.00,
2025-08-19,SKIPPED,gap_below_threshold,,2025-08-18,2025-08-18T15:29:00+05:30,24884.05,2025-08-19T09:15:00+05:30,24891.35,7.30,0.03,2025-08-19T09:16:00+05:30,24899.3,2025-08-19T09:25:00+05:30,,,,,,0.00,0.00,0.00,0.00,0.00,0.00,Absolute gap 7.30 is below 100.00 points.
2025-08-20,SKIPPED,gap_below_threshold,,2025-08-19,2025-08-19T15:29:00+05:30,24989.7,2025-08-20T09:15:00+05:30,24965.8,-23.90,-0.10,2025-08-20T09:16:00+05:30,24958.85,2025-08-20T09:25:00+05:30,,,,,,0.00,0.00,0.00,0.00,0.00,0.00,Absolute gap 23.90 is below 100.00 points.
2025-08-21,SKIPPED,gap_below_threshold,,2025-08-20,2025-08-20T15:29:00+05:30,25047.15,2025-08-21T09:15:00+05:30,25142.0,94.85,0.38,2025-08-21T09:16:00+05:30,25094.4,2025-08-21T09:25:00+05:30,,,,,,0.00,0.00,0.00,0.00,0.00,0.00,Absolute gap 94.85 is below 100.00 points.
2025-08-22,SKIPPED,gap_below_threshold,,2025-08-21,2025-08-21T15:29:00+05:30,25076.95,2025-08-22T09:15:00+05:30,25064.15,-12.80,-0.05,2025-08-22T09:16:00+05:30,25048.85,2025-08-22T09:25:00+05:30,,,,,,0.00,0.00,0.00,0.00,0.00,0.00,Absolute gap 12.80 is below 100.00 points.
2025-08-25,SKIPPED,gap_below_threshold,,2025-08-22,2025-08-22T15:29:00+05:30,24869.45,2025-08-25T09:15:00+05:30,24949.15,79.70,0.32,2025-08-25T09:16:00+05:30,24933.6,2025-08-25T09:25:00+05:30,,,,,,0.00,0.00,0.00,0.00,0.00,0.00,Absolute gap 79.70 is below 100.00 points.
2025-08-26,SKIPPED,gap_below_threshold,,2025-08-25,2025-08-25T15:29:00+05:30,24978.55,2025-08-26T09:15:00+05:30,24899.5,-79.05,-0.32,2025-08-26T09:16:00+05:30,24911.65,2025-08-26T09:25:00+05:30,,,,,,0.00,0.00,0.00,0.00,0.00,0.00,Absolute gap 79.05 is below 100.00 points.
2025-08-28,SKIPPED,gap_below_threshold,,2025-08-26,2025-08-26T15:29:00+05:30,24710.7,2025-08-28T09:15:00+05:30,24695.8,-14.90,-0.06,2025-08-28T09:16:00+05:30,24612.15,2025-08-28T09:25:00+05:30,,,,,,0.00,0.00,0.00,0.00,0.00,0.00,Absolute gap 14.90 is below 100.00 points.
2025-08-29,SKIPPED,gap_below_threshold,,2025-08-28,2025-08-28T15:29:00+05:30,24533.1,2025-08-29T09:15:00+05:30,24466.7,-66.40,-0.27,2025-08-29T09:16:00+05:30,24546.15,2025-08-29T09:25:00+05:30,,,,,,0.00,0.00,0.00,0.00,0.00,0.00,Absolute gap 66.40 is below 100.00 points.
2025-09-01,SKIPPED,gap_below_threshold,,2025-08-29,2025-08-29T15:29:00+05:30,24433.65,2025-09-01T09:15:00+05:30,24432.7,-0.95,-0.00,2025-09-01T09:16:00+05:30,24509.15,2025-09-01T09:25:00+05:30,,,,,,0.00,0.00,0.00,0.00,0.00,0.00,Absolute gap 0.95 is below 100.00 points.
2025-09-02,SKIPPED,gap_below_threshold,,2025-09-01,2025-09-01T15:29:00+05:30,24624.3,2025-09-02T09:15:00+05:30,24653.0,28.70,0.12,2025-09-02T09:16:00+05:30,24677.2,2025-09-02T09:25:00+05:30,,,,,,0.00,0.00,0.00,0.00,0.00,0.00,Absolute gap 28.70 is below 100.00 points.
2025-09-03,SKIPPED,gap_below_threshold,,2025-09-02,2025-09-02T15:29:00+05:30,24575.0,2025-09-03T09:15:00+05:30,24616.5,41.50,0.17,2025-09-03T09:16:00+05:30,24602.9,2025-09-03T09:25:00+05:30,,,,,,0.00,0.00,0.00,0.00,0.00,0.00,Absolute gap 41.50 is below 100.00 points.
2025-09-04,TRADED,,2025-09-09,2025-09-03,2025-09-03T15:29:00+05:30,24713.6,2025-09-04T09:15:00+05:30,24980.75,267.15,1.08,2025-09-04T09:16:00+05:30,24876.95,2025-09-04T09:25:00+05:30,24900,CE,NIFTY_24900_CE_09_SEP_25.csv,107.0,106.1,-0.90,-234.00,2.00,520.00,50.00,-804.00,
2025-09-05,SKIPPED,gap_below_threshold,,2025-09-04,2025-09-04T15:29:00+05:30,24739.8,2025-09-05T09:15:00+05:30,24818.85,79.05,0.32,2025-09-05T09:16:00+05:30,24814.2,2025-09-05T09:25:00+05:30,,,,,,0.00,0.00,0.00,0.00,0.00,0.00,Absolute gap 79.05 is below 100.00 points.
2025-09-08,SKIPPED,gap_below_threshold,,2025-09-05,2025-09-05T15:29:00+05:30,24743.95,2025-09-08T09:15:00+05:30,24802.6,58.65,0.24,2025-09-08T09:16:00+05:30,24803.15,2025-09-08T09:25:00+05:30,,,,,,0.00,0.00,0.00,0.00,0.00,0.00,Absolute gap 58.65 is below 100.00 points.
2025-09-09,SKIPPED,gap_below_threshold,,2025-09-08,2025-09-08T15:29:00+05:30,24791.2,2025-09-09T09:15:00+05:30,24864.1,72.90,0.29,2025-09-09T09:16:00+05:30,24866.6,2025-09-09T09:25:00+05:30,,,,,,0.00,0.00,0.00,0.00,0.00,0.00,Absolute gap 72.90 is below 100.00 points.
2025-09-10,TRADED,,2025-09-16,2025-09-09,2025-09-09T15:29:00+05:30,24878.8,2025-09-10T09:15:00+05:30,24991.0,112.20,0.45,2025-09-10T09:16:00+05:30,24970.7,2025-09-10T09:25:00+05:30,24950,CE,NIFTY_24950_CE_16_SEP_25.csv,135.95,139.45,3.50,910.00,2.00,520.00,50.00,340.00,
2025-09-11,SKIPPED,gap_below_threshold,,2025-09-10,2025-09-10T15:29:00+05:30,24977.55,2025-09-11T09:15:00+05:30,24945.5,-32.05,-0.13,2025-09-11T09:16:00+05:30,24957.3,2025-09-11T09:25:00+05:30,,,,,,0.00,0.00,0.00,0.00,0.00,0.00,Absolute gap 32.05 is below 100.00 points.
2025-09-12,SKIPPED,gap_below_threshold,,2025-09-11,2025-09-11T15:29:00+05:30,25008.1,2025-09-12T09:15:00+05:30,25074.45,66.35,0.27,2025-09-12T09:16:00+05:30,25064.85,2025-09-12T09:25:00+05:30,,,,,,0.00,0.00,0.00,0.00,0.00,0.00,Absolute gap 66.35 is below 100.00 points.
2025-09-15,SKIPPED,gap_below_threshold,,2025-09-12,2025-09-12T15:29:00+05:30,25107.7,2025-09-15T09:15:00+05:30,25118.9,11.20,0.04,2025-09-15T09:16:00+05:30,25116.95,2025-09-15T09:25:00+05:30,,,,,,0.00,0.00,0.00,0.00,0.00,0.00,Absolute gap 11.20 is below 100.00 points.
2025-09-16,SKIPPED,gap_below_threshold,,2025-09-15,2025-09-15T15:29:00+05:30,25069.7,2025-09-16T09:15:00+05:30,25073.6,3.90,0.02,2025-09-16T09:16:00+05:30,25096.75,2025-09-16T09:25:00+05:30,,,,,,0.00,0.00,0.00,0.00,0.00,0.00,Absolute gap 3.90 is below 100.00 points.
2025-09-17,SKIPPED,gap_below_threshold,,2025-09-16,2025-09-16T15:29:00+05:30,25254.45,2025-09-17T09:15:00+05:30,25276.6,22.15,0.09,2025-09-17T09:16:00+05:30,25304.9,2025-09-17T09:25:00+05:30,,,,,,0.00,0.00,0.00,0.00,0.00,0.00,Absolute gap 22.15 is below 100.00 points.
2025-09-18,TRADED,,2025-09-23,2025-09-17,2025-09-17T15:29:00+05:30,25330.15,2025-09-18T09:15:00+05:30,25441.05,110.90,0.44,2025-09-18T09:16:00+05:30,25417.95,2025-09-18T09:25:00+05:30,25400,CE,NIFTY_25400_CE_23_SEP_25.csv,121.8,127.4,5.60,1456.00,2.00,520.00,50.00,886.00,
2025-09-19,SKIPPED,gap_below_threshold,,2025-09-18,2025-09-18T15:29:00+05:30,25420.75,2025-09-19T09:15:00+05:30,25410.2,-10.55,-0.04,2025-09-19T09:16:00+05:30,25397.1,2025-09-19T09:25:00+05:30,,,,,,0.00,0.00,0.00,0.00,0.00,0.00,Absolute gap 10.55 is below 100.00 points.
2025-09-22,TRADED,,2025-09-23,2025-09-19,2025-09-19T15:29:00+05:30,25352.5,2025-09-22T09:15:00+05:30,25238.1,-114.40,-0.45,2025-09-22T09:16:00+05:30,25241.15,2025-09-22T09:25:00+05:30,25250,PE,NIFTY_25250_PE_23_SEP_25.csv,51.3,40.4,-10.90,-2834.00,2.00,520.00,50.00,-3404.00,
2025-09-23,SKIPPED,gap_below_threshold,,2025-09-22,2025-09-22T15:29:00+05:30,25200.2,2025-09-23T09:15:00+05:30,25209.0,8.80,0.03,2025-09-23T09:16:00+05:30,25236.5,2025-09-23T09:25:00+05:30,,,,,,0.00,0.00,0.00,0.00,0.00,0.00,Absolute gap 8.80 is below 100.00 points.
2025-09-24,SKIPPED,gap_below_threshold,,2025-09-23,2025-09-23T15:29:00+05:30,25185.8,2025-09-24T09:15:00+05:30,25108.75,-77.05,-0.31,2025-09-24T09:16:00+05:30,25110.05,2025-09-24T09:25:00+05:30,,,,,,0.00,0.00,0.00,0.00,0.00,0.00,Absolute gap 77.05 is below 100.00 points.
2025-09-25,SKIPPED,gap_below_threshold,,2025-09-24,2025-09-24T15:29:00+05:30,25060.9,2025-09-25T09:15:00+05:30,25034.5,-26.40,-0.11,2025-09-25T09:16:00+05:30,25011.2,2025-09-25T09:25:00+05:30,,,,,,0.00,0.00,0.00,0.00,0.00,0.00,Absolute gap 26.40 is below 100.00 points.
2025-09-26,SKIPPED,gap_below_threshold,,2025-09-25,2025-09-25T15:29:00+05:30,24904.55,2025-09-26T09:15:00+05:30,24818.55,-86.00,-0.35,2025-09-26T09:16:00+05:30,24823.55,2025-09-26T09:25:00+05:30,,,,,,0.00,0.00,0.00,0.00,0.00,0.00,Absolute gap 86.00 is below 100.00 points.
2025-09-29,SKIPPED,gap_below_threshold,,2025-09-26,2025-09-26T15:29:00+05:30,24673.1,2025-09-29T09:15:00+05:30,24728.55,55.45,0.22,2025-09-29T09:16:00+05:30,24709.9,2025-09-29T09:25:00+05:30,,,,,,0.00,0.00,0.00,0.00,0.00,0.00,Absolute gap 55.45 is below 100.00 points.
2025-09-30,SKIPPED,gap_below_threshold,,2025-09-29,2025-09-29T15:29:00+05:30,24677.55,2025-09-30T09:15:00+05:30,24691.95,14.40,0.06,2025-09-30T09:16:00+05:30,24710.2,2025-09-30T09:25:00+05:30,,,,,,0.00,0.00,0.00,0.00,0.00,0.00,Absolute gap 14.40 is below 100.00 points.
2025-10-01,SKIPPED,gap_below_threshold,,2025-09-30,2025-09-30T15:29:00+05:30,24633.6,2025-10-01T09:15:00+05:30,24620.55,-13.05,-0.05,2025-10-01T09:16:00+05:30,24635.7,2025-10-01T09:25:00+05:30,,,,,,0.00,0.00,0.00,0.00,0.00,0.00,Absolute gap 13.05 is below 100.00 points.
2025-10-03,SKIPPED,gap_below_threshold,,2025-10-01,2025-10-01T15:29:00+05:30,24853.4,2025-10-03T09:15:00+05:30,24759.55,-93.85,-0.38,2025-10-03T09:16:00+05:30,24795.3,2025-10-03T09:25:00+05:30,,,,,,0.00,0.00,0.00,0.00,0.00,0.00,Absolute gap 93.85 is below 100.00 points.
2025-10-06,SKIPPED,gap_below_threshold,,2025-10-03,2025-10-03T15:29:00+05:30,24895.0,2025-10-06T09:15:00+05:30,24916.55,21.55,0.09,2025-10-06T09:16:00+05:30,24914.55,2025-10-06T09:25:00+05:30,,,,,,0.00,0.00,0.00,0.00,0.00,0.00,Absolute gap 21.55 is below 100.00 points.
2025-10-07,SKIPPED,gap_below_threshold,,2025-10-06,2025-10-06T15:29:00+05:30,25072.55,2025-10-07T09:15:00+05:30,25085.3,12.75,0.05,2025-10-07T09:16:00+05:30,25120.45,2025-10-07T09:25:00+05:30,,,,,,0.00,0.00,0.00,0.00,0.00,0.00,Absolute gap 12.75 is below 100.00 points.
2025-10-08,SKIPPED,gap_below_threshold,,2025-10-07,2025-10-07T15:29:00+05:30,25112.8,2025-10-08T09:15:00+05:30,25079.75,-33.05,-0.13,2025-10-08T09:16:00+05:30,25105.05,2025-10-08T09:25:00+05:30,,,,,,0.00,0.00,0.00,0.00,0.00,0.00,Absolute gap 33.05 is below 100.00 points.
2025-10-09,SKIPPED,gap_below_threshold,,2025-10-08,2025-10-08T15:29:00+05:30,25023.8,2025-10-09T09:15:00+05:30,25074.3,50.50,0.20,2025-10-09T09:16:00+05:30,25074.65,2025-10-09T09:25:00+05:30,,,,,,0.00,0.00,0.00,0.00,0.00,0.00,Absolute gap 50.50 is below 100.00 points.
2025-10-10,SKIPPED,gap_below_threshold,,2025-10-09,2025-10-09T15:29:00+05:30,25170.3,2025-10-10T09:15:00+05:30,25167.65,-2.65,-0.01,2025-10-10T09:16:00+05:30,25168.95,2025-10-10T09:25:00+05:30,,,,,,0.00,0.00,0.00,0.00,0.00,0.00,Absolute gap 2.65 is below 100.00 points.
2025-10-13,TRADED,,2025-10-14,2025-10-10,2025-10-10T15:29:00+05:30,25278.2,2025-10-13T09:15:00+05:30,25177.3,-100.90,-0.40,2025-10-13T09:16:00+05:30,25211.6,2025-10-13T09:25:00+05:30,25200,PE,NIFTY_25200_PE_14_OCT_25.csv,58.5,64.75,6.25,1625.00,2.00,520.00,50.00,1055.00,
2025-10-14,SKIPPED,gap_below_threshold,,2025-10-13,2025-10-13T15:29:00+05:30,25237.15,2025-10-14T09:15:00+05:30,25277.55,40.40,0.16,2025-10-14T09:16:00+05:30,25292.4,2025-10-14T09:25:00+05:30,,,,,,0.00,0.00,0.00,0.00,0.00,0.00,Absolute gap 40.40 is below 100.00 points.
2025-10-15,SKIPPED,gap_below_threshold,,2025-10-14,2025-10-14T15:29:00+05:30,25123.35,2025-10-15T09:15:00+05:30,25181.95,58.60,0.23,2025-10-15T09:16:00+05:30,25221.65,2025-10-15T09:25:00+05:30,,,,,,0.00,0.00,0.00,0.00,0.00,0.00,Absolute gap 58.60 is below 100.00 points.
2025-10-16,SKIPPED,gap_below_threshold,,2025-10-15,2025-10-15T15:29:00+05:30,25327.75,2025-10-16T09:15:00+05:30,25394.9,67.15,0.27,2025-10-16T09:16:00+05:30,25404.85,2025-10-16T09:25:00+05:30,,,,,,0.00,0.00,0.00,0.00,0.00,0.00,Absolute gap 67.15 is below 100.00 points.
2025-10-17,SKIPPED,gap_below_threshold,,2025-10-16,2025-10-16T15:29:00+05:30,25566.3,2025-10-17T09:15:00+05:30,25546.85,-19.45,-0.08,2025-10-17T09:16:00+05:30,25552.7,2025-10-17T09:25:00+05:30,,,,,,0.00,0.00,0.00,0.00,0.00,0.00,Absolute gap 19.45 is below 100.00 points.
2025-10-20,TRADED,,2025-10-20,2025-10-17,2025-10-17T15:29:00+05:30,25704.7,2025-10-20T09:15:00+05:30,25824.6,119.90,0.47,2025-10-20T09:16:00+05:30,25911.85,2025-10-20T09:25:00+05:30,25900,CE,NIFTY_25900_CE_20_OCT_25.csv,77.6,43.1,-34.50,-8970.00,2.00,520.00,50.00,-9540.00,
2025-10-21,SKIPPED,missing_spot_timestamp,,2025-10-20,2025-10-20T15:29:00+05:30,25850.7,2025-10-21T09:15:00+05:30,,,,2025-10-21T09:16:00+05:30,,2025-10-21T09:25:00+05:30,,,,,,0.00,0.00,0.00,0.00,0.00,0.00,Missing spot gap timestamp 2025-10-21T09:15:00+05:30; Missing spot entry timestamp 2025-10-21T09:16:00+05:30; Missing spot exit timestamp 2025-10-21T09:25:00+05:30
2025-10-23,TRADED,,2025-10-28,2025-10-21,2025-10-21T14:45:00+05:30,25833.3,2025-10-23T09:15:00+05:30,26057.2,223.90,0.87,2025-10-23T09:16:00+05:30,26019.35,2025-10-23T09:25:00+05:30,26000,CE,NIFTY_26000_CE_28_OCT_25.csv,183.45,192.85,9.40,2444.00,2.00,520.00,50.00,1874.00,
2025-10-24,SKIPPED,gap_below_threshold,,2025-10-23,2025-10-23T15:29:00+05:30,25870.3,2025-10-24T09:15:00+05:30,25935.1,64.80,0.25,2025-10-24T09:16:00+05:30,25885.7,2025-10-24T09:25:00+05:30,,,,,,0.00,0.00,0.00,0.00,0.00,0.00,Absolute gap 64.80 is below 100.00 points.
2025-10-27,SKIPPED,gap_below_threshold,,2025-10-24,2025-10-24T15:29:00+05:30,25797.45,2025-10-27T09:15:00+05:30,25843.2,45.75,0.18,2025-10-27T09:16:00+05:30,25869.85,2025-10-27T09:25:00+05:30,,,,,,0.00,0.00,0.00,0.00,0.00,0.00,Absolute gap 45.75 is below 100.00 points.
2025-10-28,SKIPPED,gap_below_threshold,,2025-10-27,2025-10-27T15:29:00+05:30,25974.0,2025-10-28T09:15:00+05:30,25939.95,-34.05,-0.13,2025-10-28T09:16:00+05:30,25987.3,2025-10-28T09:25:00+05:30,,,,,,0.00,0.00,0.00,0.00,0.00,0.00,Absolute gap 34.05 is below 100.00 points.
2025-10-29,SKIPPED,gap_below_threshold,,2025-10-28,2025-10-28T15:29:00+05:30,25965.4,2025-10-29T09:15:00+05:30,25982.0,16.60,0.06,2025-10-29T09:16:00+05:30,26011.9,2025-10-29T09:25:00+05:30,,,,,,0.00,0.00,0.00,0.00,0.00,0.00,Absolute gap 16.60 is below 100.00 points.
2025-10-30,SKIPPED,gap_below_threshold,,2025-10-29,2025-10-29T15:29:00+05:30,26068.3,2025-10-30T09:15:00+05:30,25984.4,-83.90,-0.32,2025-10-30T09:16:00+05:30,25984.4,2025-10-30T09:25:00+05:30,,,,,,0.00,0.00,0.00,0.00,0.00,0.00,Absolute gap 83.90 is below 100.00 points.
2025-10-31,SKIPPED,gap_below_threshold,,2025-10-30,2025-10-30T15:29:00+05:30,25891.2,2025-10-31T09:15:00+05:30,25863.8,-27.40,-0.11,2025-10-31T09:16:00+05:30,25834.35,2025-10-31T09:25:00+05:30,,,,,,0.00,0.00,0.00,0.00,0.00,0.00,Absolute gap 27.40 is below 100.00 points.
2025-11-03,SKIPPED,gap_below_threshold,,2025-10-31,2025-10-31T15:29:00+05:30,25732.55,2025-11-03T09:15:00+05:30,25696.85,-35.70,-0.14,2025-11-03T09:16:00+05:30,25712.1,2025-11-03T09:25:00+05:30,,,,,,0.00,0.00,0.00,0.00,0.00,0.00,Absolute gap 35.70 is below 100.00 points.
2025-11-04,SKIPPED,gap_below_threshold,,2025-11-03,2025-11-03T15:29:00+05:30,25774.3,2025-11-04T09:15:00+05:30,25744.75,-29.55,-0.11,2025-11-04T09:16:00+05:30,25767.25,2025-11-04T09:25:00+05:30,,,,,,0.00,0.00,0.00,0.00,0.00,0.00,Absolute gap 29.55 is below 100.00 points.
2025-11-06,SKIPPED,gap_below_threshold,,2025-11-04,2025-11-04T15:29:00+05:30,25586.25,2025-11-06T09:15:00+05:30,25593.35,7.10,0.03,2025-11-06T09:16:00+05:30,25647.55,2025-11-06T09:25:00+05:30,,,,,,0.00,0.00,0.00,0.00,0.00,0.00,Absolute gap 7.10 is below 100.00 points.
2025-11-07,SKIPPED,gap_below_threshold,,2025-11-06,2025-11-06T15:29:00+05:30,25519.95,2025-11-07T09:15:00+05:30,25433.8,-86.15,-0.34,2025-11-07T09:16:00+05:30,25371.15,2025-11-07T09:25:00+05:30,,,,,,0.00,0.00,0.00,0.00,0.00,0.00,Absolute gap 86.15 is below 100.00 points.
2025-11-10,SKIPPED,gap_below_threshold,,2025-11-07,2025-11-07T15:29:00+05:30,25510.05,2025-11-10T09:15:00+05:30,25503.5,-6.55,-0.03,2025-11-10T09:16:00+05:30,25576.5,2025-11-10T09:25:00+05:30,,,,,,0.00,0.00,0.00,0.00,0.00,0.00,Absolute gap 6.55 is below 100.00 points.
2025-11-11,SKIPPED,gap_below_threshold,,2025-11-10,2025-11-10T15:29:00+05:30,25574.25,2025-11-11T09:15:00+05:30,25617.0,42.75,0.17,2025-11-11T09:16:00+05:30,25612.75,2025-11-11T09:25:00+05:30,,,,,,0.00,0.00,0.00,0.00,0.00,0.00,Absolute gap 42.75 is below 100.00 points.
2025-11-12,TRADED,,2025-11-18,2025-11-11,2025-11-11T15:29:00+05:30,25705.55,2025-11-12T09:15:00+05:30,25834.3,128.75,0.50,2025-11-12T09:16:00+05:30,25819.8,2025-11-12T09:25:00+05:30,25800,CE,NIFTY_25800_CE_18_NOV_25.csv,199.45,214.3,14.85,3861.00,2.00,520.00,50.00,3291.00,
2025-11-13,SKIPPED,gap_below_threshold,,2025-11-12,2025-11-12T15:29:00+05:30,25874.0,2025-11-13T09:15:00+05:30,25906.1,32.10,0.12,2025-11-13T09:16:00+05:30,25842.85,2025-11-13T09:25:00+05:30,,,,,,0.00,0.00,0.00,0.00,0.00,0.00,Absolute gap 32.10 is below 100.00 points.
2025-11-14,TRADED,,2025-11-18,2025-11-13,2025-11-13T15:29:00+05:30,25884.1,2025-11-14T09:15:00+05:30,25767.9,-116.20,-0.45,2025-11-14T09:16:00+05:30,25814.5,2025-11-14T09:25:00+05:30,25800,PE,NIFTY_25800_PE_18_NOV_25.csv,107.75,117.0,9.25,2405.00,2.00,520.00,50.00,1835.00,
2025-11-17,SKIPPED,gap_below_threshold,,2025-11-14,2025-11-14T15:29:00+05:30,25916.8,2025-11-17T09:15:00+05:30,25948.2,31.40,0.12,2025-11-17T09:16:00+05:30,25921.6,2025-11-17T09:25:00+05:30,,,,,,0.00,0.00,0.00,0.00,0.00,0.00,Absolute gap 31.40 is below 100.00 points.
2025-11-18,SKIPPED,gap_below_threshold,,2025-11-17,2025-11-17T15:29:00+05:30,26014.3,2025-11-18T09:15:00+05:30,26021.8,7.50,0.03,2025-11-18T09:16:00+05:30,25942.1,2025-11-18T09:25:00+05:30,,,,,,0.00,0.00,0.00,0.00,0.00,0.00,Absolute gap 7.50 is below 100.00 points.
2025-11-19,SKIPPED,gap_below_threshold,,2025-11-18,2025-11-18T15:29:00+05:30,25894.7,2025-11-19T09:15:00+05:30,25918.1,23.40,0.09,2025-11-19T09:16:00+05:30,25892.95,2025-11-19T09:25:00+05:30,,,,,,0.00,0.00,0.00,0.00,0.00,0.00,Absolute gap 23.40 is below 100.00 points.
2025-11-20,SKIPPED,gap_below_threshold,,2025-11-19,2025-11-19T15:29:00+05:30,26052.7,2025-11-20T09:15:00+05:30,26132.1,79.40,0.30,2025-11-20T09:16:00+05:30,26109.05,2025-11-20T09:25:00+05:30,,,,,,0.00,0.00,0.00,0.00,0.00,0.00,Absolute gap 79.40 is below 100.00 points.
2025-11-21,SKIPPED,gap_below_threshold,,2025-11-20,2025-11-20T15:29:00+05:30,26197.4,2025-11-21T09:15:00+05:30,26109.55,-87.85,-0.34,2025-11-21T09:16:00+05:30,26106.95,2025-11-21T09:25:00+05:30,,,,,,0.00,0.00,0.00,0.00,0.00,0.00,Absolute gap 87.85 is below 100.00 points.
2025-11-24,SKIPPED,gap_below_threshold,,2025-11-21,2025-11-21T15:29:00+05:30,26063.95,2025-11-24T09:15:00+05:30,26122.8,58.85,0.23,2025-11-24T09:16:00+05:30,26103.45,2025-11-24T09:25:00+05:30,,,,,,0.00,0.00,0.00,0.00,0.00,0.00,Absolute gap 58.85 is below 100.00 points.
2025-11-25,SKIPPED,gap_below_threshold,,2025-11-24,2025-11-24T15:29:00+05:30,25943.35,2025-11-25T09:15:00+05:30,25998.5,55.15,0.21,2025-11-25T09:16:00+05:30,25935.95,2025-11-25T09:25:00+05:30,,,,,,0.00,0.00,0.00,0.00,0.00,0.00,Absolute gap 55.15 is below 100.00 points.
2025-11-26,SKIPPED,gap_below_threshold,,2025-11-25,2025-11-25T15:29:00+05:30,25860.3,2025-11-26T09:15:00+05:30,25842.95,-17.35,-0.07,2025-11-26T09:16:00+05:30,25950.6,2025-11-26T09:25:00+05:30,,,,,,0.00,0.00,0.00,0.00,0.00,0.00,Absolute gap 17.35 is below 100.00 points.
2025-11-27,SKIPPED,gap_below_threshold,,2025-11-26,2025-11-26T15:29:00+05:30,26203.5,2025-11-27T09:15:00+05:30,26261.25,57.75,0.22,2025-11-27T09:16:00+05:30,26235.95,2025-11-27T09:25:00+05:30,,,,,,0.00,0.00,0.00,0.00,0.00,0.00,Absolute gap 57.75 is below 100.00 points.
2025-11-28,SKIPPED,gap_below_threshold,,2025-11-27,2025-11-27T15:29:00+05:30,26219.85,2025-11-28T09:15:00+05:30,26237.45,17.60,0.07,2025-11-28T09:16:00+05:30,26198.25,2025-11-28T09:25:00+05:30,,,,,,0.00,0.00,0.00,0.00,0.00,0.00,Absolute gap 17.60 is below 100.00 points.
2025-12-01,TRADED,,2025-12-02,2025-11-28,2025-11-28T15:29:00+05:30,26204.55,2025-12-01T09:15:00+05:30,26325.8,121.25,0.46,2025-12-01T09:16:00+05:30,26276.4,2025-12-01T09:25:00+05:30,26300,CE,NIFTY_26300_CE_02_DEC_25.csv,85.4,84.5,-0.90,-234.00,2.00,520.00,50.00,-804.00,
2025-12-02,SKIPPED,gap_below_threshold,,2025-12-01,2025-12-01T15:29:00+05:30,26175.95,2025-12-02T09:15:00+05:30,26087.95,-88.00,-0.34,2025-12-02T09:16:00+05:30,26111.4,2025-12-02T09:25:00+05:30,,,,,,0.00,0.00,0.00,0.00,0.00,0.00,Absolute gap 88.00 is below 100.00 points.
2025-12-03,SKIPPED,gap_below_threshold,,2025-12-02,2025-12-02T15:29:00+05:30,26057.0,2025-12-03T09:15:00+05:30,26004.9,-52.10,-0.20,2025-12-03T09:16:00+05:30,26007.95,2025-12-03T09:25:00+05:30,,,,,,0.00,0.00,0.00,0.00,0.00,0.00,Absolute gap 52.10 is below 100.00 points.
2025-12-04,SKIPPED,gap_below_threshold,,2025-12-03,2025-12-03T15:29:00+05:30,25985.1,2025-12-04T09:15:00+05:30,25981.85,-3.25,-0.01,2025-12-04T09:16:00+05:30,25950.75,2025-12-04T09:25:00+05:30,,,,,,0.00,0.00,0.00,0.00,0.00,0.00,Absolute gap 3.25 is below 100.00 points.
2025-12-05,SKIPPED,gap_below_threshold,,2025-12-04,2025-12-04T15:29:00+05:30,26017.1,2025-12-05T09:15:00+05:30,25999.8,-17.30,-0.07,2025-12-05T09:16:00+05:30,26000.0,2025-12-05T09:25:00+05:30,,,,,,0.00,0.00,0.00,0.00,0.00,0.00,Absolute gap 17.30 is below 100.00 points.
2025-12-08,SKIPPED,gap_below_threshold,,2025-12-05,2025-12-05T15:29:00+05:30,26176.65,2025-12-08T09:15:00+05:30,26159.8,-16.85,-0.06,2025-12-08T09:16:00+05:30,26133.85,2025-12-08T09:25:00+05:30,,,,,,0.00,0.00,0.00,0.00,0.00,0.00,Absolute gap 16.85 is below 100.00 points.
2025-12-09,SKIPPED,gap_below_threshold,,2025-12-08,2025-12-08T15:29:00+05:30,25932.8,2025-12-09T09:15:00+05:30,25867.1,-65.70,-0.25,2025-12-09T09:16:00+05:30,25854.4,2025-12-09T09:25:00+05:30,,,,,,0.00,0.00,0.00,0.00,0.00,0.00,Absolute gap 65.70 is below 100.00 points.
2025-12-10,SKIPPED,gap_below_threshold,,2025-12-09,2025-12-09T15:29:00+05:30,25841.75,2025-12-10T09:15:00+05:30,25864.05,22.30,0.09,2025-12-10T09:16:00+05:30,25845.65,2025-12-10T09:25:00+05:30,,,,,,0.00,0.00,0.00,0.00,0.00,0.00,Absolute gap 22.30 is below 100.00 points.
2025-12-11,SKIPPED,gap_below_threshold,,2025-12-10,2025-12-10T15:29:00+05:30,25742.65,2025-12-11T09:15:00+05:30,25771.4,28.75,0.11,2025-12-11T09:16:00+05:30,25759.75,2025-12-11T09:25:00+05:30,,,,,,0.00,0.00,0.00,0.00,0.00,0.00,Absolute gap 28.75 is below 100.00 points.
2025-12-12,SKIPPED,gap_below_threshold,,2025-12-11,2025-12-11T15:29:00+05:30,25898.4,2025-12-12T09:15:00+05:30,25971.2,72.80,0.28,2025-12-12T09:16:00+05:30,25981.1,2025-12-12T09:25:00+05:30,,,,,,0.00,0.00,0.00,0.00,0.00,0.00,Absolute gap 72.80 is below 100.00 points.
2025-12-15,TRADED,,2025-12-16,2025-12-12,2025-12-12T15:29:00+05:30,26043.0,2025-12-15T09:15:00+05:30,25930.05,-112.95,-0.43,2025-12-15T09:16:00+05:30,25958.2,2025-12-15T09:25:00+05:30,25950,PE,NIFTY_25950_PE_16_DEC_25.csv,68.8,84.85,16.05,4173.00,2.00,520.00,50.00,3603.00,
2025-12-16,SKIPPED,gap_below_threshold,,2025-12-15,2025-12-15T15:29:00+05:30,26014.0,2025-12-16T09:15:00+05:30,25951.5,-62.50,-0.24,2025-12-16T09:16:00+05:30,25932.55,2025-12-16T09:25:00+05:30,,,,,,0.00,0.00,0.00,0.00,0.00,0.00,Absolute gap 62.50 is below 100.00 points.
2025-12-17,SKIPPED,gap_below_threshold,,2025-12-16,2025-12-16T15:29:00+05:30,25851.35,2025-12-17T09:15:00+05:30,25902.4,51.05,0.20,2025-12-17T09:16:00+05:30,25864.25,2025-12-17T09:25:00+05:30,,,,,,0.00,0.00,0.00,0.00,0.00,0.00,Absolute gap 51.05 is below 100.00 points.
2025-12-18,SKIPPED,gap_below_threshold,,2025-12-17,2025-12-17T15:29:00+05:30,25821.8,2025-12-18T09:15:00+05:30,25764.7,-57.10,-0.22,2025-12-18T09:16:00+05:30,25770.25,2025-12-18T09:25:00+05:30,,,,,,0.00,0.00,0.00,0.00,0.00,0.00,Absolute gap 57.10 is below 100.00 points.
2025-12-19,SKIPPED,gap_below_threshold,,2025-12-18,2025-12-18T15:29:00+05:30,25815.65,2025-12-19T09:15:00+05:30,25911.5,95.85,0.37,2025-12-19T09:16:00+05:30,25916.0,2025-12-19T09:25:00+05:30,,,,,,0.00,0.00,0.00,0.00,0.00,0.00,Absolute gap 95.85 is below 100.00 points.
2025-12-22,SKIPPED,gap_below_threshold,,2025-12-19,2025-12-19T15:29:00+05:30,25961.4,2025-12-22T09:15:00+05:30,26055.85,94.45,0.36,2025-12-22T09:16:00+05:30,26084.05,2025-12-22T09:25:00+05:30,,,,,,0.00,0.00,0.00,0.00,0.00,0.00,Absolute gap 94.45 is below 100.00 points.
2025-12-23,SKIPPED,gap_below_threshold,,2025-12-22,2025-12-22T15:29:00+05:30,26162.75,2025-12-23T09:15:00+05:30,26205.2,42.45,0.16,2025-12-23T09:16:00+05:30,26166.05,2025-12-23T09:25:00+05:30,,,,,,0.00,0.00,0.00,0.00,0.00,0.00,Absolute gap 42.45 is below 100.00 points.
2025-12-24,SKIPPED,gap_below_threshold,,2025-12-23,2025-12-23T15:29:00+05:30,26165.95,2025-12-24T09:15:00+05:30,26170.65,4.70,0.02,2025-12-24T09:16:00+05:30,26149.65,2025-12-24T09:25:00+05:30,,,,,,0.00,0.00,0.00,0.00,0.00,0.00,Absolute gap 4.70 is below 100.00 points.
2025-12-26,SKIPPED,gap_below_threshold,,2025-12-24,2025-12-24T15:29:00+05:30,26141.65,2025-12-26T09:15:00+05:30,26121.25,-20.40,-0.08,2025-12-26T09:16:00+05:30,26103.95,2025-12-26T09:25:00+05:30,,,,,,0.00,0.00,0.00,0.00,0.00,0.00,Absolute gap 20.40 is below 100.00 points.
2025-12-29,SKIPPED,gap_below_threshold,,2025-12-26,2025-12-26T15:29:00+05:30,26047.65,2025-12-29T09:15:00+05:30,26063.35,15.70,0.06,2025-12-29T09:16:00+05:30,26067.85,2025-12-29T09:25:00+05:30,,,,,,0.00,0.00,0.00,0.00,0.00,0.00,Absolute gap 15.70 is below 100.00 points.
2025-12-30,SKIPPED,gap_below_threshold,,2025-12-29,2025-12-29T15:29:00+05:30,25949.8,2025-12-30T09:15:00+05:30,25940.9,-8.90,-0.03,2025-12-30T09:16:00+05:30,25902.0,2025-12-30T09:25:00+05:30,,,,,,0.00,0.00,0.00,0.00,0.00,0.00,Absolute gap 8.90 is below 100.00 points.
2025-12-31,SKIPPED,gap_below_threshold,,2025-12-30,2025-12-30T15:29:00+05:30,25970.55,2025-12-31T09:15:00+05:30,25971.05,0.50,0.00,2025-12-31T09:16:00+05:30,26009.4,2025-12-31T09:25:00+05:30,,,,,,0.00,0.00,0.00,0.00,0.00,0.00,Absolute gap 0.50 is below 100.00 points.
