entry_date,exit_date,expiry,atm,entry_spot,prev_vix,lot_size,lots,qty,traded,skip_reason,remarks,legs_traded,adds,unwinds,rolls,orders,max_legs,gross_points,gross_pnl,costs,net_pnl,stale_prices,adds_blocked,rolls_blocked,entry_offset,entry_balance
2020-01-01,2020-01-02,2020-01-02,0,0.00,,75,0,0,NO,no_prev_vix,No India VIX close before 2020-01-01.,0,0,0,0,0,2,0.00,0.00,0.00,0.00,0,0,0,0,0.00
2020-01-03,2020-01-09,2020-01-09,0,0.00,11.49,75,0,0,NO,vix_below_floor,Previous day India VIX 11.49 < 12.,0,0,0,0,0,2,0.00,0.00,0.00,0.00,0,0,0,0,0.00
2020-01-10,2020-01-16,2020-01-16,12250,12252.80,14.00,75,2,150,YES,,,8,5,4,1,16,5,107.50,16125.00,432.78,15692.22,1,611,0,0,0.98
2020-01-17,2020-01-23,2020-01-23,12350,12351.30,14.18,75,2,150,YES,,,5,3,0,0,10,5,29.45,4417.50,274.83,4142.67,296,96,1115,0,0.83
2020-01-24,2020-01-30,2020-01-30,12150,12158.50,15.86,75,2,150,YES,,,11,7,7,2,22,5,-81.35,-12202.50,615.88,-12818.38,54,493,0,0,0.86
2020-01-31,2020-02-06,2020-02-06,12050,12078.20,16.80,75,2,150,YES,,,13,9,7,2,26,5,156.85,23527.50,811.97,22715.53,377,621,318,-50,0.90
2020-02-07,2020-02-13,2020-02-13,12100,12124.20,13.78,75,2,150,YES,,,8,6,6,0,16,4,60.60,9090.00,428.85,8661.15,0,587,0,0,0.88
2020-02-14,2020-02-20,2020-02-20,12250,12231.80,13.37,75,2,150,YES,,,11,8,8,1,22,5,-128.45,-19267.50,623.62,-19891.12,407,345,270,0,0.95
2020-02-24,2020-02-27,2020-02-27,11950,11940.60,13.70,75,0,0,NO,balance_check_failed,"Best of 11 strikes near ATM 11950 was 11950 at 73.1%, needs >= 80%",0,0,0,0,0,2,0.00,0.00,0.00,0.00,0,0,0,0,0.00
2020-02-28,2020-03-05,2020-03-05,11350,11338.40,17.77,75,2,150,YES,,,18,14,13,2,36,5,75.60,11340.00,1066.01,10273.99,27,213,0,0,0.84
2020-03-06,2020-03-12,2020-03-12,10900,10914.80,23.25,75,2,150,YES,,,10,5,3,3,20,5,-444.95,-66742.50,740.48,-67482.98,280,399,5,0,0.92
2020-03-13,2020-03-19,2020-03-19,8650,8651.00,41.16,75,0,0,NO,balance_check_failed,"Best of 11 strikes near ATM 8650 was 8700 at 51.9%, needs >= 80%",0,0,0,0,0,2,0.00,0.00,0.00,0.00,0,0,0,0,0.00
2020-03-20,2020-03-26,2020-03-26,8400,8421.65,72.20,75,3,225,YES,,,27,22,19,3,54,5,441.40,99315.00,2531.33,96783.67,647,2,244,0,0.88
2020-03-27,2020-04-01,2020-04-01,8950,8949.45,71.53,75,2,150,YES,,,16,11,9,3,32,5,528.45,79267.50,1223.26,78044.24,1273,352,0,0,0.82
2020-04-03,2020-04-09,2020-04-09,8150,8147.80,60.05,75,3,225,YES,,,12,5,2,5,24,5,314.95,70863.75,1040.23,69823.52,876,0,591,0,0.85
2020-04-13,2020-04-16,2020-04-16,9050,9026.10,49.75,75,2,150,YES,,,21,18,18,1,42,5,174.15,26122.50,1219.20,24903.30,36,67,0,0,0.88
2020-04-17,2020-04-23,2020-04-23,9300,9282.70,46.10,75,2,150,YES,,,11,7,5,2,22,5,245.55,36832.50,716.54,36115.96,171,304,0,0,0.92
2020-04-24,2020-04-30,2020-04-30,9150,9193.45,39.23,75,2,150,YES,,,11,6,3,3,22,5,-39.40,-5910.00,695.84,-6605.84,794,0,629,-50,0.95
2020-05-04,2020-05-07,2020-05-07,9400,9442.15,33.99,75,2,150,YES,,,15,10,9,3,30,5,198.65,29797.50,896.92,28900.58,1,140,2,-50,0.93
2020-05-08,2020-05-14,2020-05-14,9350,9345.50,39.93,75,2,150,YES,,,13,9,9,2,26,5,-15.65,-2347.50,807.52,-3155.02,119,122,0,0,0.92
2020-05-15,2020-05-21,2020-05-21,9100,9102.30,38.18,75,2,150,YES,,,11,8,6,1,22,5,289.85,43477.50,673.52,42803.98,0,364,0,0,0.95
2020-05-22,2020-05-28,2020-05-28,9050,9076.20,32.99,75,2,150,YES,,,15,10,7,3,30,5,-40.40,-6060.00,854.70,-6914.70,122,19,456,-50,0.87
2020-05-29,2020-06-04,2020-06-04,9400,9437.20,30.02,75,2,150,YES,,,10,4,1,4,20,5,285.45,42817.50,666.30,42151.20,403,14,830,-50,0.91
2020-06-05,2020-06-11,2020-06-11,10100,10113.30,29.69,75,2,150,YES,,,17,15,12,0,34,5,43.25,6487.50,958.18,5529.32,2,137,178,0,0.96
2020-06-12,2020-06-18,2020-06-18,9650,9673.60,29.66,75,2,150,YES,,,17,14,13,1,34,5,-114.40,-17160.00,1075.51,-18235.51,709,218,0,0,0.87
2020-06-19,2020-06-25,2020-06-25,10150,10151.90,31.46,75,2,150,YES,,,11,5,5,4,22,5,138.40,20760.00,693.67,20066.33,225,189,57,0,0.84
2020-06-26,2020-07-02,2020-07-02,10350,10361.00,29.73,75,2,150,YES,,,12,10,7,0,24,5,159.90,23985.00,680.13,23304.87,2,37,355,0,0.83
2020-07-03,2020-07-09,2020-07-09,10600,10618.80,26.51,75,2,150,YES,,,12,8,7,2,24,5,169.70,25455.00,688.95,24766.05,0,248,31,0,0.84
2020-07-10,2020-07-16,2020-07-16,10800,10784.30,24.91,75,2,150,YES,,,13,9,9,2,26,5,83.85,12577.50,751.55,11825.95,0,201,0,0,0.86
2020-07-17,2020-07-23,2020-07-23,10750,10799.50,25.36,75,2,150,YES,,,7,3,0,2,14,5,23.05,3457.50,435.51,3021.99,809,0,1115,-50,0.83
2020-07-24,2020-07-30,2020-07-30,11100,11151.50,24.64,75,2,150,YES,,,12,7,6,3,24,5,134.10,20115.00,682.55,19432.45,0,360,18,-50,0.87
2020-07-31,2020-08-06,2020-08-06,11050,11091.00,24.73,75,2,150,YES,,,14,11,11,1,28,5,99.45,14917.50,784.68,14132.82,1,180,0,-50,0.92
2020-08-07,2020-08-13,2020-08-13,11150,11178.10,23.15,75,2,150,YES,,,9,6,5,1,18,5,135.20,20280.00,522.29,19757.71,41,333,0,-50,0.90
2020-08-14,2020-08-20,2020-08-20,11350,11347.70,20.57,75,2,150,YES,,,10,8,8,0,20,5,103.90,15585.00,550.53,15034.47,5,169,74,0,0.97
2020-08-21,2020-08-27,2020-08-27,11400,11411.80,20.62,75,2,150,YES,,,11,8,5,1,22,5,115.90,17385.00,599.43,16785.57,0,90,365,0,0.96
2020-08-28,2020-09-03,2020-09-03,11600,11611.20,18.90,75,2,150,YES,,,17,13,13,2,34,5,-135.65,-20347.50,1001.98,-21349.48,3,1,0,0,0.82
2020-09-04,2020-09-10,2020-09-10,11350,11369.70,20.50,75,2,150,YES,,,12,10,8,0,24,4,72.80,10920.00,666.56,10253.44,0,537,0,0,0.98
2020-09-11,2020-09-17,2020-09-17,11450,11478.30,21.26,75,2,150,YES,,,11,7,7,2,22,5,118.10,17715.00,610.36,17104.64,0,130,53,-50,0.88
2020-09-18,2020-09-24,2020-09-24,11550,11570.00,20.10,75,2,150,YES,,,15,8,7,5,30,5,-173.95,-26092.50,944.62,-27037.12,338,612,0,0,0.88
2020-09-25,2020-10-01,2020-10-01,10900,10923.00,23.51,75,2,150,YES,,,9,3,0,4,18,5,93.35,14002.50,554.62,13447.88,219,0,986,0,0.97
2020-10-05,2020-10-08,2020-10-08,11550,11533.10,18.35,75,0,0,NO,balance_check_failed,"Best of 11 strikes near ATM 11550 was 11500 at 79.9%, needs >= 80%",0,0,0,0,0,2,0.00,0.00,0.00,0.00,0,0,0,0,0.00
2020-10-09,2020-10-15,2020-10-15,11850,11870.30,20.38,75,2,150,YES,,,15,13,10,0,30,5,61.25,9187.50,830.64,8356.86,0,171,82,0,0.88
2020-10-16,2020-10-22,2020-10-22,11750,11748.50,22.06,75,2,150,YES,,,13,10,10,1,26,5,50.85,7627.50,744.50,6883.00,43,124,252,0,0.83
2020-10-23,2020-10-29,2020-10-29,11950,11950.50,22.64,75,2,150,YES,,,12,8,5,2,24,5,157.15,23572.50,695.09,22877.41,73,19,365,0,0.89
2020-10-30,2020-11-05,2020-11-05,11700,11718.60,24.02,75,2,150,YES,,,13,9,6,2,26,5,125.15,18772.50,780.25,17992.25,19,0,365,0,0.89
2020-11-06,2020-11-12,2020-11-12,12150,12157.50,20.97,75,2,150,YES,,,8,4,1,2,16,5,-5.20,-780.00,502.26,-1282.26,692,0,1093,0,0.96
2020-11-13,2020-11-19,2020-11-19,12650,12625.80,20.62,75,2,150,YES,,,11,7,7,2,22,5,17.65,2647.50,651.91,1995.59,1242,417,8,0,0.85
2020-11-20,2020-11-26,2020-11-26,12850,12832.70,19.57,75,2,150,YES,,,15,10,10,3,30,5,28.15,4222.50,861.99,3360.51,12,168,108,0,0.85
2020-11-27,2020-12-03,2020-12-03,13000,13008.70,20.02,75,2,150,YES,,,11,7,4,2,22,5,238.50,35775.00,609.33,35165.67,0,14,215,0,0.80
2020-12-04,2020-12-10,2020-12-10,13200,13189.00,19.00,75,2,150,YES,,,11,7,4,2,22,5,167.75,25162.50,640.96,24521.54,2,18,607,0,0.92
2020-12-11,2020-12-17,2020-12-17,13550,13542.20,18.71,75,1,75,YES,,,10,8,5,0,20,5,87.45,6558.75,516.24,6042.51,2,308,364,0,0.85
2020-12-18,2020-12-24,2020-12-24,13750,13725.80,19.16,75,1,75,YES,,,15,9,9,4,30,5,-155.15,-11636.25,845.54,-12481.79,494,413,1,0,0.88
2020-12-28,2020-12-31,2020-12-31,13850,13843.80,19.97,75,1,75,YES,,,12,8,5,2,24,5,141.15,10586.25,609.96,9976.29,0,12,356,0,0.89
2021-01-01,2021-01-07,2021-01-07,14000,14014.30,21.10,75,1,75,YES,,,14,10,8,2,28,5,123.30,9247.50,726.74,8520.76,0,359,33,0,0.89
2021-01-08,2021-01-14,2021-01-14,14250,14235.80,20.62,75,1,75,YES,,,8,3,2,3,16,5,119.95,8996.25,434.10,8562.15,260,425,252,0,0.85
2021-01-15,2021-01-21,2021-01-21,14600,14585.00,23.03,75,1,75,YES,,,15,11,8,2,30,5,206.70,15502.50,806.52,14695.98,231,198,425,0,0.97
2021-01-22,2021-01-28,2021-01-28,14600,14599.70,22.18,75,1,75,YES,,,15,11,8,2,30,5,-163.80,-12285.00,825.43,-13110.43,92,4,740,0,0.87
2021-01-29,2021-02-04,2021-02-04,13950,13929.20,24.29,75,1,75,YES,,,13,8,5,3,26,5,-134.05,-10053.75,745.77,-10799.52,1109,0,1115,0,0.99
2021-02-05,2021-02-11,2021-02-11,14950,14982.80,23.12,75,1,75,YES,,,12,7,7,3,24,5,103.55,7766.25,655.98,7110.27,49,54,0,-50,0.97
2021-02-12,2021-02-18,2021-02-18,15200,15172.40,23.05,75,1,75,YES,,,13,10,7,1,26,5,158.30,11872.50,679.98,11192.52,0,23,220,50,0.98
2021-02-19,2021-02-25,2021-02-25,15050,15054.50,21.54,75,1,75,YES,,,17,11,11,4,34,5,-236.05,-17703.75,939.53,-18643.28,811,370,0,0,0.96
2021-02-26,2021-03-04,2021-03-04,14850,14871.70,22.89,75,1,75,YES,,,13,9,6,2,26,5,132.35,9926.25,728.37,9197.88,231,0,740,0,0.92
2021-03-05,2021-03-10,2021-03-10,15000,15004.80,24.15,75,1,75,YES,,,10,7,4,1,20,5,327.20,24540.00,532.71,24007.29,0,23,323,0,0.81
2021-03-12,2021-03-18,2021-03-18,15300,15306.30,20.75,75,1,75,YES,,,16,11,8,3,32,5,63.00,4725.00,907.62,3817.38,138,83,451,0,0.82
2021-03-19,2021-03-25,2021-03-25,14450,14436.80,20.08,75,1,75,YES,,,18,14,12,2,36,5,61.45,4608.75,1009.77,3598.98,390,367,0,0,0.97
2021-03-26,2021-04-01,2021-04-01,14450,14442.60,22.70,75,1,75,YES,,,13,7,6,4,26,5,82.85,6213.75,727.29,5486.46,409,249,0,0,0.92
2021-04-05,2021-04-08,2021-04-08,14750,14771.30,19.99,75,1,75,YES,,,14,10,8,2,28,5,150.90,11317.50,759.66,10557.84,200,444,3,0,0.96
2021-04-09,2021-04-15,2021-04-15,14850,14840.00,20.31,75,1,75,YES,,,13,6,6,5,26,5,25.30,1897.50,750.30,1147.20,310,284,0,0,0.87
2021-04-16,2021-04-22,2021-04-22,14600,14596.40,20.89,75,1,75,YES,,,12,8,8,2,24,5,66.35,4976.25,667.42,4308.83,6,162,0,0,0.97
2021-04-23,2021-04-29,2021-04-29,14350,14371.00,23.03,75,1,75,YES,,,8,3,0,3,16,5,174.30,13072.50,450.88,12621.62,370,0,741,0,0.82
2021-04-30,2021-05-06,2021-05-06,14750,14778.00,23.31,75,1,75,YES,,,15,12,10,1,30,5,137.25,10293.75,813.88,9479.87,8,138,0,-50,0.97
2021-05-07,2021-05-12,2021-05-12,14850,14846.20,22.04,75,1,75,YES,,,12,10,8,0,24,4,233.45,17508.75,602.29,16906.46,3,225,0,0,0.98
2021-05-14,2021-05-20,2021-05-20,14700,14664.20,20.08,75,1,75,YES,,,7,3,0,2,14,5,287.45,21558.75,374.53,21184.22,42,0,1115,50,0.89
2021-05-21,2021-05-27,2021-05-27,15000,14993.20,19.32,75,1,75,YES,,,15,11,8,2,30,5,133.60,10020.00,801.63,9218.37,0,55,566,0,0.81
2021-05-28,2021-06-03,2021-06-03,15450,15423.90,19.91,75,1,75,YES,,,13,10,7,1,26,5,80.55,6041.25,671.98,5369.27,0,17,365,50,0.85
2021-06-04,2021-06-10,2021-06-10,15700,15698.70,15.75,75,1,75,YES,,,12,10,9,0,24,4,143.05,10728.75,604.64,10124.11,0,204,0,0,0.87
2021-06-11,2021-06-17,2021-06-17,15800,15815.50,15.00,75,1,75,YES,,,12,10,8,0,24,5,80.25,6018.75,613.25,5405.50,2,163,0,0,0.96
2021-06-18,2021-06-24,2021-06-24,15700,15727.70,15.29,75,1,75,YES,,,17,14,14,1,34,5,-55.05,-4128.75,886.80,-5015.55,7,93,0,-50,0.93
2021-06-25,2021-07-01,2021-07-01,15800,15802.70,15.10,75,1,75,YES,,,10,8,5,0,20,5,149.35,11201.25,507.89,10693.36,1,122,238,0,0.90
2021-07-02,2021-07-08,2021-07-08,15650,15666.50,12.84,75,0,0,NO,balance_check_failed,"Best of 11 strikes near ATM 15650 was 15650 at 76.5%, needs >= 80%",0,0,0,0,0,2,0.00,0.00,0.00,0.00,0,0,0,0,0.00
2021-07-09,2021-07-15,2021-07-15,15650,15646.50,13.56,75,1,75,YES,,,12,9,7,1,24,5,29.15,2186.25,621.67,1564.58,33,871,0,0,0.97
2021-07-16,2021-07-22,2021-07-22,15950,15940.50,12.27,75,1,75,YES,,,9,5,5,2,18,5,23.55,1766.25,477.31,1288.94,19,240,243,0,0.91
2021-07-23,2021-07-29,2021-07-29,0,0.00,11.89,75,0,0,NO,vix_below_floor,Previous day India VIX 11.89 < 12.,0,0,0,0,0,2,0.00,0.00,0.00,0.00,0,0,0,0,0.00
2021-07-30,2021-08-05,2021-08-05,15800,15786.00,12.95,75,0,0,NO,balance_check_failed,"Best of 11 strikes near ATM 15800 was 15800 at 76.6%, needs >= 80%",0,0,0,0,0,2,0.00,0.00,0.00,0.00,0,0,0,0,0.00
2021-08-06,2021-08-12,2021-08-12,16300,16321.00,12.87,75,1,75,YES,,,15,13,11,0,30,5,93.50,7012.50,752.64,6259.86,0,364,0,0,0.95
2021-08-13,2021-08-18,2021-08-18,16400,16425.20,12.37,75,1,75,YES,,,13,10,7,1,26,5,116.00,8700.00,665.99,8034.01,0,42,387,-50,0.91
2021-08-20,2021-08-26,2021-08-26,16450,16453.70,12.91,75,1,75,YES,,,11,8,5,1,22,5,126.85,9513.75,565.64,8948.11,6,149,739,0,0.87
2021-08-27,2021-09-02,2021-09-02,16650,16628.30,13.54,75,1,75,YES,,,9,4,1,3,18,5,-101.20,-7590.00,486.24,-8076.24,218,14,1021,0,0.91
2021-09-03,2021-09-09,2021-09-09,17300,17291.80,14.24,75,1,75,YES,,,14,11,11,1,28,5,114.10,8557.50,712.17,7845.33,0,38,0,0,0.98
2021-09-13,2021-09-16,2021-09-16,17300,17337.30,13.94,75,1,75,YES,,,7,3,0,2,14,5,24.60,1845.00,367.17,1477.83,0,313,524,-50,0.83
2021-09-17,2021-09-23,2021-09-23,17700,17736.80,14.41,75,1,75,YES,,,18,14,13,2,36,5,-136.85,-10263.75,957.32,-11221.07,0,365,0,-50,0.99
2021-09-24,2021-09-30,2021-09-30,17950,17915.20,16.60,75,1,75,YES,,,18,12,11,4,36,5,36.45,2733.75,968.51,1765.24,56,213,0,50,0.89
2021-10-01,2021-10-07,2021-10-07,17450,17502.60,18.40,50,2,100,YES,,,10,6,6,2,20,5,101.85,10185.00,585.65,9599.35,273,450,279,-50,0.93
2021-10-08,2021-10-14,2021-10-14,17850,17872.80,16.16,50,2,100,YES,,,12,7,4,3,24,5,-12.45,-1245.00,663.13,-1908.13,94,0,615,0,0.96
2021-10-18,2021-10-21,2021-10-21,18450,18484.60,15.77,50,2,100,YES,,,20,16,13,2,40,5,47.95,4795.00,1055.65,3739.35,0,46,305,-50,0.99
2021-10-22,2021-10-28,2021-10-28,18250,18248.20,18.04,50,2,100,YES,,,17,13,10,2,34,5,39.55,3955.00,948.86,3006.14,8,208,184,0,0.84
2021-10-29,2021-11-03,2021-11-03,17700,17669.80,17.91,50,2,100,YES,,,20,15,15,3,40,5,126.25,12625.00,1112.42,11512.58,0,191,86,50,0.97
2021-11-04,2021-11-11,2021-11-11,0,0.00,16.13,50,0,0,NO,no_spot_at_entry,No 09:20 spot candle.,0,0,0,0,0,2,0.00,0.00,0.00,0.00,0,0,0,0,0.00
2021-11-12,2021-11-18,2021-11-18,17950,17953.90,16.35,50,2,100,YES,,,13,10,7,1,26,5,20.65,2065.00,719.02,1345.98,21,20,422,0,0.87
2021-11-22,2021-11-25,2021-11-25,17650,17632.70,14.86,50,2,100,YES,,,15,11,11,2,30,5,-36.35,-3635.00,851.35,-4486.35,10,55,0,0,0.82
2021-11-26,2021-12-02,2021-12-02,17300,17295.30,16.66,50,2,100,YES,,,17,12,9,3,34,5,18.25,1825.00,987.40,837.60,20,0,301,0,0.82
2021-12-03,2021-12-09,2021-12-09,17450,17458.20,18.09,50,2,100,YES,,,15,7,5,6,30,5,240.00,24000.00,892.51,23107.49,214,721,2,0,0.84
2021-12-10,2021-12-16,2021-12-16,17500,17523.20,16.60,50,2,100,YES,,,18,16,14,0,36,5,81.90,8190.00,983.50,7206.50,0,359,0,0,0.88
2021-12-17,2021-12-23,2021-12-23,17200,17182.70,15.90,50,2,100,YES,,,13,6,6,5,26,5,-74.20,-7420.00,805.02,-8225.02,336,365,67,0,0.96
2021-12-24,2021-12-30,2021-12-30,17100,17102.70,15.83,50,2,100,YES,,,13,10,9,1,26,5,145.20,14520.00,722.40,13797.60,0,423,19,0,0.88
2021-12-31,2022-01-06,2022-01-06,17300,17298.10,16.57,50,2,100,YES,,,11,4,1,5,22,5,281.60,28160.00,627.54,27532.46,38,14,924,0,0.98
2022-01-07,2022-01-13,2022-01-13,17850,17841.90,17.98,50,2,100,YES,,,13,9,6,2,26,5,118.45,11845.00,722.53,11122.47,127,0,740,0,0.99
2022-01-14,2022-01-20,2022-01-20,18150,18181.00,16.70,50,2,100,YES,,,12,8,5,2,24,5,-8.75,-875.00,672.55,-1547.55,7,47,689,-50,0.99
2022-01-21,2022-01-27,2022-01-27,17550,17549.90,17.79,50,2,100,YES,,,20,14,13,4,40,5,-36.50,-3650.00,1178.90,-4828.90,160,341,23,0,0.86
2022-01-28,2022-02-03,2022-02-03,17250,17239.30,21.07,50,2,100,YES,,,10,7,4,1,20,5,479.60,47960.00,611.99,47348.01,341,0,740,0,0.82
2022-02-04,2022-02-10,2022-02-10,17500,17551.20,19.16,50,2,100,YES,,,17,11,8,4,34,5,208.45,20845.00,995.12,19849.88,318,21,415,-50,0.95
2022-02-11,2022-02-17,2022-02-17,17400,17404.60,17.71,50,2,100,YES,,,14,10,9,2,28,5,40.70,4070.00,861.34,3208.66,32,447,12,0,0.83
2022-02-18,2022-02-24,2022-02-24,17300,17278.50,22.01,50,2,100,YES,,,13,10,7,1,26,5,-303.10,-30310.00,798.15,-31108.15,1,6,360,0,0.87
2022-02-25,2022-03-03,2022-03-03,16600,16587.90,31.98,50,2,100,YES,,,13,11,10,0,26,5,312.05,31205.00,732.09,30472.91,0,101,3,0,0.90
2022-03-04,2022-03-10,2022-03-10,16250,16259.10,28.16,50,2,100,YES,,,15,12,9,1,30,5,38.80,3880.00,954.66,2925.34,177,0,461,0,0.94
2022-03-11,2022-03-17,2022-03-17,16550,16574.30,25.58,50,2,100,YES,,,12,9,6,1,24,5,93.60,9360.00,744.97,8615.03,243,0,365,0,0.98
2022-03-21,2022-03-24,2022-03-24,17300,17304.00,22.61,50,2,100,YES,,,16,14,14,0,32,5,200.65,20065.00,863.21,19201.79,0,126,0,0,0.92
2022-03-25,2022-03-31,2022-03-31,17250,17202.10,23.93,50,2,100,YES,,,10,8,5,0,20,5,209.05,20905.00,557.31,20347.69,1,0,740,50,0.97
2022-04-01,2022-04-07,2022-04-07,17500,17482.10,20.56,50,2,100,YES,,,12,6,6,4,24,5,39.85,3985.00,725.30,3259.70,4,106,378,0,0.92
2022-04-08,2022-04-13,2022-04-13,17700,17672.40,19.00,50,2,100,YES,,,16,13,11,1,32,5,69.80,6980.00,868.14,6111.86,0,234,0,50,1.00
2022-04-18,2022-04-21,2022-04-21,17200,17205.10,17.79,50,2,100,YES,,,18,14,13,2,36,5,-138.10,-13810.00,1012.58,-14822.58,22,365,0,0,0.93
2022-04-22,2022-04-28,2022-04-28,17200,17215.80,17.85,50,2,100,YES,,,15,13,11,0,30,5,12.45,1245.00,830.12,414.88,0,191,0,0,0.91
2022-04-29,2022-05-05,2022-05-05,17350,17341.80,19.38,50,2,100,YES,,,14,8,5,4,28,5,137.65,13765.00,834.17,12930.83,172,0,427,0,0.87
2022-05-06,2022-05-12,2022-05-12,16400,16403.10,20.29,50,2,100,YES,,,20,14,11,4,40,5,111.90,11190.00,1140.22,10049.78,0,30,345,0,0.97
2022-05-13,2022-05-19,2022-05-19,15950,15966.70,24.27,50,2,100,YES,,,20,15,14,3,40,5,-188.20,-18820.00,1161.56,-19981.56,48,365,22,0,0.98
2022-05-20,2022-05-26,2022-05-26,16100,16123.00,24.56,50,2,100,YES,,,20,18,17,0,40,5,132.45,13245.00,1079.99,12165.01,0,121,149,0,0.84
2022-05-27,2022-06-02,2022-06-02,16300,16315.40,22.72,50,2,100,YES,,,15,11,9,2,30,5,158.55,15855.00,874.61,14980.39,0,155,0,0,0.96
2022-06-03,2022-06-09,2022-06-09,16800,16780.30,20.32,50,2,100,YES,,,14,8,5,4,28,5,288.20,28820.00,814.26,28005.74,6,18,492,0,0.87
2022-06-10,2022-06-16,2022-06-16,16300,16309.80,19.14,50,2,100,YES,,,10,5,3,3,20,5,-92.05,-9205.00,636.74,-9841.74,44,343,55,0,0.97
2022-06-17,2022-06-23,2022-06-23,15300,15259.70,22.87,50,2,100,YES,,,14,9,9,3,28,5,57.95,5795.00,814.11,4980.89,0,127,36,50,0.95
2022-06-24,2022-06-30,2022-06-30,15700,15713.80,20.88,50,2,100,YES,,,17,15,14,0,34,5,154.55,15455.00,912.96,14542.04,4,100,0,0,0.81
2022-07-01,2022-07-07,2022-07-07,15700,15712.50,21.84,50,2,100,YES,,,15,10,7,3,30,5,149.70,14970.00,850.33,14119.67,0,0,365,0,0.81
2022-07-08,2022-07-14,2022-07-14,16200,16210.30,19.20,50,2,100,YES,,,14,10,7,2,28,5,233.15,23315.00,756.99,22558.01,0,125,156,0,0.99
2022-07-15,2022-07-21,2022-07-21,16000,16006.90,18.34,50,2,100,YES,,,9,5,2,2,18,5,11.65,1165.00,523.03,641.97,5,105,740,0,0.85
2022-07-22,2022-07-28,2022-07-28,16700,16695.70,16.86,50,2,100,YES,,,12,7,6,3,24,5,-62.85,-6285.00,667.44,-6952.44,13,377,0,0,0.80
2022-07-29,2022-08-04,2022-08-04,17100,17111.50,17.01,50,2,100,YES,,,19,15,15,2,38,5,-33.25,-3325.00,1050.30,-4375.30,0,121,134,0,0.88
2022-08-05,2022-08-11,2022-08-11,17450,17439.30,19.26,50,2,100,YES,,,7,5,2,0,14,5,205.65,20565.00,387.89,20177.11,0,15,350,0,0.85
2022-08-12,2022-08-18,2022-08-18,17650,17620.40,18.36,50,2,100,YES,,,7,5,2,0,14,5,77.65,7765.00,387.40,7377.60,3,61,740,50,0.95
2022-08-19,2022-08-25,2022-08-25,17950,17973.70,17.35,50,2,100,YES,,,18,11,11,5,36,5,-102.45,-10245.00,1052.59,-11297.59,98,67,41,0,0.90
2022-08-26,2022-09-01,2022-09-01,17650,17672.80,19.57,50,2,100,YES,,,10,8,8,0,20,5,-141.40,-14140.00,599.08,-14739.08,20,255,74,0,0.85
2022-09-02,2022-09-08,2022-09-08,17600,17601.90,19.87,50,2,100,YES,,,14,12,11,0,28,5,65.60,6560.00,760.68,5799.32,0,125,63,0,0.89
2022-09-09,2022-09-15,2022-09-15,17900,17891.20,18.31,50,2,100,YES,,,13,11,11,0,26,5,-43.80,-4380.00,707.84,-5087.84,0,205,0,0,1.00
2022-09-16,2022-09-22,2022-09-22,17750,17767.60,18.39,50,2,100,YES,,,14,10,10,2,28,5,77.90,7790.00,803.53,6986.47,11,221,0,0,0.84
2022-09-23,2022-09-29,2022-09-29,17550,17562.90,18.82,50,2,100,YES,,,16,12,9,2,32,5,137.85,13785.00,991.56,12793.44,432,12,555,0,0.99
2022-09-30,2022-10-06,2022-10-06,16800,16779.10,21.30,50,2,100,YES,,,11,7,4,2,22,5,192.55,19255.00,662.60,18592.40,9,2,630,0,0.95
2022-10-07,2022-10-13,2022-10-13,17300,17290.20,19.32,50,2,100,YES,,,16,12,10,2,32,5,150.10,15010.00,897.48,14112.52,0,340,0,0,0.95
2022-10-14,2022-10-20,2022-10-20,17300,17281.00,20.29,50,2,100,YES,,,13,10,9,1,26,5,120.60,12060.00,720.43,11339.57,0,144,121,0,0.85
2022-10-21,2022-10-27,2022-10-27,17600,17642.90,17.23,50,2,100,YES,,,10,8,8,0,20,4,40.00,4000.00,535.92,3464.08,750,123,0,-50,0.88
2022-10-28,2022-11-03,2022-11-03,17800,17802.10,16.60,50,2,100,YES,,,5,3,0,0,10,5,130.00,13000.00,282.91,12717.09,0,9,1115,0,0.98
2022-11-04,2022-11-10,2022-11-10,18100,18056.80,15.94,50,2,100,YES,,,13,9,7,2,26,5,98.80,9880.00,696.50,9183.50,0,374,23,50,1.00
2022-11-11,2022-11-17,2022-11-17,18300,18307.70,15.57,50,2,100,YES,,,13,11,11,0,26,5,150.95,15095.00,674.87,14420.13,0,473,95,0,0.86
2022-11-18,2022-11-24,2022-11-24,18400,18346.80,14.88,50,2,100,YES,,,11,8,7,1,22,5,-32.00,-3200.00,605.56,-3805.56,0,433,0,50,0.82
2022-11-25,2022-12-01,2022-12-01,18500,18458.80,13.48,50,2,100,YES,,,9,5,2,2,18,5,113.75,11375.00,486.77,10888.23,0,196,385,50,0.90
2022-12-02,2022-12-08,2022-12-08,18800,18737.90,13.36,50,2,100,YES,,,12,10,8,0,24,5,126.60,12660.00,644.14,12015.86,0,556,0,50,0.95
2022-12-09,2022-12-15,2022-12-15,18700,18641.10,13.40,50,2,100,YES,,,12,8,8,2,24,5,-26.95,-2695.00,661.02,-3356.02,0,240,0,50,0.97
2022-12-16,2022-12-22,2022-12-22,18400,18397.20,13.73,50,0,0,NO,balance_check_failed,"Best of 11 strikes near ATM 18400 was 18400 at 79.6%, needs >= 80%",0,0,0,0,0,2,0.00,0.00,0.00,0.00,0,0,0,0,0.00
2022-12-23,2022-12-29,2022-12-29,18050,17975.60,15.19,50,2,100,YES,,,17,12,11,3,34,5,60.60,6060.00,935.26,5124.74,0,94,185,50,0.87
2022-12-30,2023-01-05,2023-01-05,18250,18237.40,14.81,50,2,100,YES,,,19,16,13,1,38,5,59.80,5980.00,1005.26,4974.74,0,263,210,0,0.99
2023-01-06,2023-01-12,2023-01-12,18000,18003.00,14.98,50,2,100,YES,,,25,23,20,0,50,5,69.50,6950.00,1300.82,5649.18,0,41,293,0,0.93
2023-01-13,2023-01-19,2023-01-19,17850,17797.20,15.28,50,2,100,YES,,,17,12,9,3,34,5,223.80,22380.00,913.90,21466.10,3,0,647,50,0.95
2023-01-20,2023-01-25,2023-01-25,18100,18109.90,13.96,50,2,100,YES,,,12,10,7,0,24,5,7.65,765.00,624.91,140.09,0,60,326,0,0.96
2023-01-27,2023-02-02,2023-02-02,17850,17799.70,14.66,50,2,100,YES,,,29,25,24,2,58,5,-103.10,-10310.00,1651.10,-11961.10,1,105,67,50,1.00
2023-02-03,2023-02-09,2023-02-09,17700,17672.70,15.73,50,2,100,YES,,,19,16,14,1,38,5,132.40,13240.00,1007.22,12232.78,0,440,3,50,0.89
2023-02-10,2023-02-16,2023-02-16,17850,17847.70,13.04,50,2,100,YES,,,14,12,9,0,28,5,98.20,9820.00,727.13,9092.87,0,109,380,0,0.92
2023-02-17,2023-02-23,2023-02-23,18000,17964.10,12.89,50,2,100,YES,,,10,8,5,0,20,5,-123.40,-12340.00,546.10,-12886.10,0,157,733,50,0.83
2023-02-24,2023-03-02,2023-03-02,17600,17585.80,15.08,50,2,100,YES,,,18,13,11,3,36,5,83.75,8375.00,982.48,7392.52,0,164,3,0,0.90
2023-03-03,2023-03-09,2023-03-09,17450,17474.40,12.97,50,2,100,YES,,,10,6,6,2,20,5,18.85,1885.00,544.42,1340.58,0,158,521,0,0.85
2023-03-10,2023-03-16,2023-03-16,17400,17396.60,12.73,50,2,100,YES,,,22,16,13,4,44,5,-6.50,-650.00,1227.18,-1877.18,0,104,395,0,0.97
2023-03-17,2023-03-23,2023-03-23,17100,17107.70,16.22,50,2,100,YES,,,15,12,12,1,30,5,56.20,5620.00,813.01,4806.99,0,244,0,0,0.87
2023-03-24,2023-03-29,2023-03-29,17100,17052.20,14.49,50,2,100,YES,,,19,16,16,1,38,5,74.35,7435.00,995.13,6439.87,0,151,0,50,0.82
2023-03-31,2023-04-06,2023-04-06,17250,17270.90,13.63,50,2,100,YES,,,9,6,3,1,18,5,47.30,4730.00,492.05,4237.95,15,121,721,0,0.91
2023-04-10,2023-04-13,2023-04-13,0,0.00,11.80,50,0,0,NO,vix_below_floor,Previous day India VIX 11.80 < 12.,0,0,0,0,0,2,0.00,0.00,0.00,0.00,0,0,0,0,0.00
2023-04-17,2023-04-20,2023-04-20,0,0.00,11.91,50,0,0,NO,vix_below_floor,Previous day India VIX 11.91 < 12.,0,0,0,0,0,2,0.00,0.00,0.00,0.00,0,0,0,0,0.00
2023-04-21,2023-04-27,2023-04-27,0,0.00,11.94,50,0,0,NO,vix_below_floor,Previous day India VIX 11.94 < 12.,0,0,0,0,0,2,0.00,0.00,0.00,0.00,0,0,0,0,0.00
2023-04-28,2023-05-04,2023-05-04,0,0.00,11.43,50,0,0,NO,vix_below_floor,Previous day India VIX 11.43 < 12.,0,0,0,0,0,2,0.00,0.00,0.00,0.00,0,0,0,0,0.00
2023-05-05,2023-05-11,2023-05-11,0,0.00,11.73,50,0,0,NO,vix_below_floor,Previous day India VIX 11.73 < 12.,0,0,0,0,0,2,0.00,0.00,0.00,0.00,0,0,0,0,0.00
2023-05-12,2023-05-18,2023-05-18,18250,18223.40,13.22,50,2,100,YES,,,12,8,7,2,24,5,48.70,4870.00,649.05,4220.95,0,325,223,50,0.89
2023-05-19,2023-05-25,2023-05-25,18150,18145.10,12.80,50,0,0,NO,balance_check_failed,"Best of 11 strikes near ATM 18150 was 18150 at 79.9%, needs >= 80%",0,0,0,0,0,2,0.00,0.00,0.00,0.00,0,0,0,0,0.00
2023-05-26,2023-06-01,2023-06-01,18350,18336.60,12.52,50,2,100,YES,,,7,3,0,2,14,5,223.50,22350.00,379.36,21970.64,5,0,1419,0,0.97
2023-06-02,2023-06-08,2023-06-08,0,0.00,11.60,50,0,0,NO,vix_below_floor,Previous day India VIX 11.60 < 12.,0,0,0,0,0,2,0.00,0.00,0.00,0.00,0,0,0,0,0.00
2023-06-09,2023-06-15,2023-06-15,0,0.00,11.26,50,0,0,NO,vix_below_floor,Previous day India VIX 11.26 < 12.,0,0,0,0,0,2,0.00,0.00,0.00,0.00,0,0,0,0,0.00
2023-06-16,2023-06-22,2023-06-22,0,0.00,11.08,50,0,0,NO,vix_below_floor,Previous day India VIX 11.08 < 12.,0,0,0,0,0,2,0.00,0.00,0.00,0.00,0,0,0,0,0.00
2023-06-23,2023-06-28,2023-06-28,0,0.00,11.55,50,0,0,NO,vix_below_floor,Previous day India VIX 11.55 < 12.,0,0,0,0,0,2,0.00,0.00,0.00,0.00,0,0,0,0,0.00
2023-06-30,2023-07-06,2023-07-06,0,0.00,10.89,50,0,0,NO,vix_below_floor,Previous day India VIX 10.89 < 12.,0,0,0,0,0,2,0.00,0.00,0.00,0.00,0,0,0,0,0.00
2023-07-07,2023-07-13,2023-07-13,0,0.00,11.84,50,0,0,NO,vix_below_floor,Previous day India VIX 11.84 < 12.,0,0,0,0,0,2,0.00,0.00,0.00,0.00,0,0,0,0,0.00
2023-07-14,2023-07-20,2023-07-20,0,0.00,10.94,50,0,0,NO,vix_below_floor,Previous day India VIX 10.94 < 12.,0,0,0,0,0,2,0.00,0.00,0.00,0.00,0,0,0,0,0.00
2023-07-21,2023-07-27,2023-07-27,0,0.00,11.79,50,0,0,NO,vix_below_floor,Previous day India VIX 11.79 < 12.,0,0,0,0,0,2,0.00,0.00,0.00,0.00,0,0,0,0,0.00
2023-07-28,2023-08-03,2023-08-03,0,0.00,10.51,50,0,0,NO,vix_below_floor,Previous day India VIX 10.51 < 12.,0,0,0,0,0,2,0.00,0.00,0.00,0.00,0,0,0,0,0.00
2023-08-04,2023-08-10,2023-08-10,0,0.00,11.19,50,0,0,NO,vix_below_floor,Previous day India VIX 11.19 < 12.,0,0,0,0,0,2,0.00,0.00,0.00,0.00,0,0,0,0,0.00
2023-08-11,2023-08-17,2023-08-17,0,0.00,11.40,50,0,0,NO,vix_below_floor,Previous day India VIX 11.40 < 12.,0,0,0,0,0,2,0.00,0.00,0.00,0.00,0,0,0,0,0.00
2023-08-18,2023-08-24,2023-08-24,19300,19315.20,12.24,50,2,100,YES,,,8,4,1,2,16,5,190.80,19080.00,428.05,18651.95,0,367,323,0,0.98
2023-08-25,2023-08-31,2023-08-31,0,0.00,11.70,50,0,0,NO,vix_below_floor,Previous day India VIX 11.70 < 12.,0,0,0,0,0,2,0.00,0.00,0.00,0.00,0,0,0,0,0.00
2023-09-01,2023-09-07,2023-09-07,19350,19291.10,12.06,50,2,100,YES,,,10,7,5,1,20,5,4.45,445.00,551.21,-106.21,0,481,342,50,0.85
2023-09-08,2023-09-14,2023-09-14,0,0.00,10.87,50,0,0,NO,vix_below_floor,Previous day India VIX 10.87 < 12.,0,0,0,0,0,2,0.00,0.00,0.00,0.00,0,0,0,0,0.00
2023-09-15,2023-09-21,2023-09-21,0,0.00,11.32,50,0,0,NO,vix_below_floor,Previous day India VIX 11.32 < 12.,0,0,0,0,0,2,0.00,0.00,0.00,0.00,0,0,0,0,0.00
2023-09-22,2023-09-28,2023-09-28,0,0.00,10.82,50,0,0,NO,vix_below_floor,Previous day India VIX 10.82 < 12.,0,0,0,0,0,2,0.00,0.00,0.00,0.00,0,0,0,0,0.00
2023-09-29,2023-10-05,2023-10-05,19600,19571.90,12.82,50,2,100,YES,,,12,10,10,0,24,5,79.35,7935.00,632.42,7302.58,0,125,375,50,0.99
2023-10-06,2023-10-12,2023-10-12,0,0.00,10.94,50,0,0,NO,vix_below_floor,Previous day India VIX 10.94 < 12.,0,0,0,0,0,2,0.00,0.00,0.00,0.00,0,0,0,0,0.00
2023-10-13,2023-10-19,2023-10-19,0,0.00,10.62,50,0,0,NO,vix_below_floor,Previous day India VIX 10.62 < 12.,0,0,0,0,0,2,0.00,0.00,0.00,0.00,0,0,0,0,0.00
2023-10-20,2023-10-26,2023-10-26,0,0.00,10.90,50,0,0,NO,vix_below_floor,Previous day India VIX 10.90 < 12.,0,0,0,0,0,2,0.00,0.00,0.00,0.00,0,0,0,0,0.00
2023-10-27,2023-11-02,2023-11-02,0,0.00,11.73,50,0,0,NO,vix_below_floor,Previous day India VIX 11.73 < 12.,0,0,0,0,0,2,0.00,0.00,0.00,0.00,0,0,0,0,0.00
2023-11-03,2023-11-09,2023-11-09,0,0.00,11.08,50,0,0,NO,vix_below_floor,Previous day India VIX 11.08 < 12.,0,0,0,0,0,2,0.00,0.00,0.00,0.00,0,0,0,0,0.00
2023-11-10,2023-11-16,2023-11-16,0,0.00,10.98,50,0,0,NO,vix_below_floor,Previous day India VIX 10.98 < 12.,0,0,0,0,0,2,0.00,0.00,0.00,0.00,0,0,0,0,0.00
2023-11-17,2023-11-23,2023-11-23,0,0.00,11.65,50,0,0,NO,vix_below_floor,Previous day India VIX 11.65 < 12.,0,0,0,0,0,2,0.00,0.00,0.00,0.00,0,0,0,0,0.00
2023-11-24,2023-11-30,2023-11-30,0,0.00,11.32,50,0,0,NO,vix_below_floor,Previous day India VIX 11.32 < 12.,0,0,0,0,0,2,0.00,0.00,0.00,0.00,0,0,0,0,0.00
2023-12-01,2023-12-07,2023-12-07,20300,20220.10,12.69,50,1,50,YES,,,7,3,0,2,14,5,-74.20,-3710.00,374.72,-4084.72,75,1,1211,100,0.86
2023-12-08,2023-12-14,2023-12-14,21000,20966.20,12.67,50,1,50,YES,,,14,11,9,1,28,5,9.45,472.50,709.33,-236.83,0,434,0,50,0.95
2023-12-15,2023-12-21,2023-12-21,21350,21260.80,12.32,50,1,50,YES,,,17,14,11,1,34,5,143.05,7152.50,866.33,6286.17,9,56,488,100,0.92
2023-12-22,2023-12-28,2023-12-28,21300,21260.60,13.76,50,1,50,YES,,,13,9,6,2,26,5,37.20,1860.00,673.46,1186.54,0,6,515,50,0.85
2023-12-29,2024-01-04,2024-01-04,21750,21713.20,15.14,50,1,50,YES,,,16,12,12,2,32,5,160.40,8020.00,814.26,7205.74,0,80,0,50,0.88
2024-01-05,2024-01-11,2024-01-11,21750,21723.90,13.33,50,1,50,YES,,,19,14,14,3,38,5,-88.55,-4427.50,972.33,-5399.83,0,36,0,50,0.95
2024-01-12,2024-01-18,2024-01-18,21750,21727.50,12.77,50,1,50,YES,,,16,11,8,3,32,5,-41.00,-2050.00,850.94,-2900.94,31,7,464,0,0.99
2024-01-19,2024-01-25,2024-01-25,21650,21647.30,14.07,50,1,50,YES,,,19,11,10,6,38,5,-66.70,-3335.00,1014.26,-4349.26,2,176,6,0,0.96
2024-01-29,2024-02-01,2024-02-01,21550,21506.70,13.87,50,1,50,YES,,,17,13,13,2,34,5,26.50,1325.00,889.48,435.52,0,23,0,50,0.85
2024-02-02,2024-02-08,2024-02-08,21950,21947.80,14.46,50,1,50,YES,,,22,19,16,1,44,5,88.35,4417.50,1109.17,3308.33,0,12,258,0,0.96
2024-02-09,2024-02-15,2024-02-15,21750,21756.60,15.83,50,1,50,YES,,,19,15,13,2,38,5,178.15,8907.50,977.19,7930.31,0,310,11,0,0.89
2024-02-16,2024-02-22,2024-02-22,22000,21999.30,15.23,50,1,50,YES,,,20,17,17,1,40,5,27.60,1380.00,1031.26,348.74,0,116,125,0,0.83
2024-02-23,2024-02-29,2024-02-29,22250,22249.20,15.20,50,1,50,YES,,,19,14,13,3,38,5,112.30,5615.00,985.22,4629.78,0,230,28,0,0.86
2024-03-01,2024-03-07,2024-03-07,22150,22124.40,15.57,50,1,50,YES,,,16,13,10,1,32,5,106.40,5320.00,826.39,4493.61,1375,1,467,50,0.95
2024-03-11,2024-03-14,2024-03-14,22500,22480.40,13.61,50,1,50,YES,,,13,7,4,4,26,5,274.35,13717.50,675.29,13042.21,0,102,419,0,0.98
2024-03-15,2024-03-21,2024-03-21,22100,22106.30,13.62,50,1,50,YES,,,17,11,11,4,34,5,-4.90,-245.00,889.76,-1134.76,0,278,0,0,0.91
2024-03-22,2024-03-28,2024-03-28,22000,21951.50,12.51,50,1,50,YES,,,12,8,5,2,24,5,127.20,6360.00,615.78,5744.22,0,17,363,50,0.80
2024-04-01,2024-04-04,2024-04-04,22500,22500.95,12.83,50,1,50,YES,,,18,16,14,0,36,5,37.80,1890.00,905.27,984.73,0,143,5,0,0.92
2024-04-05,2024-04-10,2024-04-10,0,0.00,11.22,50,0,0,NO,vix_below_floor,Previous day India VIX 11.22 < 12.,0,0,0,0,0,2,0.00,0.00,0.00,0.00,0,0,0,0,0.00
2024-04-12,2024-04-18,2024-04-18,0,0.00,11.11,50,0,0,NO,vix_below_floor,Previous day India VIX 11.11 < 12.,0,0,0,0,0,2,0.00,0.00,0.00,0.00,0,0,0,0,0.00
2024-04-19,2024-04-25,2024-04-25,21850,21862.25,13.04,50,1,50,YES,,,10,6,3,2,20,5,153.65,7682.50,549.37,7133.13,561,0,1122,0,0.91
2024-04-26,2024-05-02,2024-05-02,0,0.00,10.73,25,0,0,NO,vix_below_floor,Previous day India VIX 10.73 < 12.,0,0,0,0,0,2,0.00,0.00,0.00,0.00,0,0,0,0,0.00
2024-05-03,2024-05-09,2024-05-09,22800,22779.65,13.45,25,3,75,YES,,,16,9,6,5,32,5,50.90,3817.50,916.09,2901.41,22,0,525,0,1.00
2024-05-10,2024-05-16,2024-05-16,22000,22008.30,18.20,25,3,75,YES,,,25,21,21,2,50,5,-243.65,-18273.75,1353.44,-19627.19,0,86,0,0,0.93
2024-05-17,2024-05-23,2024-05-23,22400,22363.75,20.00,25,3,75,YES,,,12,8,5,2,24,5,-25.05,-1878.75,655.21,-2533.96,984,27,337,50,0.97
2024-05-24,2024-05-30,2024-05-30,23000,22963.65,21.38,25,3,75,YES,,,14,9,6,3,28,5,115.75,8681.25,769.58,7911.67,0,6,363,50,0.97
2024-05-31,2024-06-06,2024-06-06,22600,22617.20,24.18,25,3,75,YES,,,20,16,13,2,40,5,-455.85,-34188.75,1472.01,-35660.76,406,0,372,0,0.90
2024-06-07,2024-06-13,2024-06-13,22900,22923.45,16.80,25,3,75,YES,,,14,10,7,2,28,5,394.50,29587.50,831.24,28756.26,8,17,527,0,0.90
2024-06-14,2024-06-20,2024-06-20,23400,23349.55,13.49,25,3,75,YES,,,15,11,10,2,30,5,77.45,5808.75,794.41,5014.34,0,111,1,50,0.93
2024-06-21,2024-06-27,2024-06-27,23600,23598.75,13.35,25,3,75,YES,,,16,11,8,3,32,5,-35.85,-2688.75,878.76,-3567.51,0,0,638,0,0.96
2024-06-28,2024-07-04,2024-07-04,24100,24117.05,14.15,25,3,75,YES,,,12,9,6,1,24,5,274.90,20617.50,638.41,19979.09,0,14,365,0,0.94
2024-07-05,2024-07-11,2024-07-11,24200,24204.65,12.86,25,3,75,YES,,,17,12,12,3,34,5,25.50,1912.50,903.51,1008.99,0,39,0,0,0.95
2024-07-12,2024-07-18,2024-07-18,24400,24383.95,14.00,25,3,75,YES,,,13,9,7,2,26,5,56.45,4233.75,703.31,3530.44,0,279,0,0,0.90
2024-07-19,2024-07-25,2024-07-25,24750,24746.05,14.51,25,3,75,YES,,,18,14,13,2,36,5,94.20,7065.00,1053.67,6011.33,28,351,9,0,0.96
2024-07-26,2024-08-01,2024-08-01,24450,24477.45,12.62,25,3,75,YES,,,12,5,2,5,24,5,277.75,20831.25,685.40,20145.85,154,59,703,-50,0.92
2024-08-02,2024-08-08,2024-08-08,24850,24833.55,12.93,25,3,75,YES,,,6,4,1,0,12,5,-289.30,-21697.50,348.32,-22045.82,334,0,1490,0,0.85
2024-08-09,2024-08-14,2024-08-14,24400,24360.95,16.60,25,3,75,YES,,,14,9,7,3,28,5,294.00,22050.00,748.17,21301.83,0,367,0,50,0.93
2024-08-16,2024-08-22,2024-08-22,24400,24393.35,15.44,25,3,75,YES,,,13,8,5,3,26,5,165.10,12382.50,709.97,11672.53,5,0,702,0,0.94
2024-08-23,2024-08-29,2024-08-29,24850,24834.50,13.00,25,3,75,YES,,,13,10,9,1,26,5,35.40,2655.00,700.50,1954.50,0,452,62,0,0.81
2024-08-30,2024-09-05,2024-09-05,25250,25237.90,13.79,25,3,75,YES,,,11,9,6,0,22,5,191.70,14377.50,569.01,13808.49,0,220,54,0,0.98
2024-09-06,2024-09-12,2024-09-12,25100,25101.15,14.21,25,3,75,YES,,,22,19,17,1,44,5,-294.60,-22095.00,1190.04,-23285.04,0,84,0,0,0.95
2024-09-13,2024-09-19,2024-09-19,25350,25325.75,13.18,25,3,75,YES,,,10,8,7,0,20,5,114.45,8583.75,532.86,8050.89,0,63,70,0,0.97
2024-09-20,2024-09-26,2024-09-26,25500,25492.10,12.47,25,3,75,YES,,,8,6,3,0,16,5,-281.25,-21093.75,458.10,-21551.85,1,0,1490,0,0.92
2024-09-27,2024-10-03,2024-10-03,26250,26231.45,12.00,25,3,75,YES,,,11,4,1,5,22,5,-152.70,-11452.50,638.30,-12090.80,63,0,597,0,0.95
2024-10-04,2024-10-10,2024-10-10,25250,25140.40,13.17,25,3,75,YES,,,25,21,21,2,50,5,-139.55,-10466.25,1475.04,-11941.29,2,152,0,100,0.98
2024-10-11,2024-10-17,2024-10-17,25000,24967.60,13.50,25,3,75,YES,,,12,9,6,1,24,5,78.95,5921.25,673.32,5247.93,1,40,354,50,0.94
2024-10-18,2024-10-24,2024-10-24,24600,24579.85,13.39,25,3,75,YES,,,22,16,14,4,44,5,62.80,4710.00,1296.83,3413.17,10,440,5,0,0.82
2024-10-25,2024-10-31,2024-10-31,24400,24393.20,13.97,25,3,75,YES,,,21,17,16,2,42,5,47.50,3562.50,1180.33,2382.17,0,298,12,0,0.86
2024-11-01,2024-11-07,2024-11-07,0,0.00,15.55,25,0,0,NO,no_spot_at_entry,No 09:20 spot candle.,0,0,0,0,0,2,0.00,0.00,0.00,0.00,0,0,0,0,0.00
2024-11-08,2024-11-14,2024-11-14,24100,24091.55,14.94,25,3,75,YES,,,16,8,5,6,32,5,247.50,18562.50,943.98,17618.52,103,0,621,0,0.93
2024-11-18,2024-11-21,2024-11-21,23500,23500.10,14.78,25,3,75,YES,,,16,11,8,3,32,5,183.45,13758.75,892.04,12866.71,0,4,358,0,0.98
2024-11-22,2024-11-28,2024-11-28,23450,23499.50,15.99,75,1,75,YES,,,7,4,1,1,14,5,199.15,14936.25,432.43,14503.82,629,0,1490,-50,0.94
2024-11-29,2024-12-05,2024-12-05,24050,23964.60,15.21,75,1,75,YES,,,22,14,12,6,44,5,-105.55,-7916.25,1334.29,-9250.54,15,22,122,100,0.97
2024-12-06,2024-12-12,2024-12-12,24700,24711.80,14.53,75,1,75,YES,,,14,10,7,2,28,5,397.00,29775.00,764.85,29010.15,0,1,232,0,0.95
2024-12-13,2024-12-19,2024-12-19,24450,24419.65,13.19,75,1,75,YES,,,14,9,6,3,28,5,-41.25,-3093.75,845.81,-3939.56,82,0,699,50,0.90
2024-12-20,2024-12-26,2024-12-26,23950,23904.15,14.51,75,1,75,YES,,,15,12,11,1,30,5,236.90,17767.50,859.62,16907.88,0,325,0,50,0.99
2024-12-27,2025-01-02,2025-01-02,23850,23839.95,14.04,75,1,75,YES,,,16,12,9,2,32,5,-5.79,-434.25,919.26,-1353.51,0,0,235,0,0.91
2025-01-03,2025-01-09,2025-01-09,24150,24155.85,13.74,75,1,75,YES,,,17,12,9,3,34,5,198.42,14881.50,1019.29,13862.21,0,0,630,0,0.95
2025-01-10,2025-01-16,2025-01-16,23600,23565.65,14.66,75,1,75,YES,,,17,12,12,3,34,5,-34.31,-2573.25,1022.11,-3595.36,0,65,0,50,0.98
2025-01-17,2025-01-23,2025-01-23,23200,23186.50,15.47,75,1,75,YES,,,19,15,13,2,38,5,243.27,18245.25,1037.14,17208.11,0,334,0,0,0.95
2025-01-24,2025-01-30,2025-01-30,23300,23281.15,16.70,75,1,75,YES,,,13,8,7,3,26,5,219.40,16455.00,790.97,15664.03,0,23,63,0,0.97
2025-01-31,2025-02-06,2025-02-06,23300,23316.30,17.39,75,1,75,YES,,,18,12,12,4,36,5,276.24,20718.00,1101.88,19616.12,0,9,266,0,0.85
2025-02-07,2025-02-13,2025-02-13,23600,23578.55,14.18,75,1,75,YES,,,14,7,6,5,28,5,392.35,29426.25,836.75,28589.50,0,131,326,0,0.93
2025-02-14,2025-02-20,2025-02-20,23100,23087.70,14.96,75,1,75,YES,,,25,23,21,0,50,5,28.95,2171.25,1407.81,763.44,0,202,0,0,0.88
2025-02-21,2025-02-27,2025-02-27,22900,22907.65,14.68,75,1,75,YES,,,11,6,3,3,22,5,424.86,31864.50,637.49,31227.01,0,0,384,0,0.80
2025-02-28,2025-03-06,2025-03-06,22400,22319.75,13.31,75,1,75,YES,,,24,20,18,2,48,5,-212.17,-15912.75,1378.67,-17291.42,0,309,0,100,0.99
2025-03-07,2025-03-13,2025-03-13,22550,22515.85,13.73,75,1,75,YES,,,15,12,12,1,30,5,78.69,5901.75,825.47,5076.28,0,147,0,50,0.98
2025-03-17,2025-03-20,2025-03-20,22550,22515.70,13.28,75,1,75,YES,,,10,5,2,3,20,5,-52.21,-3915.75,573.45,-4489.20,0,0,707,50,0.97
2025-03-21,2025-03-27,2025-03-27,23200,23162.80,12.60,75,1,75,YES,,,13,7,6,4,26,5,83.00,6225.00,768.54,5456.46,2,335,330,50,0.99
2025-03-28,2025-04-03,2025-04-03,23650,23565.70,13.30,75,1,75,YES,,,19,13,12,4,38,5,103.51,7763.25,1098.80,6664.45,0,376,4,100,0.99
2025-04-04,2025-04-09,2025-04-09,23050,23035.05,13.60,75,1,75,YES,,,12,8,8,2,24,5,-619.86,-46489.50,886.16,-47375.66,0,0,1,0,0.98
2025-04-11,2025-04-17,2025-04-17,22800,22812.10,21.43,75,1,75,YES,,,7,4,1,1,14,5,-208.90,-15667.50,470.64,-16138.14,0,0,1028,0,0.98
2025-04-21,2025-04-24,2025-04-24,23950,23968.35,15.47,75,1,75,YES,,,16,12,9,2,32,5,222.83,16712.25,913.59,15798.66,0,6,487,0,0.88
2025-04-25,2025-04-30,2025-04-30,24350,24303.60,16.25,75,1,75,YES,,,11,7,4,2,22,5,341.83,25637.25,676.20,24961.05,0,0,684,50,0.98
2025-05-02,2025-05-08,2025-05-08,24450,24403.65,18.22,75,1,75,YES,,,21,18,18,1,42,5,143.51,10763.25,1130.30,9632.95,0,142,0,50,0.99
2025-05-09,2025-05-15,2025-05-15,24100,24090.00,21.01,75,1,75,YES,,,21,16,14,3,42,5,-535.89,-40191.75,1390.87,-41582.62,0,159,48,0,0.90
2025-05-16,2025-05-22,2025-05-22,25000,25001.70,16.89,75,1,75,YES,,,16,12,9,2,32,5,224.32,16824.00,931.93,15892.07,0,0,354,0,0.86
2025-05-23,2025-05-29,2025-05-29,24700,24719.20,17.26,75,1,75,YES,,,14,11,10,1,28,5,-35.93,-2694.75,850.35,-3545.10,0,251,0,0,0.90
2025-05-30,2025-06-05,2025-06-05,24850,24857.85,16.42,75,1,75,YES,,,16,12,12,2,32,5,163.00,12225.00,944.66,11280.34,0,31,7,0,0.98
2025-06-06,2025-06-12,2025-06-12,24750,24747.60,15.08,75,1,75,YES,,,8,3,3,3,16,5,295.60,22170.00,497.18,21672.82,0,51,381,0,0.99
2025-06-13,2025-06-19,2025-06-19,24650,24628.45,14.02,75,1,75,YES,,,10,7,6,1,20,5,274.25,20568.75,584.16,19984.59,0,87,0,0,0.87
2025-06-20,2025-06-26,2025-06-26,24850,24840.40,14.26,75,1,75,YES,,,17,12,9,3,34,5,-142.80,-10710.00,995.16,-11705.16,0,8,544,0,0.84
2025-06-27,2025-07-03,2025-07-03,25600,25587.40,12.59,75,1,75,YES,,,17,13,11,2,34,5,160.85,12063.75,906.58,11157.17,0,159,0,0,0.93
2025-07-04,2025-07-10,2025-07-10,25400,25414.60,12.39,75,1,75,YES,,,12,9,8,1,24,5,222.15,16661.25,646.38,16014.87,0,200,0,0,0.84
2025-07-11,2025-07-17,2025-07-17,0,0.00,11.67,75,0,0,NO,vix_below_floor,Previous day India VIX 11.67 < 12.,0,0,0,0,0,2,0.00,0.00,0.00,0.00,0,0,0,0,0.00
2025-07-18,2025-07-24,2025-07-24,0,0.00,11.24,75,0,0,NO,vix_below_floor,Previous day India VIX 11.24 < 12.,0,0,0,0,0,2,0.00,0.00,0.00,0.00,0,0,0,0,0.00
2025-07-25,2025-07-31,2025-07-31,0,0.00,10.72,75,0,0,NO,vix_below_floor,Previous day India VIX 10.72 < 12.,0,0,0,0,0,2,0.00,0.00,0.00,0.00,0,0,0,0,0.00
2025-08-01,2025-08-07,2025-08-07,0,0.00,11.54,75,0,0,NO,vix_below_floor,Previous day India VIX 11.54 < 12.,0,0,0,0,0,2,0.00,0.00,0.00,0.00,0,0,0,0,0.00
2025-08-08,2025-08-14,2025-08-14,0,0.00,11.69,75,0,0,NO,vix_below_floor,Previous day India VIX 11.69 < 12.,0,0,0,0,0,2,0.00,0.00,0.00,0.00,0,0,0,0,0.00
2025-08-18,2025-08-21,2025-08-21,25000,24942.20,12.36,75,1,75,YES,,,10,8,5,0,20,5,217.55,16316.25,532.35,15783.90,0,48,310,50,0.88
2025-08-22,2025-08-28,2025-08-28,0,0.00,11.37,75,0,0,NO,vix_below_floor,Previous day India VIX 11.37 < 12.,0,0,0,0,0,2,0.00,0.00,0.00,0.00,0,0,0,0,0.00
2025-08-29,2025-09-02,2025-09-02,24550,24552.80,12.18,75,1,75,YES,,,10,8,8,0,20,5,116.15,8711.25,520.41,8190.84,0,56,271,0,0.90
2025-09-03,2025-09-09,2025-09-09,0,0.00,11.40,75,0,0,NO,vix_below_floor,Previous day India VIX 11.40 < 12.,0,0,0,0,0,2,0.00,0.00,0.00,0.00,0,0,0,0,0.00
2025-09-10,2025-09-16,2025-09-16,0,0.00,10.69,75,0,0,NO,vix_below_floor,Previous day India VIX 10.69 < 12.,0,0,0,0,0,2,0.00,0.00,0.00,0.00,0,0,0,0,0.00
2025-09-17,2025-09-23,2025-09-23,0,0.00,10.27,75,0,0,NO,vix_below_floor,Previous day India VIX 10.27 < 12.,0,0,0,0,0,2,0.00,0.00,0.00,0.00,0,0,0,0,0.00
2025-09-24,2025-09-30,2025-09-30,0,0.00,10.63,75,0,0,NO,vix_below_floor,Previous day India VIX 10.63 < 12.,0,0,0,0,0,2,0.00,0.00,0.00,0.00,0,0,0,0,0.00
2025-10-01,2025-10-07,2025-10-07,0,0.00,11.07,75,0,0,NO,vix_below_floor,Previous day India VIX 11.07 < 12.,0,0,0,0,0,2,0.00,0.00,0.00,0.00,0,0,0,0,0.00
2025-10-08,2025-10-14,2025-10-14,0,0.00,10.05,75,0,0,NO,vix_below_floor,Previous day India VIX 10.05 < 12.,0,0,0,0,0,2,0.00,0.00,0.00,0.00,0,0,0,0,0.00
2025-10-15,2025-10-20,2025-10-20,0,0.00,11.16,75,0,0,NO,vix_below_floor,Previous day India VIX 11.16 < 12.,0,0,0,0,0,2,0.00,0.00,0.00,0.00,0,0,0,0,0.00
2025-10-21,2025-10-28,2025-10-28,0,0.00,11.36,75,0,0,NO,vix_below_floor,Previous day India VIX 11.36 < 12.,0,0,0,0,0,2,0.00,0.00,0.00,0.00,0,0,0,0,0.00
2025-10-29,2025-11-04,2025-11-04,0,0.00,11.95,75,0,0,NO,vix_below_floor,Previous day India VIX 11.95 < 12.,0,0,0,0,0,2,0.00,0.00,0.00,0.00,0,0,0,0,0.00
2025-11-06,2025-11-11,2025-11-11,25700,25659.80,12.65,75,1,75,YES,,,11,7,7,2,22,5,-7.10,-532.50,632.15,-1164.65,0,157,0,50,0.82
2025-11-12,2025-11-18,2025-11-18,25900,25839.55,12.49,75,1,75,YES,,,14,12,12,0,28,5,175.35,13151.25,737.78,12413.47,0,272,0,50,0.95
2025-11-19,2025-11-25,2025-11-25,25900,25900.65,12.10,75,1,75,YES,,,17,13,13,2,34,5,-41.90,-3142.50,964.05,-4106.55,0,114,0,0,0.97
2025-11-26,2025-12-02,2025-12-02,26050,25969.30,12.24,75,1,75,YES,,,11,8,6,1,22,5,162.20,12165.00,617.72,11547.28,0,272,1,100,0.89
2025-12-03,2025-12-09,2025-12-09,0,0.00,11.23,75,0,0,NO,vix_below_floor,Previous day India VIX 11.23 < 12.,0,0,0,0,0,2,0.00,0.00,0.00,0.00,0,0,0,0,0.00
2025-12-10,2025-12-16,2025-12-16,0,0.00,10.95,75,0,0,NO,vix_below_floor,Previous day India VIX 10.95 < 12.,0,0,0,0,0,2,0.00,0.00,0.00,0.00,0,0,0,0,0.00
2025-12-17,2025-12-23,2025-12-23,0,0.00,10.06,75,0,0,NO,vix_below_floor,Previous day India VIX 10.06 < 12.,0,0,0,0,0,2,0.00,0.00,0.00,0.00,0,0,0,0,0.00
2025-12-24,2025-12-30,2025-12-30,0,0.00,9.38,75,0,0,NO,vix_below_floor,Previous day India VIX 9.38 < 12.,0,0,0,0,0,2,0.00,0.00,0.00,0.00,0,0,0,0,0.00
2025-12-31,2026-01-06,2026-01-06,0,0.00,9.68,65,0,0,NO,vix_below_floor,Previous day India VIX 9.68 < 12.,0,0,0,0,0,2,0.00,0.00,0.00,0.00,0,0,0,0,0.00
2026-01-07,2026-01-13,2026-01-13,0,0.00,10.02,65,0,0,NO,vix_below_floor,Previous day India VIX 10.02 < 12.,0,0,0,0,0,2,0.00,0.00,0.00,0.00,0,0,0,0,0.00
2026-01-14,2026-01-20,2026-01-20,0,0.00,11.20,65,0,0,NO,vix_below_floor,Previous day India VIX 11.20 < 12.,0,0,0,0,0,2,0.00,0.00,0.00,0.00,0,0,0,0,0.00
2026-01-21,2026-01-27,2026-01-27,25250,25221.40,12.73,65,1,65,YES,,,25,22,22,1,50,5,-102.80,-6682.00,1350.14,-8032.14,0,23,0,50,0.90
2026-01-28,2026-02-03,2026-02-03,25350,25358.75,14.45,65,1,65,YES,,,17,13,10,2,34,5,124.85,8115.25,1057.37,7057.88,0,1,419,0,0.85
2026-02-04,2026-02-10,2026-02-10,25750,25754.15,12.90,65,1,65,YES,,,12,8,5,2,24,5,255.45,16604.25,664.51,15939.74,0,37,367,0,0.92
2026-02-11,2026-02-17,2026-02-17,0,0.00,11.67,65,0,0,NO,vix_below_floor,Previous day India VIX 11.67 < 12.,0,0,0,0,0,2,0.00,0.00,0.00,0.00,0,0,0,0,0.00
2026-02-18,2026-02-24,2026-02-24,25750,25704.50,12.67,65,1,65,YES,,,18,14,12,2,36,5,29.00,1885.00,994.20,890.80,0,241,0,50,0.92
2026-02-25,2026-03-02,2026-03-02,25600,25568.50,14.15,65,1,65,YES,,,12,8,5,2,24,5,-41.90,-2723.50,679.85,-3403.35,0,15,367,50,1.00
2026-03-04,2026-03-10,2026-03-10,24350,24341.15,17.13,65,1,65,YES,,,10,6,6,2,20,5,28.25,1836.25,680.04,1156.21,0,0,0,0,0.84
2026-03-11,2026-03-17,2026-03-17,24300,24242.50,18.91,65,1,65,YES,,,15,8,8,5,30,5,202.30,13149.50,1022.10,12127.40,0,16,558,50,0.96
2026-03-18,2026-03-24,2026-03-24,23700,23676.15,19.79,65,0,0,NO,balance_check_failed,"Best of 11 strikes near ATM 23700 was 23650 at 67.9%, needs >= 80%",0,0,0,0,0,2,0.00,0.00,0.00,0.00,0,0,0,0,0.00
2026-03-25,2026-04-28,2026-04-28,23200,23188.50,24.74,65,1,65,YES,,,18,15,14,1,36,5,198.55,12905.75,1491.33,11414.42,15,740,1046,0,0.85
2026-04-29,2026-05-05,2026-05-05,24100,24077.90,18.05,65,1,65,YES,,,8,6,6,0,16,5,-76.25,-4956.25,493.63,-5449.88,1482,0,0,0,0.88
2026-05-06,2026-05-12,2026-05-12,24200,24185.20,17.91,65,0,0,NO,missing_entry_bar,No exactly-priced straddle within 5 strikes of ATM 24200 at 09:20.,0,0,0,0,0,2,0.00,0.00,0.00,0.00,0,0,0,0,0.00
2026-05-13,2026-05-19,2026-05-19,23450,23437.90,19.28,65,1,65,YES,,,17,13,12,2,34,5,71.95,4676.75,1051.08,3625.67,0,310,0,0,0.99
2026-05-20,2026-05-26,2026-05-26,23450,23458.70,18.68,65,1,65,YES,,,10,7,4,1,20,5,304.80,19812.00,638.24,19173.76,0,20,719,0,0.94
2026-05-27,2026-06-02,2026-06-02,23950,23933.70,16.13,65,1,65,YES,,,12,7,4,3,24,5,364.75,23708.75,728.69,22980.06,0,13,456,0,0.94
2026-06-03,2026-06-09,2026-06-09,23300,23304.25,15.36,65,1,65,YES,,,4,2,0,0,8,4,17.35,1127.75,267.81,859.94,5964,0,0,0,0.83
2026-06-10,2026-06-16,2026-06-16,23350,23326.75,15.58,65,1,65,YES,,,13,9,6,2,26,5,-155.40,-10101.00,773.69,-10874.69,0,4,740,0,0.93
