date,net_pnl,equity,peak,drawdown
2020-01-06,-2111.25,297888.75,300000.00,2111.25
2020-01-08,-487.50,297401.25,300000.00,2598.75
2020-01-10,-90.00,297311.25,300000.00,2688.75
2020-01-14,60.00,297371.25,300000.00,2628.75
2020-01-21,551.25,297922.50,300000.00,2077.50
2020-01-28,-956.25,296966.25,300000.00,3033.75
2020-01-31,-570.00,296396.25,300000.00,3603.75
2020-02-01,5887.50,302283.75,302283.75,0.00
2020-02-10,15.00,302298.75,302298.75,0.00
2020-02-14,-4245.00,298053.75,302298.75,4245.00
2020-02-17,-555.00,297498.75,302298.75,4800.00
2020-02-18,1267.50,298766.25,302298.75,3532.50
2020-02-25,1710.00,300476.25,302298.75,1822.50
2020-02-26,-318.75,300157.50,302298.75,2141.25
2020-02-28,-2201.25,297956.25,302298.75,4342.50
2020-03-03,-435.00,297521.25,302298.75,4777.50
2020-03-06,4560.00,302081.25,302298.75,217.50
2020-03-11,3862.50,305943.75,305943.75,0.00
2020-03-16,-5827.50,300116.25,305943.75,5827.50
2020-03-17,8190.00,308306.25,308306.25,0.00
2020-03-20,-2051.25,306255.00,308306.25,2051.25
2020-03-23,4147.50,310402.50,310402.50,0.00
2020-03-24,-4038.75,306363.75,310402.50,4038.75
2020-03-25,9176.25,315540.00,315540.00,0.00
2020-03-27,363.75,315903.75,315903.75,0.00
2020-03-30,12315.00,328218.75,328218.75,0.00
2020-04-03,7515.00,335733.75,335733.75,0.00
2020-04-07,-9532.50,326201.25,335733.75,9532.50
2020-04-08,-5253.75,320947.50,335733.75,14786.25
2020-04-13,2377.50,323325.00,335733.75,12408.75
2020-04-15,4871.25,328196.25,335733.75,7537.50
2020-04-17,423.75,328620.00,335733.75,7113.75
2020-04-20,2103.75,330723.75,335733.75,5010.00
2020-04-21,-1158.75,329565.00,335733.75,6168.75
2020-04-24,652.50,330217.50,335733.75,5516.25
2020-04-27,1545.00,331762.50,335733.75,3971.25
2020-04-29,157.50,331920.00,335733.75,3813.75
2020-05-04,-1980.00,329940.00,335733.75,5793.75
2020-05-06,-2351.25,327588.75,335733.75,8145.00
2020-05-08,420.00,328008.75,335733.75,7725.00
2020-05-13,131.25,328140.00,335733.75,7593.75
2020-05-15,221.25,328361.25,335733.75,7372.50
2020-05-18,-2220.00,326141.25,335733.75,9592.50
2020-05-19,2587.50,328728.75,335733.75,7005.00
2020-05-20,2895.00,331623.75,335733.75,4110.00
2020-05-22,1833.75,333457.50,335733.75,2276.25
2020-05-26,-656.25,332801.25,335733.75,2932.50
2020-06-05,2313.75,335115.00,335733.75,618.75
2020-06-08,-1136.25,333978.75,335733.75,1755.00
2020-06-10,277.50,334256.25,335733.75,1477.50
2020-06-12,371.25,334627.50,335733.75,1106.25
2020-06-15,-802.50,333825.00,335733.75,1908.75
2020-06-16,-8647.50,325177.50,335733.75,10556.25
2020-06-17,1155.00,326332.50,335733.75,9401.25
2020-06-19,1432.50,327765.00,335733.75,7968.75
2020-06-22,3078.75,330843.75,335733.75,4890.00
2020-06-24,-3285.00,327558.75,335733.75,8175.00
2020-07-03,1890.00,329448.75,335733.75,6285.00
2020-07-06,-191.25,329257.50,335733.75,6476.25
2020-07-07,525.00,329782.50,335733.75,5951.25
2020-07-10,1125.00,330907.50,335733.75,4826.25
2020-07-13,108.75,331016.25,335733.75,4717.50
2020-07-17,-562.50,330453.75,335733.75,5280.00
2020-07-27,-652.50,329801.25,335733.75,5932.50
2020-07-31,1758.75,331560.00,335733.75,4173.75
2020-08-03,746.25,332306.25,335733.75,3427.50
2020-08-04,1942.50,334248.75,335733.75,1485.00
2020-08-10,1286.25,335535.00,335733.75,198.75
2020-08-11,753.75,336288.75,336288.75,0.00
2020-08-12,1091.25,337380.00,337380.00,0.00
2020-08-14,-1541.25,335838.75,337380.00,1541.25
2020-08-18,-592.50,335246.25,337380.00,2133.75
2020-08-19,1042.50,336288.75,337380.00,1091.25
2020-08-21,1346.25,337635.00,337635.00,0.00
2020-08-25,562.50,338197.50,338197.50,0.00
2020-08-26,435.00,338632.50,338632.50,0.00
2020-08-28,-521.25,338111.25,338632.50,521.25
2020-09-02,1878.75,339990.00,339990.00,0.00
2020-09-04,1462.50,341452.50,341452.50,0.00
2020-09-07,1575.00,343027.50,343027.50,0.00
2020-09-08,-326.25,342701.25,343027.50,326.25
2020-09-09,1661.25,344362.50,344362.50,0.00
2020-09-11,855.00,345217.50,345217.50,0.00
2020-09-18,907.50,346125.00,346125.00,0.00
2020-09-21,-2576.25,343548.75,346125.00,2576.25
2020-09-23,-3588.75,339960.00,346125.00,6165.00
2020-09-25,1061.25,341021.25,346125.00,5103.75
2020-09-28,45.00,341066.25,346125.00,5058.75
2020-10-07,-0.00,341066.25,346125.00,5058.75
2020-10-09,840.00,341906.25,346125.00,4218.75
2020-10-12,-1923.75,339982.50,346125.00,6142.50
2020-10-13,1158.75,341141.25,346125.00,4983.75
2020-10-14,-506.25,340635.00,346125.00,5490.00
2020-10-16,1590.00,342225.00,346125.00,3900.00
2020-10-19,866.25,343091.25,346125.00,3033.75
2020-10-23,1627.50,344718.75,346125.00,1406.25
2020-10-26,-705.00,344013.75,346125.00,2111.25
2020-10-30,2681.25,346695.00,346695.00,0.00
2020-11-02,1316.25,348011.25,348011.25,0.00
2020-11-03,-468.75,347542.50,348011.25,468.75
2020-11-04,3573.75,351116.25,351116.25,0.00
2020-11-06,-1691.25,349425.00,351116.25,1691.25
2020-11-09,656.25,350081.25,351116.25,1035.00
2020-11-10,-3266.25,346815.00,351116.25,4301.25
2020-11-11,-517.50,346297.50,351116.25,4818.75
2020-11-13,-52.50,346245.00,351116.25,4871.25
2020-11-18,1068.75,347313.75,351116.25,3802.50
2020-11-20,-18.75,347295.00,351116.25,3821.25
2020-11-23,-1830.00,345465.00,351116.25,5651.25
2020-11-24,491.25,345956.25,351116.25,5160.00
2020-11-27,1665.00,347621.25,351116.25,3495.00
2020-12-02,2846.25,350467.50,351116.25,648.75
2020-12-04,1477.50,351945.00,351945.00,0.00
2020-12-09,735.00,352680.00,352680.00,0.00
2020-12-11,-918.75,351761.25,352680.00,918.75
2020-12-14,-1267.50,350493.75,352680.00,2186.25
2020-12-15,1593.75,352087.50,352680.00,592.50
2020-12-16,1687.50,353775.00,353775.00,0.00
2020-12-18,1642.50,355417.50,355417.50,0.00
2020-12-21,-19192.50,336225.00,355417.50,19192.50
2020-12-22,-2130.00,334095.00,355417.50,21322.50
2020-12-28,1185.00,335280.00,355417.50,20137.50
2020-12-29,198.75,335478.75,355417.50,19938.75
2021-01-01,2478.75,337957.50,355417.50,17460.00
2021-01-04,7.50,337965.00,355417.50,17452.50
2021-01-05,-813.75,337151.25,355417.50,18266.25
2021-01-08,-1552.50,335598.75,355417.50,19818.75
2021-01-11,-322.50,335276.25,355417.50,20141.25
2021-01-12,288.75,335565.00,355417.50,19852.50
2021-01-15,-885.00,334680.00,355417.50,20737.50
2021-01-18,735.00,335415.00,355417.50,20002.50
2021-01-19,3258.75,338673.75,355417.50,16743.75
2021-01-20,2283.75,340957.50,355417.50,14460.00
2021-01-22,393.75,341351.25,355417.50,14066.25
2021-01-25,1710.00,343061.25,355417.50,12356.25
2021-01-29,-5122.50,337938.75,355417.50,17478.75
2021-02-01,11801.25,349740.00,355417.50,5677.50
2021-02-02,-1957.50,347782.50,355417.50,7635.00
2021-02-03,592.50,348375.00,355417.50,7042.50
2021-02-09,127.50,348502.50,355417.50,6915.00
2021-02-10,-2208.75,346293.75,355417.50,9123.75
2021-02-12,1537.50,347831.25,355417.50,7586.25
2021-02-16,-142.50,347688.75,355417.50,7728.75
2021-02-19,1515.00,349203.75,355417.50,6213.75
2021-02-22,791.25,349995.00,355417.50,5422.50
2021-02-23,-675.00,349320.00,355417.50,6097.50
2021-02-24,-483.75,348836.25,355417.50,6581.25
2021-02-26,-4916.25,343920.00,355417.50,11497.50
2021-03-01,3468.75,347388.75,355417.50,8028.75
2021-03-02,1500.00,348888.75,355417.50,6528.75
2021-03-03,-547.50,348341.25,355417.50,7076.25
2021-03-05,4368.75,352710.00,355417.50,2707.50
2021-03-08,2801.25,355511.25,355511.25,0.00
2021-03-09,2741.25,358252.50,358252.50,0.00
2021-03-12,-1173.75,357078.75,358252.50,1173.75
2021-03-15,2426.25,359505.00,359505.00,0.00
2021-03-16,-41.25,359463.75,359505.00,41.25
2021-03-17,2347.50,361811.25,361811.25,0.00
2021-03-19,1972.50,363783.75,363783.75,0.00
2021-03-23,3307.50,367091.25,367091.25,0.00
2021-03-26,4196.25,371287.50,371287.50,0.00
2021-03-30,-1158.75,370128.75,371287.50,1158.75
2021-03-31,1950.00,372078.75,372078.75,0.00
2021-04-05,-75.00,372003.75,372078.75,75.00
2021-04-06,652.50,372656.25,372656.25,0.00
2021-04-07,3735.00,376391.25,376391.25,0.00
2021-04-09,4207.50,380598.75,380598.75,0.00
2021-04-12,-881.25,379717.50,380598.75,881.25
2021-04-13,-438.75,379278.75,380598.75,1320.00
2021-04-16,952.50,380231.25,380598.75,367.50
2021-04-19,1053.75,381285.00,381285.00,0.00
2021-04-20,292.50,381577.50,381577.50,0.00
2021-04-23,761.25,382338.75,382338.75,0.00
2021-04-26,1342.50,383681.25,383681.25,0.00
2021-04-27,386.25,384067.50,384067.50,0.00
2021-04-30,750.00,384817.50,384817.50,0.00
2021-05-03,-1091.25,383726.25,384817.50,1091.25
2021-05-04,-1395.00,382331.25,384817.50,2486.25
2021-05-07,810.00,383141.25,384817.50,1676.25
2021-05-11,-165.00,382976.25,384817.50,1841.25
2021-05-14,1638.75,384615.00,384817.50,202.50
2021-05-17,-1181.25,383433.75,384817.50,1383.75
2021-05-18,352.50,383786.25,384817.50,1031.25
2021-05-21,-1050.00,382736.25,384817.50,2081.25
2021-05-24,1567.50,384303.75,384817.50,513.75
2021-05-26,783.75,385087.50,385087.50,0.00
2021-05-28,1612.50,386700.00,386700.00,0.00
2021-06-01,1155.00,387855.00,387855.00,0.00
2021-06-02,1875.00,389730.00,389730.00,0.00
2021-06-04,2051.25,391781.25,391781.25,0.00
2021-06-07,183.75,391965.00,391965.00,0.00
2021-06-08,1256.25,393221.25,393221.25,0.00
2021-06-09,-2583.75,390637.50,393221.25,2583.75
2021-06-11,1563.75,392201.25,393221.25,1020.00
2021-06-14,-843.75,391357.50,393221.25,1863.75
2021-06-15,858.75,392216.25,393221.25,1005.00
2021-06-18,-667.50,391548.75,393221.25,1672.50
2021-06-21,1653.75,393202.50,393221.25,18.75
2021-06-29,2148.75,395351.25,395351.25,0.00
2021-06-30,-112.50,395238.75,395351.25,112.50
2021-07-02,1860.00,397098.75,397098.75,0.00
2021-07-05,577.50,397676.25,397676.25,0.00
2021-07-06,-108.75,397567.50,397676.25,108.75
2021-07-12,-562.50,397005.00,397676.25,671.25
2021-07-16,337.50,397342.50,397676.25,333.75
2021-07-19,-48.75,397293.75,397676.25,382.50
2021-07-20,180.00,397473.75,397676.25,202.50
2021-07-23,296.25,397770.00,397770.00,0.00
2021-07-27,-2242.50,395527.50,397770.00,2242.50
2021-07-30,1012.50,396540.00,397770.00,1230.00
2021-08-02,33.75,396573.75,397770.00,1196.25
2021-08-06,1571.25,398145.00,398145.00,0.00
2021-08-09,-802.50,397342.50,398145.00,802.50
2021-08-11,-720.00,396622.50,398145.00,1522.50
2021-08-13,-2407.50,394215.00,398145.00,3930.00
2021-08-20,1406.25,395621.25,398145.00,2523.75
2021-08-23,-1665.00,393956.25,398145.00,4188.75
2021-08-25,-288.75,393667.50,398145.00,4477.50
2021-08-27,-1196.25,392471.25,398145.00,5673.75
2021-08-30,-2377.50,390093.75,398145.00,8051.25
2021-08-31,-6135.00,383958.75,398145.00,14186.25
2021-09-01,933.75,384892.50,398145.00,13252.50
2021-09-03,1166.25,386058.75,398145.00,12086.25
2021-09-06,1080.00,387138.75,398145.00,11006.25
2021-09-13,1950.00,389088.75,398145.00,9056.25
2021-09-14,1353.75,390442.50,398145.00,7702.50
2021-09-15,-412.50,390030.00,398145.00,8115.00
2021-09-17,-2317.50,387712.50,398145.00,10432.50
2021-09-20,-5512.50,382200.00,398145.00,15945.00
2021-09-21,2340.00,384540.00,398145.00,13605.00
2021-09-24,1582.50,386122.50,398145.00,12022.50
2021-09-27,461.25,386583.75,398145.00,11561.25
2021-09-28,-2347.50,384236.25,398145.00,13908.75
2021-09-29,-288.75,383947.50,398145.00,14197.50
2021-10-01,3192.50,387140.00,398145.00,11005.00
2021-10-05,520.00,387660.00,398145.00,10485.00
2021-10-06,-1392.50,386267.50,398145.00,11877.50
2021-10-08,1087.50,387355.00,398145.00,10790.00
2021-10-11,-427.50,386927.50,398145.00,11217.50
2021-10-12,527.50,387455.00,398145.00,10690.00
2021-10-13,450.00,387905.00,398145.00,10240.00
2021-10-18,-337.50,387567.50,398145.00,10577.50
2021-10-19,-3370.00,384197.50,398145.00,13947.50
2021-10-20,2855.00,387052.50,398145.00,11092.50
2021-10-22,-317.50,386735.00,398145.00,11410.00
2021-10-26,815.00,387550.00,398145.00,10595.00
2021-10-27,1770.00,389320.00,398145.00,8825.00
2021-11-01,1187.50,390507.50,398145.00,7637.50
2021-11-02,70.00,390577.50,398145.00,7567.50
2021-11-08,-237.50,390340.00,398145.00,7805.00
2021-11-10,412.50,390752.50,398145.00,7392.50
2021-11-12,302.50,391055.00,398145.00,7090.00
2021-11-15,70.00,391125.00,398145.00,7020.00
2021-11-16,532.50,391657.50,398145.00,6487.50
2021-11-22,-1790.00,389867.50,398145.00,8277.50
2021-11-24,-107.50,389760.00,398145.00,8385.00
2021-11-26,-2810.00,386950.00,398145.00,11195.00
2021-11-29,-752.50,386197.50,398145.00,11947.50
2021-11-30,-3027.50,383170.00,398145.00,14975.00
2021-12-03,1275.00,384445.00,398145.00,13700.00
2021-12-06,795.00,385240.00,398145.00,12905.00
2021-12-07,-825.00,384415.00,398145.00,13730.00
2021-12-08,117.50,384532.50,398145.00,13612.50
2021-12-10,675.00,385207.50,398145.00,12937.50
2021-12-13,-1680.00,383527.50,398145.00,14617.50
2021-12-14,-895.00,382632.50,398145.00,15512.50
2021-12-15,35.00,382667.50,398145.00,15477.50
2021-12-17,-1710.00,380957.50,398145.00,17187.50
2021-12-20,-210.00,380747.50,398145.00,17397.50
2021-12-21,145.00,380892.50,398145.00,17252.50
2021-12-22,1942.50,382835.00,398145.00,15310.00
2021-12-24,1040.00,383875.00,398145.00,14270.00
2021-12-27,-2285.00,381590.00,398145.00,16555.00
2021-12-28,1245.00,382835.00,398145.00,15310.00
2021-12-29,1767.50,384602.50,398145.00,13542.50
2021-12-31,460.00,385062.50,398145.00,13082.50
2022-01-03,-1347.50,383715.00,398145.00,14430.00
2022-01-04,-522.50,383192.50,398145.00,14952.50
2022-01-05,977.50,384170.00,398145.00,13975.00
2022-01-07,135.00,384305.00,398145.00,13840.00
2022-01-10,232.50,384537.50,398145.00,13607.50
2022-01-11,357.50,384895.00,398145.00,13250.00
2022-01-14,-617.50,384277.50,398145.00,13867.50
2022-01-17,1047.50,385325.00,398145.00,12820.00
2022-01-18,-1980.00,383345.00,398145.00,14800.00
2022-01-19,255.00,383600.00,398145.00,14545.00
2022-01-21,95.00,383695.00,398145.00,14450.00
2022-01-24,-7012.50,376682.50,398145.00,21462.50
2022-01-25,5627.50,382310.00,398145.00,15835.00
2022-01-28,-1980.00,380330.00,398145.00,17815.00
2022-01-31,-492.50,379837.50,398145.00,18307.50
2022-02-01,4507.50,384345.00,398145.00,13800.00
2022-02-02,3275.00,387620.00,398145.00,10525.00
2022-02-04,1547.50,389167.50,398145.00,8977.50
2022-02-07,-407.50,388760.00,398145.00,9385.00
2022-02-09,1462.50,390222.50,398145.00,7922.50
2022-02-11,-945.00,389277.50,398145.00,8867.50
2022-02-14,3620.00,392897.50,398145.00,5247.50
2022-02-15,1060.00,393957.50,398145.00,4187.50
2022-02-16,-2080.00,391877.50,398145.00,6267.50
2022-02-18,2662.50,394540.00,398145.00,3605.00
2022-02-21,710.00,395250.00,398145.00,2895.00
2022-02-22,925.00,396175.00,398145.00,1970.00
2022-02-23,520.00,396695.00,398145.00,1450.00
2022-02-25,-572.50,396122.50,398145.00,2022.50
2022-02-28,-4942.50,391180.00,398145.00,6965.00
2022-03-02,3985.00,395165.00,398145.00,2980.00
2022-03-04,2522.50,397687.50,398145.00,457.50
2022-03-07,147.50,397835.00,398145.00,310.00
2022-03-08,355.00,398190.00,398190.00,0.00
2022-03-09,-562.50,397627.50,398190.00,562.50
2022-03-11,72.50,397700.00,398190.00,490.00
2022-03-14,-2145.00,395555.00,398190.00,2635.00
2022-03-15,-732.50,394822.50,398190.00,3367.50
2022-03-16,-1125.00,393697.50,398190.00,4492.50
2022-03-21,-555.00,393142.50,398190.00,5047.50
2022-03-22,990.00,394132.50,398190.00,4057.50
2022-03-28,907.50,395040.00,398190.00,3150.00
2022-03-29,1477.50,396517.50,398190.00,1672.50
2022-04-01,1170.00,397687.50,398190.00,502.50
2022-04-04,-1675.00,396012.50,398190.00,2177.50
2022-04-05,770.00,396782.50,398190.00,1407.50
2022-04-06,1000.00,397782.50,398190.00,407.50
2022-04-08,1212.50,398995.00,398995.00,0.00
2022-04-11,1602.50,400597.50,400597.50,0.00
2022-04-12,787.50,401385.00,401385.00,0.00
2022-04-18,1830.00,403215.00,403215.00,0.00
2022-04-20,-4282.50,398932.50,403215.00,4282.50
2022-04-22,315.00,399247.50,403215.00,3967.50
2022-04-25,530.00,399777.50,403215.00,3437.50
2022-04-26,657.50,400435.00,403215.00,2780.00
2022-04-27,-662.50,399772.50,403215.00,3442.50
2022-04-29,-1672.50,398100.00,403215.00,5115.00
2022-05-02,620.00,398720.00,403215.00,4495.00
2022-05-06,1305.00,400025.00,403215.00,3190.00
2022-05-09,-3417.50,396607.50,403215.00,6607.50
2022-05-10,1240.00,397847.50,403215.00,5367.50
2022-05-11,57.50,397905.00,403215.00,5310.00
2022-05-13,805.00,398710.00,403215.00,4505.00
2022-05-16,1450.00,400160.00,403215.00,3055.00
2022-05-17,717.50,400877.50,403215.00,2337.50
2022-05-18,2085.00,402962.50,403215.00,252.50
2022-05-20,-2192.50,400770.00,403215.00,2445.00
2022-05-23,1695.00,402465.00,403215.00,750.00
2022-05-25,-257.50,402207.50,403215.00,1007.50
2022-05-27,1977.50,404185.00,404185.00,0.00
2022-05-31,387.50,404572.50,404572.50,0.00
2022-06-01,925.00,405497.50,405497.50,0.00
2022-06-03,515.00,406012.50,406012.50,0.00
2022-06-06,1072.50,407085.00,407085.00,0.00
2022-06-08,2475.00,409560.00,409560.00,0.00
2022-06-10,-887.50,408672.50,409560.00,887.50
2022-06-13,377.50,409050.00,409560.00,510.00
2022-06-14,702.50,409752.50,409752.50,0.00
2022-06-17,1242.50,410995.00,410995.00,0.00
2022-06-20,1737.50,412732.50,412732.50,0.00
2022-06-21,-380.00,412352.50,412732.50,380.00
2022-06-24,1667.50,414020.00,414020.00,0.00
2022-06-27,1592.50,415612.50,415612.50,0.00
2022-06-28,215.00,415827.50,415827.50,0.00
2022-06-29,-1135.00,414692.50,415827.50,1135.00
2022-07-01,1510.00,416202.50,416202.50,0.00
2022-07-04,827.50,417030.00,417030.00,0.00
2022-07-06,-1837.50,415192.50,417030.00,1837.50
2022-07-08,1282.50,416475.00,417030.00,555.00
2022-07-11,530.00,417005.00,417030.00,25.00
2022-07-13,-77.50,416927.50,417030.00,102.50
2022-07-15,375.00,417302.50,417302.50,0.00
2022-07-18,90.00,417392.50,417392.50,0.00
2022-07-19,-1430.00,415962.50,417392.50,1430.00
2022-07-20,237.50,416200.00,417392.50,1192.50
2022-07-25,40.00,416240.00,417392.50,1152.50
2022-07-26,837.50,417077.50,417392.50,315.00
2022-07-27,-2647.50,414430.00,417392.50,2962.50
2022-07-29,247.50,414677.50,417392.50,2715.00
2022-08-01,-280.00,414397.50,417392.50,2995.00
2022-08-02,-647.50,413750.00,417392.50,3642.50
2022-08-03,602.50,414352.50,417392.50,3040.00
2022-08-05,2565.00,416917.50,417392.50,475.00
2022-08-08,170.00,417087.50,417392.50,305.00
2022-08-10,1127.50,418215.00,418215.00,0.00
2022-08-12,205.00,418420.00,418420.00,0.00
2022-08-17,-817.50,417602.50,418420.00,817.50
2022-08-19,-2355.00,415247.50,418420.00,3172.50
2022-08-22,-482.50,414765.00,418420.00,3655.00
2022-08-23,-1752.50,413012.50,418420.00,5407.50
2022-08-26,-550.00,412462.50,418420.00,5957.50
2022-08-29,420.00,412882.50,418420.00,5537.50
2022-08-30,-2285.00,410597.50,418420.00,7822.50
2022-09-02,370.00,410967.50,418420.00,7452.50
2022-09-05,530.00,411497.50,418420.00,6922.50
2022-09-06,-900.00,410597.50,418420.00,7822.50
2022-09-07,1090.00,411687.50,418420.00,6732.50
2022-09-09,-30.00,411657.50,418420.00,6762.50
2022-09-12,-620.00,411037.50,418420.00,7382.50
2022-09-13,30.00,411067.50,418420.00,7352.50
2022-09-14,-2760.00,408307.50,418420.00,10112.50
2022-09-16,-2470.00,405837.50,418420.00,12582.50
2022-09-20,227.50,406065.00,418420.00,12355.00
2022-09-21,-1880.00,404185.00,418420.00,14235.00
2022-09-23,-2212.50,401972.50,418420.00,16447.50
2022-09-26,1697.50,403670.00,418420.00,14750.00
2022-09-27,-1355.00,402315.00,418420.00,16105.00
2022-09-28,647.50,402962.50,418420.00,15457.50
2022-09-30,527.50,403490.00,418420.00,14930.00
2022-10-03,1132.50,404622.50,418420.00,13797.50
2022-10-04,-570.00,404052.50,418420.00,14367.50
2022-10-07,967.50,405020.00,418420.00,13400.00
2022-10-10,-967.50,404052.50,418420.00,14367.50
2022-10-11,-722.50,403330.00,418420.00,15090.00
2022-10-12,-627.50,402702.50,418420.00,15717.50
2022-10-14,665.00,403367.50,418420.00,15052.50
2022-10-17,-1542.50,401825.00,418420.00,16595.00
2022-10-18,110.00,401935.00,418420.00,16485.00
2022-10-19,470.00,402405.00,418420.00,16015.00
2022-10-25,-182.50,402222.50,418420.00,16197.50
2022-10-28,367.50,402590.00,418420.00,15830.00
2022-10-31,-1085.00,401505.00,418420.00,16915.00
2022-11-01,-1435.00,400070.00,418420.00,18350.00
2022-11-02,-562.50,399507.50,418420.00,18912.50
2022-11-04,667.50,400175.00,418420.00,18245.00
2022-11-14,420.00,400595.00,418420.00,17825.00
2022-11-16,515.00,401110.00,418420.00,17310.00
2022-11-28,90.00,401200.00,418420.00,17220.00
2022-11-29,1160.00,402360.00,418420.00,16060.00
2022-12-07,-257.50,402102.50,418420.00,16317.50
2022-12-13,-832.50,401270.00,418420.00,17150.00
2022-12-16,-925.00,400345.00,418420.00,18075.00
2022-12-27,275.00,400620.00,418420.00,17800.00
2022-12-28,907.50,401527.50,418420.00,16892.50
2023-01-04,-1795.00,399732.50,418420.00,18687.50
2023-01-06,302.50,400035.00,418420.00,18385.00
2023-01-10,-2280.00,397755.00,418420.00,20665.00
2023-01-11,-25.00,397730.00,418420.00,20690.00
2023-01-16,-1525.00,396205.00,418420.00,22215.00
2023-01-20,460.00,396665.00,418420.00,21755.00
2023-02-01,-2125.00,394540.00,418420.00,23880.00
2023-02-03,-1045.00,393495.00,418420.00,24925.00
2023-02-06,-462.50,393032.50,418420.00,25387.50
2023-02-07,217.50,393250.00,418420.00,25170.00
2023-02-08,-535.00,392715.00,418420.00,25705.00
2023-02-10,827.50,393542.50,418420.00,24877.50
2023-02-15,-1072.50,392470.00,418420.00,25950.00
2023-02-20,-847.50,391622.50,418420.00,26797.50
2023-02-22,-1557.50,390065.00,418420.00,28355.00
2023-02-24,-397.50,389667.50,418420.00,28752.50
2023-03-01,1192.50,390860.00,418420.00,27560.00
2023-03-03,-1222.50,389637.50,418420.00,28782.50
2023-03-08,-1135.00,388502.50,418420.00,29917.50
2023-03-10,1142.50,389645.00,418420.00,28775.00
2023-03-13,-5662.50,383982.50,418420.00,34437.50
2023-03-15,-1187.50,382795.00,418420.00,35625.00
2023-03-17,950.00,383745.00,418420.00,34675.00
2023-03-20,-725.00,383020.00,418420.00,35400.00
2023-03-21,400.00,383420.00,418420.00,35000.00
2023-03-22,-817.50,382602.50,418420.00,35817.50
2023-03-24,-982.50,381620.00,418420.00,36800.00
2023-03-31,-632.50,380987.50,418420.00,37432.50
2023-04-05,1237.50,382225.00,418420.00,36195.00
2023-04-10,937.50,383162.50,418420.00,35257.50
2023-04-11,182.50,383345.00,418420.00,35075.00
2023-04-18,30.00,383375.00,418420.00,35045.00
2023-04-19,817.50,384192.50,418420.00,34227.50
2023-04-21,760.00,384952.50,418420.00,33467.50
2023-04-25,-60.00,384892.50,418420.00,33527.50
2023-04-26,-392.50,384500.00,418420.00,33920.00
2023-04-28,-490.00,384010.00,418420.00,34410.00
2023-05-02,282.50,384292.50,418420.00,34127.50
2023-05-12,227.50,384520.00,418420.00,33900.00
2023-05-15,12.50,384532.50,418420.00,33887.50
2023-05-16,-77.50,384455.00,418420.00,33965.00
2023-05-24,40.00,384495.00,418420.00,33925.00
2023-05-26,-1142.50,383352.50,418420.00,35067.50
2023-06-06,422.50,383775.00,418420.00,34645.00
2023-06-07,-622.50,383152.50,418420.00,35267.50
2023-06-12,22.50,383175.00,418420.00,35245.00
2023-06-21,47.50,383222.50,418420.00,35197.50
2023-07-04,837.50,384060.00,418420.00,34360.00
2023-07-07,45.00,384105.00,418420.00,34315.00
2023-07-11,862.50,384967.50,418420.00,33452.50
2023-07-14,-687.50,384280.00,418420.00,34140.00
2023-07-17,-1732.50,382547.50,418420.00,35872.50
2023-07-25,847.50,383395.00,418420.00,35025.00
2023-07-28,1350.00,384745.00,418420.00,33675.00
2023-08-02,-2487.50,382257.50,418420.00,36162.50
2023-08-04,1132.50,383390.00,418420.00,35030.00
2023-08-08,-80.00,383310.00,418420.00,35110.00
2023-08-09,-440.00,382870.00,418420.00,35550.00
2023-08-11,965.00,383835.00,418420.00,34585.00
2023-08-16,-432.50,383402.50,418420.00,35017.50
2023-08-18,660.00,384062.50,418420.00,34357.50
2023-08-21,170.00,384232.50,418420.00,34187.50
2023-08-22,115.00,384347.50,418420.00,34072.50
2023-08-29,972.50,385320.00,418420.00,33100.00
2023-08-30,-410.00,384910.00,418420.00,33510.00
2023-09-04,95.00,385005.00,418420.00,33415.00
2023-09-11,-790.00,384215.00,418420.00,34205.00
2023-09-12,-2215.00,382000.00,418420.00,36420.00
2023-09-13,372.50,382372.50,418420.00,36047.50
2023-09-18,965.00,383337.50,418420.00,35082.50
2023-09-22,-262.50,383075.00,418420.00,35345.00
2023-09-26,782.50,383857.50,418420.00,34562.50
2023-09-29,800.00,384657.50,418420.00,33762.50
2023-10-03,890.00,385547.50,418420.00,32872.50
2023-10-04,417.50,385965.00,418420.00,32455.00
2023-10-06,-405.00,385560.00,418420.00,32860.00
2023-10-09,-510.00,385050.00,418420.00,33370.00
2023-10-10,-2312.50,382737.50,418420.00,35682.50
2023-10-11,790.00,383527.50,418420.00,34892.50
2023-10-13,-390.00,383137.50,418420.00,35282.50
2023-10-16,-490.00,382647.50,418420.00,35772.50
2023-10-20,337.50,382985.00,418420.00,35435.00
2023-10-23,-930.00,382055.00,418420.00,36365.00
2023-10-27,-497.50,381557.50,418420.00,36862.50
2023-10-30,-665.00,380892.50,418420.00,37527.50
2023-11-01,335.00,381227.50,418420.00,37192.50
2023-11-06,-260.00,380967.50,418420.00,37452.50
2023-11-10,-490.00,380477.50,418420.00,37942.50
2023-11-17,-1222.50,379255.00,418420.00,39165.00
2023-11-28,-405.00,378850.00,418420.00,39570.00
2023-11-29,-2000.00,376850.00,418420.00,41570.00
2023-12-04,-2330.00,374520.00,418420.00,43900.00
2023-12-06,1120.00,375640.00,418420.00,42780.00
2023-12-12,-1410.00,374230.00,418420.00,44190.00
2023-12-19,1305.00,375535.00,418420.00,42885.00
2023-12-20,-3382.50,372152.50,418420.00,46267.50
2024-01-01,-1062.50,371090.00,418420.00,47330.00
2024-01-03,1185.00,372275.00,418420.00,46145.00
2024-01-05,325.00,372600.00,418420.00,45820.00
2024-01-08,-2400.00,370200.00,418420.00,48220.00
2024-01-09,-342.50,369857.50,418420.00,48562.50
2024-01-10,317.50,370175.00,418420.00,48245.00
2024-01-12,-3187.50,366987.50,418420.00,51432.50
2024-01-15,637.50,367625.00,418420.00,50795.00
2024-01-16,485.00,368110.00,418420.00,50310.00
2024-01-17,-295.00,367815.00,418420.00,50605.00
2024-01-19,907.50,368722.50,418420.00,49697.50
2024-01-23,-805.00,367917.50,418420.00,50502.50
2024-01-24,-2970.00,364947.50,418420.00,53472.50
2024-01-31,917.50,365865.00,418420.00,52555.00
2024-02-02,-127.50,365737.50,418420.00,52682.50
2024-02-05,-980.00,364757.50,418420.00,53662.50
2024-02-06,-50.00,364707.50,418420.00,53712.50
2024-02-07,-485.00,364222.50,418420.00,54197.50
2024-02-09,1642.50,365865.00,418420.00,52555.00
2024-02-12,-1345.00,364520.00,418420.00,53900.00
2024-02-13,922.50,365442.50,418420.00,52977.50
2024-02-16,385.00,365827.50,418420.00,52592.50
2024-02-19,-330.00,365497.50,418420.00,52922.50
2024-02-20,-475.00,365022.50,418420.00,53397.50
2024-02-21,520.00,365542.50,418420.00,52877.50
2024-02-23,1430.00,366972.50,418420.00,51447.50
2024-02-27,1140.00,368112.50,418420.00,50307.50
2024-02-28,-3387.50,364725.00,418420.00,53695.00
2024-03-02,1765.00,366490.00,418420.00,51930.00
2024-03-05,1760.00,368250.00,418420.00,50170.00
2024-03-06,625.00,368875.00,418420.00,49545.00
2024-03-11,252.50,369127.50,418420.00,49292.50
2024-03-13,507.50,369635.00,418420.00,48785.00
2024-03-15,870.00,370505.00,418420.00,47915.00
2024-03-18,712.50,371217.50,418420.00,47202.50
2024-03-20,747.50,371965.00,418420.00,46455.00
2024-04-01,2290.00,374255.00,418420.00,44165.00
2024-04-02,1562.50,375817.50,418420.00,42602.50
2024-04-03,-285.00,375532.50,418420.00,42887.50
2024-04-05,567.50,376100.00,418420.00,42320.00
2024-04-09,1017.50,377117.50,418420.00,41302.50
2024-04-12,317.50,377435.00,418420.00,40985.00
2024-04-16,657.50,378092.50,418420.00,40327.50
2024-04-22,97.50,378190.00,418420.00,40230.00
2024-04-23,1352.50,379542.50,418420.00,38877.50
2024-04-24,927.50,380470.00,418420.00,37950.00
2024-04-26,-212.50,380257.50,418420.00,38162.50
2024-04-30,-227.50,380030.00,418420.00,38390.00
2024-05-07,-973.75,379056.25,418420.00,39363.75
2024-05-14,283.75,379340.00,418420.00,39080.00
2024-05-15,-617.50,378722.50,418420.00,39697.50
2024-05-17,186.25,378908.75,418420.00,39511.25
2024-05-18,151.25,379060.00,418420.00,39360.00
2024-05-22,70.00,379130.00,418420.00,39290.00
2024-05-31,-317.50,378812.50,418420.00,39607.50
2024-06-03,-1347.50,377465.00,418420.00,40955.00
2024-06-04,-17770.00,359695.00,418420.00,58725.00
2024-06-07,-977.50,358717.50,418420.00,59702.50
2024-06-10,-132.50,358585.00,418420.00,59835.00
2024-06-11,430.00,359015.00,418420.00,59405.00
2024-06-14,403.75,359418.75,418420.00,59001.25
2024-06-18,411.25,359830.00,418420.00,58590.00
2024-06-19,-2227.50,357602.50,418420.00,60817.50
2024-06-21,-1490.00,356112.50,418420.00,62307.50
2024-06-24,-395.00,355717.50,418420.00,62702.50
2024-06-25,-546.25,355171.25,418420.00,63248.75
2024-06-26,1093.75,356265.00,418420.00,62155.00
2024-06-28,766.25,357031.25,418420.00,61388.75
2024-07-02,-502.50,356528.75,418420.00,61891.25
2024-07-05,-490.00,356038.75,418420.00,62381.25
2024-07-08,260.00,356298.75,418420.00,62121.25
2024-07-09,93.75,356392.50,418420.00,62027.50
2024-07-10,-2547.50,353845.00,418420.00,64575.00
2024-07-15,295.00,354140.00,418420.00,64280.00
2024-07-16,638.75,354778.75,418420.00,63641.25
2024-07-19,-1153.75,353625.00,418420.00,64795.00
2024-07-22,-205.00,353420.00,418420.00,65000.00
2024-07-23,-90.00,353330.00,418420.00,65090.00
2024-07-24,-298.75,353031.25,418420.00,65388.75
2024-07-26,-1075.00,351956.25,418420.00,66463.75
2024-07-29,-1130.00,350826.25,418420.00,67593.75
2024-07-30,-472.50,350353.75,418420.00,68066.25
2024-07-31,-500.00,349853.75,418420.00,68566.25
2024-08-02,-563.75,349290.00,418420.00,69130.00
2024-08-05,-2600.00,346690.00,418420.00,71730.00
2024-08-06,-746.25,345943.75,418420.00,72476.25
2024-08-07,-1131.25,344812.50,418420.00,73607.50
2024-08-09,696.25,345508.75,418420.00,72911.25
2024-08-16,-651.25,344857.50,418420.00,73562.50
2024-08-19,186.25,345043.75,418420.00,73376.25
2024-08-21,267.50,345311.25,418420.00,73108.75
2024-08-23,92.50,345403.75,418420.00,73016.25
2024-08-26,-627.50,344776.25,418420.00,73643.75
2024-08-28,236.25,345012.50,418420.00,73407.50
2024-08-30,403.75,345416.25,418420.00,73003.75
2024-09-03,235.00,345651.25,418420.00,72768.75
2024-09-04,280.00,345931.25,418420.00,72488.75
2024-09-06,-1302.50,344628.75,418420.00,73791.25
2024-09-09,130.00,344758.75,418420.00,73661.25
2024-09-10,-1002.50,343756.25,418420.00,74663.75
2024-09-11,-820.00,342936.25,418420.00,75483.75
2024-09-13,588.75,343525.00,418420.00,74895.00
2024-09-16,335.00,343860.00,418420.00,74560.00
2024-09-18,-1322.50,342537.50,418420.00,75882.50
2024-09-20,-2777.50,339760.00,418420.00,78660.00
2024-09-23,653.75,340413.75,418420.00,78006.25
2024-09-24,1008.75,341422.50,418420.00,76997.50
2024-09-27,821.25,342243.75,418420.00,76176.25
2024-10-01,293.75,342537.50,418420.00,75882.50
2024-10-07,-1600.00,340937.50,418420.00,77482.50
2024-10-08,-177.50,340760.00,418420.00,77660.00
2024-10-11,1103.75,341863.75,418420.00,76556.25
2024-10-14,191.25,342055.00,418420.00,76365.00
2024-10-15,-678.75,341376.25,418420.00,77043.75
2024-10-16,77.50,341453.75,418420.00,76966.25
2024-10-18,208.75,341662.50,418420.00,76757.50
2024-10-21,-3618.75,338043.75,418420.00,80376.25
2024-10-22,-997.50,337046.25,418420.00,81373.75
2024-10-23,636.25,337682.50,418420.00,80737.50
2024-10-25,-281.25,337401.25,418420.00,81018.75
2024-10-28,-1465.00,335936.25,418420.00,82483.75
2024-10-29,-441.25,335495.00,418420.00,82925.00
2024-11-04,230.00,335725.00,418420.00,82695.00
2024-11-05,127.50,335852.50,418420.00,82567.50
2024-11-06,446.25,336298.75,418420.00,82121.25
2024-11-08,391.25,336690.00,418420.00,81730.00
2024-11-11,-1816.25,334873.75,418420.00,83546.25
2024-11-12,-1116.25,333757.50,418420.00,84662.50
2024-11-13,-1813.75,331943.75,418420.00,86476.25
2024-11-18,-1377.50,330566.25,418420.00,87853.75
2024-11-19,-2051.25,328515.00,418420.00,89905.00
2024-11-22,-14475.00,314040.00,418420.00,104380.00
2024-11-25,4650.00,318690.00,418420.00,99730.00
2024-11-26,1560.00,320250.00,418420.00,98170.00
2024-12-02,-4192.50,316057.50,418420.00,102362.50
2024-12-03,1008.75,317066.25,418420.00,101353.75
2024-12-06,8223.75,325290.00,418420.00,93130.00
2024-12-09,1635.00,326925.00,418420.00,91495.00
2024-12-10,2996.25,329921.25,418420.00,88498.75
2024-12-11,3138.75,333060.00,418420.00,85360.00
2024-12-13,-663.75,332396.25,418420.00,86023.75
2024-12-16,-2707.50,329688.75,418420.00,88731.25
2024-12-17,2775.00,332463.75,418420.00,85956.25
2024-12-18,-210.00,332253.75,418420.00,86166.25
2024-12-20,-307.50,331946.25,418420.00,86473.75
2024-12-30,-1752.00,330194.25,418420.00,88225.75
2024-12-31,-5171.25,325023.00,418420.00,93397.00
2025-01-01,-3642.00,321381.00,418420.00,97039.00
2025-01-02,5782.50,327163.50,418420.00,91256.50
2025-01-03,840.75,328004.25,418420.00,90415.75
2025-01-06,-12483.75,315520.50,418420.00,102899.50
2025-01-07,6341.25,321861.75,418420.00,96558.25
2025-01-09,697.50,322559.25,418420.00,95860.75
2025-01-10,1553.25,324112.50,418420.00,94307.50
2025-01-13,3551.25,327663.75,418420.00,90756.25
2025-01-15,2403.00,330066.75,418420.00,88353.25
2025-01-16,-2838.75,327228.00,418420.00,91192.00
2025-01-17,2490.00,329718.00,418420.00,88702.00
2025-01-20,2681.25,332399.25,418420.00,86020.75
2025-01-21,-8429.25,323970.00,418420.00,94450.00
2025-01-22,6123.75,330093.75,418420.00,88326.25
2025-01-23,-1342.50,328751.25,418420.00,89668.75
2025-01-24,1476.75,330228.00,418420.00,88192.00
2025-01-27,2497.50,332725.50,418420.00,85694.50
2025-01-28,-1369.50,331356.00,418420.00,87064.00
2025-01-29,-3915.00,327441.00,418420.00,90979.00
2025-01-30,4500.00,331941.00,418420.00,86479.00
2025-01-31,8775.00,340716.00,418420.00,77704.00
2025-02-01,10422.75,351138.75,418420.00,67281.25
2025-02-04,1976.25,353115.00,418420.00,65305.00
2025-02-05,896.25,354011.25,418420.00,64408.75
2025-02-07,5216.25,359227.50,418420.00,59192.50
2025-02-11,102.00,359329.50,418420.00,59090.50
2025-02-12,-7150.50,352179.00,418420.00,66241.00
2025-02-13,1500.00,353679.00,418420.00,64741.00
2025-02-14,-2066.25,351612.75,418420.00,66807.25
2025-02-18,5336.25,356949.00,418420.00,61471.00
2025-02-19,-3089.25,353859.75,418420.00,64560.25
2025-02-21,2310.00,356169.75,418420.00,62250.25
2025-02-24,5066.25,361236.00,418420.00,57184.00
2025-03-03,-1743.75,359492.25,418420.00,58927.75
2025-03-04,-2662.50,356829.75,418420.00,61590.25
2025-03-06,-2546.25,354283.50,418420.00,64136.50
2025-03-07,1822.50,356106.00,418420.00,62314.00
2025-03-13,1803.75,357909.75,418420.00,60510.25
2025-03-19,-246.00,357663.75,418420.00,60756.25
2025-03-21,-3735.75,353928.00,418420.00,64492.00
2025-03-24,-4487.25,349440.75,418420.00,68979.25
2025-03-25,3671.25,353112.00,418420.00,65308.00
2025-03-26,-936.75,352175.25,418420.00,66244.75
2025-04-02,-273.75,351901.50,418420.00,66518.50
2025-04-03,1837.50,353739.00,418420.00,64681.00
2025-04-04,3915.00,357654.00,418420.00,60766.00
2025-04-07,-8441.25,349212.75,418420.00,69207.25
2025-04-08,-11220.00,337992.75,418420.00,80427.25
2025-04-09,2542.50,340535.25,418420.00,77884.75
2025-04-15,6986.25,347521.50,418420.00,70898.50
2025-04-17,-8313.00,339208.50,418420.00,79211.50
2025-04-21,3228.00,342436.50,418420.00,75983.50
2025-04-22,1045.50,343482.00,418420.00,74938.00
2025-04-23,-3144.75,340337.25,418420.00,78082.75
2025-04-25,-6948.75,333388.50,418420.00,85031.50
2025-04-28,-2032.50,331356.00,418420.00,87064.00
2025-04-29,876.75,332232.75,418420.00,86187.25
2025-04-30,-1987.50,330245.25,418420.00,88174.75
2025-05-02,-59.25,330186.00,418420.00,88234.00
2025-05-05,4376.25,334562.25,418420.00,83857.75
2025-05-06,1046.25,335608.50,418420.00,82811.50
2025-05-07,3795.75,339404.25,418420.00,79015.75
2025-05-08,-6536.25,332868.00,418420.00,85552.00
2025-05-09,3222.00,336090.00,418420.00,82330.00
2025-05-12,-17295.00,318795.00,418420.00,99625.00
2025-05-13,2197.50,320992.50,418420.00,97427.50
2025-05-14,-1116.75,319875.75,418420.00,98544.25
2025-05-16,3150.00,323025.75,418420.00,95394.25
2025-05-19,1552.50,324578.25,418420.00,93841.75
2025-05-20,-1242.00,323336.25,418420.00,95083.75
2025-05-21,-3010.50,320325.75,418420.00,98094.25
2025-05-22,4361.25,324687.00,418420.00,93733.00
2025-05-23,-6576.75,318110.25,418420.00,100309.75
2025-05-26,30.00,318140.25,418420.00,100279.75
2025-05-27,2489.25,320629.50,418420.00,97790.50
2025-05-28,13031.25,333660.75,418420.00,84759.25
2025-05-29,4687.50,338348.25,418420.00,80071.75
2025-05-30,-697.50,337650.75,418420.00,80769.25
2025-06-02,-1316.25,336334.50,418420.00,82085.50
2025-06-03,14100.00,350434.50,418420.00,67985.50
2025-06-04,3322.50,353757.00,418420.00,64663.00
2025-06-05,-1057.50,352699.50,418420.00,65720.50
2025-06-06,-686.25,352013.25,418420.00,66406.75
2025-06-09,3453.75,355467.00,418420.00,62953.00
2025-06-10,3307.50,358774.50,418420.00,59645.50
2025-06-13,-26.25,358748.25,418420.00,59671.75
2025-06-16,-1368.75,357379.50,418420.00,61040.50
2025-06-17,3352.50,360732.00,418420.00,57688.00
2025-06-19,78.75,360810.75,418420.00,57609.25
2025-06-20,-3603.75,357207.00,418420.00,61213.00
2025-06-23,-423.75,356783.25,418420.00,61636.75
2025-06-24,-2437.50,354345.75,418420.00,64074.25
2025-06-25,1346.25,355692.00,418420.00,62728.00
2025-06-26,-1710.00,353982.00,418420.00,64438.00
2025-06-27,2992.50,356974.50,418420.00,61445.50
2025-07-01,5535.00,362509.50,418420.00,55910.50
2025-07-02,-1747.50,360762.00,418420.00,57658.00
2025-07-04,2565.00,363327.00,418420.00,55093.00
2025-07-07,1425.00,364752.00,418420.00,53668.00
2025-07-08,1830.00,366582.00,418420.00,51838.00
2025-07-09,626.25,367208.25,418420.00,51211.75
2025-07-11,-266.25,366942.00,418420.00,51478.00
2025-07-14,1526.25,368468.25,418420.00,49951.75
2025-07-15,1095.00,369563.25,418420.00,48856.75
2025-07-18,-108.75,369454.50,418420.00,48965.50
2025-07-22,641.25,370095.75,418420.00,48324.25
2025-07-23,765.00,370860.75,418420.00,47559.25
2025-07-25,56.25,370917.00,418420.00,47503.00
2025-07-28,-1372.50,369544.50,418420.00,48875.50
2025-07-29,2430.00,371974.50,418420.00,46445.50
2025-07-30,825.00,372799.50,418420.00,45620.50
2025-07-31,-2775.00,370024.50,418420.00,48395.50
2025-08-01,-1215.00,368809.50,418420.00,49610.50
2025-08-04,1875.00,370684.50,418420.00,47735.50
2025-08-05,360.00,371044.50,418420.00,47375.50
2025-08-06,476.25,371520.75,418420.00,46899.25
2025-08-11,723.75,372244.50,418420.00,46175.50
2025-08-14,386.25,372630.75,418420.00,45789.25
2025-08-18,3558.75,376189.50,418420.00,42230.50
2025-08-19,1260.00,377449.50,418420.00,40970.50
2025-08-20,697.50,378147.00,418420.00,40273.00
2025-08-26,-3405.00,374742.00,418420.00,43678.00
2025-08-28,555.00,375297.00,418420.00,43123.00
2025-09-03,-1252.50,374044.50,418420.00,44375.50
2025-09-05,-4983.75,369060.75,418420.00,49359.25
2025-09-08,90.00,369150.75,418420.00,49269.25
2025-09-15,2358.75,371509.50,418420.00,46910.50
2025-09-19,-1110.00,370399.50,418420.00,48020.50
2025-10-03,-1530.00,368869.50,418420.00,49550.50
2025-10-17,-8951.25,359918.25,418420.00,58501.75
2025-11-03,930.00,360848.25,418420.00,57571.75
2025-11-13,-5302.50,355545.75,418420.00,62874.25
2025-11-18,1158.75,356704.50,418420.00,61715.50
2025-11-20,-142.50,356562.00,418420.00,61858.00
2025-11-21,1132.50,357694.50,418420.00,60725.50
2025-11-28,2561.25,360255.75,418420.00,58164.25
2025-12-01,-532.50,359723.25,418420.00,58696.75
2025-12-03,367.50,360090.75,418420.00,58329.25
2025-12-04,-1275.00,358815.75,418420.00,59604.25
2025-12-10,-1316.25,357499.50,418420.00,60920.50
2025-12-15,1631.25,359130.75,418420.00,59289.25
2025-12-18,435.00,359565.75,418420.00,58854.25
2025-12-29,-960.00,358605.75,418420.00,59814.25
2026-01-02,-790.10,357815.65,418420.00,60604.35
2026-01-05,-1223.40,356592.25,418420.00,61827.75
2026-01-07,1102.00,357694.25,418420.00,60725.75
2026-01-09,-5519.00,352175.25,418420.00,66244.75
2026-01-13,-224.15,351951.10,418420.00,66468.90
2026-01-14,1259.75,353210.85,418420.00,65209.15
2026-01-16,-920.10,352290.75,418420.00,66129.25
2026-01-28,4215.50,356506.25,418420.00,61913.75
2026-01-29,245.75,356752.00,418420.00,61668.00
2026-01-30,-672.50,356079.50,418420.00,62340.50
2026-02-01,-11562.00,344517.50,418420.00,73902.50
2026-02-02,3916.25,348433.75,418420.00,69986.25
2026-02-03,9626.75,358060.50,418420.00,60359.50
2026-02-04,1783.00,359843.50,418420.00,58576.50
2026-02-05,1308.50,361152.00,418420.00,57268.00
2026-02-06,1732.75,362884.75,418420.00,55535.25
2026-02-17,-909.50,361975.25,418420.00,56444.75
2026-02-18,-154.00,361821.25,418420.00,56598.75
2026-02-19,-8226.50,353594.75,418420.00,64825.25
2026-02-20,-6856.50,346738.25,418420.00,71681.75
2026-02-23,4.00,346742.25,418420.00,71677.75
2026-02-26,850.25,347592.50,418420.00,70827.50
2026-02-27,-2815.25,344777.25,418420.00,73642.75
2026-03-02,-319.75,344457.50,418420.00,73962.50
2026-03-04,-1894.50,342563.00,418420.00,75857.00
2026-03-05,-35.25,342527.75,418420.00,75892.25
2026-03-06,-2552.50,339975.25,418420.00,78444.75
2026-03-09,3156.25,343131.50,418420.00,75288.50
2026-03-10,4399.25,347530.75,418420.00,70889.25
2026-03-11,-6497.75,341033.00,418420.00,77387.00
2026-03-12,2382.75,343415.75,418420.00,75004.25
2026-03-13,-4658.25,338757.50,418420.00,79662.50
2026-03-17,3960.50,342718.00,418420.00,75702.00
2026-03-19,-7568.75,335149.25,418420.00,83270.75
2026-03-20,-2544.25,332605.00,418420.00,85815.00
2026-03-23,-850.75,331754.25,418420.00,86665.75
2026-03-24,3334.75,335089.00,418420.00,83331.00
2026-03-25,-2898.75,332190.25,418420.00,86229.75
2026-03-27,-3734.00,328456.25,418420.00,89963.75
2026-03-30,4423.50,332879.75,418420.00,85540.25
2026-04-01,1687.00,334566.75,418420.00,83853.25
2026-04-06,-2765.50,331801.25,418420.00,86618.75
2026-04-07,-1455.75,330345.50,418420.00,88074.50
2026-04-08,1469.25,331814.75,418420.00,86605.25
2026-04-09,-1153.50,330661.25,418420.00,87758.75
2026-04-10,-107.00,330554.25,418420.00,87865.75
2026-04-13,96.25,330650.50,418420.00,87769.50
2026-04-15,-1257.50,329393.00,418420.00,89027.00
2026-04-16,-2315.25,327077.75,418420.00,91342.25
2026-04-17,585.25,327663.00,418420.00,90757.00
2026-04-20,-2174.00,325489.00,418420.00,92931.00
2026-04-21,829.00,326318.00,418420.00,92102.00
2026-04-22,-196.25,326121.75,418420.00,92298.25
2026-04-23,2860.25,328982.00,418420.00,89438.00
2026-04-28,2285.00,331267.00,418420.00,87153.00
2026-04-29,-2922.75,328344.25,418420.00,90075.75
2026-04-30,-2238.75,326105.50,418420.00,92314.50
2026-05-12,-756.75,325348.75,418420.00,93071.25
2026-05-13,-11.00,325337.75,418420.00,93082.25
2026-05-14,1180.25,326518.00,418420.00,91902.00
2026-05-15,114.25,326632.25,418420.00,91787.75
2026-05-18,1019.75,327652.00,418420.00,90768.00
2026-05-19,2088.50,329740.50,418420.00,88679.50
2026-05-20,1248.50,330989.00,418420.00,87431.00
2026-05-21,215.00,331204.00,418420.00,87216.00
2026-05-22,1479.25,332683.25,418420.00,85736.75
2026-05-26,1550.50,334233.75,418420.00,84186.25
2026-05-27,2772.50,337006.25,418420.00,81413.75
2026-06-01,-103.00,336903.25,418420.00,81516.75
2026-06-02,-577.75,336325.50,418420.00,82094.50
2026-06-03,-626.75,335698.75,418420.00,82721.25
2026-06-09,3061.75,338760.50,418420.00,79659.50
2026-06-10,1880.50,340641.00,418420.00,77779.00
2026-06-11,364.50,341005.50,418420.00,77414.50
2026-06-12,-1819.25,339186.25,418420.00,79233.75
2026-06-15,374.25,339560.50,418420.00,78859.50
2026-06-16,1956.75,341517.25,418420.00,76902.75
