entry_date,exit_date,expiry,atm,lot_size,traded,skip_reason,remarks,legs_traded,adds,unwinds,orders,max_legs,gross_points,gross_pnl,costs,net_pnl,stale_prices,adds_blocked
2020-01-01,2020-01-02,2020-01-02,12200,75,NO,balance_check_failed,"CE=39.40 PE=29.85 within 75.8%, needs >= 80%",0,0,0,0,2,0.00,0.00,0.00,0.00,0,0
2020-01-03,2020-01-09,2020-01-09,12250,75,NO,balance_check_failed,"CE=55.00 PE=69.85 within 78.7%, needs >= 80%",0,0,0,0,2,0.00,0.00,0.00,0.00,0,0
2020-01-10,2020-01-16,2020-01-16,12250,75,YES,,,7,5,4,14,5,89.95,6746.25,420.00,6326.25,1,714
2020-01-17,2020-01-23,2020-01-23,12350,75,NO,balance_check_failed,"CE=59.25 PE=74.50 within 79.5%, needs >= 80%",0,0,0,0,2,0.00,0.00,0.00,0.00,0,0
2020-01-24,2020-01-30,2020-01-30,12150,75,NO,balance_check_failed,"CE=85.45 PE=63.90 within 74.8%, needs >= 80%",0,0,0,0,2,0.00,0.00,0.00,0.00,0,0
2020-01-31,2020-02-06,2020-02-06,12050,75,YES,,,13,11,10,26,8,123.20,9240.00,780.00,8460.00,870,900
2020-02-07,2020-02-13,2020-02-13,12150,75,NO,balance_check_failed,"CE=53.65 PE=107.95 within 49.7%, needs >= 80%",0,0,0,0,2,0.00,0.00,0.00,0.00,0,0
2020-02-14,2020-02-20,2020-02-20,12250,75,YES,,,10,8,8,20,6,-111.30,-8347.50,600.00,-8947.50,407,550
2020-02-24,2020-02-27,2020-02-27,11950,75,NO,balance_check_failed,"CE=58.15 PE=86.20 within 67.5%, needs >= 80%",0,0,0,0,2,0.00,0.00,0.00,0.00,0,0
2020-02-28,2020-03-05,2020-03-05,11350,75,YES,,,19,17,17,38,6,78.50,5887.50,1140.00,4747.50,23,219
2020-03-06,2020-03-12,2020-03-12,10900,75,YES,,,10,8,6,20,8,-378.05,-28353.75,600.00,-28953.75,280,396
2020-03-13,2020-03-19,2020-03-19,8750,75,NO,missing_entry_bar,No exact 09:20 bar on both ATM legs.,0,0,0,0,2,0.00,0.00,0.00,0.00,0,0
2020-03-20,2020-03-26,2020-03-26,8350,75,YES,,,24,22,21,48,8,335.25,25143.75,1440.00,23703.75,1178,152
2020-03-27,2020-04-01,2020-04-01,8950,75,YES,,,11,9,8,22,7,451.90,33892.50,660.00,33232.50,1257,364
2020-04-03,2020-04-09,2020-04-09,8150,75,YES,,,15,13,12,30,10,8.00,600.00,900.00,-300.00,894,393
2020-04-13,2020-04-16,2020-04-16,9100,75,YES,,,17,15,15,34,7,190.25,14268.75,1020.00,13248.75,0,67
2020-04-17,2020-04-23,2020-04-23,9250,75,YES,,,11,9,6,22,6,277.10,20782.50,660.00,20122.50,205,337
2020-04-24,2020-04-30,2020-04-30,9200,75,YES,,,13,11,4,26,9,41.95,3146.25,780.00,2366.25,176,449
2020-05-04,2020-05-07,2020-05-07,9450,75,YES,,,16,14,13,32,8,143.35,10751.25,960.00,9791.25,264,344
2020-05-08,2020-05-14,2020-05-14,9350,75,YES,,,14,12,11,28,7,-4.95,-371.25,840.00,-1211.25,349,306
2020-05-15,2020-05-21,2020-05-21,9100,75,YES,,,14,12,12,28,5,239.50,17962.50,840.00,17122.50,11,370
2020-05-22,2020-05-28,2020-05-28,9050,75,YES,,,15,13,6,30,9,64.35,4826.25,900.00,3926.25,221,427
2020-05-29,2020-06-04,2020-06-04,9450,75,NO,balance_check_failed,"CE=109.95 PE=156.30 within 70.3%, needs >= 80%",0,0,0,0,2,0.00,0.00,0.00,0.00,0,0
2020-06-05,2020-06-11,2020-06-11,10100,75,YES,,,16,14,12,32,5,1.20,90.00,960.00,-870.00,0,372
2020-06-12,2020-06-18,2020-06-18,9650,75,YES,,,16,14,14,32,6,-102.40,-7680.00,960.00,-8640.00,712,270
2020-06-19,2020-06-25,2020-06-25,10150,75,YES,,,12,10,10,24,8,117.00,8775.00,720.00,8055.00,225,221
2020-06-26,2020-07-02,2020-07-02,10350,75,NO,balance_check_failed,"CE=130.60 PE=165.75 within 78.8%, needs >= 80%",0,0,0,0,2,0.00,0.00,0.00,0.00,0,0
2020-07-03,2020-07-09,2020-07-09,10600,75,YES,,,11,9,8,22,6,139.45,10458.75,660.00,9798.75,0,336
2020-07-10,2020-07-16,2020-07-16,10800,75,YES,,,14,12,12,28,7,47.75,3581.25,840.00,2741.25,0,268
2020-07-17,2020-07-23,2020-07-23,10800,75,YES,,,9,7,7,18,8,35.70,2677.50,540.00,2137.50,73,513
2020-07-24,2020-07-30,2020-07-30,11150,75,NO,balance_check_failed,"CE=102.80 PE=133.75 within 76.9%, needs >= 80%",0,0,0,0,2,0.00,0.00,0.00,0.00,0,0
2020-07-31,2020-08-06,2020-08-06,11050,75,YES,,,13,11,10,26,7,156.80,11760.00,780.00,10980.00,0,205
2020-08-07,2020-08-13,2020-08-13,11200,75,NO,balance_check_failed,"CE=96.50 PE=130.75 within 73.8%, needs >= 80%",0,0,0,0,2,0.00,0.00,0.00,0.00,0,0
2020-08-14,2020-08-20,2020-08-20,11350,75,YES,,,12,10,10,24,6,3.60,270.00,720.00,-450.00,13,141
2020-08-21,2020-08-27,2020-08-27,11400,75,YES,,,11,9,5,22,6,129.85,9738.75,660.00,9078.75,0,440
2020-08-28,2020-09-03,2020-09-03,11600,75,YES,,,14,12,12,28,6,-45.80,-3435.00,840.00,-4275.00,3,162
2020-09-04,2020-09-10,2020-09-10,11350,75,YES,,,9,7,7,18,4,50.85,3813.75,540.00,3273.75,0,504
2020-09-11,2020-09-17,2020-09-17,11450,75,YES,,,11,9,9,22,7,99.75,7481.25,660.00,6821.25,0,167
2020-09-18,2020-09-24,2020-09-24,11550,75,YES,,,13,11,10,26,11,-127.45,-9558.75,780.00,-10338.75,337,593
2020-09-25,2020-10-01,2020-10-01,10900,75,YES,,,10,8,6,20,10,109.15,8186.25,600.00,7586.25,210,749
2020-10-05,2020-10-08,2020-10-08,11550,75,NO,balance_check_failed,"CE=72.30 PE=106.30 within 68.0%, needs >= 80%",0,0,0,0,2,0.00,0.00,0.00,0.00,0,0
2020-10-09,2020-10-15,2020-10-15,11850,75,YES,,,11,9,9,22,5,7.65,573.75,660.00,-86.25,0,247
2020-10-16,2020-10-22,2020-10-22,11750,75,YES,,,12,10,10,24,5,30.05,2253.75,720.00,1533.75,43,114
2020-10-23,2020-10-29,2020-10-29,11950,75,YES,,,12,10,7,24,7,165.20,12390.00,720.00,11670.00,73,413
2020-10-30,2020-11-05,2020-11-05,11700,75,YES,,,12,10,7,24,6,136.60,10245.00,720.00,9525.00,19,385
2020-11-06,2020-11-12,2020-11-12,12150,75,YES,,,10,8,2,20,8,162.35,12176.25,600.00,11576.25,804,1013
2020-11-13,2020-11-19,2020-11-19,12650,75,YES,,,9,7,7,18,6,134.95,10121.25,540.00,9581.25,1241,667
2020-11-20,2020-11-26,2020-11-26,12850,75,YES,,,15,13,13,30,7,27.65,2073.75,900.00,1173.75,8,335
2020-11-27,2020-12-03,2020-12-03,13000,75,YES,,,9,7,3,18,6,240.35,18026.25,540.00,17486.25,0,205
2020-12-04,2020-12-10,2020-12-10,13200,75,YES,,,12,10,9,24,6,128.35,9626.25,720.00,8906.25,2,456
2020-12-11,2020-12-17,2020-12-17,13550,75,YES,,,11,9,5,22,6,152.95,11471.25,660.00,10811.25,2,617
2020-12-18,2020-12-24,2020-12-24,13750,75,YES,,,14,12,12,28,9,-127.15,-9536.25,840.00,-10376.25,494,414
2020-12-28,2020-12-31,2020-12-31,13850,75,YES,,,12,10,6,24,7,166.50,12487.50,720.00,11767.50,0,318
2021-01-01,2021-01-07,2021-01-07,14000,75,YES,,,15,13,13,30,6,48.55,3641.25,900.00,2741.25,0,257
2021-01-08,2021-01-14,2021-01-14,14250,75,YES,,,11,9,9,22,10,29.85,2238.75,660.00,1578.75,261,394
2021-01-15,2021-01-21,2021-01-21,14600,75,YES,,,12,10,8,24,7,259.30,19447.50,720.00,18727.50,230,627
2021-01-22,2021-01-28,2021-01-28,14600,75,YES,,,13,11,6,26,7,16.90,1267.50,780.00,487.50,92,744
2021-01-29,2021-02-04,2021-02-04,13950,75,YES,,,16,14,6,32,10,291.35,21851.25,960.00,20891.25,1080,1093
2021-02-05,2021-02-11,2021-02-11,15000,75,NO,balance_check_failed,"CE=144.90 PE=184.65 within 78.5%, needs >= 80%",0,0,0,0,2,0.00,0.00,0.00,0.00,0,0
2021-02-12,2021-02-18,2021-02-18,15200,75,YES,,,16,14,13,32,5,68.20,5115.00,960.00,4155.00,0,252
2021-02-19,2021-02-25,2021-02-25,15050,75,YES,,,14,12,12,28,8,28.15,2111.25,840.00,1271.25,583,620
2021-02-26,2021-03-04,2021-03-04,14850,75,YES,,,18,16,14,36,7,163.95,12296.25,1080.00,11216.25,235,588
2021-03-05,2021-03-10,2021-03-10,15000,75,YES,,,11,9,8,22,7,337.45,25308.75,660.00,24648.75,0,193
2021-03-12,2021-03-18,2021-03-18,15300,75,YES,,,13,11,9,26,9,-5.65,-423.75,780.00,-1203.75,137,563
2021-03-19,2021-03-25,2021-03-25,14400,75,YES,,,14,12,12,28,6,54.40,4080.00,840.00,3240.00,171,447
2021-03-26,2021-04-01,2021-04-01,14450,75,YES,,,10,8,7,20,8,248.80,18660.00,600.00,18060.00,408,331
2021-04-05,2021-04-08,2021-04-08,14750,75,YES,,,17,15,13,34,5,130.30,9772.50,1020.00,8752.50,0,365
2021-04-09,2021-04-15,2021-04-15,14850,75,YES,,,11,9,9,22,8,139.95,10496.25,660.00,9836.25,310,401
2021-04-16,2021-04-22,2021-04-22,14600,75,YES,,,13,11,11,26,6,28.20,2115.00,780.00,1335.00,5,164
2021-04-23,2021-04-29,2021-04-29,14400,75,YES,,,12,10,2,24,10,331.45,24858.75,720.00,24138.75,21,567
2021-04-30,2021-05-06,2021-05-06,14800,75,YES,,,16,14,14,32,6,6.50,487.50,960.00,-472.50,0,84
2021-05-07,2021-05-12,2021-05-12,14850,75,YES,,,8,6,6,16,5,192.50,14437.50,480.00,13957.50,2,177
2021-05-14,2021-05-20,2021-05-20,14700,75,YES,,,9,7,7,18,9,159.90,11992.50,540.00,11452.50,45,530
2021-05-21,2021-05-27,2021-05-27,15000,75,YES,,,12,10,7,24,6,167.95,12596.25,720.00,11876.25,0,625
2021-05-28,2021-06-03,2021-06-03,15450,75,YES,,,12,10,8,24,6,59.70,4477.50,720.00,3757.50,0,389
2021-06-04,2021-06-10,2021-06-10,15700,75,YES,,,12,10,9,24,4,149.05,11178.75,720.00,10458.75,0,340
2021-06-11,2021-06-17,2021-06-17,15800,75,YES,,,11,9,8,22,5,128.10,9607.50,660.00,8947.50,3,167
2021-06-18,2021-06-24,2021-06-24,15750,75,YES,,,14,12,12,28,5,-32.60,-2445.00,840.00,-3285.00,7,110
2021-06-25,2021-07-01,2021-07-01,15800,75,NO,balance_check_failed,"CE=128.85 PE=98.30 within 76.3%, needs >= 80%",0,0,0,0,2,0.00,0.00,0.00,0.00,0,0
2021-07-02,2021-07-08,2021-07-08,15700,75,YES,,,11,9,8,22,8,85.55,6416.25,660.00,5756.25,0,242
2021-07-09,2021-07-15,2021-07-15,15700,75,NO,balance_check_failed,"CE=92.70 PE=117.50 within 78.9%, needs >= 80%",0,0,0,0,2,0.00,0.00,0.00,0.00,0,0
2021-07-16,2021-07-22,2021-07-22,15950,75,YES,,,11,9,9,22,7,2.75,206.25,660.00,-453.75,19,95
2021-07-23,2021-07-29,2021-07-29,15850,75,YES,,,10,8,8,20,7,-2.00,-150.00,600.00,-750.00,8,413
2021-07-30,2021-08-05,2021-08-05,15800,75,YES,,,9,7,1,18,8,-23.20,-1740.00,540.00,-2280.00,4,771
2021-08-06,2021-08-12,2021-08-12,16300,75,YES,,,16,14,12,32,5,88.45,6633.75,960.00,5673.75,0,362
2021-08-13,2021-08-18,2021-08-18,16400,75,YES,,,11,9,6,22,6,143.05,10728.75,660.00,10068.75,0,420
2021-08-20,2021-08-26,2021-08-26,16450,75,YES,,,12,10,9,24,8,74.35,5576.25,720.00,4856.25,6,457
2021-08-27,2021-09-02,2021-09-02,16650,75,YES,,,11,9,1,22,10,68.85,5163.75,660.00,4503.75,222,884
2021-09-03,2021-09-09,2021-09-09,17300,75,YES,,,17,15,15,34,5,103.20,7740.00,1020.00,6720.00,0,78
2021-09-13,2021-09-16,2021-09-16,17350,75,YES,,,10,8,4,20,6,37.60,2820.00,600.00,2220.00,0,545
2021-09-17,2021-09-23,2021-09-23,17700,75,YES,,,18,16,15,36,6,-78.55,-5891.25,1080.00,-6971.25,0,375
2021-09-24,2021-09-30,2021-09-30,17950,75,YES,,,17,15,13,34,9,133.60,10020.00,1020.00,9000.00,56,371
2021-10-01,2021-10-07,2021-10-07,17500,50,YES,,,14,12,11,28,7,140.70,7035.00,840.00,6195.00,1,443
2021-10-08,2021-10-14,2021-10-14,17850,50,YES,,,15,13,6,30,9,108.85,5442.50,900.00,4542.50,94,439
2021-10-18,2021-10-21,2021-10-21,18450,50,YES,,,19,17,14,38,7,138.00,6900.00,1140.00,5760.00,0,350
2021-10-22,2021-10-28,2021-10-28,18250,50,YES,,,18,16,11,36,7,60.50,3025.00,1080.00,1945.00,0,353
2021-10-29,2021-11-03,2021-11-03,17700,50,NO,balance_check_failed,"CE=211.95 PE=165.15 within 77.9%, needs >= 80%",0,0,0,0,2,0.00,0.00,0.00,0.00,0,0
2021-11-04,2021-11-11,2021-11-11,0,50,NO,no_spot_at_entry,No 09:20 spot candle.,0,0,0,0,2,0.00,0.00,0.00,0.00,0,0
2021-11-12,2021-11-18,2021-11-18,18000,50,YES,,,18,16,13,36,5,110.60,5530.00,1080.00,4450.00,1,381
2021-11-22,2021-11-25,2021-11-25,17700,50,YES,,,16,14,14,32,6,-65.45,-3272.50,960.00,-4232.50,0,52
2021-11-26,2021-12-02,2021-12-02,17300,50,YES,,,17,15,13,34,7,-18.75,-937.50,1020.00,-1957.50,0,318
2021-12-03,2021-12-09,2021-12-09,17500,50,YES,,,12,10,10,24,12,125.75,6287.50,720.00,5567.50,130,739
2021-12-10,2021-12-16,2021-12-16,17500,50,YES,,,16,14,13,32,5,57.25,2862.50,960.00,1902.50,0,411
2021-12-17,2021-12-23,2021-12-23,17200,50,YES,,,13,11,11,26,11,5.15,257.50,780.00,-522.50,31,386
2021-12-24,2021-12-30,2021-12-30,17050,50,YES,,,10,8,7,20,7,200.05,10002.50,600.00,9402.50,0,462
2021-12-31,2022-01-06,2022-01-06,17300,50,YES,,,10,8,5,20,9,272.25,13612.50,600.00,13012.50,38,964
2022-01-07,2022-01-13,2022-01-13,17850,50,YES,,,12,10,7,24,5,120.95,6047.50,720.00,5327.50,127,738
2022-01-14,2022-01-20,2022-01-20,18150,50,YES,,,16,14,11,32,6,76.15,3807.50,960.00,2847.50,31,460
2022-01-21,2022-01-27,2022-01-27,17550,50,YES,,,19,17,17,38,6,-102.55,-5127.50,1140.00,-6267.50,36,337
2022-01-28,2022-02-03,2022-02-03,17300,50,YES,,,13,11,7,26,6,323.25,16162.50,780.00,15382.50,10,699
2022-02-04,2022-02-10,2022-02-10,17500,50,YES,,,19,17,16,38,7,-9.70,-485.00,1140.00,-1625.00,44,554
2022-02-11,2022-02-17,2022-02-17,17450,50,YES,,,13,11,11,26,7,-8.55,-427.50,780.00,-1207.50,116,462
2022-02-18,2022-02-24,2022-02-24,17250,50,YES,,,11,9,6,22,5,-227.85,-11392.50,660.00,-12052.50,64,361
2022-02-25,2022-03-03,2022-03-03,16550,50,YES,,,11,9,9,22,5,301.40,15070.00,660.00,14410.00,0,125
2022-03-04,2022-03-10,2022-03-10,16250,50,YES,,,17,15,10,34,7,222.05,11102.50,1020.00,10082.50,52,390
2022-03-11,2022-03-17,2022-03-17,16550,50,YES,,,12,10,8,24,6,38.45,1922.50,720.00,1202.50,243,385
2022-03-21,2022-03-24,2022-03-24,17300,50,YES,,,13,11,11,26,5,211.80,10590.00,780.00,9810.00,0,135
2022-03-25,2022-03-31,2022-03-31,17200,50,NO,balance_check_failed,"CE=223.70 PE=171.00 within 76.4%, needs >= 80%",0,0,0,0,2,0.00,0.00,0.00,0.00,0,0
2022-04-01,2022-04-07,2022-04-07,17500,50,YES,,,11,9,9,22,10,37.85,1892.50,660.00,1232.50,14,405
2022-04-08,2022-04-13,2022-04-13,17700,50,YES,,,13,11,10,26,7,152.75,7637.50,780.00,6857.50,0,230
2022-04-18,2022-04-21,2022-04-21,17200,50,YES,,,18,16,15,36,8,-209.75,-10487.50,1080.00,-11567.50,22,369
2022-04-22,2022-04-28,2022-04-28,17200,50,YES,,,14,12,11,28,5,-60.60,-3030.00,840.00,-3870.00,0,224
2022-04-29,2022-05-05,2022-05-05,17300,50,YES,,,13,11,9,26,7,166.05,8302.50,780.00,7522.50,5,334
2022-05-06,2022-05-12,2022-05-12,16400,50,YES,,,19,17,16,38,8,13.20,660.00,1140.00,-480.00,0,370
2022-05-13,2022-05-19,2022-05-19,15950,50,YES,,,20,18,17,40,9,-82.40,-4120.00,1200.00,-5320.00,48,367
2022-05-20,2022-05-26,2022-05-26,16050,50,YES,,,12,10,10,24,6,147.25,7362.50,720.00,6642.50,9,254
2022-05-27,2022-06-02,2022-06-02,16300,50,YES,,,13,11,10,26,6,123.05,6152.50,780.00,5372.50,0,174
2022-06-03,2022-06-09,2022-06-09,16800,50,YES,,,13,11,10,26,7,193.50,9675.00,780.00,8895.00,6,511
2022-06-10,2022-06-16,2022-06-16,16300,50,YES,,,10,8,7,20,8,-200.35,-10017.50,600.00,-10617.50,44,810
2022-06-17,2022-06-23,2022-06-23,15300,50,YES,,,10,8,8,20,8,181.65,9082.50,600.00,8482.50,0,231
2022-06-24,2022-06-30,2022-06-30,15700,50,YES,,,15,13,12,30,4,154.15,7707.50,900.00,6807.50,4,142
2022-07-01,2022-07-07,2022-07-07,15700,50,YES,,,15,13,10,30,7,187.95,9397.50,900.00,8497.50,0,394
2022-07-08,2022-07-14,2022-07-14,16200,50,YES,,,13,11,10,26,7,207.40,10370.00,780.00,9590.00,0,274
2022-07-15,2022-07-21,2022-07-21,16000,50,YES,,,10,8,4,20,7,132.75,6637.50,600.00,6037.50,5,777
2022-07-22,2022-07-28,2022-07-28,16700,50,NO,balance_check_failed,"CE=112.20 PE=142.50 within 78.7%, needs >= 80%",0,0,0,0,2,0.00,0.00,0.00,0.00,0,0
2022-07-29,2022-08-04,2022-08-04,17100,50,YES,,,14,12,12,28,6,19.00,950.00,840.00,110.00,0,326
2022-08-05,2022-08-11,2022-08-11,17400,50,YES,,,9,7,5,18,4,171.70,8585.00,540.00,8045.00,0,370
2022-08-12,2022-08-18,2022-08-18,17650,50,YES,,,9,7,2,18,7,251.80,12590.00,540.00,12050.00,3,516
2022-08-19,2022-08-25,2022-08-25,17950,50,YES,,,16,14,14,32,10,-87.80,-4390.00,960.00,-5350.00,98,217
2022-08-26,2022-09-01,2022-09-01,17650,50,YES,,,11,9,9,22,6,-30.55,-1527.50,660.00,-2187.50,20,369
2022-09-02,2022-09-08,2022-09-08,17600,50,YES,,,12,10,9,24,4,92.35,4617.50,720.00,3897.50,0,271
2022-09-09,2022-09-15,2022-09-15,17900,50,YES,,,13,11,11,26,5,-158.85,-7942.50,780.00,-8722.50,0,237
2022-09-16,2022-09-22,2022-09-22,17800,50,YES,,,16,14,14,32,5,99.00,4950.00,960.00,3990.00,11,210
2022-09-23,2022-09-29,2022-09-29,17550,50,YES,,,12,10,9,24,7,12.65,632.50,720.00,-87.50,432,840
2022-09-30,2022-10-06,2022-10-06,16750,50,YES,,,11,9,6,22,7,187.80,9390.00,660.00,8730.00,282,690
2022-10-07,2022-10-13,2022-10-13,17300,50,YES,,,15,13,12,30,6,138.80,6940.00,900.00,6040.00,0,348
2022-10-14,2022-10-20,2022-10-20,17300,50,YES,,,12,10,10,24,6,39.05,1952.50,720.00,1232.50,1,258
2022-10-21,2022-10-27,2022-10-27,17650,50,NO,balance_check_failed,"CE=102.05 PE=139.55 within 73.1%, needs >= 80%",0,0,0,0,2,0.00,0.00,0.00,0.00,0,0
2022-10-28,2022-11-03,2022-11-03,17800,50,YES,,,9,7,7,18,8,37.30,1865.00,540.00,1325.00,0,265
2022-11-04,2022-11-10,2022-11-10,18100,50,YES,,,11,9,8,22,6,98.25,4912.50,660.00,4252.50,0,364
2022-11-11,2022-11-17,2022-11-17,18250,50,NO,balance_check_failed,"CE=131.90 PE=89.00 within 67.5%, needs >= 80%",0,0,0,0,2,0.00,0.00,0.00,0.00,0,0
2022-11-18,2022-11-24,2022-11-24,18350,50,NO,balance_check_failed,"CE=124.80 PE=96.75 within 77.5%, needs >= 80%",0,0,0,0,2,0.00,0.00,0.00,0.00,0,0
2022-11-25,2022-12-01,2022-12-01,18450,50,NO,balance_check_failed,"CE=130.40 PE=77.00 within 59.0%, needs >= 80%",0,0,0,0,2,0.00,0.00,0.00,0.00,0,0
2022-12-02,2022-12-08,2022-12-08,18750,50,NO,balance_check_failed,"CE=136.85 PE=87.50 within 63.9%, needs >= 80%",0,0,0,0,2,0.00,0.00,0.00,0.00,0,0
2022-12-09,2022-12-15,2022-12-15,18650,50,NO,balance_check_failed,"CE=120.60 PE=71.80 within 59.5%, needs >= 80%",0,0,0,0,2,0.00,0.00,0.00,0.00,0,0
2022-12-16,2022-12-22,2022-12-22,18350,50,YES,,,23,21,18,46,6,31.30,1565.00,1380.00,185.00,0,362
2022-12-23,2022-12-29,2022-12-29,18000,50,NO,balance_check_failed,"CE=183.80 PE=110.00 within 59.8%, needs >= 80%",0,0,0,0,2,0.00,0.00,0.00,0.00,0,0
2022-12-30,2023-01-05,2023-01-05,18200,50,NO,balance_check_failed,"CE=139.95 PE=99.80 within 71.3%, needs >= 80%",0,0,0,0,2,0.00,0.00,0.00,0.00,0,0
2023-01-06,2023-01-12,2023-01-12,18000,50,YES,,,22,20,18,44,5,23.90,1195.00,1320.00,-125.00,0,338
2023-01-13,2023-01-19,2023-01-19,17800,50,NO,balance_check_failed,"CE=160.25 PE=118.35 within 73.9%, needs >= 80%",0,0,0,0,2,0.00,0.00,0.00,0.00,0,0
2023-01-20,2023-01-25,2023-01-25,18100,50,YES,,,12,10,6,24,6,98.05,4902.50,720.00,4182.50,0,393
2023-01-27,2023-02-02,2023-02-02,17800,50,NO,balance_check_failed,"CE=215.10 PE=166.35 within 77.3%, needs >= 80%",0,0,0,0,2,0.00,0.00,0.00,0.00,0,0
2023-02-03,2023-02-09,2023-02-09,17700,50,YES,,,17,15,14,34,6,124.20,6210.00,1020.00,5190.00,0,465
2023-02-10,2023-02-16,2023-02-16,17850,50,YES,,,11,9,6,22,5,130.30,6515.00,660.00,5855.00,0,495
2023-02-17,2023-02-23,2023-02-23,17950,50,NO,balance_check_failed,"CE=119.20 PE=83.10 within 69.7%, needs >= 80%",0,0,0,0,2,0.00,0.00,0.00,0.00,0,0
2023-02-24,2023-03-02,2023-03-02,17600,50,YES,,,17,15,15,34,5,-50.00,-2500.00,1020.00,-3520.00,0,464
2023-03-03,2023-03-09,2023-03-09,17450,50,YES,,,11,9,9,22,7,-46.10,-2305.00,660.00,-2965.00,0,621
2023-03-10,2023-03-16,2023-03-16,17400,50,YES,,,21,19,17,42,7,-47.30,-2365.00,1260.00,-3625.00,0,496
2023-03-17,2023-03-23,2023-03-23,17100,50,YES,,,12,10,10,24,5,149.45,7472.50,720.00,6752.50,0,267
2023-03-24,2023-03-29,2023-03-29,17100,50,YES,,,14,12,12,28,6,120.05,6002.50,840.00,5162.50,0,114
2023-03-31,2023-04-06,2023-04-06,17250,50,YES,,,13,11,6,26,7,129.25,6462.50,780.00,5682.50,15,584
2023-04-10,2023-04-13,2023-04-13,17650,50,YES,,,11,9,9,22,5,19.50,975.00,660.00,315.00,0,501
2023-04-17,2023-04-20,2023-04-20,17650,50,NO,balance_check_failed,"CE=116.35 PE=73.90 within 63.5%, needs >= 80%",0,0,0,0,2,0.00,0.00,0.00,0.00,0,0
2023-04-21,2023-04-27,2023-04-27,17650,50,YES,,,9,7,5,18,6,31.45,1572.50,540.00,1032.50,0,613
2023-04-28,2023-05-04,2023-05-04,17950,50,YES,,,9,7,7,18,7,-114.55,-5727.50,540.00,-6267.50,0,465
2023-05-05,2023-05-11,2023-05-11,18150,50,NO,balance_check_failed,"CE=101.25 PE=72.75 within 71.9%, needs >= 80%",0,0,0,0,2,0.00,0.00,0.00,0.00,0,0
2023-05-12,2023-05-18,2023-05-18,18250,50,YES,,,11,9,9,22,7,-7.45,-372.50,660.00,-1032.50,0,405
2023-05-19,2023-05-25,2023-05-25,18150,50,NO,balance_check_failed,"CE=110.40 PE=79.60 within 72.1%, needs >= 80%",0,0,0,0,2,0.00,0.00,0.00,0.00,0,0
2023-05-26,2023-06-01,2023-06-01,18350,50,YES,,,9,7,7,18,8,34.65,1732.50,540.00,1192.50,5,307
2023-06-02,2023-06-08,2023-06-08,18550,50,NO,balance_check_failed,"CE=116.80 PE=74.35 within 63.7%, needs >= 80%",0,0,0,0,2,0.00,0.00,0.00,0.00,0,0
2023-06-09,2023-06-15,2023-06-15,18650,50,NO,balance_check_failed,"CE=107.85 PE=72.05 within 66.8%, needs >= 80%",0,0,0,0,2,0.00,0.00,0.00,0.00,0,0
2023-06-16,2023-06-22,2023-06-22,18750,50,NO,balance_check_failed,"CE=92.80 PE=72.80 within 78.4%, needs >= 80%",0,0,0,0,2,0.00,0.00,0.00,0.00,0,0
2023-06-23,2023-06-28,2023-06-28,18700,50,NO,missing_entry_bar,No exact 09:20 bar on both ATM legs.,0,0,0,0,2,0.00,0.00,0.00,0.00,0,0
2023-06-30,2023-07-06,2023-07-06,19050,50,NO,balance_check_failed,"CE=108.75 PE=78.00 within 71.7%, needs >= 80%",0,0,0,0,2,0.00,0.00,0.00,0.00,0,0
2023-07-07,2023-07-13,2023-07-13,19450,50,YES,,,16,14,14,32,5,49.95,2497.50,960.00,1537.50,0,122
2023-07-14,2023-07-20,2023-07-20,19500,50,YES,,,9,7,4,18,7,-36.70,-1835.00,540.00,-2375.00,0,629
2023-07-21,2023-07-27,2023-07-27,19800,50,NO,balance_check_failed,"CE=162.95 PE=81.20 within 49.8%, needs >= 80%",0,0,0,0,2,0.00,0.00,0.00,0.00,0,0
2023-07-28,2023-08-03,2023-08-03,19650,50,YES,,,14,12,11,28,7,32.55,1627.50,840.00,787.50,0,386
2023-08-04,2023-08-10,2023-08-10,19500,50,YES,,,17,15,15,34,5,48.60,2430.00,1020.00,1410.00,0,105
2023-08-11,2023-08-17,2023-08-17,19500,50,YES,,,11,9,9,22,6,59.50,2975.00,660.00,2315.00,0,251
2023-08-18,2023-08-24,2023-08-24,19300,50,YES,,,8,6,6,16,6,112.05,5602.50,480.00,5122.50,0,445
2023-08-25,2023-08-31,2023-08-31,19250,50,NO,balance_check_failed,"CE=114.70 PE=85.70 within 74.7%, needs >= 80%",0,0,0,0,2,0.00,0.00,0.00,0.00,0,0
2023-09-01,2023-09-07,2023-09-07,19300,50,NO,balance_check_failed,"CE=113.65 PE=81.10 within 71.4%, needs >= 80%",0,0,0,0,2,0.00,0.00,0.00,0.00,0,0
2023-09-08,2023-09-14,2023-09-14,19750,50,NO,balance_check_failed,"CE=98.30 PE=76.10 within 77.4%, needs >= 80%",0,0,0,0,2,0.00,0.00,0.00,0.00,0,0
2023-09-15,2023-09-21,2023-09-21,20150,50,NO,balance_check_failed,"CE=115.95 PE=83.05 within 71.6%, needs >= 80%",0,0,0,0,2,0.00,0.00,0.00,0.00,0,0
2023-09-22,2023-09-28,2023-09-28,19800,50,YES,,,14,12,12,28,6,-19.25,-962.50,840.00,-1802.50,0,374
2023-09-29,2023-10-05,2023-10-05,19600,50,YES,,,13,11,11,26,6,-30.60,-1530.00,780.00,-2310.00,1,427
2023-10-06,2023-10-12,2023-10-12,19600,50,YES,,,14,12,7,28,7,156.80,7840.00,840.00,7000.00,35,462
2023-10-13,2023-10-19,2023-10-19,19700,50,YES,,,12,10,10,24,5,19.85,992.50,720.00,272.50,0,188
2023-10-20,2023-10-26,2023-10-26,19550,50,YES,,,10,8,5,20,9,-156.95,-7847.50,600.00,-8447.50,39,660
2023-10-27,2023-11-02,2023-11-02,18950,50,YES,,,20,18,18,40,7,-69.80,-3490.00,1200.00,-4690.00,0,305
2023-11-03,2023-11-09,2023-11-09,19250,50,NO,balance_check_failed,"CE=120.25 PE=77.20 within 64.2%, needs >= 80%",0,0,0,0,2,0.00,0.00,0.00,0.00,0,0
2023-11-10,2023-11-16,2023-11-16,19350,50,YES,,,8,6,3,16,5,-59.95,-2997.50,480.00,-3477.50,1563,851
2023-11-17,2023-11-23,2023-11-23,19750,50,YES,,,10,8,8,20,4,91.40,4570.00,600.00,3970.00,0,251
2023-11-24,2023-11-30,2023-11-30,19800,50,NO,balance_check_failed,"CE=121.25 PE=59.00 within 48.7%, needs >= 80%",0,0,0,0,2,0.00,0.00,0.00,0.00,0,0
2023-12-01,2023-12-07,2023-12-07,20200,50,NO,balance_check_failed,"CE=170.80 PE=91.85 within 53.8%, needs >= 80%",0,0,0,0,2,0.00,0.00,0.00,0.00,0,0
2023-12-08,2023-12-14,2023-12-14,20950,50,NO,balance_check_failed,"CE=139.25 PE=94.20 within 67.6%, needs >= 80%",0,0,0,0,2,0.00,0.00,0.00,0.00,0,0
2023-12-15,2023-12-21,2023-12-21,21250,50,NO,balance_check_failed,"CE=161.90 PE=74.35 within 45.9%, needs >= 80%",0,0,0,0,2,0.00,0.00,0.00,0.00,0,0
2023-12-22,2023-12-28,2023-12-28,21300,50,NO,balance_check_failed,"CE=150.60 PE=116.80 within 77.6%, needs >= 80%",0,0,0,0,2,0.00,0.00,0.00,0.00,0,0
2023-12-29,2024-01-04,2024-01-04,21700,50,NO,balance_check_failed,"CE=187.85 PE=127.05 within 67.6%, needs >= 80%",0,0,0,0,2,0.00,0.00,0.00,0.00,0,0
2024-01-05,2024-01-11,2024-01-11,21750,50,YES,,,16,14,14,32,6,-46.00,-2300.00,960.00,-3260.00,0,102
2024-01-12,2024-01-18,2024-01-18,21750,50,YES,,,16,14,10,32,6,-260.05,-13002.50,960.00,-13962.50,86,446
2024-01-19,2024-01-25,2024-01-25,21650,50,YES,,,19,17,17,38,10,-90.10,-4505.00,1140.00,-5645.00,2,290
2024-01-29,2024-02-01,2024-02-01,21500,50,NO,balance_check_failed,"CE=206.15 PE=150.75 within 73.1%, needs >= 80%",0,0,0,0,2,0.00,0.00,0.00,0.00,0,0
2024-02-02,2024-02-08,2024-02-08,21900,50,YES,,,17,15,13,34,4,85.00,4250.00,1020.00,3230.00,0,290
2024-02-09,2024-02-15,2024-02-15,21700,50,YES,,,15,13,11,30,7,262.80,13140.00,900.00,12240.00,0,293
2024-02-16,2024-02-22,2024-02-22,22000,50,YES,,,20,18,18,40,5,56.35,2817.50,1200.00,1617.50,0,272
2024-02-23,2024-02-29,2024-02-29,22250,50,YES,,,17,15,13,34,8,203.40,10170.00,1020.00,9150.00,0,208
2024-03-01,2024-03-07,2024-03-07,22100,50,NO,balance_check_failed,"CE=196.75 PE=136.70 within 69.5%, needs >= 80%",0,0,0,0,2,0.00,0.00,0.00,0.00,0,0
2024-03-11,2024-03-14,2024-03-14,22500,50,YES,,,17,15,15,34,9,73.40,3670.00,1020.00,2650.00,0,377
2024-03-15,2024-03-21,2024-03-21,22100,50,YES,,,16,14,14,32,8,44.45,2222.50,960.00,1262.50,0,273
2024-03-22,2024-03-28,2024-03-28,21950,50,NO,balance_check_failed,"CE=180.20 PE=96.30 within 53.4%, needs >= 80%",0,0,0,0,2,0.00,0.00,0.00,0.00,0,0
2024-04-01,2024-04-04,2024-04-04,22500,50,YES,,,14,12,11,28,5,33.25,1662.50,840.00,822.50,0,193
2024-04-05,2024-04-10,2024-04-10,22450,50,YES,,,9,7,5,18,7,273.70,13685.00,540.00,13145.00,1,446
2024-04-12,2024-04-18,2024-04-18,22700,50,YES,,,10,8,4,20,7,53.20,2660.00,600.00,2060.00,4,758
2024-04-19,2024-04-25,2024-04-25,21800,50,NO,balance_check_failed,"CE=203.90 PE=161.30 within 79.1%, needs >= 80%",0,0,0,0,2,0.00,0.00,0.00,0.00,0,0
2024-04-26,2024-05-02,2024-05-02,22600,25,YES,,,10,8,8,20,6,174.90,4372.50,600.00,3772.50,0,170
2024-05-03,2024-05-09,2024-05-09,22750,25,NO,balance_check_failed,"CE=164.10 PE=110.50 within 67.3%, needs >= 80%",0,0,0,0,2,0.00,0.00,0.00,0.00,0,0
2024-05-10,2024-05-16,2024-05-16,21950,25,NO,balance_check_failed,"CE=206.50 PE=141.60 within 68.6%, needs >= 80%",0,0,0,0,2,0.00,0.00,0.00,0.00,0,0
2024-05-17,2024-05-23,2024-05-23,22400,25,YES,,,10,8,4,20,6,14.70,367.50,600.00,-232.50,805,390
2024-05-24,2024-05-30,2024-05-30,22950,25,NO,balance_check_failed,"CE=206.50 PE=148.20 within 71.8%, needs >= 80%",0,0,0,0,2,0.00,0.00,0.00,0.00,0,0
2024-05-31,2024-06-06,2024-06-06,22600,25,YES,,,15,13,12,30,6,-95.95,-2398.75,900.00,-3298.75,113,404
2024-06-07,2024-06-13,2024-06-13,22800,25,YES,,,9,7,5,18,7,411.30,10282.50,540.00,9742.50,14,1050
2024-06-14,2024-06-20,2024-06-20,23400,25,YES,,,15,13,12,30,5,46.25,1156.25,900.00,256.25,0,132
2024-06-21,2024-06-27,2024-06-27,23600,25,YES,,,17,15,8,34,9,199.60,4990.00,1020.00,3970.00,0,365
2024-06-28,2024-07-04,2024-07-04,24100,25,YES,,,9,7,4,18,5,283.55,7088.75,540.00,6548.75,0,396
2024-07-05,2024-07-11,2024-07-11,24200,25,YES,,,17,15,15,34,7,-21.50,-537.50,1020.00,-1557.50,0,56
2024-07-12,2024-07-18,2024-07-18,24350,25,NO,balance_check_failed,"CE=137.85 PE=106.15 within 77.0%, needs >= 80%",0,0,0,0,2,0.00,0.00,0.00,0.00,0,0
2024-07-19,2024-07-25,2024-07-25,24750,25,YES,,,13,11,11,26,7,-38.00,-950.00,780.00,-1730.00,28,168
2024-07-26,2024-08-01,2024-08-01,24450,25,YES,,,11,9,6,22,9,273.10,6827.50,660.00,6167.50,154,716
2024-08-02,2024-08-08,2024-08-08,24850,25,YES,,,14,12,12,28,10,-371.10,-9277.50,840.00,-10117.50,335,710
2024-08-09,2024-08-14,2024-08-14,24350,25,YES,,,12,10,8,24,7,262.60,6565.00,720.00,5845.00,0,352
2024-08-16,2024-08-22,2024-08-22,24350,25,YES,,,12,10,6,24,7,259.70,6492.50,720.00,5772.50,94,695
2024-08-23,2024-08-29,2024-08-29,24800,25,YES,,,10,8,7,20,7,107.25,2681.25,600.00,2081.25,0,547
2024-08-30,2024-09-05,2024-09-05,25250,25,YES,,,10,8,7,20,4,166.60,4165.00,600.00,3565.00,0,187
2024-09-06,2024-09-12,2024-09-12,25100,25,YES,,,16,14,14,32,7,-253.45,-6336.25,960.00,-7296.25,0,83
2024-09-13,2024-09-19,2024-09-19,25350,25,YES,,,9,7,6,18,4,109.75,2743.75,540.00,2203.75,0,162
2024-09-20,2024-09-26,2024-09-26,25500,25,YES,,,11,9,3,22,8,125.50,3137.50,660.00,2477.50,0,479
2024-09-27,2024-10-03,2024-10-03,26250,25,YES,,,11,9,8,22,8,-236.70,-5917.50,660.00,-6577.50,63,571
2024-10-04,2024-10-10,2024-10-10,25150,25,NO,balance_check_failed,"CE=246.40 PE=156.10 within 63.4%, needs >= 80%",0,0,0,0,2,0.00,0.00,0.00,0.00,0,0
2024-10-11,2024-10-17,2024-10-17,24950,25,YES,,,14,12,10,28,6,47.05,1176.25,840.00,336.25,0,350
2024-10-18,2024-10-24,2024-10-24,24600,25,YES,,,20,18,15,40,7,121.05,3026.25,1200.00,1826.25,10,451
2024-10-25,2024-10-31,2024-10-31,24400,25,YES,,,20,18,16,40,5,90.05,2251.25,1200.00,1051.25,0,332
2024-11-01,2024-11-07,2024-11-07,0,25,NO,no_spot_at_entry,No 09:20 spot candle.,0,0,0,0,2,0.00,0.00,0.00,0.00,0,0
2024-11-08,2024-11-14,2024-11-14,24100,25,YES,,,17,15,11,34,10,261.05,6526.25,1020.00,5506.25,103,574
2024-11-18,2024-11-21,2024-11-21,23550,25,YES,,,18,16,13,36,6,130.95,3273.75,1080.00,2193.75,0,363
2024-11-22,2024-11-28,2024-11-28,23400,75,YES,,,10,8,8,20,8,-55.85,-4188.75,600.00,-4788.75,198,1294
2024-11-29,2024-12-05,2024-12-05,23950,75,NO,balance_check_failed,"CE=227.15 PE=156.20 within 68.8%, needs >= 80%",0,0,0,0,2,0.00,0.00,0.00,0.00,0,0
2024-12-06,2024-12-12,2024-12-12,24700,75,YES,,,13,11,7,26,6,393.15,29486.25,780.00,28706.25,0,214
2024-12-13,2024-12-19,2024-12-19,24450,75,YES,,,21,19,15,42,6,74.25,5568.75,1260.00,4308.75,4,488
2024-12-20,2024-12-26,2024-12-26,23950,75,YES,,,16,14,12,32,6,198.75,14906.25,960.00,13946.25,0,312
2024-12-27,2025-01-02,2025-01-02,23800,75,NO,balance_check_failed,"CE=213.10 PE=152.69 within 71.7%, needs >= 80%",0,0,0,0,2,0.00,0.00,0.00,0.00,0,0
2025-01-03,2025-01-09,2025-01-09,24200,75,YES,,,13,11,10,26,7,56.90,4267.50,780.00,3487.50,0,738
2025-01-10,2025-01-16,2025-01-16,23550,75,YES,,,15,13,13,30,6,90.35,6776.25,900.00,5876.25,0,255
2025-01-17,2025-01-23,2025-01-23,23200,75,YES,,,13,11,10,26,6,259.90,19492.50,780.00,18712.50,0,347
2025-01-24,2025-01-30,2025-01-30,23300,75,YES,,,13,11,11,26,6,94.84,7113.00,780.00,6333.00,0,63
2025-01-31,2025-02-06,2025-02-06,23300,75,YES,,,18,16,16,36,9,346.55,25991.25,1080.00,24911.25,0,16
2025-02-07,2025-02-13,2025-02-13,23600,75,YES,,,14,12,12,28,11,204.54,15340.50,840.00,14500.50,0,442
2025-02-14,2025-02-20,2025-02-20,23100,75,YES,,,22,20,19,44,5,47.81,3585.75,1320.00,2265.75,0,246
2025-02-21,2025-02-27,2025-02-27,22900,75,YES,,,10,8,3,20,7,459.35,34451.25,600.00,33851.25,0,661
2025-02-28,2025-03-06,2025-03-06,22300,75,NO,balance_check_failed,"CE=201.40 PE=106.05 within 52.7%, needs >= 80%",0,0,0,0,2,0.00,0.00,0.00,0.00,0,0
2025-03-07,2025-03-13,2025-03-13,22550,75,YES,,,16,14,14,32,5,27.25,2043.75,960.00,1083.75,0,182
2025-03-17,2025-03-20,2025-03-20,22500,75,NO,balance_check_failed,"CE=148.44 PE=101.90 within 68.6%, needs >= 80%",0,0,0,0,2,0.00,0.00,0.00,0.00,0,0
2025-03-21,2025-03-27,2025-03-27,23200,75,YES,,,14,12,12,28,8,-121.75,-9131.25,840.00,-9971.25,0,125
2025-03-28,2025-04-03,2025-04-03,23600,75,NO,balance_check_failed,"CE=186.70 PE=133.90 within 71.7%, needs >= 80%",0,0,0,0,2,0.00,0.00,0.00,0.00,0,0
2025-04-04,2025-04-09,2025-04-09,23100,75,YES,,,14,12,12,28,8,-1076.37,-80727.75,840.00,-81567.75,0,5
2025-04-11,2025-04-17,2025-04-17,22750,75,NO,balance_check_failed,"CE=271.20 PE=202.40 within 74.6%, needs >= 80%",0,0,0,0,2,0.00,0.00,0.00,0.00,0,0
2025-04-21,2025-04-24,2025-04-24,23950,75,YES,,,12,10,9,24,7,188.49,14136.75,720.00,13416.75,0,521
2025-04-25,2025-04-30,2025-04-30,24350,75,YES,,,11,9,8,22,7,187.11,14033.25,660.00,13373.25,0,525
2025-05-02,2025-05-08,2025-05-08,24400,75,YES,,,26,24,22,52,4,222.21,16665.75,1560.00,15105.75,0,139
2025-05-09,2025-05-15,2025-05-15,24100,75,YES,,,14,12,11,28,8,-348.17,-26112.75,840.00,-26952.75,0,206
2025-05-16,2025-05-22,2025-05-22,25000,75,YES,,,16,14,10,32,6,274.54,20590.50,960.00,19630.50,0,358
2025-05-23,2025-05-29,2025-05-29,24650,75,YES,,,9,7,7,18,6,63.66,4774.50,540.00,4234.50,0,198
2025-05-30,2025-06-05,2025-06-05,24800,75,YES,,,14,12,12,28,6,220.25,16518.75,840.00,15678.75,0,33
2025-06-06,2025-06-12,2025-06-12,24750,75,YES,,,9,7,7,18,8,267.80,20085.00,540.00,19545.00,0,430
2025-06-13,2025-06-19,2025-06-19,24600,75,YES,,,10,8,8,20,6,213.85,16038.75,600.00,15438.75,0,329
2025-06-20,2025-06-26,2025-06-26,24850,75,YES,,,14,12,10,28,6,-211.65,-15873.75,840.00,-16713.75,0,607
2025-06-27,2025-07-03,2025-07-03,25600,75,YES,,,15,13,12,30,6,130.50,9787.50,900.00,8887.50,0,122
2025-07-04,2025-07-10,2025-07-10,25400,75,YES,,,11,9,8,22,5,220.20,16515.00,660.00,15855.00,0,225
2025-07-11,2025-07-17,2025-07-17,25300,75,YES,,,10,8,8,20,5,69.05,5178.75,600.00,4578.75,0,87
2025-07-18,2025-07-24,2025-07-24,25100,75,YES,,,14,12,11,28,6,168.00,12600.00,840.00,11760.00,0,236
2025-07-25,2025-07-31,2025-07-31,24950,75,YES,,,15,13,13,30,6,-143.60,-10770.00,900.00,-11670.00,0,233
2025-08-01,2025-08-07,2025-08-07,24750,75,YES,,,13,11,7,26,6,251.50,18862.50,780.00,18082.50,0,388
2025-08-08,2025-08-14,2025-08-14,24550,75,NO,balance_check_failed,"CE=158.70 PE=112.25 within 70.7%, needs >= 80%",0,0,0,0,2,0.00,0.00,0.00,0.00,0,0
2025-08-18,2025-08-21,2025-08-21,24950,75,YES,,,10,8,4,20,6,242.30,18172.50,600.00,17572.50,0,397
2025-08-22,2025-08-28,2025-08-28,25000,75,NO,balance_check_failed,"CE=133.10 PE=96.95 within 72.8%, needs >= 80%",0,0,0,0,2,0.00,0.00,0.00,0.00,0,0
2025-08-29,2025-09-02,2025-09-02,24500,75,NO,balance_check_failed,"CE=134.65 PE=91.95 within 68.3%, needs >= 80%",0,0,0,0,2,0.00,0.00,0.00,0.00,0,0
2025-09-03,2025-09-09,2025-09-09,24550,75,YES,,,12,10,10,24,6,-152.40,-11430.00,720.00,-12150.00,0,621
2025-09-10,2025-09-16,2025-09-16,24950,75,NO,balance_check_failed,"CE=136.65 PE=102.80 within 75.2%, needs >= 80%",0,0,0,0,2,0.00,0.00,0.00,0.00,0,0
2025-09-17,2025-09-23,2025-09-23,25300,75,NO,balance_check_failed,"CE=137.25 PE=96.80 within 70.5%, needs >= 80%",0,0,0,0,2,0.00,0.00,0.00,0.00,0,0
2025-09-24,2025-09-30,2025-09-30,25100,75,NO,balance_check_failed,"CE=137.65 PE=98.60 within 71.6%, needs >= 80%",0,0,0,0,2,0.00,0.00,0.00,0.00,0,0
2025-10-01,2025-10-07,2025-10-07,24600,75,NO,balance_check_failed,"CE=153.90 PE=99.75 within 64.8%, needs >= 80%",0,0,0,0,2,0.00,0.00,0.00,0.00,0,0
2025-10-08,2025-10-14,2025-10-14,25150,75,NO,balance_check_failed,"CE=130.45 PE=95.05 within 72.9%, needs >= 80%",0,0,0,0,2,0.00,0.00,0.00,0.00,0,0
2025-10-15,2025-10-20,2025-10-20,25250,75,NO,balance_check_failed,"CE=153.95 PE=89.60 within 58.2%, needs >= 80%",0,0,0,0,2,0.00,0.00,0.00,0.00,0,0
2025-10-21,2025-10-28,2025-10-28,0,75,NO,no_spot_at_entry,No 09:20 spot candle.,0,0,0,0,2,0.00,0.00,0.00,0.00,0,0
2025-10-29,2025-11-04,2025-11-04,26000,75,NO,balance_check_failed,"CE=185.15 PE=128.85 within 69.6%, needs >= 80%",0,0,0,0,2,0.00,0.00,0.00,0.00,0,0
2025-11-06,2025-11-11,2025-11-11,25650,75,NO,balance_check_failed,"CE=166.00 PE=95.30 within 57.4%, needs >= 80%",0,0,0,0,2,0.00,0.00,0.00,0.00,0,0
2025-11-12,2025-11-18,2025-11-18,25800,75,NO,balance_check_failed,"CE=187.15 PE=108.00 within 57.7%, needs >= 80%",0,0,0,0,2,0.00,0.00,0.00,0.00,0,0
2025-11-19,2025-11-25,2025-11-25,25850,75,NO,balance_check_failed,"CE=174.95 PE=128.65 within 73.5%, needs >= 80%",0,0,0,0,2,0.00,0.00,0.00,0.00,0,0
2025-11-26,2025-12-02,2025-12-02,25950,75,NO,balance_check_failed,"CE=182.60 PE=95.70 within 52.4%, needs >= 80%",0,0,0,0,2,0.00,0.00,0.00,0.00,0,0
2025-12-03,2025-12-09,2025-12-09,26050,75,YES,,,16,14,14,32,6,29.70,2227.50,960.00,1267.50,0,326
2025-12-10,2025-12-16,2025-12-16,25900,75,YES,,,18,16,14,36,5,103.85,7788.75,1080.00,6708.75,0,214
2025-12-17,2025-12-23,2025-12-23,25850,75,NO,balance_check_failed,"CE=161.15 PE=94.75 within 58.8%, needs >= 80%",0,0,0,0,2,0.00,0.00,0.00,0.00,0,0
2025-12-24,2025-12-30,2025-12-30,26200,75,NO,balance_check_failed,"CE=121.00 PE=91.55 within 75.7%, needs >= 80%",0,0,0,0,2,0.00,0.00,0.00,0.00,0,0
2025-12-31,2026-01-06,2026-01-06,26000,65,NO,balance_check_failed,"CE=138.65 PE=81.30 within 58.6%, needs >= 80%",0,0,0,0,2,0.00,0.00,0.00,0.00,0,0
2026-01-07,2026-01-13,2026-01-13,26150,65,YES,,,15,13,12,30,10,79.64,5176.60,900.00,4276.60,0,488
2026-01-14,2026-01-20,2026-01-20,25700,65,YES,,,14,12,9,28,6,-68.38,-4444.70,840.00,-5284.70,0,378
2026-01-21,2026-01-27,2026-01-27,25250,65,NO,balance_check_failed,"CE=182.15 PE=141.50 within 77.7%, needs >= 80%",0,0,0,0,2,0.00,0.00,0.00,0.00,0,0
2026-01-28,2026-02-03,2026-02-03,25350,65,YES,,,20,18,16,40,7,-232.90,-15138.50,1200.00,-16338.50,0,285
2026-02-04,2026-02-10,2026-02-10,25700,65,YES,,,12,10,7,24,5,295.35,19197.75,720.00,18477.75,0,406
2026-02-11,2026-02-17,2026-02-17,26000,65,NO,balance_check_failed,"CE=140.00 PE=111.75 within 79.8%, needs >= 80%",0,0,0,0,2,0.00,0.00,0.00,0.00,0,0
2026-02-18,2026-02-24,2026-02-24,25750,65,YES,,,13,11,9,26,6,104.45,6789.25,780.00,6009.25,0,319
2026-02-25,2026-03-02,2026-03-02,25550,65,NO,balance_check_failed,"CE=176.90 PE=129.65 within 73.3%, needs >= 80%",0,0,0,0,2,0.00,0.00,0.00,0.00,0,0
2026-03-04,2026-03-10,2026-03-10,24400,65,YES,,,12,10,10,24,6,-52.95,-3441.75,720.00,-4161.75,0,23
2026-03-11,2026-03-17,2026-03-17,24300,65,YES,,,12,10,10,24,8,348.10,22626.50,720.00,21906.50,0,418
2026-03-18,2026-03-24,2026-03-24,23700,65,NO,missing_atm_contract,ATM 23700 CE/PE file absent for 2026-03-24.,0,0,0,0,2,0.00,0.00,0.00,0.00,0,0
2026-03-25,2026-04-28,2026-04-28,23150,65,YES,,,14,12,12,28,6,442.05,28733.25,840.00,27893.25,513,1403
2026-04-29,2026-05-05,2026-05-05,24100,65,YES,,,9,7,7,18,4,-76.85,-4995.25,540.00,-5535.25,1482,4
2026-05-06,2026-05-12,2026-05-12,24200,65,NO,missing_entry_bar,No exact 09:20 bar on both ATM legs.,0,0,0,0,2,0.00,0.00,0.00,0.00,0,0
2026-05-13,2026-05-19,2026-05-19,23400,65,YES,,,16,14,12,32,6,192.45,12509.25,960.00,11549.25,0,304
2026-05-20,2026-05-26,2026-05-26,23450,65,YES,,,12,10,7,24,6,345.85,22480.25,720.00,21760.25,0,740
2026-05-27,2026-06-02,2026-06-02,23950,65,YES,,,13,11,8,26,8,490.15,31859.75,780.00,31079.75,0,290
2026-06-03,2026-06-09,2026-06-09,23300,65,YES,,,4,2,0,8,4,4.05,263.25,240.00,23.25,5964,0
2026-06-10,2026-06-16,2026-06-16,23350,65,YES,,,12,10,6,24,6,-88.75,-5768.75,720.00,-6488.75,0,740
