entry_date,expiry,side,strike,entry_ts,entry_price,exit_ts,exit_price,entry_reason,exit_reason,points,pnl
2024-12-27,2025-01-30,CE,24300,2024-12-31T09:52:00+05:30,129.25,2024-12-31T10:55:00+05:30,159.60,ADD_2,UNWIND,-30.35,-2276.25
2024-12-27,2025-01-30,PE,23400,2025-01-02T12:54:00+05:30,133.50,2025-01-03T09:36:00+05:30,108.75,ADD_2,UNWIND,24.75,1856.25
2024-12-27,2025-01-30,PE,23700,2025-01-02T14:52:00+05:30,150.15,2025-01-03T10:54:00+05:30,194.40,ADD_3,UNWIND,-44.25,-3318.75
2024-12-27,2025-01-30,PE,23450,2025-01-03T11:08:00+05:30,115.20,2025-01-06T09:36:00+05:30,144.60,ADD_2,UNWIND,-29.40,-2205.00
2024-12-27,2025-01-30,CE,24250,2025-01-08T10:37:00+05:30,107.05,2025-01-08T13:54:00+05:30,130.65,ADD_2,UNWIND,-23.60,-1770.00
2024-12-27,2025-01-30,CE,24150,2025-01-09T10:48:00+05:30,119.85,2025-01-10T11:14:00+05:30,113.50,ADD_2,UNWIND,6.35,476.25
2024-12-27,2025-01-30,CE,24000,2025-01-10T09:36:00+05:30,133.80,2025-01-13T09:15:00+05:30,80.00,ADD_3,ROLL_OUT,53.80,4035.00
2024-12-27,2025-01-30,CE,23950,2025-01-10T14:17:00+05:30,134.05,2025-01-13T13:13:00+05:30,66.70,ADD_3,ROLL_OUT,67.35,5051.25
2024-12-27,2025-01-30,CE,23900,2024-12-27T09:20:00+05:30,444.55,2025-01-16T09:16:00+05:30,63.20,INITIAL_ENTRY,UNWIND,381.35,28601.25
2024-12-27,2025-01-30,CE,23400,2025-01-13T09:15:00+05:30,290.10,2025-01-16T13:57:00+05:30,268.00,ROLL_IN,UNWIND,22.10,1657.50
2024-12-27,2025-01-30,CE,23650,2025-01-16T14:19:00+05:30,139.40,2025-01-17T10:59:00+05:30,77.59,ADD_2,ROLL_OUT,61.81,4635.75
2024-12-27,2025-01-30,CE,23450,2025-01-17T09:16:00+05:30,172.60,2025-01-17T12:01:00+05:30,169.70,ADD_3,UNWIND,2.90,217.50
2024-12-27,2025-01-30,CE,23350,2025-01-13T13:13:00+05:30,248.85,2025-01-17T12:20:00+05:30,265.70,ROLL_IN,UNWIND,-16.85,-1263.75
2024-12-27,2025-01-30,CE,23500,2025-01-17T12:28:00+05:30,163.19,2025-01-20T11:30:00+05:30,177.20,ADD_2,UNWIND,-14.01,-1050.75
2024-12-27,2025-01-30,CE,23450,2025-01-21T10:16:00+05:30,165.95,2025-01-21T11:47:00+05:30,196.00,ADD_2,UNWIND,-30.05,-2253.75
2024-12-27,2025-01-30,CE,23450,2025-01-21T12:16:00+05:30,161.65,2025-01-22T11:34:00+05:30,74.80,ADD_2,ROLL_OUT,86.85,6513.75
2024-12-27,2025-01-30,CE,23250,2025-01-21T14:35:00+05:30,204.15,2025-01-23T09:41:00+05:30,181.40,ADD_3,UNWIND,22.75,1706.25
2024-12-27,2025-01-30,CE,23150,2025-01-17T10:59:00+05:30,266.95,2025-01-23T12:34:00+05:30,289.89,ROLL_IN,UNWIND,-22.94,-1720.50
2024-12-27,2025-01-30,CE,23350,2025-01-23T12:48:00+05:30,158.60,2025-01-24T11:14:00+05:30,148.05,ADD_2,UNWIND,10.55,791.25
2024-12-27,2025-01-30,CE,23200,2025-01-24T09:51:00+05:30,186.00,2025-01-24T11:43:00+05:30,265.14,ADD_3,UNWIND,-79.14,-5935.50
2024-12-27,2025-01-30,PE,23900,2024-12-27T09:20:00+05:30,363.25,2025-01-30T15:20:00+05:30,657.40,INITIAL_ENTRY,FINAL_EXIT,-294.15,-22061.25
2024-12-27,2025-01-30,CE,23100,2025-01-22T11:34:00+05:30,216.00,2025-01-30T15:20:00+05:30,144.00,ROLL_IN,FINAL_EXIT,72.00,5400.00
2024-12-27,2025-01-30,CE,23350,2025-01-24T12:35:00+05:30,146.05,2025-01-30T15:20:00+05:30,0.10,ADD_2,FINAL_EXIT,145.95,10946.25
2024-12-27,2025-01-30,CE,23200,2025-01-24T13:05:00+05:30,169.05,2025-01-30T15:20:00+05:30,43.75,ADD_3,FINAL_EXIT,125.30,9397.50
2025-01-31,2025-02-27,PE,22800,2025-01-31T13:16:00+05:30,147.00,2025-02-01T11:55:00+05:30,144.44,ADD_2,UNWIND,2.56,192.00
2025-01-31,2025-02-27,PE,22900,2025-02-01T12:13:00+05:30,134.00,2025-02-01T12:35:00+05:30,151.80,ADD_2,UNWIND,-17.80,-1335.00
2025-01-31,2025-02-27,PE,22900,2025-02-01T14:09:00+05:30,121.35,2025-02-03T09:15:00+05:30,163.30,ADD_2,UNWIND,-41.95,-3146.25
2025-01-31,2025-02-27,PE,22950,2025-02-04T09:23:00+05:30,115.30,2025-02-05T09:41:00+05:30,69.25,ADD_2,ROLL_OUT,46.05,3453.75
2025-01-31,2025-02-27,PE,23150,2025-02-04T13:37:00+05:30,138.55,2025-02-06T09:37:00+05:30,118.85,ADD_3,UNWIND,19.70,1477.50
2025-01-31,2025-02-27,PE,23350,2025-01-31T09:20:00+05:30,411.00,2025-02-07T10:19:00+05:30,184.00,INITIAL_ENTRY,UNWIND,227.00,17025.00
2025-01-31,2025-02-27,PE,23250,2025-02-07T11:10:00+05:30,123.80,2025-02-07T13:53:00+05:30,147.75,ADD_2,UNWIND,-23.95,-1796.25
2025-01-31,2025-02-27,CE,23650,2025-02-11T12:55:00+05:30,117.05,2025-02-12T09:31:00+05:30,63.10,ADD_2,ROLL_OUT,53.95,4046.25
2025-01-31,2025-02-27,CE,23450,2025-02-11T13:11:00+05:30,148.05,2025-02-12T09:58:00+05:30,83.95,ADD_3,ROLL_OUT,64.10,4807.50
2025-01-31,2025-02-27,CE,23350,2025-01-31T09:20:00+05:30,499.45,2025-02-12T10:50:00+05:30,130.94,INITIAL_ENTRY,UNWIND,368.51,27638.25
2025-01-31,2025-02-27,CE,23150,2025-02-12T09:31:00+05:30,225.30,2025-02-12T11:45:00+05:30,244.65,ROLL_IN,UNWIND,-19.35,-1451.25
2025-01-31,2025-02-27,CE,23200,2025-02-14T10:37:00+05:30,167.60,2025-02-14T14:44:00+05:30,164.75,ADD_2,UNWIND,2.85,213.75
2025-01-31,2025-02-27,CE,23050,2025-02-14T12:08:00+05:30,179.25,2025-02-17T10:44:00+05:30,208.70,ADD_3,UNWIND,-29.45,-2208.75
2025-01-31,2025-02-27,CE,23000,2025-02-18T10:35:00+05:30,165.55,2025-02-18T13:45:00+05:30,207.15,ADD_3,UNWIND,-41.60,-3120.00
2025-01-31,2025-02-27,CE,23000,2025-02-19T09:25:00+05:30,155.30,2025-02-19T09:49:00+05:30,200.80,ADD_3,UNWIND,-45.50,-3412.50
2025-01-31,2025-02-27,CE,22950,2025-02-17T09:55:00+05:30,190.40,2025-02-19T10:17:00+05:30,283.39,ADD_3,UNWIND,-92.99,-6974.25
2025-01-31,2025-02-27,CE,23150,2025-02-19T10:48:00+05:30,159.60,2025-02-20T09:53:00+05:30,75.00,ADD_2,ROLL_OUT,84.60,6345.00
2025-01-31,2025-02-27,PE,23650,2025-02-05T09:41:00+05:30,231.30,2025-02-27T15:20:00+05:30,1100.45,ROLL_IN,FINAL_EXIT,-869.15,-65186.25
2025-01-31,2025-02-27,CE,22900,2025-02-12T09:58:00+05:30,292.64,2025-02-27T15:20:00+05:30,0.05,ROLL_IN,FINAL_EXIT,292.59,21944.25
2025-01-31,2025-02-27,CE,23000,2025-02-19T14:18:00+05:30,174.00,2025-02-27T15:20:00+05:30,0.05,ADD_3,FINAL_EXIT,173.95,13046.25
2025-01-31,2025-02-27,CE,22850,2025-02-20T09:53:00+05:30,199.00,2025-02-27T15:20:00+05:30,0.10,ROLL_IN,FINAL_EXIT,198.90,14917.50
2025-02-28,2025-03-27,CE,22750,2025-03-03T09:49:00+05:30,105.35,2025-03-04T10:02:00+05:30,89.30,ADD_2,UNWIND,16.05,1203.75
2025-02-28,2025-03-27,CE,22550,2025-03-04T09:16:00+05:30,117.70,2025-03-05T09:27:00+05:30,165.00,ADD_3,UNWIND,-47.30,-3547.50
2025-02-28,2025-03-27,PE,22100,2025-03-07T09:18:00+05:30,96.65,2025-03-10T14:24:00+05:30,106.80,ADD_2,UNWIND,-10.15,-761.25
2025-02-28,2025-03-27,PE,22150,2025-03-13T10:19:00+05:30,71.10,2025-03-13T11:02:00+05:30,86.85,ADD_2,UNWIND,-15.75,-1181.25
2025-02-28,2025-03-27,PE,22200,2025-03-17T09:21:00+05:30,72.00,2025-03-17T12:27:00+05:30,80.20,ADD_2,UNWIND,-8.20,-615.00
2025-02-28,2025-03-27,PE,22200,2025-03-17T14:00:00+05:30,67.55,2025-03-18T09:34:00+05:30,41.55,ADD_2,ROLL_OUT,26.00,1950.00
2025-02-28,2025-03-27,PE,22400,2025-03-18T09:15:00+05:30,84.75,2025-03-18T11:38:00+05:30,57.40,ADD_3,ROLL_OUT,27.35,2051.25
2025-02-28,2025-03-27,PE,22450,2025-02-28T09:20:00+05:30,300.64,2025-03-18T15:11:00+05:30,50.40,INITIAL_ENTRY,ROLL_OUT,250.24,18768.00
2025-02-28,2025-03-27,PE,22600,2025-03-18T09:34:00+05:30,123.05,2025-03-19T10:49:00+05:30,60.80,ROLL_IN,ROLL_OUT,62.25,4668.75
2025-02-28,2025-03-27,CE,22450,2025-02-28T09:20:00+05:30,338.25,2025-03-27T15:20:00+05:30,1143.15,INITIAL_ENTRY,FINAL_EXIT,-804.90,-60367.50
2025-02-28,2025-03-27,PE,22750,2025-03-18T11:38:00+05:30,147.80,2025-03-27T15:20:00+05:30,0.15,ROLL_IN,FINAL_EXIT,147.65,11073.75
2025-02-28,2025-03-27,PE,22800,2025-03-18T15:11:00+05:30,133.90,2025-03-27T15:20:00+05:30,0.10,ROLL_IN,FINAL_EXIT,133.80,10035.00
2025-02-28,2025-03-27,PE,22900,2025-03-19T10:49:00+05:30,146.90,2025-03-27T15:20:00+05:30,0.05,ROLL_IN,FINAL_EXIT,146.85,11013.75
2025-03-28,2025-04-30,CE,24000,2025-04-01T10:31:00+05:30,118.05,2025-04-02T09:34:00+05:30,108.00,ADD_2,UNWIND,10.05,753.75
2025-03-28,2025-04-30,CE,23800,2025-04-01T13:23:00+05:30,140.30,2025-04-04T09:24:00+05:30,87.20,ADD_3,ROLL_OUT,53.10,3982.50
2025-03-28,2025-04-30,CE,23700,2025-03-28T09:20:00+05:30,380.10,2025-04-04T09:37:00+05:30,130.94,INITIAL_ENTRY,UNWIND,249.16,18687.00
2025-03-28,2025-04-30,CE,23600,2025-04-04T09:16:00+05:30,159.19,2025-04-04T14:32:00+05:30,90.00,ADD_3,ROLL_OUT,69.19,5189.25
2025-03-28,2025-04-30,CE,23300,2025-04-04T09:24:00+05:30,258.00,2025-04-07T09:15:00+05:30,0.25,ROLL_IN,ROLL_OUT,257.75,19331.25
2025-03-28,2025-04-30,CE,23050,2025-04-04T14:32:00+05:30,281.10,2025-04-07T09:19:00+05:30,35.00,ROLL_IN,ROLL_OUT,246.10,18457.50
2025-03-28,2025-04-30,CE,23450,2025-04-04T10:01:00+05:30,171.05,2025-04-07T09:22:00+05:30,131.25,ADD_3,UNWIND,39.80,2985.00
2025-03-28,2025-04-30,CE,22000,2025-04-07T09:15:00+05:30,346.15,2025-04-07T09:31:00+05:30,629.75,ROLL_IN,UNWIND,-283.60,-21270.00
2025-03-28,2025-04-30,CE,22500,2025-04-07T09:38:00+05:30,339.30,2025-04-07T10:51:00+05:30,328.10,ADD_2,UNWIND,11.20,840.00
2025-03-28,2025-04-30,CE,22100,2025-04-07T10:26:00+05:30,474.25,2025-04-07T15:09:00+05:30,647.10,ADD_3,UNWIND,-172.85,-12963.75
2025-03-28,2025-04-30,PE,23700,2025-03-28T09:20:00+05:30,325.80,2025-04-30T15:20:00+05:30,0.05,INITIAL_ENTRY,FINAL_EXIT,325.75,24431.25
2025-03-28,2025-04-30,CE,21800,2025-04-07T09:19:00+05:30,702.85,2025-04-30T15:20:00+05:30,2564.00,ROLL_IN,FINAL_EXIT,-1861.15,-139586.25
2025-03-28,2025-04-30,PE,23200,2025-04-15T09:15:00+05:30,319.45,2025-04-30T15:20:00+05:30,0.05,ADD_2,FINAL_EXIT,319.40,23955.00
2025-05-02,2025-05-29,CE,24750,2025-05-09T09:15:00+05:30,130.00,2025-05-09T10:17:00+05:30,142.00,ADD_2,UNWIND,-12.00,-900.00
2025-05-02,2025-05-29,CE,24450,2025-05-02T09:20:00+05:30,469.40,2025-05-12T09:15:00+05:30,265.05,INITIAL_ENTRY,UNWIND,204.35,15326.25
2025-05-02,2025-05-29,PE,23950,2025-05-12T09:55:00+05:30,102.45,2025-05-13T09:32:00+05:30,108.65,ADD_2,UNWIND,-6.20,-465.00
2025-05-02,2025-05-29,PE,24250,2025-05-12T13:43:00+05:30,141.44,2025-05-13T10:32:00+05:30,186.40,ADD_3,UNWIND,-44.96,-3372.00
2025-05-02,2025-05-29,PE,23950,2025-05-13T10:43:00+05:30,114.30,2025-05-13T13:30:00+05:30,126.00,ADD_2,UNWIND,-11.70,-877.50
2025-05-02,2025-05-29,PE,24000,2025-05-14T09:26:00+05:30,105.25,2025-05-14T12:50:00+05:30,112.95,ADD_2,UNWIND,-7.70,-577.50
2025-05-02,2025-05-29,PE,24200,2025-05-15T10:40:00+05:30,107.50,2025-05-15T13:47:00+05:30,84.20,ADD_2,ROLL_OUT,23.30,1747.50
2025-05-02,2025-05-29,PE,24350,2025-05-15T13:15:00+05:30,123.10,2025-05-20T12:52:00+05:30,81.20,ADD_3,UNWIND,41.90,3142.50
2025-05-02,2025-05-29,PE,24450,2025-05-02T09:20:00+05:30,390.25,2025-05-20T13:20:00+05:30,110.80,INITIAL_ENTRY,UNWIND,279.45,20958.75
2025-05-02,2025-05-29,PE,24550,2025-05-21T10:16:00+05:30,110.60,2025-05-21T12:04:00+05:30,127.85,ADD_2,UNWIND,-17.25,-1293.75
2025-05-02,2025-05-29,CE,24850,2025-05-22T12:49:00+05:30,105.45,2025-05-22T14:58:00+05:30,117.35,ADD_2,UNWIND,-11.90,-892.50
2025-05-02,2025-05-29,PE,24650,2025-05-23T10:49:00+05:30,109.15,2025-05-23T11:50:00+05:30,141.05,ADD_2,UNWIND,-31.90,-2392.50
2025-05-02,2025-05-29,PE,24600,2025-05-23T12:25:00+05:30,100.25,2025-05-26T09:46:00+05:30,51.15,ADD_2,ROLL_OUT,49.10,3682.50
2025-05-02,2025-05-29,PE,24850,2025-05-26T09:16:00+05:30,129.00,2025-05-26T10:27:00+05:30,145.75,ADD_3,UNWIND,-16.75,-1256.25
2025-05-02,2025-05-29,PE,24900,2025-05-15T13:47:00+05:30,231.65,2025-05-26T10:37:00+05:30,203.35,ROLL_IN,UNWIND,28.30,2122.50
2025-05-02,2025-05-29,PE,24700,2025-05-26T10:39:00+05:30,116.70,2025-05-27T09:20:00+05:30,130.25,ADD_2,UNWIND,-13.55,-1016.25
2025-05-02,2025-05-29,PE,24750,2025-05-27T11:25:00+05:30,116.10,2025-05-27T12:29:00+05:30,147.40,ADD_2,UNWIND,-31.30,-2347.50
2025-05-02,2025-05-29,CE,24600,2025-05-09T10:06:00+05:30,163.05,2025-05-29T15:20:00+05:30,230.85,ADD_3,FINAL_EXIT,-67.80,-5085.00
2025-05-02,2025-05-29,PE,25000,2025-05-26T09:46:00+05:30,150.30,2025-05-29T15:20:00+05:30,169.80,ROLL_IN,FINAL_EXIT,-19.50,-1462.50
2025-05-30,2025-06-26,PE,24450,2025-06-06T11:42:00+05:30,123.25,2025-06-11T10:45:00+05:30,51.50,ADD_2,ROLL_OUT,71.75,5381.25
2025-05-30,2025-06-26,PE,24700,2025-06-09T10:43:00+05:30,136.65,2025-06-12T09:15:00+05:30,97.00,ADD_3,UNWIND,39.65,2973.75
2025-05-30,2025-06-26,PE,24850,2025-05-30T09:20:00+05:30,375.25,2025-06-12T13:27:00+05:30,161.60,INITIAL_ENTRY,UNWIND,213.65,16023.75
2025-05-30,2025-06-26,CE,25000,2025-06-13T09:15:00+05:30,115.00,2025-06-16T09:17:00+05:30,156.85,ADD_2,UNWIND,-41.85,-3138.75
2025-05-30,2025-06-26,CE,25100,2025-06-16T09:50:00+05:30,99.50,2025-06-16T10:26:00+05:30,120.95,ADD_2,UNWIND,-21.45,-1608.75
2025-05-30,2025-06-26,CE,25000,2025-06-19T09:19:00+05:30,98.50,2025-06-19T09:35:00+05:30,116.25,ADD_2,UNWIND,-17.75,-1331.25
2025-05-30,2025-06-26,CE,25050,2025-06-19T12:47:00+05:30,80.75,2025-06-19T14:19:00+05:30,101.65,ADD_2,UNWIND,-20.90,-1567.50
2025-05-30,2025-06-26,CE,25050,2025-06-19T15:23:00+05:30,82.80,2025-06-20T09:16:00+05:30,96.00,ADD_2,UNWIND,-13.20,-990.00
2025-05-30,2025-06-26,PE,24800,2025-06-20T10:33:00+05:30,81.60,2025-06-20T12:35:00+05:30,84.70,ADD_2,UNWIND,-3.10,-232.50
2025-05-30,2025-06-26,PE,24800,2025-06-20T12:51:00+05:30,71.45,2025-06-23T09:15:00+05:30,85.50,ADD_2,UNWIND,-14.05,-1053.75
2025-05-30,2025-06-26,PE,24850,2025-06-23T14:02:00+05:30,72.55,2025-06-23T14:31:00+05:30,84.40,ADD_2,UNWIND,-11.85,-888.75
2025-05-30,2025-06-26,PE,25050,2025-06-11T10:45:00+05:30,181.25,2025-06-24T09:38:00+05:30,83.20,ROLL_IN,UNWIND,98.05,7353.75
2025-05-30,2025-06-26,PE,25150,2025-06-24T09:17:00+05:30,85.40,2025-06-24T12:44:00+05:30,109.45,ADD_2,UNWIND,-24.05,-1803.75
2025-05-30,2025-06-26,PE,25200,2025-06-24T09:20:00+05:30,94.70,2025-06-24T13:34:00+05:30,155.35,ADD_3,UNWIND,-60.65,-4548.75
2025-05-30,2025-06-26,CE,24850,2025-05-30T09:20:00+05:30,444.80,2025-06-26T15:20:00+05:30,697.65,INITIAL_ENTRY,FINAL_EXIT,-252.85,-18963.75
2025-05-30,2025-06-26,PE,25250,2025-06-24T11:10:00+05:30,105.90,2025-06-26T15:20:00+05:30,0.20,ADD_3,FINAL_EXIT,105.70,7927.50
2025-05-30,2025-06-26,PE,25100,2025-06-25T09:15:00+05:30,78.00,2025-06-26T15:20:00+05:30,0.15,ADD_2,FINAL_EXIT,77.85,5838.75
2025-05-30,2025-06-26,PE,25200,2025-06-25T10:00:00+05:30,79.60,2025-06-26T15:20:00+05:30,0.20,ADD_3,FINAL_EXIT,79.40,5955.00
2025-06-27,2025-07-31,CE,26000,2025-07-04T11:46:00+05:30,108.45,2025-07-04T14:40:00+05:30,130.25,ADD_2,UNWIND,-21.80,-1635.00
2025-06-27,2025-07-31,CE,25950,2025-07-10T10:51:00+05:30,91.60,2025-07-11T10:46:00+05:30,44.65,ADD_2,ROLL_OUT,46.95,3521.25
2025-06-27,2025-07-31,CE,25700,2025-07-11T09:15:00+05:30,115.05,2025-07-14T09:17:00+05:30,62.60,ADD_3,ROLL_OUT,52.45,3933.75
2025-06-27,2025-07-31,CE,25650,2025-06-27T09:20:00+05:30,401.45,2025-07-15T11:02:00+05:30,83.45,INITIAL_ENTRY,UNWIND,318.00,23850.00
2025-06-27,2025-07-31,CE,25450,2025-07-11T10:46:00+05:30,168.75,2025-07-18T09:48:00+05:30,61.10,ROLL_IN,ROLL_OUT,107.65,8073.75
2025-06-27,2025-07-31,CE,25300,2025-07-17T14:51:00+05:30,135.75,2025-07-18T11:00:00+05:30,77.75,ADD_3,ROLL_OUT,58.00,4350.00
2025-06-27,2025-07-31,CE,25250,2025-07-14T09:17:00+05:30,201.80,2025-07-21T09:36:00+05:30,63.50,ROLL_IN,ROLL_OUT,138.30,10372.50
2025-06-27,2025-07-31,CE,25050,2025-07-18T09:48:00+05:30,215.00,2025-07-21T09:49:00+05:30,173.35,ROLL_IN,UNWIND,41.65,3123.75
2025-06-27,2025-07-31,CE,24950,2025-07-18T11:00:00+05:30,217.05,2025-07-21T10:10:00+05:30,270.00,ROLL_IN,UNWIND,-52.95,-3971.25
2025-06-27,2025-07-31,CE,25150,2025-07-21T10:23:00+05:30,146.00,2025-07-22T09:16:00+05:30,176.90,ADD_2,UNWIND,-30.90,-2317.50
2025-06-27,2025-07-31,CE,25100,2025-07-22T11:06:00+05:30,156.85,2025-07-23T11:05:00+05:30,176.50,ADD_2,UNWIND,-19.65,-1473.75
2025-06-27,2025-07-31,PE,25650,2025-06-27T09:20:00+05:30,346.10,2025-07-31T15:20:00+05:30,887.40,INITIAL_ENTRY,FINAL_EXIT,-541.30,-40597.50
2025-06-27,2025-07-31,CE,24900,2025-07-21T09:36:00+05:30,196.05,2025-07-31T15:20:00+05:30,0.15,ROLL_IN,FINAL_EXIT,195.90,14692.50
2025-06-27,2025-07-31,CE,25100,2025-07-24T11:57:00+05:30,138.05,2025-07-31T15:20:00+05:30,0.05,ADD_2,FINAL_EXIT,138.00,10350.00
2025-06-27,2025-07-31,CE,25000,2025-07-25T09:15:00+05:30,148.20,2025-07-31T15:20:00+05:30,0.15,ADD_3,FINAL_EXIT,148.05,11103.75
2025-08-01,2025-08-28,CE,25000,2025-08-07T09:16:00+05:30,88.40,2025-08-07T14:21:00+05:30,81.20,ADD_2,UNWIND,7.20,540.00
2025-08-01,2025-08-28,CE,24850,2025-08-07T11:05:00+05:30,103.25,2025-08-07T14:51:00+05:30,139.00,ADD_3,UNWIND,-35.75,-2681.25
2025-08-01,2025-08-28,CE,25000,2025-08-08T09:34:00+05:30,86.80,2025-08-11T13:01:00+05:30,70.45,ADD_2,UNWIND,16.35,1226.25
2025-08-01,2025-08-28,CE,24850,2025-08-08T14:13:00+05:30,96.45,2025-08-11T14:31:00+05:30,125.00,ADD_3,UNWIND,-28.55,-2141.25
2025-08-01,2025-08-28,CE,24950,2025-08-12T14:16:00+05:30,81.50,2025-08-13T09:42:00+05:30,93.95,ADD_2,UNWIND,-12.45,-933.75
2025-08-01,2025-08-28,PE,24700,2025-08-18T09:31:00+05:30,75.60,2025-08-18T12:10:00+05:30,89.15,ADD_3,UNWIND,-13.55,-1016.25
2025-08-01,2025-08-28,PE,24750,2025-08-01T09:20:00+05:30,275.20,2025-08-20T11:13:00+05:30,48.60,INITIAL_ENTRY,ROLL_OUT,226.60,16995.00
2025-08-01,2025-08-28,PE,24800,2025-08-18T09:15:00+05:30,75.05,2025-08-21T09:17:00+05:30,40.00,ADD_2,ROLL_OUT,35.05,2628.75
2025-08-01,2025-08-28,PE,24850,2025-08-19T11:40:00+05:30,95.85,2025-08-22T09:21:00+05:30,52.10,ADD_3,UNWIND,43.75,3281.25
2025-08-01,2025-08-28,PE,25000,2025-08-20T11:13:00+05:30,119.90,2025-08-22T09:31:00+05:30,119.30,ROLL_IN,UNWIND,0.60,45.00
2025-08-01,2025-08-28,PE,24950,2025-08-25T12:19:00+05:30,57.10,2025-08-26T09:15:00+05:30,81.00,ADD_2,UNWIND,-23.90,-1792.50
2025-08-01,2025-08-28,CE,24750,2025-08-01T09:20:00+05:30,315.40,2025-08-28T15:20:00+05:30,0.20,INITIAL_ENTRY,FINAL_EXIT,315.20,23640.00
2025-08-01,2025-08-28,PE,25100,2025-08-21T09:17:00+05:30,125.70,2025-08-28T15:20:00+05:30,606.35,ROLL_IN,FINAL_EXIT,-480.65,-36048.75
2025-08-01,2025-08-28,CE,24850,2025-08-26T09:22:00+05:30,67.95,2025-08-28T15:20:00+05:30,0.15,ADD_2,FINAL_EXIT,67.80,5085.00
2025-08-01,2025-08-28,CE,24800,2025-08-26T09:36:00+05:30,74.40,2025-08-28T15:20:00+05:30,0.10,ADD_3,FINAL_EXIT,74.30,5572.50
2025-08-29,2025-09-30,PE,24250,2025-09-02T09:38:00+05:30,100.00,2025-09-02T13:56:00+05:30,126.75,ADD_2,UNWIND,-26.75,-2006.25
2025-08-29,2025-09-30,PE,24250,2025-09-03T15:03:00+05:30,94.40,2025-09-04T09:35:00+05:30,58.55,ADD_2,ROLL_OUT,35.85,2688.75
2025-08-29,2025-09-30,PE,24550,2025-09-04T09:15:00+05:30,114.00,2025-09-04T10:13:00+05:30,127.50,ADD_3,UNWIND,-13.50,-1012.50
2025-08-29,2025-09-30,PE,24600,2025-08-29T09:20:00+05:30,297.95,2025-09-04T12:24:00+05:30,162.45,INITIAL_ENTRY,UNWIND,135.50,10162.50
2025-08-29,2025-09-30,PE,24550,2025-09-04T13:00:00+05:30,125.55,2025-09-04T14:17:00+05:30,148.35,ADD_2,UNWIND,-22.80,-1710.00
2025-08-29,2025-09-30,PE,24550,2025-09-08T09:41:00+05:30,108.85,2025-09-11T13:46:00+05:30,56.30,ADD_2,ROLL_OUT,52.55,3941.25
2025-08-29,2025-09-30,PE,24800,2025-09-10T09:16:00+05:30,135.00,2025-09-26T09:16:00+05:30,65.60,ADD_3,UNWIND,69.40,5205.00
2025-08-29,2025-09-30,PE,24900,2025-09-04T09:35:00+05:30,203.00,2025-09-26T09:22:00+05:30,122.35,ROLL_IN,UNWIND,80.65,6048.75
2025-08-29,2025-09-30,PE,24800,2025-09-26T09:24:00+05:30,60.15,2025-09-26T09:38:00+05:30,79.35,ADD_2,UNWIND,-19.20,-1440.00
2025-08-29,2025-09-30,PE,24800,2025-09-26T09:50:00+05:30,62.55,2025-09-26T11:06:00+05:30,78.70,ADD_2,UNWIND,-16.15,-1211.25
2025-08-29,2025-09-30,CE,24750,2025-09-26T14:04:00+05:30,63.20,2025-09-29T09:15:00+05:30,61.60,ADD_2,UNWIND,1.60,120.00
2025-08-29,2025-09-30,CE,24700,2025-09-29T12:10:00+05:30,65.00,2025-09-29T13:02:00+05:30,59.30,ADD_2,UNWIND,5.70,427.50
2025-08-29,2025-09-30,CE,24650,2025-09-29T12:41:00+05:30,71.60,2025-09-29T13:12:00+05:30,103.60,ADD_3,UNWIND,-32.00,-2400.00
2025-08-29,2025-09-30,CE,24650,2025-09-29T15:05:00+05:30,72.40,2025-09-30T09:17:00+05:30,97.40,ADD_2,UNWIND,-25.00,-1875.00
2025-08-29,2025-09-30,CE,24600,2025-08-29T09:20:00+05:30,352.65,2025-09-30T15:20:00+05:30,11.90,INITIAL_ENTRY,FINAL_EXIT,340.75,25556.25
2025-08-29,2025-09-30,PE,24950,2025-09-11T13:46:00+05:30,145.00,2025-09-30T15:20:00+05:30,338.50,ROLL_IN,FINAL_EXIT,-193.50,-14512.50
2025-08-29,2025-09-30,CE,24700,2025-09-30T09:34:00+05:30,50.90,2025-09-30T15:20:00+05:30,0.10,ADD_2,FINAL_EXIT,50.80,3810.00
2025-08-29,2025-09-30,CE,24650,2025-09-30T09:48:00+05:30,59.25,2025-09-30T15:20:00+05:30,0.10,ADD_3,FINAL_EXIT,59.15,4436.25
2025-10-01,2025-10-28,PE,24350,2025-10-01T11:43:00+05:30,97.95,2025-10-06T09:50:00+05:30,48.50,ADD_2,ROLL_OUT,49.45,3708.75
2025-10-01,2025-10-28,PE,24550,2025-10-03T14:37:00+05:30,101.05,2025-10-06T13:30:00+05:30,61.00,ADD_3,ROLL_OUT,40.05,3003.75
2025-10-01,2025-10-28,PE,24700,2025-10-01T09:20:00+05:30,261.35,2025-10-07T09:50:00+05:30,64.20,INITIAL_ENTRY,ROLL_OUT,197.15,14786.25
2025-10-01,2025-10-28,PE,24900,2025-10-06T09:50:00+05:30,167.05,2025-10-08T11:08:00+05:30,122.65,ROLL_IN,UNWIND,44.40,3330.00
2025-10-01,2025-10-28,PE,25050,2025-10-06T13:30:00+05:30,175.95,2025-10-14T12:29:00+05:30,165.60,ROLL_IN,UNWIND,10.35,776.25
2025-10-01,2025-10-28,CE,24700,2025-10-01T09:20:00+05:30,310.25,2025-10-28T15:20:00+05:30,1240.80,INITIAL_ENTRY,FINAL_EXIT,-930.55,-69791.25
2025-10-01,2025-10-28,PE,25150,2025-10-07T09:50:00+05:30,173.20,2025-10-28T15:20:00+05:30,0.05,ROLL_IN,FINAL_EXIT,173.15,12986.25
2025-10-01,2025-10-28,PE,25100,2025-10-09T11:09:00+05:30,143.80,2025-10-28T15:20:00+05:30,0.10,ADD_3,FINAL_EXIT,143.70,10777.50
2025-10-01,2025-10-28,PE,25050,2025-10-14T14:36:00+05:30,121.00,2025-10-28T15:20:00+05:30,0.10,ADD_3,FINAL_EXIT,120.90,9067.50
2025-10-29,2025-11-25,CE,26350,2025-11-03T09:16:00+05:30,107.95,2025-11-06T10:10:00+05:30,54.30,ADD_2,ROLL_OUT,53.65,4023.75
2025-10-29,2025-11-25,CE,26200,2025-11-04T11:26:00+05:30,116.30,2025-11-07T09:15:00+05:30,41.00,ADD_3,ROLL_OUT,75.30,5647.50
2025-10-29,2025-11-25,CE,26100,2025-10-29T09:20:00+05:30,342.00,2025-11-07T09:35:00+05:30,49.70,INITIAL_ENTRY,ROLL_OUT,292.30,21922.50
2025-10-29,2025-11-25,CE,25800,2025-11-06T10:10:00+05:30,210.70,2025-11-07T11:28:00+05:30,129.65,ROLL_IN,UNWIND,81.05,6078.75
2025-10-29,2025-11-25,CE,25550,2025-11-07T09:15:00+05:30,227.10,2025-11-07T13:27:00+05:30,289.60,ROLL_IN,UNWIND,-62.50,-4687.50
2025-10-29,2025-11-25,CE,25800,2025-11-07T14:02:00+05:30,143.00,2025-11-10T09:16:00+05:30,174.60,ADD_2,UNWIND,-31.60,-2370.00
2025-10-29,2025-11-25,CE,25800,2025-11-11T10:34:00+05:30,137.65,2025-11-11T12:29:00+05:30,172.00,ADD_2,UNWIND,-34.35,-2576.25
2025-10-29,2025-11-25,PE,25800,2025-11-12T10:43:00+05:30,136.20,2025-11-13T14:01:00+05:30,123.90,ADD_2,UNWIND,12.30,922.50
2025-10-29,2025-11-25,PE,25950,2025-11-13T11:06:00+05:30,145.65,2025-11-14T09:15:00+05:30,230.00,ADD_3,UNWIND,-84.35,-6326.25
2025-10-29,2025-11-25,PE,25850,2025-11-14T15:08:00+05:30,137.10,2025-11-18T09:49:00+05:30,117.35,ADD_2,UNWIND,19.75,1481.25
2025-10-29,2025-11-25,PE,25950,2025-11-17T11:58:00+05:30,127.60,2025-11-18T10:36:00+05:30,190.70,ADD_3,UNWIND,-63.10,-4732.50
2025-10-29,2025-11-25,PE,25850,2025-11-18T10:57:00+05:30,118.35,2025-11-18T15:01:00+05:30,111.60,ADD_2,UNWIND,6.75,506.25
2025-10-29,2025-11-25,PE,25950,2025-11-18T14:06:00+05:30,120.75,2025-11-19T09:20:00+05:30,177.40,ADD_3,UNWIND,-56.65,-4248.75
2025-10-29,2025-11-25,PE,25900,2025-11-19T09:27:00+05:30,124.80,2025-11-25T15:02:00+05:30,32.45,ADD_2,UNWIND,92.35,6926.25
2025-10-29,2025-11-25,PE,26100,2025-10-29T09:20:00+05:30,284.30,2025-11-25T15:20:00+05:30,215.00,INITIAL_ENTRY,FINAL_EXIT,69.30,5197.50
2025-10-29,2025-11-25,CE,25500,2025-11-07T09:35:00+05:30,219.45,2025-11-25T15:20:00+05:30,385.15,ROLL_IN,FINAL_EXIT,-165.70,-12427.50
2025-10-29,2025-11-25,PE,26000,2025-11-19T12:25:00+05:30,122.15,2025-11-25T15:20:00+05:30,115.05,ADD_3,FINAL_EXIT,7.10,532.50
2025-11-26,2025-12-30,PE,25650,2025-11-26T10:49:00+05:30,112.00,2025-11-27T13:14:00+05:30,103.95,ADD_2,UNWIND,8.05,603.75
2025-11-26,2025-12-30,PE,25900,2025-11-27T09:23:00+05:30,131.50,2025-12-01T11:43:00+05:30,128.44,ADD_3,UNWIND,3.06,229.50
2025-11-26,2025-12-30,PE,26050,2025-12-01T09:23:00+05:30,142.19,2025-12-02T09:15:00+05:30,200.95,ADD_3,UNWIND,-58.76,-4407.00
2025-11-26,2025-12-30,PE,25700,2025-12-02T09:19:00+05:30,99.70,2025-12-02T12:57:00+05:30,116.45,ADD_2,UNWIND,-16.75,-1256.25
2025-11-26,2025-12-30,PE,25800,2025-12-05T10:18:00+05:30,91.95,2025-12-05T10:30:00+05:30,108.30,ADD_2,UNWIND,-16.35,-1226.25
2025-11-26,2025-12-30,PE,25800,2025-12-05T10:55:00+05:30,92.10,2025-12-08T11:43:00+05:30,104.00,ADD_2,UNWIND,-11.90,-892.50
2025-11-26,2025-12-30,CE,26350,2025-12-09T09:31:00+05:30,89.95,2025-12-09T11:14:00+05:30,105.00,ADD_2,UNWIND,-15.05,-1128.75
2025-11-26,2025-12-30,CE,26350,2025-12-10T11:01:00+05:30,82.00,2025-12-11T10:15:00+05:30,76.00,ADD_2,UNWIND,6.00,450.00
2025-11-26,2025-12-30,CE,26200,2025-12-11T09:39:00+05:30,95.25,2025-12-11T10:52:00+05:30,127.75,ADD_3,UNWIND,-32.50,-2437.50
2025-11-26,2025-12-30,CE,26350,2025-12-11T10:56:00+05:30,77.80,2025-12-11T12:05:00+05:30,92.00,ADD_2,UNWIND,-14.20,-1065.00
2025-11-26,2025-12-30,CE,26300,2025-12-16T11:36:00+05:30,65.25,2025-12-18T09:16:00+05:30,30.85,ADD_2,ROLL_OUT,34.40,2580.00
2025-11-26,2025-12-30,CE,26200,2025-12-17T10:07:00+05:30,68.84,2025-12-18T10:19:00+05:30,53.05,ADD_3,UNWIND,15.79,1184.25
2025-11-26,2025-12-30,CE,26100,2025-11-26T09:20:00+05:30,361.45,2025-12-18T10:24:00+05:30,90.75,INITIAL_ENTRY,UNWIND,270.70,20302.50
2025-11-26,2025-12-30,CE,26050,2025-12-18T14:24:00+05:30,81.30,2025-12-19T09:16:00+05:30,116.65,ADD_2,UNWIND,-35.35,-2651.25
2025-11-26,2025-12-30,PE,26050,2025-12-22T09:16:00+05:30,90.20,2025-12-26T09:16:00+05:30,51.90,ADD_2,UNWIND,38.30,2872.50
2025-11-26,2025-12-30,PE,26100,2025-11-26T09:20:00+05:30,292.00,2025-12-26T11:33:00+05:30,81.65,INITIAL_ENTRY,UNWIND,210.35,15776.25
2025-11-26,2025-12-30,CE,25900,2025-12-18T09:16:00+05:30,138.90,2025-12-30T15:20:00+05:30,38.35,ROLL_IN,FINAL_EXIT,100.55,7541.25
2025-11-26,2025-12-30,PE,26150,2025-12-23T09:15:00+05:30,90.05,2025-12-30T15:20:00+05:30,212.00,ADD_3,FINAL_EXIT,-121.95,-9146.25
2025-11-26,2025-12-30,CE,25950,2025-12-29T13:20:00+05:30,55.60,2025-12-30T15:20:00+05:30,0.10,ADD_2,FINAL_EXIT,55.50,4162.50
2025-12-31,2026-01-27,PE,25850,2025-12-31T13:59:00+05:30,92.40,2026-01-05T14:03:00+05:30,73.40,ADD_2,UNWIND,19.00,1235.00
2025-12-31,2026-01-27,PE,26050,2026-01-02T11:17:00+05:30,102.90,2026-01-06T11:21:00+05:30,131.00,ADD_3,UNWIND,-28.10,-1826.50
2025-12-31,2026-01-27,PE,25900,2026-01-06T11:42:00+05:30,82.50,2026-01-07T09:16:00+05:30,97.35,ADD_2,UNWIND,-14.85,-965.25
2025-12-31,2026-01-27,CE,26400,2026-01-08T15:03:00+05:30,65.15,2026-01-09T12:23:00+05:30,39.80,ADD_2,ROLL_OUT,25.35,1647.75
2025-12-31,2026-01-27,CE,26250,2026-01-09T10:58:00+05:30,80.90,2026-01-09T14:42:00+05:30,51.65,ADD_3,ROLL_OUT,29.25,1901.25
2025-12-31,2026-01-27,CE,26150,2025-12-31T09:20:00+05:30,265.25,2026-01-09T15:21:00+05:30,84.00,INITIAL_ENTRY,UNWIND,181.25,11781.25
2025-12-31,2026-01-27,CE,26000,2026-01-09T12:23:00+05:30,138.90,2026-01-12T11:34:00+05:30,73.80,ROLL_IN,ROLL_OUT,65.10,4231.50
2025-12-31,2026-01-27,CE,25900,2026-01-12T09:26:00+05:30,125.30,2026-01-12T12:15:00+05:30,120.35,ADD_3,UNWIND,4.95,321.75
2025-12-31,2026-01-27,CE,25800,2026-01-09T14:42:00+05:30,186.85,2026-01-12T12:22:00+05:30,199.95,ROLL_IN,UNWIND,-13.10,-851.50
2025-12-31,2026-01-27,PE,26150,2025-12-31T09:20:00+05:30,241.65,2026-01-27T15:20:00+05:30,979.60,INITIAL_ENTRY,FINAL_EXIT,-737.95,-47966.75
2025-12-31,2026-01-27,CE,25550,2026-01-12T11:34:00+05:30,242.45,2026-01-27T15:20:00+05:30,0.10,ROLL_IN,FINAL_EXIT,242.35,15752.75
2025-12-31,2026-01-27,CE,25750,2026-01-19T09:15:00+05:30,135.20,2026-01-27T15:20:00+05:30,0.05,ADD_2,FINAL_EXIT,135.15,8784.75
2025-12-31,2026-01-27,CE,25700,2026-01-19T09:16:00+05:30,117.90,2026-01-27T15:20:00+05:30,0.10,ADD_3,FINAL_EXIT,117.80,7657.00
2026-01-28,2026-02-24,CE,25750,2026-02-01T12:22:00+05:30,131.25,2026-02-01T12:32:00+05:30,87.20,ADD_2,ROLL_OUT,44.05,2863.25
2026-01-28,2026-02-24,CE,25550,2026-02-01T12:30:00+05:30,148.90,2026-02-01T12:33:00+05:30,148.05,ADD_3,UNWIND,0.85,55.25
2026-01-28,2026-02-24,CE,25400,2026-01-28T09:20:00+05:30,422.00,2026-02-01T12:37:00+05:30,208.30,INITIAL_ENTRY,UNWIND,213.70,13890.50
2026-01-28,2026-02-24,CE,25400,2026-02-01T15:14:00+05:30,160.00,2026-02-02T11:35:00+05:30,146.10,ADD_2,UNWIND,13.90,903.50
2026-01-28,2026-02-24,CE,25150,2026-02-02T11:24:00+05:30,192.50,2026-02-02T12:15:00+05:30,267.80,ADD_3,UNWIND,-75.30,-4894.50
2026-01-28,2026-02-24,PE,25400,2026-01-28T09:20:00+05:30,350.00,2026-02-03T10:06:00+05:30,206.00,INITIAL_ENTRY,UNWIND,144.00,9360.00
2026-01-28,2026-02-24,PE,25700,2026-02-03T09:24:00+05:30,256.00,2026-02-04T09:16:00+05:30,261.80,ADD_3,UNWIND,-5.80,-377.00
2026-01-28,2026-02-24,PE,25700,2026-02-04T13:52:00+05:30,195.00,2026-02-05T09:44:00+05:30,244.50,ADD_3,UNWIND,-49.50,-3217.50
2026-01-28,2026-02-24,PE,25750,2026-02-03T11:33:00+05:30,238.85,2026-02-06T10:11:00+05:30,321.35,ADD_3,UNWIND,-82.50,-5362.50
2026-01-28,2026-02-24,PE,25450,2026-02-06T10:19:00+05:30,170.10,2026-02-13T10:18:00+05:30,129.00,ADD_2,UNWIND,41.10,2671.50
2026-01-28,2026-02-24,PE,25650,2026-02-06T15:02:00+05:30,193.35,2026-02-13T15:02:00+05:30,252.60,ADD_3,UNWIND,-59.25,-3851.25
2026-01-28,2026-02-24,PE,25500,2026-02-16T10:13:00+05:30,140.55,2026-02-19T14:43:00+05:30,115.60,ADD_2,UNWIND,24.95,1621.75
2026-01-28,2026-02-24,PE,25600,2026-02-16T14:34:00+05:30,144.65,2026-02-19T15:02:00+05:30,200.45,ADD_3,UNWIND,-55.80,-3627.00
2026-01-28,2026-02-24,PE,25550,2026-02-20T10:30:00+05:30,126.15,2026-02-24T12:12:00+05:30,111.50,ADD_2,UNWIND,14.65,952.25
2026-01-28,2026-02-24,CE,25000,2026-02-01T12:32:00+05:30,291.35,2026-02-24T15:20:00+05:30,427.30,ROLL_IN,FINAL_EXIT,-135.95,-8836.75
2026-01-28,2026-02-24,PE,25800,2026-02-03T09:21:00+05:30,288.90,2026-02-24T15:20:00+05:30,373.90,ADD_2,FINAL_EXIT,-85.00,-5525.00
2026-03-25,2026-04-28,CE,23800,2026-03-30T09:17:00+05:30,251.55,2026-04-01T09:19:00+05:30,273.15,ADD_2,UNWIND,-21.60,-1404.00
2026-03-25,2026-04-28,CE,23550,2026-04-02T09:20:00+05:30,191.15,2026-04-02T13:31:00+05:30,241.00,ADD_2,UNWIND,-49.85,-3240.25
2026-03-25,2026-04-28,CE,23250,2026-04-02T09:52:00+05:30,269.30,2026-04-02T15:08:00+05:30,398.45,ADD_3,UNWIND,-129.15,-8394.75
2026-03-25,2026-04-28,CE,23700,2026-04-06T09:18:00+05:30,199.65,2026-04-06T13:11:00+05:30,254.05,ADD_2,UNWIND,-54.40,-3536.00
2026-03-25,2026-04-28,PE,22900,2026-04-08T09:15:00+05:30,231.80,2026-04-08T09:18:00+05:30,136.00,ADD_2,ROLL_OUT,95.80,6227.00
2026-03-25,2026-04-28,PE,22950,2026-04-08T09:15:00+05:30,238.95,2026-04-09T14:32:00+05:30,188.90,ADD_3,UNWIND,50.05,3253.25
2026-03-25,2026-04-28,PE,23150,2026-03-25T09:20:00+05:30,608.80,2026-04-13T09:17:00+05:30,245.50,INITIAL_ENTRY,UNWIND,363.30,23614.50
2026-03-25,2026-04-28,PE,23600,2026-04-10T09:23:00+05:30,243.45,2026-04-13T09:23:00+05:30,397.85,ADD_3,UNWIND,-154.40,-10036.00
2026-03-25,2026-04-28,PE,23250,2026-04-13T11:51:00+05:30,208.30,2026-04-15T09:16:00+05:30,76.85,ADD_2,ROLL_OUT,131.45,8544.25
2026-03-25,2026-04-28,PE,23850,2026-04-08T09:18:00+05:30,388.20,2026-04-24T13:39:00+05:30,166.85,ROLL_IN,UNWIND,221.35,14387.75
2026-03-25,2026-04-28,CE,23150,2026-03-25T09:20:00+05:30,754.40,2026-04-28T15:20:00+05:30,834.75,INITIAL_ENTRY,FINAL_EXIT,-80.35,-5222.75
2026-03-25,2026-04-28,PE,23950,2026-04-15T09:15:00+05:30,237.00,2026-04-28T15:20:00+05:30,0.15,ADD_3,FINAL_EXIT,236.85,15395.25
2026-03-25,2026-04-28,PE,24150,2026-04-15T09:16:00+05:30,268.30,2026-04-28T15:20:00+05:30,166.05,ROLL_IN,FINAL_EXIT,102.25,6646.25
2026-04-29,2026-05-26,PE,23500,2026-04-29T10:22:00+05:30,151.00,2026-04-29T15:11:00+05:30,179.85,ADD_2,UNWIND,-28.85,-1875.25
2026-04-29,2026-05-26,PE,23600,2026-05-06T14:23:00+05:30,125.15,2026-05-07T14:45:00+05:30,109.20,ADD_2,UNWIND,15.95,1036.75
2026-04-29,2026-05-26,PE,23900,2026-05-07T12:40:00+05:30,146.45,2026-05-08T09:15:00+05:30,199.45,ADD_3,UNWIND,-53.00,-3445.00
2026-04-29,2026-05-26,CE,24300,2026-05-12T09:15:00+05:30,143.60,2026-05-12T13:41:00+05:30,89.00,ADD_2,ROLL_OUT,54.60,3549.00
2026-04-29,2026-05-26,CE,24200,2026-05-12T09:26:00+05:30,140.65,2026-05-12T15:08:00+05:30,81.15,ADD_3,ROLL_OUT,59.50,3867.50
2026-04-29,2026-05-26,CE,24100,2026-04-29T09:20:00+05:30,476.50,2026-05-13T10:35:00+05:30,121.00,INITIAL_ENTRY,UNWIND,355.50,23107.50
2026-04-29,2026-05-26,CE,23750,2026-05-12T13:41:00+05:30,258.75,2026-05-13T12:58:00+05:30,270.25,ROLL_IN,UNWIND,-11.50,-747.50
2026-04-29,2026-05-26,CE,23950,2026-05-13T13:22:00+05:30,161.85,2026-05-14T11:42:00+05:30,182.25,ADD_2,UNWIND,-20.40,-1326.00
2026-04-29,2026-05-26,CE,23800,2026-05-18T09:15:00+05:30,164.00,2026-05-18T11:33:00+05:30,153.90,ADD_2,UNWIND,10.10,656.50
2026-04-29,2026-05-26,CE,23650,2026-05-18T09:18:00+05:30,185.20,2026-05-18T12:57:00+05:30,261.00,ADD_3,UNWIND,-75.80,-4927.00
2026-04-29,2026-05-26,CE,23850,2026-05-18T14:50:00+05:30,154.00,2026-05-18T15:02:00+05:30,186.35,ADD_2,UNWIND,-32.35,-2102.75
2026-04-29,2026-05-26,CE,23800,2026-05-19T15:11:00+05:30,136.10,2026-05-20T11:23:00+05:30,125.00,ADD_2,UNWIND,11.10,721.50
2026-04-29,2026-05-26,CE,23600,2026-05-20T09:15:00+05:30,160.00,2026-05-20T14:09:00+05:30,240.65,ADD_3,UNWIND,-80.65,-5242.25
2026-04-29,2026-05-26,CE,23750,2026-05-21T11:17:00+05:30,131.05,2026-05-21T11:28:00+05:30,158.05,ADD_2,UNWIND,-27.00,-1755.00
2026-04-29,2026-05-26,CE,23750,2026-05-21T12:27:00+05:30,125.65,2026-05-22T09:22:00+05:30,153.90,ADD_2,UNWIND,-28.25,-1836.25
2026-04-29,2026-05-26,PE,24100,2026-04-29T09:20:00+05:30,408.40,2026-05-26T15:20:00+05:30,186.25,INITIAL_ENTRY,FINAL_EXIT,222.15,14439.75
2026-04-29,2026-05-26,CE,23550,2026-05-12T15:08:00+05:30,283.45,2026-05-26T15:20:00+05:30,362.30,ROLL_IN,FINAL_EXIT,-78.85,-5125.25
2026-04-29,2026-05-26,PE,23950,2026-05-25T09:20:00+05:30,95.45,2026-05-26T15:20:00+05:30,36.95,ADD_2,FINAL_EXIT,58.50,3802.50
