entry_date,day_of_week,status,skip_reason,expiry_date,spot_open,base_atm,ce_strike,pe_strike,ce_dist_pts,pe_dist_pts,ce_in_band,pe_in_band,lot_size,lots,qty,ce_entry,ce_stop,ce_exit_ts,ce_exit_price,ce_exit_reason,pe_entry,pe_stop,pe_exit_ts,pe_exit_price,pe_exit_reason,premium_pts,margin,gross_pnl,brokerage,net_pnl,remarks
2020-01-02,Thursday,TRADED,,2020-01-02,12216.80,12200,12250,12150,50,50,yes,no,75,1,75,7.30,14.60,2020-01-02T11:54:00+05:30,14.60,sl,3.30,6.60,2020-01-02T15:20:00+05:30,0.05,day_close,10.60,119212.50,-453.75,100.00,-553.75,
2020-01-09,Thursday,TRADED,,2020-01-09,12162.40,12150,12250,12100,100,50,no,yes,75,1,75,3.40,6.80,2020-01-09T15:20:00+05:30,0.05,day_close,7.30,14.60,2020-01-09T15:20:00+05:30,0.05,day_close,10.70,119100.00,645.00,100.00,545.00,
2020-01-16,Thursday,TRADED,,2020-01-16,12372.50,12350,12400,12300,50,50,yes,no,75,1,75,7.95,15.90,2020-01-16T15:20:00+05:30,0.10,day_close,4.20,8.40,2020-01-16T11:13:00+05:30,8.40,sl,12.15,120675.00,123.75,100.00,23.75,
2020-01-23,Thursday,TRADED,,2020-01-23,12117.20,12100,12150,12050,50,50,yes,yes,75,1,75,8.25,16.50,2020-01-23T09:34:00+05:30,16.50,sl,5.05,10.10,2020-01-23T15:20:00+05:30,0.05,day_close,13.30,118237.50,-393.75,100.00,-493.75,
2020-01-30,Thursday,TRADED,,2020-01-30,12095.00,12100,12150,12000,50,100,yes,no,75,1,75,7.05,14.10,2020-01-30T15:20:00+05:30,0.05,day_close,3.95,7.90,2020-01-30T10:26:00+05:30,7.90,sl,11.00,118125.00,78.75,100.00,-21.25,
2020-02-06,Thursday,TRADED,,2020-02-06,12128.00,12150,12200,12050,50,100,yes,yes,75,1,75,5.60,11.20,2020-02-06T15:20:00+05:30,0.10,day_close,6.80,13.60,2020-02-06T15:20:00+05:30,0.10,day_close,12.40,118612.50,765.00,100.00,665.00,
2020-02-13,Thursday,TRADED,,2020-02-13,12183.30,12200,12250,12100,50,100,no,no,75,1,75,4.00,8.00,2020-02-13T15:20:00+05:30,0.05,day_close,3.25,6.50,2020-02-13T15:20:00+05:30,0.05,day_close,7.25,119100.00,386.25,100.00,286.25,
2020-02-20,Thursday,TRADED,,2020-02-20,12113.00,12100,12150,12050,50,50,yes,no,75,1,75,6.95,13.90,2020-02-20T11:49:00+05:30,13.90,sl,4.80,9.60,2020-02-20T15:20:00+05:30,0.10,day_close,11.75,118237.50,-318.75,100.00,-418.75,
2020-02-27,Thursday,TRADED,,2020-02-27,11633.70,11650,11700,11550,50,100,no,no,75,1,75,10.45,20.90,2020-02-27T15:20:00+05:30,0.10,day_close,4.85,9.70,2020-02-27T09:33:00+05:30,9.70,sl,15.30,113737.50,262.50,100.00,162.50,
2020-03-05,Thursday,TRADED,,2020-03-05,11311.90,11300,11400,11150,100,150,no,yes,75,1,75,11.15,22.30,2020-03-05T15:20:00+05:30,0.10,day_close,6.15,12.30,2020-03-05T09:53:00+05:30,12.30,sl,17.30,110587.50,217.50,100.00,117.50,
2020-03-12,Thursday,TRADED,,2020-03-12,9994.25,10000,10200,9600,200,400,yes,yes,75,1,75,6.10,12.20,2020-03-12T12:18:00+05:30,12.20,sl,7.00,14.00,2020-03-12T10:52:00+05:30,14.00,sl,13.10,98100.00,-1132.50,100.00,-1232.50,
2020-03-19,Thursday,TRADED,,2020-03-19,7963.75,7950,8500,7300,550,650,yes,no,75,1,75,7.25,14.50,2020-03-19T10:13:00+05:30,14.50,sl,3.85,7.70,2020-03-19T09:24:00+05:30,7.70,sl,11.10,80175.00,-982.50,100.00,-1082.50,
2020-03-26,Thursday,TRADED,,2020-03-26,8336.40,8350,8950,7450,600,900,yes,yes,75,1,75,6.90,13.80,2020-03-26T09:29:00+05:30,13.80,sl,7.45,14.90,2020-03-26T15:20:00+05:30,0.25,day_close,14.35,83887.50,-127.50,100.00,-227.50,
2020-04-01,Wednesday,TRADED,,2020-04-01,8508.15,8500,8800,8100,300,400,yes,yes,75,1,75,8.55,17.10,2020-04-01T15:20:00+05:30,0.05,day_close,7.05,14.10,2020-04-01T09:54:00+05:30,14.10,sl,15.60,84225.00,-41.25,100.00,-141.25,
2020-04-09,Thursday,TRADED,,2020-04-09,8969.80,8950,9400,8550,450,400,yes,yes,75,1,75,7.60,15.20,2020-04-09T15:20:00+05:30,0.10,day_close,6.50,13.00,2020-04-09T15:19:00+05:30,0.05,last_bar_before_exit,14.10,89737.50,896.25,100.00,796.25,
2020-04-16,Thursday,TRADED,,2020-04-16,8830.60,8850,9050,8550,200,300,yes,yes,75,1,75,6.85,13.70,2020-04-16T09:37:00+05:30,13.70,sl,8.45,16.90,2020-04-16T15:18:00+05:30,0.10,last_bar_before_exit,15.30,87112.50,-37.50,100.00,-137.50,
2020-04-23,Thursday,TRADED,,2020-04-23,9219.05,9200,9350,9000,150,200,yes,yes,75,1,75,8.55,17.10,2020-04-23T15:20:00+05:30,0.15,day_close,5.70,11.40,2020-04-23T15:20:00+05:30,0.05,day_close,14.25,90375.00,903.75,100.00,803.75,
2020-04-30,Thursday,TRADED,,2020-04-30,9749.40,9750,9850,9600,100,150,yes,yes,75,1,75,6.85,13.70,2020-04-30T09:30:00+05:30,13.70,sl,6.00,12.00,2020-04-30T15:20:00+05:30,0.10,day_close,12.85,95475.00,-221.25,100.00,-321.25,
2020-05-07,Thursday,TRADED,,2020-05-07,9211.00,9200,9350,9000,150,200,yes,yes,75,1,75,9.55,19.10,2020-05-07T09:24:00+05:30,19.10,sl,6.95,13.90,2020-05-07T15:20:00+05:30,0.10,day_close,16.50,90375.00,-352.50,100.00,-452.50,
2020-05-14,Thursday,TRADED,,2020-05-14,9237.85,9250,9400,9100,150,150,yes,yes,75,1,75,6.85,13.70,2020-05-14T15:20:00+05:30,0.05,day_close,6.10,12.20,2020-05-14T15:20:00+05:30,0.05,day_close,12.95,90975.00,813.75,100.00,713.75,
2020-05-21,Thursday,TRADED,,2020-05-21,9100.80,9100,9200,9000,100,100,yes,yes,75,1,75,5.55,11.10,2020-05-21T15:20:00+05:30,0.05,day_close,8.05,16.10,2020-05-21T15:20:00+05:30,0.05,day_close,13.60,89250.00,862.50,100.00,762.50,
2020-05-28,Thursday,TRADED,,2020-05-28,9386.15,9400,9500,9250,100,150,yes,no,75,1,75,5.00,10.00,2020-05-28T11:09:00+05:30,10.00,sl,3.95,7.90,2020-05-28T15:20:00+05:30,0.10,day_close,8.95,92062.50,-236.25,100.00,-336.25,
2020-06-04,Thursday,TRADED,,2020-06-04,10109.00,10100,10200,9950,100,150,yes,yes,75,1,75,10.00,20.00,2020-06-04T15:20:00+05:30,0.10,day_close,6.85,13.70,2020-06-04T09:34:00+05:30,13.70,sl,16.85,98887.50,78.75,100.00,-21.25,
2020-06-11,Thursday,TRADED,,2020-06-11,10059.90,10050,10200,9900,150,150,yes,no,75,1,75,6.75,13.50,2020-06-11T15:20:00+05:30,0.05,day_close,4.10,8.20,2020-06-11T12:25:00+05:30,8.20,sl,10.85,98775.00,45.00,100.00,-55.00,
2020-06-18,Thursday,TRADED,,2020-06-18,9867.05,9850,9950,9700,100,150,yes,yes,75,1,75,9.40,18.80,2020-06-18T10:22:00+05:30,18.80,sl,8.80,17.60,2020-06-18T15:20:00+05:30,0.05,day_close,18.20,96450.00,-198.75,100.00,-298.75,
2020-06-25,Thursday,TRADED,,2020-06-25,10220.80,10200,10350,10000,150,200,yes,yes,75,1,75,5.80,11.60,2020-06-25T09:36:00+05:30,11.60,sl,6.70,13.40,2020-06-25T15:20:00+05:30,0.05,day_close,12.50,100125.00,-86.25,100.00,-186.25,
2020-07-02,Thursday,TRADED,,2020-07-02,10512.60,10500,10600,10350,100,150,yes,yes,75,1,75,8.70,17.40,2020-07-02T15:20:00+05:30,0.05,day_close,5.40,10.80,2020-07-02T15:20:00+05:30,0.05,day_close,14.10,102787.50,900.00,100.00,800.00,
2020-07-09,Thursday,TRADED,,2020-07-09,10754.20,10750,10850,10600,100,150,yes,no,75,1,75,7.80,15.60,2020-07-09T15:20:00+05:30,0.15,day_close,4.90,9.80,2020-07-09T15:20:00+05:30,0.05,day_close,12.70,105225.00,787.50,100.00,687.50,
2020-07-16,Thursday,TRADED,,2020-07-16,10624.00,10600,10750,10500,150,100,yes,no,75,1,75,5.90,11.80,2020-07-16T15:20:00+05:30,0.40,day_close,10.20,20.40,2020-07-16T15:20:00+05:30,0.10,day_close,16.10,104250.00,1020.00,100.00,920.00,
2020-07-23,Thursday,TRADED,,2020-07-23,11163.80,11150,11250,11050,100,100,no,yes,75,1,75,4.25,8.50,2020-07-23T11:00:00+05:30,8.50,sl,6.80,13.60,2020-07-23T15:20:00+05:30,0.10,day_close,11.05,109237.50,33.75,100.00,-66.25,
2020-07-30,Thursday,TRADED,,2020-07-30,11268.50,11250,11350,11150,100,100,yes,no,75,1,75,5.40,10.80,2020-07-30T15:20:00+05:30,0.05,day_close,4.10,8.20,2020-07-30T12:57:00+05:30,8.20,sl,9.50,110212.50,-56.25,100.00,-156.25,
2020-08-06,Thursday,TRADED,,2020-08-06,11161.70,11150,11250,11000,100,150,yes,yes,75,1,75,9.85,19.70,2020-08-06T11:58:00+05:30,19.70,sl,7.05,14.10,2020-08-06T12:02:00+05:30,14.10,sl,16.90,109125.00,-1417.50,100.00,-1517.50,
2020-08-13,Thursday,TRADED,,2020-08-13,11352.50,11350,11450,11250,100,100,no,yes,75,1,75,3.45,6.90,2020-08-13T15:20:00+05:30,0.05,day_close,5.65,11.30,2020-08-13T11:40:00+05:30,11.30,sl,9.10,111187.50,-318.75,100.00,-418.75,
2020-08-20,Thursday,TRADED,,2020-08-20,11321.80,11300,11400,11200,100,100,yes,no,75,1,75,5.50,11.00,2020-08-20T15:20:00+05:30,0.10,day_close,4.60,9.20,2020-08-20T15:20:00+05:30,0.05,day_close,10.10,110700.00,596.25,100.00,496.25,
2020-08-27,Thursday,TRADED,,2020-08-27,11600.30,11600,11650,11500,50,100,yes,yes,75,1,75,7.20,14.40,2020-08-27T15:20:00+05:30,0.10,day_close,7.50,15.00,2020-08-27T15:20:00+05:30,0.10,day_close,14.70,113250.00,937.50,100.00,837.50,
2020-09-03,Thursday,TRADED,,2020-09-03,11562.50,11550,11650,11450,100,100,no,no,75,1,75,4.75,9.50,2020-09-03T15:20:00+05:30,0.05,day_close,4.15,8.30,2020-09-03T11:35:00+05:30,8.30,sl,8.90,113137.50,-108.75,100.00,-208.75,
2020-09-10,Thursday,TRADED,,2020-09-10,11346.30,11350,11400,11250,50,100,yes,no,75,1,75,7.45,14.90,2020-09-10T10:45:00+05:30,14.90,sl,4.20,8.40,2020-09-10T15:20:00+05:30,0.05,day_close,11.65,110812.50,-397.50,100.00,-497.50,
2020-09-17,Thursday,TRADED,,2020-09-17,11557.40,11550,11600,11450,50,100,yes,yes,75,1,75,9.20,18.40,2020-09-17T15:20:00+05:30,0.10,day_close,5.10,10.20,2020-09-17T15:20:00+05:30,0.10,day_close,14.30,112762.50,907.50,100.00,807.50,
2020-09-24,Thursday,TRADED,,2020-09-24,10988.10,11000,11100,10900,100,100,yes,yes,75,1,75,7.45,14.90,2020-09-24T15:20:00+05:30,0.05,day_close,8.25,16.50,2020-09-24T10:27:00+05:30,16.50,sl,15.70,107775.00,-213.75,100.00,-313.75,
2020-10-01,Thursday,TRADED,,2020-10-01,11369.20,11350,11450,11300,100,50,no,yes,75,1,75,3.25,6.50,2020-10-01T10:49:00+05:30,6.50,sl,9.40,18.80,2020-10-01T15:20:00+05:30,0.05,day_close,12.65,111300.00,307.50,100.00,207.50,
2020-10-08,Thursday,TRADED,,2020-10-08,11842.90,11850,11900,11750,50,100,yes,yes,75,1,75,9.30,18.60,2020-10-08T11:33:00+05:30,18.60,sl,6.10,12.20,2020-10-08T15:20:00+05:30,0.05,day_close,15.40,115687.50,-393.75,100.00,-493.75,
2020-10-15,Thursday,TRADED,,2020-10-15,11951.20,11950,12050,11850,100,100,yes,yes,75,1,75,5.80,11.60,2020-10-15T15:20:00+05:30,0.05,day_close,6.35,12.70,2020-10-15T11:32:00+05:30,12.70,sl,12.15,117037.50,-195.00,100.00,-295.00,
2020-10-22,Thursday,TRADED,,2020-10-22,11934.00,11950,12050,11750,100,200,yes,yes,75,1,75,7.95,15.90,2020-10-22T15:20:00+05:30,0.05,day_close,7.60,15.20,2020-10-22T09:31:00+05:30,15.20,sl,15.55,116812.50,-127.50,100.00,-227.50,
2020-10-29,Thursday,TRADED,,2020-10-29,11616.00,11600,11750,11400,150,200,no,yes,75,1,75,10.20,20.40,2020-10-29T10:00:00+05:30,20.40,sl,6.00,12.00,2020-10-29T15:20:00+05:30,0.05,day_close,16.20,113775.00,-468.75,100.00,-568.75,
2020-11-05,Thursday,TRADED,,2020-11-05,12052.60,12050,12200,11900,150,150,no,yes,75,1,75,4.50,9.00,2020-11-05T15:20:00+05:30,0.05,day_close,8.65,17.30,2020-11-05T15:20:00+05:30,0.05,day_close,13.15,118275.00,828.75,100.00,728.75,
2020-11-12,Thursday,TRADED,,2020-11-12,12722.80,12700,12850,12550,150,150,yes,yes,75,1,75,9.30,18.60,2020-11-12T15:20:00+05:30,0.05,day_close,5.70,11.40,2020-11-12T15:20:00+05:30,0.05,day_close,15.00,124612.50,967.50,100.00,867.50,
2020-11-19,Thursday,TRADED,,2020-11-19,12889.70,12900,12950,12800,50,100,yes,yes,75,1,75,9.25,18.50,2020-11-19T09:42:00+05:30,18.50,sl,9.05,18.10,2020-11-19T14:19:00+05:30,18.10,sl,18.30,125925.00,-1522.50,100.00,-1622.50,
2020-11-26,Thursday,TRADED,,2020-11-26,12877.00,12900,13000,12700,100,200,yes,yes,75,1,75,7.50,15.00,2020-11-26T15:20:00+05:30,0.90,day_close,5.55,11.10,2020-11-26T09:46:00+05:30,11.10,sl,13.05,126075.00,-71.25,100.00,-171.25,
2020-12-03,Thursday,TRADED,,2020-12-03,13173.60,13150,13250,13000,100,150,yes,yes,75,1,75,8.70,17.40,2020-12-03T15:20:00+05:30,0.05,day_close,6.55,13.10,2020-12-03T15:20:00+05:30,0.10,day_close,15.25,128625.00,982.50,100.00,882.50,
2020-12-10,Thursday,TRADED,,2020-12-10,13479.40,13500,13600,13350,100,150,yes,yes,75,1,75,5.50,11.00,2020-12-10T15:20:00+05:30,0.05,day_close,8.75,17.50,2020-12-10T09:37:00+05:30,17.50,sl,14.25,132037.50,-397.50,100.00,-497.50,
2020-12-17,Thursday,TRADED,,2020-12-17,13696.20,13700,13800,13550,100,150,no,yes,75,1,75,3.95,7.90,2020-12-17T13:33:00+05:30,7.90,sl,7.50,15.00,2020-12-17T15:20:00+05:30,0.10,day_close,11.45,133987.50,108.75,100.00,8.75,
2020-12-24,Thursday,TRADED,,2020-12-24,13684.20,13700,13750,13550,50,150,yes,no,75,1,75,8.70,17.40,2020-12-24T10:13:00+05:30,17.40,sl,4.95,9.90,2020-12-24T11:13:00+05:30,9.90,sl,13.65,133612.50,-1173.75,100.00,-1273.75,
2020-12-31,Thursday,TRADED,,2020-12-31,13966.90,13950,14050,13800,100,150,no,yes,75,1,75,10.70,21.40,2020-12-31T15:20:00+05:30,0.10,day_close,5.55,11.10,2020-12-31T15:20:00+05:30,0.05,day_close,16.25,136425.00,1057.50,100.00,957.50,
2021-01-07,Thursday,TRADED,,2021-01-07,14234.90,14250,14350,14100,100,150,no,yes,75,1,75,3.50,7.00,2021-01-07T15:20:00+05:30,0.05,day_close,6.80,13.60,2021-01-07T11:01:00+05:30,13.60,sl,10.30,139350.00,-401.25,100.00,-501.25,
2021-01-14,Thursday,TRADED,,2021-01-14,14542.70,14550,14650,14400,100,150,yes,yes,75,1,75,7.60,15.20,2021-01-14T15:20:00+05:30,0.05,day_close,6.70,13.40,2021-01-14T09:38:00+05:30,13.40,sl,14.30,142275.00,-86.25,100.00,-186.25,
2021-01-21,Thursday,TRADED,,2021-01-21,14725.50,14750,14800,14600,50,150,yes,no,75,1,75,5.25,10.50,2021-01-21T15:20:00+05:30,0.05,day_close,4.95,9.90,2021-01-21T14:50:00+05:30,9.90,sl,10.20,143850.00,-131.25,100.00,-231.25,
2021-01-28,Thursday,TRADED,,2021-01-28,13833.00,13850,14000,13600,150,250,yes,yes,75,1,75,8.90,17.80,2021-01-28T15:20:00+05:30,0.10,day_close,7.85,15.70,2021-01-28T15:20:00+05:30,0.10,day_close,16.75,135600.00,1091.25,100.00,991.25,
2021-02-04,Thursday,TRADED,,2021-02-04,14770.20,14750,14900,14500,150,250,yes,yes,75,1,75,9.30,18.60,2021-02-04T14:10:00+05:30,18.60,sl,7.10,14.20,2021-02-04T15:20:00+05:30,0.15,day_close,16.40,144375.00,-326.25,100.00,-426.25,
2021-02-11,Thursday,TRADED,,2021-02-11,15092.60,15100,15250,14850,150,250,yes,yes,75,1,75,5.10,10.20,2021-02-11T09:48:00+05:30,10.20,sl,7.05,14.10,2021-02-11T15:20:00+05:30,0.15,day_close,12.15,147787.50,-15.00,100.00,-115.00,
2021-02-18,Thursday,TRADED,,2021-02-18,15227.10,15250,15350,15050,100,200,yes,yes,75,1,75,5.45,10.90,2021-02-18T15:20:00+05:30,0.10,day_close,7.55,15.10,2021-02-18T12:15:00+05:30,15.10,sl,13.00,148987.50,-315.00,100.00,-415.00,
2021-02-25,Thursday,TRADED,,2021-02-25,15146.10,15150,15300,14950,150,200,yes,yes,75,1,75,7.05,14.10,2021-02-25T15:20:00+05:30,0.10,day_close,7.95,15.90,2021-02-25T15:20:00+05:30,0.15,day_close,15.00,148387.50,956.25,100.00,856.25,
2021-03-04,Thursday,TRADED,,2021-03-04,15062.20,15050,15250,14700,200,350,yes,yes,75,1,75,5.85,11.70,2021-03-04T11:20:00+05:30,11.70,sl,7.55,15.10,2021-03-04T15:20:00+05:30,0.10,day_close,13.40,147450.00,-30.00,100.00,-130.00,
2021-03-10,Wednesday,TRADED,,2021-03-10,15194.50,15200,15300,15000,100,200,no,yes,75,1,75,11.00,22.00,2021-03-10T15:20:00+05:30,0.10,day_close,6.15,12.30,2021-03-10T15:20:00+05:30,0.10,day_close,17.15,148500.00,1121.25,100.00,1021.25,
2021-03-18,Thursday,TRADED,,2021-03-18,14837.00,14850,15100,14650,250,200,no,yes,75,1,75,2.85,5.70,2021-03-18T15:20:00+05:30,0.10,day_close,6.35,12.70,2021-03-18T13:12:00+05:30,12.70,sl,9.20,146212.50,-420.00,100.00,-520.00,
2021-03-25,Thursday,TRADED,,2021-03-25,14481.40,14500,14700,14250,200,250,yes,yes,75,1,75,5.75,11.50,2021-03-25T15:20:00+05:30,0.15,day_close,8.30,16.60,2021-03-25T10:55:00+05:30,17.00,gap_sl,14.05,142312.50,-382.50,100.00,-482.50,
2021-04-01,Thursday,TRADED,,2021-04-01,14808.80,14800,14950,14600,150,200,yes,yes,75,1,75,9.25,18.50,2021-04-01T15:20:00+05:30,0.10,day_close,7.40,14.80,2021-04-01T10:30:00+05:30,14.80,sl,16.65,144975.00,-18.75,100.00,-118.75,
2021-04-08,Thursday,TRADED,,2021-04-08,14928.80,14950,15050,14750,100,200,yes,yes,75,1,75,7.05,14.10,2021-04-08T15:20:00+05:30,0.10,day_close,8.30,16.60,2021-04-08T15:20:00+05:30,0.10,day_close,15.35,146062.50,986.25,100.00,886.25,
2021-04-15,Thursday,TRADED,,2021-04-15,14544.00,14550,14700,14300,150,250,yes,yes,75,1,75,8.25,16.50,2021-04-15T15:20:00+05:30,0.10,day_close,8.00,16.00,2021-04-15T09:36:00+05:30,16.00,sl,16.25,142425.00,-138.75,100.00,-238.75,
2021-04-22,Thursday,TRADED,,2021-04-22,14163.30,14150,14350,13900,200,250,yes,yes,75,1,75,5.75,11.50,2021-04-22T09:40:00+05:30,11.50,sl,7.35,14.70,2021-04-22T15:20:00+05:30,0.05,day_close,13.10,138900.00,-33.75,100.00,-133.75,
2021-04-29,Thursday,TRADED,,2021-04-29,15033.00,15050,15200,14800,150,250,yes,yes,75,1,75,5.75,11.50,2021-04-29T15:20:00+05:30,0.05,day_close,6.90,13.80,2021-04-29T09:49:00+05:30,13.80,sl,12.65,147300.00,-240.00,100.00,-340.00,
2021-05-06,Thursday,TRADED,,2021-05-06,14646.70,14650,14800,14450,150,200,yes,yes,75,1,75,5.85,11.70,2021-05-06T15:20:00+05:30,0.05,day_close,8.95,17.90,2021-05-06T15:20:00+05:30,0.05,day_close,14.80,143512.50,952.50,100.00,852.50,
2021-05-12,Wednesday,TRADED,,2021-05-12,14798.40,14800,14950,14650,150,150,no,yes,75,1,75,4.85,9.70,2021-05-12T15:20:00+05:30,0.15,day_close,7.75,15.50,2021-05-12T09:36:00+05:30,15.50,sl,12.60,145087.50,-378.75,100.00,-478.75,
2021-05-20,Thursday,TRADED,,2021-05-20,15053.50,15050,15150,14900,100,150,yes,yes,75,1,75,8.25,16.50,2021-05-20T15:20:00+05:30,0.15,day_close,6.75,13.50,2021-05-20T09:29:00+05:30,13.50,sl,15.00,147150.00,-48.75,100.00,-148.75,
2021-05-27,Thursday,TRADED,,2021-05-27,15300.40,15300,15400,15150,100,150,yes,yes,75,1,75,8.25,16.50,2021-05-27T11:50:00+05:30,16.50,sl,8.15,16.30,2021-05-27T15:20:00+05:30,0.10,day_close,16.40,149587.50,-165.00,100.00,-265.00,
2021-06-03,Thursday,TRADED,,2021-06-03,15659.30,15650,15750,15550,100,100,yes,yes,75,1,75,5.45,10.90,2021-06-03T15:20:00+05:30,0.10,day_close,9.00,18.00,2021-06-03T15:20:00+05:30,0.10,day_close,14.45,153112.50,918.75,100.00,818.75,
2021-06-10,Thursday,TRADED,,2021-06-10,15688.40,15700,15800,15550,100,150,no,yes,75,1,75,4.55,9.10,2021-06-10T15:20:00+05:30,0.05,day_close,7.90,15.80,2021-06-10T15:20:00+05:30,0.15,day_close,12.45,153487.50,768.75,100.00,668.75,
2021-06-17,Thursday,TRADED,,2021-06-17,15683.30,15700,15800,15550,100,150,yes,yes,75,1,75,7.30,14.60,2021-06-17T10:40:00+05:30,14.60,sl,8.45,16.90,2021-06-17T15:20:00+05:30,0.05,day_close,15.75,153487.50,-67.50,100.00,-167.50,
2021-06-24,Thursday,TRADED,,2021-06-24,15731.50,15750,15850,15550,100,200,yes,yes,75,1,75,6.45,12.90,2021-06-24T13:14:00+05:30,12.90,sl,6.35,12.70,2021-06-24T15:20:00+05:30,0.10,day_close,12.80,153862.50,-165.00,100.00,-265.00,
2021-07-01,Thursday,TRADED,,2021-07-01,15724.20,15700,15850,15650,150,50,no,yes,75,1,75,4.35,8.70,2021-07-01T15:20:00+05:30,0.10,day_close,9.50,19.00,2021-07-01T15:20:00+05:30,0.10,day_close,13.85,154087.50,873.75,100.00,773.75,
2021-07-08,Thursday,TRADED,,2021-07-08,15870.70,15850,15950,15750,100,100,yes,yes,75,1,75,6.05,12.10,2021-07-08T15:20:00+05:30,0.15,day_close,6.30,12.60,2021-07-08T12:17:00+05:30,12.60,sl,12.35,155062.50,-180.00,100.00,-280.00,
2021-07-15,Thursday,TRADED,,2021-07-15,15877.20,15900,15950,15750,50,150,no,yes,75,1,75,4.20,8.40,2021-07-15T10:39:00+05:30,8.40,sl,7.05,14.10,2021-07-15T15:20:00+05:30,0.10,day_close,11.25,155062.50,56.25,100.00,-43.75,
2021-07-22,Thursday,TRADED,,2021-07-22,15753.00,15750,15850,15650,100,100,no,no,75,1,75,4.45,8.90,2021-07-22T15:20:00+05:30,0.10,day_close,4.55,9.10,2021-07-22T15:20:00+05:30,0.10,day_close,9.00,154087.50,510.00,100.00,410.00,
2021-07-29,Thursday,TRADED,,2021-07-29,15772.60,15750,15850,15650,100,100,yes,yes,75,1,75,7.35,14.70,2021-07-29T15:20:00+05:30,0.05,day_close,5.50,11.00,2021-07-29T09:31:00+05:30,11.00,sl,12.85,154087.50,-15.00,100.00,-115.00,
2021-08-05,Thursday,TRADED,,2021-08-05,16267.50,16250,16350,16150,100,100,yes,yes,75,1,75,6.30,12.60,2021-08-05T12:51:00+05:30,12.60,sl,8.85,17.70,2021-08-05T15:20:00+05:30,0.15,day_close,15.15,158962.50,30.00,100.00,-70.00,
2021-08-12,Thursday,TRADED,,2021-08-12,16323.80,16300,16400,16200,100,100,yes,yes,75,1,75,5.80,11.60,2021-08-12T13:31:00+05:30,11.60,sl,6.05,12.10,2021-08-12T15:20:00+05:30,0.15,day_close,11.85,159450.00,-142.50,100.00,-242.50,
2021-08-18,Wednesday,TRADED,,2021-08-18,16675.10,16700,16750,16550,50,150,yes,yes,75,1,75,6.40,12.80,2021-08-18T15:20:00+05:30,0.10,day_close,7.05,14.10,2021-08-18T12:50:00+05:30,14.10,sl,13.45,162862.50,-206.25,100.00,-306.25,
2021-08-26,Thursday,TRADED,,2021-08-26,16619.80,16600,16700,16500,100,100,yes,yes,75,1,75,7.55,15.10,2021-08-26T09:54:00+05:30,15.10,sl,7.80,15.60,2021-08-26T15:20:00+05:30,0.05,day_close,15.35,162375.00,-135.00,100.00,-235.00,
2021-09-02,Thursday,TRADED,,2021-09-02,17111.80,17100,17200,16950,100,150,yes,yes,75,1,75,7.75,15.50,2021-09-02T12:27:00+05:30,15.50,sl,6.55,13.10,2021-09-02T15:20:00+05:30,0.10,day_close,14.30,167137.50,-247.50,100.00,-347.50,
2021-09-09,Thursday,TRADED,,2021-09-09,17345.10,17350,17450,17200,100,150,no,yes,75,1,75,4.45,8.90,2021-09-09T15:20:00+05:30,0.05,day_close,6.25,12.50,2021-09-09T15:20:00+05:30,0.10,day_close,10.70,169575.00,641.25,100.00,541.25,
2021-09-16,Thursday,TRADED,,2021-09-16,17567.80,17550,17650,17450,100,100,no,yes,75,1,75,4.75,9.50,2021-09-16T15:20:00+05:30,0.10,day_close,5.90,11.80,2021-09-16T09:58:00+05:30,11.80,sl,10.65,171637.50,-243.75,100.00,-343.75,
2021-09-23,Thursday,TRADED,,2021-09-23,17656.50,17650,17750,17500,100,150,yes,yes,75,1,75,8.75,17.50,2021-09-23T10:00:00+05:30,17.50,sl,5.95,11.90,2021-09-23T15:20:00+05:30,0.10,day_close,14.70,172500.00,-367.50,100.00,-467.50,
2021-09-30,Thursday,TRADED,,2021-09-30,17689.20,17700,17850,17500,150,200,yes,yes,75,1,75,8.15,16.30,2021-09-30T15:20:00+05:30,0.15,day_close,7.80,15.60,2021-09-30T15:20:00+05:30,0.10,day_close,15.95,173250.00,1027.50,100.00,927.50,
2021-10-07,Thursday,TRADED,,2021-10-07,17790.90,17800,17900,17650,100,150,yes,yes,50,1,50,9.55,19.10,2021-10-07T15:20:00+05:30,0.05,day_close,6.60,13.20,2021-10-07T15:20:00+05:30,0.05,day_close,16.15,115975.00,702.50,100.00,602.50,
2021-10-14,Thursday,TRADED,,2021-10-14,18284.60,18300,18350,18150,50,150,yes,yes,50,1,50,9.50,19.00,2021-10-14T15:20:00+05:30,0.30,day_close,9.10,18.20,2021-10-14T15:20:00+05:30,0.15,day_close,18.60,118975.00,807.50,100.00,707.50,
2021-10-21,Thursday,TRADED,,2021-10-21,18339.50,18350,18500,18150,150,200,yes,yes,50,1,50,6.00,12.00,2021-10-21T15:20:00+05:30,0.20,day_close,6.80,13.60,2021-10-21T09:32:00+05:30,13.60,sl,12.80,119725.00,-150.00,100.00,-250.00,
2021-10-28,Thursday,TRADED,,2021-10-28,18141.70,18150,18300,17900,150,250,yes,yes,50,1,50,9.50,19.00,2021-10-28T15:20:00+05:30,0.20,day_close,5.60,11.20,2021-10-28T10:49:00+05:30,11.20,sl,15.10,118350.00,85.00,100.00,-15.00,
2021-11-03,Wednesday,TRADED,,2021-11-03,17968.70,17950,18100,17750,150,200,yes,yes,50,1,50,8.25,16.50,2021-11-03T15:20:00+05:30,0.15,day_close,7.20,14.40,2021-11-03T13:09:00+05:30,14.40,sl,15.45,117125.00,-55.00,100.00,-155.00,
2021-11-11,Thursday,TRADED,,2021-11-11,17951.60,17950,18100,17750,150,200,yes,yes,50,1,50,7.95,15.90,2021-11-11T15:20:00+05:30,0.10,day_close,5.25,10.50,2021-11-11T10:04:00+05:30,10.50,sl,13.20,117125.00,30.00,100.00,-70.00,
2021-11-18,Thursday,TRADED,,2021-11-18,17934.90,17950,18100,17750,150,200,yes,yes,50,1,50,5.60,11.20,2021-11-18T15:20:00+05:30,0.10,day_close,7.00,14.00,2021-11-18T09:30:00+05:30,14.00,sl,12.60,117125.00,-175.00,100.00,-275.00,
2021-11-25,Thursday,TRADED,,2021-11-25,17440.80,17450,17600,17150,150,300,yes,yes,50,1,50,5.05,10.10,2021-11-25T12:12:00+05:30,10.10,sl,6.25,12.50,2021-11-25T15:20:00+05:30,0.05,day_close,11.30,113725.00,-42.50,100.00,-142.50,
2021-12-02,Thursday,TRADED,,2021-12-02,17226.30,17250,17400,16900,150,350,yes,yes,50,1,50,5.15,10.30,2021-12-02T11:20:00+05:30,10.30,sl,6.80,13.60,2021-12-02T15:20:00+05:30,0.20,day_close,11.95,112350.00,-27.50,100.00,-127.50,
2021-12-09,Thursday,TRADED,,2021-12-09,17505.70,17500,17650,17300,150,200,yes,yes,50,1,50,6.30,12.60,2021-12-09T15:20:00+05:30,0.05,day_close,5.65,11.30,2021-12-09T09:24:00+05:30,11.30,sl,11.95,114200.00,-70.00,100.00,-170.00,
2021-12-16,Thursday,TRADED,,2021-12-16,17344.00,17350,17500,17150,150,200,yes,yes,50,1,50,7.70,15.40,2021-12-16T15:20:00+05:30,0.10,day_close,7.60,15.20,2021-12-16T09:54:00+05:30,15.20,sl,15.30,113225.00,-100.00,100.00,-200.00,
2021-12-23,Thursday,TRADED,,2021-12-23,17036.90,17050,17200,16850,150,200,no,yes,50,1,50,4.70,9.40,2021-12-23T15:20:00+05:30,0.05,day_close,7.10,14.20,2021-12-23T15:20:00+05:30,0.10,day_close,11.80,111275.00,482.50,100.00,382.50,
2021-12-30,Thursday,TRADED,,2021-12-30,17205.00,17200,17300,17000,100,200,yes,yes,50,1,50,9.45,18.90,2021-12-30T15:20:00+05:30,0.10,day_close,5.45,10.90,2021-12-30T15:20:00+05:30,0.10,day_close,14.90,112000.00,635.00,100.00,535.00,
2022-01-06,Thursday,TRADED,,2022-01-06,17747.00,17750,17900,17550,150,200,yes,yes,50,1,50,5.40,10.80,2022-01-06T15:20:00+05:30,0.05,day_close,7.85,15.70,2022-01-06T15:20:00+05:30,0.10,day_close,13.25,115825.00,555.00,100.00,455.00,
2022-01-13,Thursday,TRADED,,2022-01-13,18238.80,18250,18350,18100,100,150,yes,yes,50,1,50,6.90,13.80,2022-01-13T15:20:00+05:30,0.05,day_close,9.85,19.70,2022-01-13T15:20:00+05:30,0.15,day_close,16.75,118900.00,727.50,100.00,627.50,
2022-01-20,Thursday,TRADED,,2022-01-20,17913.10,17900,18050,17750,150,150,yes,yes,50,1,50,6.05,12.10,2022-01-20T15:20:00+05:30,0.05,day_close,5.25,10.50,2022-01-20T10:44:00+05:30,10.50,sl,11.30,116875.00,-62.50,100.00,-162.50,
2022-01-27,Thursday,TRADED,,2022-01-27,16985.30,17000,17250,16550,250,450,yes,yes,50,1,50,7.30,14.60,2022-01-27T15:20:00+05:30,0.05,day_close,8.15,16.30,2022-01-27T15:20:00+05:30,0.05,day_close,15.45,111075.00,667.50,100.00,567.50,
2022-02-03,Thursday,TRADED,,2022-02-03,17750.70,17750,17900,17600,150,150,yes,yes,50,1,50,6.10,12.20,2022-02-03T15:20:00+05:30,0.10,day_close,7.25,14.50,2022-02-03T09:49:00+05:30,14.50,sl,13.35,115900.00,-162.50,100.00,-262.50,
2022-02-10,Thursday,TRADED,,2022-02-10,17501.20,17500,17650,17300,150,200,yes,yes,50,1,50,8.05,16.10,2022-02-10T11:44:00+05:30,16.10,sl,5.70,11.40,2022-02-10T09:45:00+05:30,11.70,gap_sl,13.75,114200.00,-802.50,100.00,-902.50,
2022-02-17,Thursday,TRADED,,2022-02-17,17422.10,17400,17550,17150,150,250,yes,yes,50,1,50,9.50,19.00,2022-02-17T15:20:00+05:30,0.05,day_close,6.25,12.50,2022-02-17T09:29:00+05:30,12.50,sl,15.75,113475.00,60.00,100.00,-40.00,
2022-02-24,Thursday,TRADED,,2022-02-24,16674.00,16650,17000,16000,350,650,yes,yes,50,1,50,6.80,13.60,2022-02-24T15:20:00+05:30,0.05,day_close,7.10,14.20,2022-02-24T15:20:00+05:30,0.15,day_close,13.90,109000.00,585.00,100.00,485.00,
2022-03-03,Thursday,TRADED,,2022-03-03,16723.30,16700,16950,16350,250,350,yes,yes,50,1,50,6.05,12.10,2022-03-03T15:20:00+05:30,0.15,day_close,8.00,16.00,2022-03-03T10:09:00+05:30,16.00,sl,14.05,109275.00,-205.00,100.00,-305.00,
2022-03-10,Thursday,TRADED,,2022-03-10,16679.10,16700,17000,16400,300,300,yes,yes,50,1,50,6.70,13.40,2022-03-10T15:20:00+05:30,0.05,day_close,8.90,17.80,2022-03-10T14:03:00+05:30,17.80,sl,15.60,109600.00,-212.50,100.00,-312.50,
2022-03-17,Thursday,TRADED,,2022-03-17,17219.10,17200,17400,16900,200,300,yes,yes,50,1,50,8.40,16.80,2022-03-17T15:20:00+05:30,0.10,day_close,7.10,14.20,2022-03-17T15:20:00+05:30,0.05,day_close,15.50,112350.00,667.50,100.00,567.50,
2022-03-24,Thursday,TRADED,,2022-03-24,17156.90,17150,17350,16900,200,250,yes,yes,50,1,50,8.85,17.70,2022-03-24T09:51:00+05:30,17.70,sl,7.45,14.90,2022-03-24T15:20:00+05:30,0.05,day_close,16.30,112100.00,-172.50,100.00,-272.50,
2022-03-31,Thursday,TRADED,,2022-03-31,17533.80,17550,17650,17350,100,200,yes,yes,50,1,50,7.30,14.60,2022-03-31T15:20:00+05:30,0.05,day_close,8.70,17.40,2022-03-31T15:20:00+05:30,0.15,day_close,16.00,114275.00,690.00,100.00,590.00,
2022-04-07,Thursday,TRADED,,2022-04-07,17736.40,17750,17850,17600,100,150,yes,yes,50,1,50,9.90,19.80,2022-04-07T15:20:00+05:30,0.05,day_close,7.75,15.50,2022-04-07T15:20:00+05:30,0.10,day_close,17.65,115650.00,775.00,100.00,675.00,
2022-04-13,Wednesday,TRADED,,2022-04-13,17622.90,17600,17750,17500,150,100,no,yes,50,1,50,4.05,8.10,2022-04-13T09:22:00+05:30,8.10,sl,7.55,15.10,2022-04-13T10:03:00+05:30,15.10,sl,11.60,115000.00,-680.00,100.00,-780.00,
2022-04-21,Thursday,TRADED,,2022-04-21,17245.90,17250,17350,17100,100,150,yes,yes,50,1,50,6.55,13.10,2022-04-21T11:03:00+05:30,13.10,sl,9.10,18.20,2022-04-21T15:20:00+05:30,0.05,day_close,15.65,112400.00,25.00,100.00,-75.00,
2022-04-28,Thursday,TRADED,,2022-04-28,17121.30,17100,17300,16950,200,150,yes,yes,50,1,50,5.55,11.10,2022-04-28T13:58:00+05:30,11.10,sl,7.20,14.40,2022-04-28T15:20:00+05:30,0.10,day_close,12.75,111925.00,-22.50,100.00,-122.50,
2022-05-05,Thursday,TRADED,,2022-05-05,16824.10,16800,17050,16600,250,200,yes,yes,50,1,50,6.10,12.20,2022-05-05T10:10:00+05:30,12.20,sl,7.65,15.30,2022-05-05T15:20:00+05:30,0.05,day_close,13.75,110150.00,-25.00,100.00,-125.00,
2022-05-12,Thursday,TRADED,,2022-05-12,15961.30,15950,16200,15700,250,250,yes,yes,50,1,50,7.25,14.50,2022-05-12T15:20:00+05:30,0.10,day_close,5.85,11.70,2022-05-12T09:30:00+05:30,11.70,sl,13.10,104550.00,-35.00,100.00,-135.00,
2022-05-19,Thursday,TRADED,,2022-05-19,15925.00,15900,16150,15550,250,350,yes,yes,50,1,50,5.35,10.70,2022-05-19T15:20:00+05:30,0.05,day_close,6.60,13.20,2022-05-19T15:20:00+05:30,0.05,day_close,11.95,104075.00,492.50,100.00,392.50,
2022-05-26,Thursday,TRADED,,2022-05-26,16087.10,16100,16300,15850,200,250,yes,yes,50,1,50,5.10,10.20,2022-05-26T15:20:00+05:30,0.05,day_close,7.40,14.80,2022-05-26T10:27:00+05:30,14.80,sl,12.50,105275.00,-217.50,100.00,-317.50,
2022-06-02,Thursday,TRADED,,2022-06-02,16460.80,16450,16650,16250,200,200,yes,yes,50,1,50,5.70,11.40,2022-06-02T09:27:00+05:30,11.40,sl,7.80,15.60,2022-06-02T15:20:00+05:30,0.15,day_close,13.50,107625.00,-2.50,100.00,-102.50,
2022-06-09,Thursday,TRADED,,2022-06-09,16285.00,16300,16450,16100,150,200,yes,yes,50,1,50,6.10,12.20,2022-06-09T10:25:00+05:30,12.20,sl,6.90,13.80,2022-06-09T15:20:00+05:30,0.05,day_close,13.00,106400.00,-62.50,100.00,-162.50,
2022-06-16,Thursday,TRADED,,2022-06-16,15843.80,15850,16000,15650,150,200,yes,yes,50,1,50,9.40,18.80,2022-06-16T15:20:00+05:30,0.05,day_close,6.70,13.40,2022-06-16T09:59:00+05:30,13.40,sl,16.10,103475.00,32.50,100.00,-67.50,
2022-06-23,Thursday,TRADED,,2022-06-23,15469.50,15450,15650,15200,200,250,yes,yes,50,1,50,7.10,14.20,2022-06-23T09:25:00+05:30,14.20,sl,6.20,12.40,2022-06-23T15:20:00+05:30,0.05,day_close,13.30,101050.00,-147.50,100.00,-247.50,
2022-06-30,Thursday,TRADED,,2022-06-30,15854.80,15850,16050,15550,200,300,yes,yes,50,1,50,8.65,17.30,2022-06-30T15:20:00+05:30,0.05,day_close,7.35,14.70,2022-06-30T15:20:00+05:30,0.05,day_close,16.00,103575.00,695.00,100.00,595.00,
2022-07-07,Thursday,TRADED,,2022-07-07,16114.20,16100,16300,15850,200,250,no,yes,50,1,50,4.70,9.40,2022-07-07T15:20:00+05:30,0.05,day_close,6.40,12.80,2022-07-07T15:20:00+05:30,0.05,day_close,11.10,105275.00,450.00,100.00,350.00,
2022-07-14,Thursday,TRADED,,2022-07-14,16025.70,16050,16200,15800,150,250,yes,yes,50,1,50,6.35,12.70,2022-07-14T15:20:00+05:30,0.05,day_close,6.60,13.20,2022-07-14T15:20:00+05:30,0.05,day_close,12.95,104700.00,542.50,100.00,442.50,
2022-07-21,Thursday,TRADED,,2022-07-21,16512.60,16500,16650,16350,150,150,no,yes,50,1,50,4.15,8.30,2022-07-21T09:55:00+05:30,8.30,sl,6.65,13.30,2022-07-21T15:20:00+05:30,0.05,day_close,10.80,107775.00,22.50,100.00,-77.50,
2022-07-28,Thursday,TRADED,,2022-07-28,16775.90,16800,16900,16600,100,200,yes,yes,50,1,50,7.40,14.80,2022-07-28T10:20:00+05:30,14.80,sl,7.10,14.20,2022-07-28T15:20:00+05:30,0.05,day_close,14.50,109400.00,-117.50,100.00,-217.50,
2022-08-04,Thursday,TRADED,,2022-08-04,17464.60,17450,17600,17300,150,150,yes,yes,50,1,50,7.80,15.60,2022-08-04T15:20:00+05:30,0.10,day_close,9.15,18.30,2022-08-04T11:16:00+05:30,18.30,sl,16.95,113950.00,-172.50,100.00,-272.50,
2022-08-11,Thursday,TRADED,,2022-08-11,17690.00,17700,17850,17500,150,200,yes,yes,50,1,50,5.15,10.30,2022-08-11T15:20:00+05:30,0.05,day_close,7.00,14.00,2022-08-11T11:28:00+05:30,14.00,sl,12.15,115500.00,-195.00,100.00,-295.00,
2022-08-18,Thursday,TRADED,,2022-08-18,17915.30,17900,18050,17750,150,150,yes,yes,50,1,50,6.45,12.90,2022-08-18T15:20:00+05:30,0.05,day_close,7.95,15.90,2022-08-18T15:20:00+05:30,0.05,day_close,14.40,116875.00,615.00,100.00,515.00,
2022-08-25,Thursday,TRADED,,2022-08-25,17672.10,17650,17800,17500,150,150,yes,yes,50,1,50,7.50,15.00,2022-08-25T15:20:00+05:30,0.10,day_close,6.20,12.40,2022-08-25T15:02:00+05:30,12.40,sl,13.70,115250.00,-40.00,100.00,-140.00,
2022-09-01,Thursday,TRADED,,2022-09-01,17553.80,17550,17750,17250,200,300,yes,yes,50,1,50,9.60,19.20,2022-09-01T09:45:00+05:30,19.40,gap_sl,7.15,14.30,2022-09-01T15:20:00+05:30,0.05,day_close,16.75,114625.00,-235.00,100.00,-335.00,
2022-09-08,Thursday,TRADED,,2022-09-08,17733.80,17750,17900,17500,150,250,no,yes,50,1,50,4.75,9.50,2022-09-08T09:26:00+05:30,9.50,sl,6.80,13.60,2022-09-08T15:20:00+05:30,0.10,day_close,11.55,115750.00,-2.50,100.00,-102.50,
2022-09-15,Thursday,TRADED,,2022-09-15,18083.80,18100,18250,17850,150,250,yes,yes,50,1,50,5.25,10.50,2022-09-15T15:20:00+05:30,0.10,day_close,8.10,16.20,2022-09-15T09:54:00+05:30,16.20,sl,13.35,118025.00,-247.50,100.00,-347.50,
2022-09-22,Thursday,TRADED,,2022-09-22,17626.60,17650,17900,17300,250,350,yes,yes,50,1,50,6.30,12.60,2022-09-22T15:20:00+05:30,0.05,day_close,6.80,13.60,2022-09-22T15:20:00+05:30,0.05,day_close,13.10,115450.00,550.00,100.00,450.00,
2022-09-29,Thursday,TRADED,,2022-09-29,17005.90,17000,17200,16800,200,200,yes,yes,50,1,50,6.00,12.00,2022-09-29T15:20:00+05:30,0.05,day_close,6.80,13.60,2022-09-29T09:31:00+05:30,13.60,sl,12.80,111200.00,-142.50,100.00,-242.50,
2022-10-06,Thursday,TRADED,,2022-10-06,17374.50,17350,17550,17150,200,200,yes,yes,50,1,50,5.95,11.90,2022-10-06T15:20:00+05:30,0.05,day_close,6.60,13.20,2022-10-06T15:20:00+05:30,0.05,day_close,12.55,113475.00,522.50,100.00,422.50,
2022-10-13,Thursday,TRADED,,2022-10-13,17086.00,17100,17250,16850,150,250,yes,yes,50,1,50,6.70,13.40,2022-10-13T15:20:00+05:30,0.05,day_close,6.00,12.00,2022-10-13T15:20:00+05:30,0.05,day_close,12.70,111525.00,530.00,100.00,430.00,
2022-10-20,Thursday,TRADED,,2022-10-20,17450.00,17450,17550,17300,100,150,yes,yes,50,1,50,7.25,14.50,2022-10-20T10:43:00+05:30,14.50,sl,8.35,16.70,2022-10-20T15:20:00+05:30,0.05,day_close,15.60,113700.00,-47.50,100.00,-147.50,
2022-10-27,Thursday,TRADED,,2022-10-27,17756.10,17750,17900,17650,150,100,yes,yes,50,1,50,5.70,11.40,2022-10-27T15:20:00+05:30,0.05,day_close,9.25,18.50,2022-10-27T15:20:00+05:30,0.10,day_close,14.95,115975.00,640.00,100.00,540.00,
2022-11-03,Thursday,TRADED,,2022-11-03,18021.80,18000,18150,17800,150,200,yes,yes,50,1,50,9.70,19.40,2022-11-03T09:35:00+05:30,19.40,sl,6.00,12.00,2022-11-03T15:20:00+05:30,0.05,day_close,15.70,117450.00,-287.50,100.00,-387.50,
2022-11-10,Thursday,TRADED,,2022-11-10,18068.20,18050,18200,17950,150,100,yes,yes,50,1,50,6.15,12.30,2022-11-10T15:20:00+05:30,0.05,day_close,5.75,11.50,2022-11-10T09:49:00+05:30,11.50,sl,11.90,117925.00,-82.50,100.00,-182.50,
2022-11-17,Thursday,TRADED,,2022-11-17,18381.20,18400,18450,18250,50,150,yes,yes,50,1,50,9.85,19.70,2022-11-17T15:20:00+05:30,0.05,day_close,5.10,10.20,2022-11-17T15:20:00+05:30,0.05,day_close,14.95,119625.00,642.50,100.00,542.50,
2022-11-24,Thursday,TRADED,,2022-11-24,18300.10,18300,18350,18250,50,50,no,no,50,1,50,10.05,20.10,2022-11-24T09:38:00+05:30,20.10,sl,10.50,21.00,2022-11-24T15:20:00+05:30,0.15,day_close,20.55,119125.00,-85.00,100.00,-185.00,
2022-12-01,Thursday,TRADED,,2022-12-01,18866.90,18850,18950,18750,100,100,yes,yes,50,1,50,9.40,18.80,2022-12-01T15:20:00+05:30,0.05,day_close,7.60,15.20,2022-12-01T13:25:00+05:30,15.20,sl,17.00,122875.00,-12.50,100.00,-112.50,
2022-12-08,Thursday,TRADED,,2022-12-08,18552.40,18550,18700,18450,150,100,yes,yes,50,1,50,6.30,12.60,2022-12-08T15:20:00+05:30,0.10,day_close,7.85,15.70,2022-12-08T15:20:00+05:30,0.05,day_close,14.15,121175.00,600.00,100.00,500.00,
2022-12-15,Thursday,TRADED,,2022-12-15,18631.60,18650,18750,18550,100,100,no,yes,50,1,50,4.00,8.00,2022-12-15T15:20:00+05:30,0.10,day_close,9.00,18.00,2022-12-15T09:33:00+05:30,18.00,sl,13.00,121575.00,-355.00,100.00,-455.00,
2022-12-22,Thursday,TRADED,,2022-12-22,18259.10,18250,18450,18050,200,200,yes,yes,50,1,50,7.25,14.50,2022-12-22T15:20:00+05:30,0.05,day_close,6.45,12.90,2022-12-22T09:27:00+05:30,12.90,sl,13.70,119325.00,-62.50,100.00,-162.50,
2022-12-29,Thursday,TRADED,,2022-12-29,18028.80,18050,18150,17850,100,200,yes,yes,50,1,50,7.45,14.90,2022-12-29T14:54:00+05:30,14.90,sl,6.10,12.20,2022-12-29T15:20:00+05:30,0.10,day_close,13.55,117525.00,-172.50,100.00,-272.50,
2023-01-05,Thursday,TRADED,,2023-01-05,18062.80,18050,18200,17900,150,150,yes,yes,50,1,50,9.60,19.20,2023-01-05T09:34:00+05:30,19.20,sl,6.60,13.20,2023-01-05T10:09:00+05:30,13.20,sl,16.20,117850.00,-910.00,100.00,-1010.00,
2023-01-12,Thursday,TRADED,,2023-01-12,17913.80,17900,18100,17750,200,150,yes,yes,50,1,50,8.50,17.00,2023-01-12T15:20:00+05:30,0.05,day_close,8.35,16.70,2023-01-12T10:16:00+05:30,16.70,sl,16.85,117125.00,-95.00,100.00,-195.00,
2023-01-19,Thursday,TRADED,,2023-01-19,18118.20,18100,18250,17950,150,150,yes,yes,50,1,50,5.45,10.90,2023-01-19T15:20:00+05:30,0.05,day_close,8.10,16.20,2023-01-19T15:20:00+05:30,0.05,day_close,13.55,118175.00,572.50,100.00,472.50,
2023-01-25,Wednesday,TRADED,,2023-01-25,18059.50,18050,18200,17950,150,100,yes,yes,50,1,50,5.35,10.70,2023-01-25T15:20:00+05:30,0.10,day_close,5.90,11.80,2023-01-25T09:44:00+05:30,11.80,sl,11.25,117925.00,-132.50,100.00,-232.50,
2023-02-02,Thursday,TRADED,,2023-02-02,17474.40,17450,17800,17100,350,350,yes,yes,50,1,50,6.90,13.80,2023-02-02T09:39:00+05:30,13.80,sl,7.65,15.30,2023-02-02T15:20:00+05:30,0.10,day_close,14.55,114650.00,-67.50,100.00,-167.50,
2023-02-09,Thursday,TRADED,,2023-02-09,17843.60,17850,18000,17700,150,150,yes,yes,50,1,50,5.45,10.90,2023-02-09T15:20:00+05:30,0.05,day_close,9.10,18.20,2023-02-09T15:20:00+05:30,0.05,day_close,14.55,116550.00,622.50,100.00,522.50,
2023-02-16,Thursday,TRADED,,2023-02-16,18096.60,18100,18200,17950,100,150,yes,yes,50,1,50,5.30,10.60,2023-02-16T09:33:00+05:30,10.60,sl,6.00,12.00,2023-02-16T15:20:00+05:30,0.10,day_close,11.30,117925.00,-70.00,100.00,-170.00,
2023-02-23,Thursday,TRADED,,2023-02-23,17551.80,17550,17700,17400,150,150,yes,yes,50,1,50,8.55,17.10,2023-02-23T15:20:00+05:30,0.05,day_close,7.75,15.50,2023-02-23T09:30:00+05:30,15.50,sl,16.30,114600.00,-62.50,100.00,-162.50,
2023-03-02,Thursday,TRADED,,2023-03-02,17432.10,17450,17550,17300,100,150,yes,yes,50,1,50,5.75,11.50,2023-03-02T15:20:00+05:30,0.05,day_close,6.45,12.90,2023-03-02T09:29:00+05:30,12.90,sl,12.20,113700.00,-137.50,100.00,-237.50,
2023-03-09,Thursday,TRADED,,2023-03-09,17768.10,17750,17850,17650,100,100,yes,yes,50,1,50,8.15,16.30,2023-03-09T15:20:00+05:30,0.05,day_close,6.85,13.70,2023-03-09T09:57:00+05:30,13.70,sl,15.00,115725.00,-37.50,100.00,-137.50,
2023-03-16,Thursday,TRADED,,2023-03-16,16926.10,16950,17100,16750,150,200,yes,yes,50,1,50,9.25,18.50,2023-03-16T10:55:00+05:30,18.50,sl,8.45,16.90,2023-03-16T09:48:00+05:30,16.90,sl,17.70,110625.00,-985.00,100.00,-1085.00,
2023-03-23,Thursday,TRADED,,2023-03-23,17078.10,17100,17250,16900,150,200,yes,yes,50,1,50,5.10,10.20,2023-03-23T10:22:00+05:30,10.20,sl,7.75,15.50,2023-03-23T15:20:00+05:30,0.05,day_close,12.85,111600.00,30.00,100.00,-70.00,
2023-03-29,Wednesday,TRADED,,2023-03-29,16997.20,17000,17150,16850,150,150,no,yes,50,1,50,4.15,8.30,2023-03-29T15:20:00+05:30,0.25,day_close,6.65,13.30,2023-03-29T15:20:00+05:30,0.05,day_close,10.80,111025.00,425.00,100.00,325.00,
2023-04-06,Thursday,TRADED,,2023-04-06,17522.40,17500,17600,17400,100,100,no,yes,50,1,50,10.35,20.70,2023-04-06T10:03:00+05:30,20.70,sl,8.45,16.90,2023-04-06T15:20:00+05:30,0.10,day_close,18.80,114100.00,-200.00,100.00,-300.00,
2023-04-13,Thursday,TRADED,,2023-04-13,17789.80,17800,17900,17700,100,100,yes,no,50,1,50,5.25,10.50,2023-04-13T15:20:00+05:30,0.05,day_close,10.45,20.90,2023-04-13T15:20:00+05:30,0.05,day_close,15.70,116050.00,680.00,100.00,580.00,
2023-04-20,Thursday,TRADED,,2023-04-20,17653.10,17650,17750,17550,100,100,yes,yes,50,1,50,5.35,10.70,2023-04-20T15:20:00+05:30,0.05,day_close,6.25,12.50,2023-04-20T10:29:00+05:30,12.50,sl,11.60,115075.00,-147.50,100.00,-247.50,
2023-04-27,Thursday,TRADED,,2023-04-27,17810.70,17800,17900,17700,100,100,yes,yes,50,1,50,5.85,11.70,2023-04-27T13:22:00+05:30,11.70,sl,5.65,11.30,2023-04-27T15:20:00+05:30,0.10,day_close,11.50,116050.00,-115.00,100.00,-215.00,
2023-05-04,Thursday,TRADED,,2023-05-04,18099.30,18100,18200,18000,100,100,yes,yes,50,1,50,5.25,10.50,2023-05-04T13:04:00+05:30,10.50,sl,8.50,17.00,2023-05-04T15:20:00+05:30,0.05,day_close,13.75,118000.00,60.00,100.00,-40.00,
2023-05-11,Thursday,TRADED,,2023-05-11,18324.20,18300,18450,18200,150,100,no,yes,50,1,50,4.60,9.20,2023-05-11T15:20:00+05:30,0.05,day_close,5.25,10.50,2023-05-11T09:39:00+05:30,10.50,sl,9.85,119550.00,-135.00,100.00,-235.00,
2023-05-18,Thursday,TRADED,,2023-05-18,18269.90,18250,18350,18200,100,50,yes,yes,50,1,50,8.85,17.70,2023-05-18T15:20:00+05:30,0.05,day_close,8.25,16.50,2023-05-18T09:38:00+05:30,16.50,sl,17.10,119050.00,-72.50,100.00,-172.50,
2023-05-25,Thursday,TRADED,,2023-05-25,18292.30,18300,18400,18150,100,150,no,no,50,1,50,4.95,9.90,2023-05-25T15:20:00+05:30,0.10,day_close,4.60,9.20,2023-05-25T15:20:00+05:30,0.05,day_close,9.55,119225.00,370.00,100.00,270.00,
2023-06-01,Thursday,TRADED,,2023-06-01,18560.00,18550,18650,18450,100,100,yes,yes,50,1,50,7.40,14.80,2023-06-01T15:20:00+05:30,0.10,day_close,7.95,15.90,2023-06-01T15:20:00+05:30,0.15,day_close,15.35,120925.00,655.00,100.00,555.00,
2023-06-08,Thursday,TRADED,,2023-06-08,18745.20,18750,18800,18650,50,100,no,yes,50,1,50,11.30,22.60,2023-06-08T15:20:00+05:30,0.05,day_close,9.50,19.00,2023-06-08T14:58:00+05:30,19.00,sl,20.80,121975.00,-12.50,100.00,-112.50,
2023-06-15,Thursday,TRADED,,2023-06-15,18731.70,18750,18800,18650,50,100,yes,yes,50,1,50,9.25,18.50,2023-06-15T10:04:00+05:30,18.50,sl,8.50,17.00,2023-06-15T15:20:00+05:30,0.15,day_close,17.75,121975.00,-145.00,100.00,-245.00,
2023-06-22,Thursday,TRADED,,2023-06-22,18846.80,18850,18950,18750,100,100,no,yes,50,1,50,4.80,9.60,2023-06-22T09:31:00+05:30,9.60,sl,9.00,18.00,2023-06-22T13:05:00+05:30,18.00,sl,13.80,122875.00,-790.00,100.00,-890.00,
2023-06-28,Wednesday,TRADED,,2023-06-28,18868.80,18850,18950,18750,100,100,yes,yes,50,1,50,7.90,15.80,2023-06-28T09:51:00+05:30,15.80,sl,5.95,11.90,2023-06-28T15:20:00+05:30,0.10,day_close,13.85,122875.00,-202.50,100.00,-302.50,
2023-07-06,Thursday,TRADED,,2023-07-06,19400.90,19400,19550,19250,150,150,no,yes,50,1,50,4.65,9.30,2023-07-06T10:13:00+05:30,9.30,sl,8.25,16.50,2023-07-06T15:20:00+05:30,0.10,day_close,12.90,126625.00,75.00,100.00,-25.00,
2023-07-13,Thursday,TRADED,,2023-07-13,19484.90,19500,19600,19350,100,150,yes,yes,50,1,50,6.00,12.00,2023-07-13T09:48:00+05:30,12.00,sl,5.15,10.30,2023-07-13T15:20:00+05:30,0.05,day_close,11.15,127025.00,-145.00,100.00,-245.00,
2023-07-20,Thursday,TRADED,,2023-07-20,19799.30,19800,19950,19650,150,150,yes,yes,50,1,50,6.00,12.00,2023-07-20T12:54:00+05:30,12.00,sl,7.40,14.80,2023-07-20T15:20:00+05:30,0.10,day_close,13.40,129225.00,-35.00,100.00,-135.00,
2023-07-27,Thursday,TRADED,,2023-07-27,19857.30,19850,20000,19750,150,100,yes,yes,50,1,50,6.40,12.80,2023-07-27T15:20:00+05:30,0.10,day_close,9.80,19.60,2023-07-27T09:58:00+05:30,19.60,sl,16.20,129625.00,-275.00,100.00,-375.00,
2023-08-03,Thursday,TRADED,,2023-08-03,19487.40,19500,19650,19300,150,200,yes,yes,50,1,50,6.50,13.00,2023-08-03T09:24:00+05:30,13.00,sl,7.15,14.30,2023-08-03T12:56:00+05:30,14.30,sl,13.65,127200.00,-782.50,100.00,-882.50,
2023-08-10,Thursday,TRADED,,2023-08-10,19576.20,19600,19700,19400,100,200,yes,yes,50,1,50,9.20,18.40,2023-08-10T10:05:00+05:30,18.40,sl,8.45,16.90,2023-08-10T15:20:00+05:30,0.05,day_close,17.65,127600.00,-140.00,100.00,-240.00,
2023-08-17,Thursday,TRADED,,2023-08-17,19446.10,19450,19550,19300,100,150,yes,yes,50,1,50,8.75,17.50,2023-08-17T15:20:00+05:30,0.05,day_close,6.65,13.30,2023-08-17T09:40:00+05:30,13.30,sl,15.40,126700.00,2.50,100.00,-97.50,
2023-08-24,Thursday,TRADED,,2023-08-24,19534.90,19550,19600,19450,50,100,no,yes,50,1,50,10.75,21.50,2023-08-24T15:20:00+05:30,0.05,day_close,9.35,18.70,2023-08-24T11:12:00+05:30,18.70,sl,20.10,127175.00,-32.50,100.00,-132.50,
2023-08-31,Thursday,TRADED,,2023-08-31,19375.70,19400,19450,19250,50,150,yes,yes,50,1,50,7.10,14.20,2023-08-31T15:20:00+05:30,0.15,day_close,5.10,10.20,2023-08-31T09:28:00+05:30,10.20,sl,12.20,126125.00,-7.50,100.00,-107.50,
2023-09-07,Thursday,TRADED,,2023-09-07,19576.40,19600,19650,19500,50,100,yes,yes,50,1,50,5.65,11.30,2023-09-07T11:12:00+05:30,11.30,sl,9.05,18.10,2023-09-07T15:20:00+05:30,0.10,day_close,14.70,127500.00,65.00,100.00,-35.00,
2023-09-14,Thursday,TRADED,,2023-09-14,20131.50,20150,20250,20000,100,150,yes,yes,50,1,50,5.50,11.00,2023-09-14T15:20:00+05:30,0.05,day_close,8.40,16.80,2023-09-14T10:22:00+05:30,16.80,sl,13.90,131250.00,-247.50,100.00,-347.50,
2023-09-21,Thursday,TRADED,,2023-09-21,19821.90,19800,19900,19700,100,100,yes,yes,50,1,50,9.95,19.90,2023-09-21T15:20:00+05:30,0.05,day_close,6.00,12.00,2023-09-21T09:52:00+05:30,12.00,sl,15.95,129050.00,95.00,100.00,-5.00,
2023-09-28,Thursday,TRADED,,2023-09-28,19750.80,19750,19850,19600,100,150,yes,yes,50,1,50,6.80,13.60,2023-09-28T15:20:00+05:30,0.05,day_close,6.15,12.30,2023-09-28T09:31:00+05:30,12.30,sl,12.95,128650.00,-70.00,100.00,-170.00,
2023-10-05,Thursday,TRADED,,2023-10-05,19536.90,19550,19600,19450,50,100,yes,yes,50,1,50,9.15,18.30,2023-10-05T15:20:00+05:30,0.05,day_close,8.55,17.10,2023-10-05T15:20:00+05:30,0.05,day_close,17.70,127175.00,780.00,100.00,680.00,
2023-10-12,Thursday,TRADED,,2023-10-12,19826.20,19850,19900,19750,50,100,no,yes,50,1,50,10.75,21.50,2023-10-12T15:20:00+05:30,0.05,day_close,8.80,17.60,2023-10-12T09:47:00+05:30,17.60,sl,19.55,129125.00,-5.00,100.00,-105.00,
2023-10-19,Thursday,TRADED,,2023-10-19,19539.00,19550,19650,19450,100,100,yes,yes,50,1,50,6.05,12.10,2023-10-19T09:58:00+05:30,12.10,sl,6.55,13.10,2023-10-19T15:20:00+05:30,0.05,day_close,12.60,127425.00,-77.50,100.00,-177.50,
2023-10-26,Thursday,TRADED,,2023-10-26,19008.00,19000,19150,18850,150,150,yes,yes,50,1,50,7.75,15.50,2023-10-26T15:20:00+05:30,0.10,day_close,8.00,16.00,2023-10-26T09:21:00+05:30,16.00,sl,15.75,124025.00,-117.50,100.00,-217.50,
2023-11-02,Thursday,TRADED,,2023-11-02,19142.80,19150,19250,19050,100,100,yes,yes,50,1,50,5.40,10.80,2023-11-02T15:20:00+05:30,0.10,day_close,9.10,18.20,2023-11-02T15:20:00+05:30,0.10,day_close,14.50,124825.00,615.00,100.00,515.00,
2023-11-09,Thursday,TRADED,,2023-11-09,19413.10,19400,19500,19300,100,100,yes,no,50,1,50,8.55,17.10,2023-11-09T15:20:00+05:30,0.10,day_close,4.25,8.50,2023-11-09T15:20:00+05:30,0.10,day_close,12.80,126450.00,530.00,100.00,430.00,
2023-11-16,Thursday,TRADED,,2023-11-16,19636.60,19650,19700,19550,50,100,yes,no,50,1,50,8.85,17.70,2023-11-16T09:38:00+05:30,17.70,sl,4.80,9.60,2023-11-16T15:20:00+05:30,0.10,day_close,13.65,127825.00,-307.50,100.00,-407.50,
2023-11-23,Thursday,TRADED,,2023-11-23,19840.30,19850,19950,19750,100,100,no,yes,50,1,50,4.40,8.80,2023-11-23T09:23:00+05:30,8.80,sl,6.30,12.60,2023-11-23T10:34:00+05:30,12.60,sl,10.70,129375.00,-635.00,100.00,-735.00,
2023-11-30,Thursday,TRADED,,2023-11-30,20113.00,20100,20250,20000,150,100,yes,yes,50,1,50,5.15,10.30,2023-11-30T15:20:00+05:30,0.05,day_close,7.75,15.50,2023-11-30T09:50:00+05:30,15.50,sl,12.90,131250.00,-232.50,100.00,-332.50,
2023-12-07,Thursday,TRADED,,2023-12-07,20866.20,20850,21000,20750,150,100,yes,yes,50,1,50,6.45,12.90,2023-12-07T15:20:00+05:30,0.10,day_close,8.85,17.70,2023-12-07T15:20:00+05:30,0.05,day_close,15.30,136125.00,657.50,100.00,557.50,
2023-12-14,Thursday,TRADED,,2023-12-14,21108.80,21100,21200,21000,100,100,yes,yes,50,1,50,5.95,11.90,2023-12-14T09:31:00+05:30,11.90,sl,6.75,13.50,2023-12-14T15:20:00+05:30,0.05,day_close,12.70,137500.00,-62.50,100.00,-162.50,
2023-12-21,Thursday,TRADED,,2023-12-21,21046.30,21050,21250,20750,200,300,yes,yes,50,1,50,6.70,13.40,2023-12-21T10:12:00+05:30,13.40,sl,7.70,15.40,2023-12-21T15:20:00+05:30,0.05,day_close,14.40,137375.00,-52.50,100.00,-152.50,
2023-12-28,Thursday,TRADED,,2023-12-28,21720.60,21700,21900,21500,200,200,yes,yes,50,1,50,9.20,18.40,2023-12-28T15:20:00+05:30,0.05,day_close,7.10,14.20,2023-12-28T15:20:00+05:30,0.20,day_close,16.30,141750.00,702.50,100.00,602.50,
2024-01-04,Thursday,TRADED,,2024-01-04,21602.60,21600,21700,21450,100,150,yes,yes,50,1,50,7.70,15.40,2024-01-04T15:20:00+05:30,0.10,day_close,6.05,12.10,2024-01-04T15:20:00+05:30,0.05,day_close,13.75,140675.00,580.00,100.00,480.00,
2024-01-11,Thursday,TRADED,,2024-01-11,21720.40,21700,21800,21550,100,150,no,yes,50,1,50,10.25,20.50,2024-01-11T15:20:00+05:30,0.10,day_close,5.85,11.70,2024-01-11T14:14:00+05:30,11.70,sl,16.10,141325.00,115.00,100.00,15.00,
2024-01-18,Thursday,TRADED,,2024-01-18,21445.10,21450,21600,21200,150,250,yes,yes,50,1,50,9.10,18.20,2024-01-18T15:20:00+05:30,0.05,day_close,7.85,15.70,2024-01-18T09:51:00+05:30,15.70,sl,16.95,139800.00,-40.00,100.00,-140.00,
2024-01-25,Thursday,TRADED,,2024-01-25,21411.50,21400,21650,21100,250,300,yes,yes,50,1,50,8.10,16.20,2024-01-25T15:20:00+05:30,0.10,day_close,6.90,13.80,2024-01-25T10:20:00+05:30,13.80,sl,15.00,139900.00,-45.00,100.00,-145.00,
2024-02-01,Thursday,TRADED,,2024-02-01,21715.20,21700,22300,21000,600,700,yes,yes,50,1,50,8.20,16.40,2024-02-01T10:54:00+05:30,16.40,sl,7.40,14.80,2024-02-01T15:20:00+05:30,0.05,day_close,15.60,143000.00,-142.50,100.00,-242.50,
2024-02-08,Thursday,TRADED,,2024-02-08,21992.00,22000,22200,21750,200,250,yes,yes,50,1,50,6.90,13.80,2024-02-08T15:20:00+05:30,0.05,day_close,6.60,13.20,2024-02-08T10:15:00+05:30,13.20,sl,13.50,143625.00,-87.50,100.00,-187.50,
2024-02-15,Thursday,TRADED,,2024-02-15,21892.20,21900,22100,21650,200,250,yes,yes,50,1,50,7.40,14.80,2024-02-15T15:20:00+05:30,0.05,day_close,8.45,16.90,2024-02-15T09:44:00+05:30,16.90,sl,15.85,142975.00,-155.00,100.00,-255.00,
2024-02-22,Thursday,TRADED,,2024-02-22,22047.10,22050,22250,21800,200,250,yes,yes,50,1,50,8.45,16.90,2024-02-22T15:20:00+05:30,0.40,day_close,6.30,12.60,2024-02-22T09:30:00+05:30,12.60,sl,14.75,143950.00,-12.50,100.00,-112.50,
2024-02-29,Thursday,TRADED,,2024-02-29,21934.40,21950,22250,21650,300,300,yes,yes,50,1,50,6.95,13.90,2024-02-29T15:20:00+05:30,0.10,day_close,8.25,16.50,2024-02-29T10:14:00+05:30,16.50,sl,15.20,143725.00,-170.00,100.00,-270.00,
2024-03-07,Thursday,TRADED,,2024-03-07,22502.60,22500,22700,22250,200,250,yes,yes,50,1,50,5.70,11.40,2024-03-07T15:20:00+05:30,0.05,day_close,7.10,14.20,2024-03-07T15:20:00+05:30,0.10,day_close,12.80,146875.00,532.50,100.00,432.50,
2024-03-14,Thursday,TRADED,,2024-03-14,21930.65,21950,22250,21650,300,300,yes,yes,50,1,50,6.25,12.50,2024-03-14T09:25:00+05:30,12.50,sl,6.55,13.10,2024-03-14T15:20:00+05:30,0.05,day_close,12.80,143725.00,-87.50,100.00,-187.50,
2024-03-21,Thursday,TRADED,,2024-03-21,22003.40,22000,22200,21800,200,200,yes,yes,50,1,50,5.60,11.20,2024-03-21T15:20:00+05:30,0.10,day_close,7.40,14.80,2024-03-21T15:20:00+05:30,0.05,day_close,13.00,143700.00,542.50,100.00,442.50,
2024-03-28,Thursday,TRADED,,2024-03-28,22190.65,22200,22350,22050,150,150,yes,yes,50,1,50,5.80,11.60,2024-03-28T09:22:00+05:30,11.60,sl,9.20,18.40,2024-03-28T15:20:00+05:30,0.20,day_close,15.00,144825.00,60.00,100.00,-40.00,
2024-04-04,Thursday,TRADED,,2024-04-04,22580.30,22600,22700,22400,100,200,yes,yes,50,1,50,9.15,18.30,2024-04-04T15:20:00+05:30,0.05,day_close,8.45,16.90,2024-04-04T09:21:00+05:30,16.90,sl,17.60,147100.00,-67.50,100.00,-167.50,
2024-04-10,Wednesday,TRADED,,2024-04-10,22697.50,22700,22850,22450,150,250,yes,yes,50,1,50,7.35,14.70,2024-04-10T15:20:00+05:30,0.10,day_close,6.45,12.90,2024-04-10T15:20:00+05:30,0.10,day_close,13.80,147925.00,580.00,100.00,480.00,
2024-04-18,Thursday,TRADED,,2024-04-18,22246.30,22250,22400,22050,150,200,yes,yes,50,1,50,6.10,12.20,2024-04-18T12:19:00+05:30,12.20,sl,6.65,13.30,2024-04-18T09:30:00+05:30,13.30,sl,12.75,145075.00,-737.50,100.00,-837.50,
2024-04-25,Thursday,TRADED,,2024-04-25,22340.10,22350,22500,22150,150,200,yes,yes,50,1,50,9.15,18.30,2024-04-25T09:34:00+05:30,18.30,sl,8.45,16.90,2024-04-25T10:51:00+05:30,16.90,sl,17.60,145725.00,-980.00,100.00,-1080.00,
2024-05-02,Thursday,TRADED,,2024-05-02,22650.05,22650,22850,22350,200,300,yes,yes,25,1,25,9.20,18.40,2024-05-02T15:20:00+05:30,0.10,day_close,6.40,12.80,2024-05-02T15:20:00+05:30,0.05,day_close,15.60,73887.50,336.25,100.00,236.25,
2024-05-09,Thursday,TRADED,,2024-05-09,22301.45,22300,22550,22000,250,300,yes,yes,25,1,25,6.70,13.40,2024-05-09T15:20:00+05:30,0.05,day_close,6.65,13.30,2024-05-09T09:29:00+05:30,13.30,sl,13.35,72875.00,-50.00,100.00,-150.00,
2024-05-16,Thursday,TRADED,,2024-05-16,22292.70,22300,22450,22050,150,250,yes,yes,25,1,25,9.20,18.40,2024-05-16T15:20:00+05:30,0.15,day_close,8.65,17.30,2024-05-16T09:44:00+05:30,17.30,sl,17.85,72662.50,-40.00,100.00,-140.00,
2024-05-23,Thursday,TRADED,,2024-05-23,22596.95,22600,22800,22350,200,250,yes,yes,25,1,25,9.55,19.10,2024-05-23T09:35:00+05:30,19.10,sl,8.75,17.50,2024-05-23T15:20:00+05:30,0.05,day_close,18.30,73762.50,-71.25,100.00,-171.25,
2024-05-30,Thursday,TRADED,,2024-05-30,22684.45,22700,23000,22350,300,350,yes,yes,25,1,25,7.25,14.50,2024-05-30T15:20:00+05:30,0.05,day_close,6.95,13.90,2024-05-30T09:38:00+05:30,13.90,sl,14.20,74262.50,-43.75,100.00,-143.75,
2024-06-06,Thursday,TRADED,,2024-06-06,22716.35,22700,23300,22100,600,600,yes,yes,25,1,25,5.40,10.80,2024-06-06T15:20:00+05:30,0.10,day_close,6.70,13.40,2024-06-06T15:20:00+05:30,0.05,day_close,12.10,74825.00,248.75,100.00,148.75,
2024-06-13,Thursday,TRADED,,2024-06-13,23434.45,23450,23650,23150,200,300,yes,yes,25,1,25,6.45,12.90,2024-06-13T15:20:00+05:30,0.10,day_close,6.15,12.30,2024-06-13T15:20:00+05:30,0.10,day_close,12.60,76487.50,260.00,100.00,160.00,
2024-06-20,Thursday,TRADED,,2024-06-20,23504.15,23500,23800,23150,300,350,yes,yes,25,1,25,6.05,12.10,2024-06-20T15:20:00+05:30,0.05,day_close,6.60,13.20,2024-06-20T15:20:00+05:30,0.05,day_close,12.65,76862.50,263.75,100.00,163.75,
2024-06-27,Thursday,TRADED,,2024-06-27,23842.25,23850,24100,23550,250,300,yes,yes,25,1,25,7.65,15.30,2024-06-27T10:01:00+05:30,15.30,sl,7.25,14.50,2024-06-27T15:20:00+05:30,0.10,day_close,14.90,77912.50,-62.50,100.00,-162.50,
2024-07-04,Thursday,TRADED,,2024-07-04,24346.05,24350,24550,24100,200,250,yes,yes,25,1,25,5.65,11.30,2024-07-04T15:20:00+05:30,0.05,day_close,7.95,15.90,2024-07-04T15:20:00+05:30,0.05,day_close,13.60,79450.00,287.50,100.00,187.50,
2024-07-11,Thursday,TRADED,,2024-07-11,24356.00,24350,24500,24150,150,200,yes,yes,25,1,25,9.35,18.70,2024-07-11T15:20:00+05:30,0.05,day_close,8.15,16.30,2024-07-11T10:16:00+05:30,16.30,sl,17.50,79362.50,-21.25,100.00,-121.25,
2024-07-18,Thursday,TRADED,,2024-07-18,24567.30,24550,24750,24350,200,200,yes,yes,25,1,25,6.05,12.10,2024-07-18T09:49:00+05:30,12.10,sl,7.60,15.20,2024-07-18T15:20:00+05:30,0.10,day_close,13.65,80137.50,-13.75,100.00,-113.75,
2024-07-25,Thursday,TRADED,,2024-07-25,24235.15,24250,24500,23950,250,300,yes,yes,25,1,25,7.40,14.80,2024-07-25T15:20:00+05:30,0.05,day_close,8.30,16.60,2024-07-25T15:20:00+05:30,0.05,day_close,15.70,79212.50,340.00,100.00,240.00,
2024-08-01,Thursday,TRADED,,2024-08-01,25052.90,25050,25250,24800,200,250,yes,yes,25,1,25,8.55,17.10,2024-08-01T15:20:00+05:30,0.05,day_close,7.70,15.40,2024-08-01T15:20:00+05:30,0.05,day_close,16.25,81725.00,353.75,100.00,253.75,
2024-08-08,Thursday,TRADED,,2024-08-08,24220.85,24200,24550,23850,350,350,yes,yes,25,1,25,6.20,12.40,2024-08-08T09:31:00+05:30,12.40,sl,7.10,14.20,2024-08-08T09:36:00+05:30,14.35,gap_sl,13.30,79262.50,-386.25,100.00,-486.25,
2024-08-14,Wednesday,TRADED,,2024-08-14,24149.20,24150,24400,23900,250,250,yes,yes,25,1,25,7.05,14.10,2024-08-14T15:20:00+05:30,0.10,day_close,6.85,13.70,2024-08-14T15:20:00+05:30,0.10,day_close,13.90,78925.00,292.50,100.00,192.50,
2024-08-22,Thursday,TRADED,,2024-08-22,24826.40,24850,25000,24650,150,200,yes,yes,25,1,25,5.85,11.70,2024-08-22T15:20:00+05:30,0.10,day_close,8.10,16.20,2024-08-22T15:20:00+05:30,0.10,day_close,13.95,80987.50,293.75,100.00,193.75,
2024-08-29,Thursday,TRADED,,2024-08-29,25029.60,25050,25200,24850,150,200,yes,yes,25,1,25,7.30,14.60,2024-08-29T09:50:00+05:30,14.60,sl,8.30,16.60,2024-08-29T14:04:00+05:30,16.60,sl,15.60,81637.50,-440.00,100.00,-540.00,
2024-09-05,Thursday,TRADED,,2024-09-05,25241.15,25250,25400,25050,150,200,yes,yes,25,1,25,7.90,15.80,2024-09-05T15:20:00+05:30,0.10,day_close,8.05,16.10,2024-09-05T09:27:00+05:30,16.10,sl,15.95,82287.50,-56.25,100.00,-156.25,
2024-09-12,Thursday,TRADED,,2024-09-12,25016.80,25000,25200,24800,200,200,yes,yes,25,1,25,6.00,12.00,2024-09-12T09:26:00+05:30,12.15,gap_sl,5.45,10.90,2024-09-12T10:30:00+05:30,10.90,sl,11.45,81600.00,-340.00,100.00,-440.00,
2024-09-19,Thursday,TRADED,,2024-09-19,25553.65,25550,25750,25350,200,200,yes,yes,25,1,25,8.55,17.10,2024-09-19T15:20:00+05:30,0.05,day_close,7.30,14.60,2024-09-19T11:29:00+05:30,14.60,sl,15.85,83387.50,-20.00,100.00,-120.00,
2024-09-26,Thursday,TRADED,,2024-09-26,26033.15,26050,26300,25800,250,250,yes,yes,25,1,25,6.05,12.10,2024-09-26T14:20:00+05:30,12.10,sl,8.15,16.30,2024-09-26T13:10:00+05:30,16.30,sl,14.20,85100.00,-405.00,100.00,-505.00,
2024-10-03,Thursday,TRADED,,2024-10-03,25530.00,25550,25800,25150,250,400,yes,yes,25,1,25,7.40,14.80,2024-10-03T09:33:00+05:30,14.80,sl,7.20,14.40,2024-10-03T13:55:00+05:30,14.40,sl,14.60,83362.50,-415.00,100.00,-515.00,
2024-10-10,Thursday,TRADED,,2024-10-10,25051.20,25050,25350,24750,300,300,yes,yes,25,1,25,7.05,14.10,2024-10-10T15:20:00+05:30,0.05,day_close,7.65,15.30,2024-10-10T15:20:00+05:30,0.10,day_close,14.70,81937.50,313.75,100.00,213.75,
2024-10-17,Thursday,TRADED,,2024-10-17,24957.05,24950,25200,24750,250,200,yes,yes,25,1,25,6.90,13.80,2024-10-17T15:20:00+05:30,0.05,day_close,7.40,14.80,2024-10-17T09:37:00+05:30,14.80,sl,14.30,81562.50,-63.75,100.00,-163.75,
2024-10-24,Thursday,TRADED,,2024-10-24,24435.45,24450,24700,24150,250,300,yes,yes,25,1,25,8.00,16.00,2024-10-24T15:20:00+05:30,0.05,day_close,7.35,14.70,2024-10-24T15:20:00+05:30,0.10,day_close,15.35,79862.50,330.00,100.00,230.00,
2024-10-31,Thursday,TRADED,,2024-10-31,24308.95,24300,24600,24050,300,250,yes,yes,25,1,25,5.85,11.70,2024-10-31T15:20:00+05:30,0.10,day_close,7.55,15.10,2024-10-31T15:20:00+05:30,0.10,day_close,13.40,79537.50,280.00,100.00,180.00,
2024-11-07,Thursday,TRADED,,2024-11-07,24454.30,24450,24700,24200,250,250,yes,yes,25,1,25,9.15,18.30,2024-11-07T15:20:00+05:30,0.05,day_close,6.45,12.90,2024-11-07T09:23:00+05:30,12.90,sl,15.60,79900.00,16.25,100.00,-83.75,
2024-11-14,Thursday,TRADED,,2024-11-14,23604.90,23600,23950,23250,350,350,yes,yes,25,1,25,7.60,15.20,2024-11-14T15:20:00+05:30,0.05,day_close,8.50,17.00,2024-11-14T15:20:00+05:30,0.05,day_close,16.10,77312.50,350.00,100.00,250.00,
2024-11-21,Thursday,TRADED,,2024-11-21,23373.00,23350,23750,22950,400,400,yes,yes,25,1,25,8.40,16.80,2024-11-21T15:20:00+05:30,0.05,day_close,7.05,14.10,2024-11-21T15:20:00+05:30,0.10,day_close,15.45,76587.50,332.50,100.00,232.50,
2024-11-28,Thursday,TRADED,,2024-11-28,24278.60,24300,24550,23950,250,350,yes,yes,75,1,75,9.00,18.00,2024-11-28T15:20:00+05:30,0.20,day_close,5.90,11.80,2024-11-28T10:34:00+05:30,11.80,sl,14.90,238012.50,67.50,100.00,-32.50,
2024-12-05,Thursday,TRADED,,2024-12-05,24497.70,24500,24900,23950,400,550,yes,yes,75,1,75,6.15,12.30,2024-12-05T12:09:00+05:30,12.30,sl,7.60,15.20,2024-12-05T09:47:00+05:30,15.20,sl,13.75,240637.50,-1181.25,100.00,-1281.25,
2024-12-12,Thursday,TRADED,,2024-12-12,24648.95,24650,24900,24450,250,200,yes,yes,75,1,75,7.05,14.10,2024-12-12T09:35:00+05:30,14.10,sl,8.30,16.60,2024-12-12T10:15:00+05:30,16.60,sl,15.35,241762.50,-1301.25,100.00,-1401.25,
2024-12-19,Thursday,TRADED,,2024-12-19,23919.50,23900,24450,23350,550,550,yes,yes,75,1,75,7.45,14.90,2024-12-19T15:20:00+05:30,0.10,day_close,7.85,15.70,2024-12-19T15:20:00+05:30,0.15,day_close,15.30,235912.50,978.75,100.00,878.75,
2024-12-26,Thursday,TRADED,,2024-12-26,23836.55,23850,24100,23500,250,350,yes,yes,75,1,75,8.55,17.10,2024-12-26T15:20:00+05:30,0.05,day_close,6.70,13.40,2024-12-26T13:35:00+05:30,13.40,sl,15.25,233625.00,-15.00,100.00,-115.00,
2025-01-02,Thursday,TRADED,,2025-01-02,23788.20,23800,24150,23350,350,450,yes,yes,75,1,75,8.69,17.38,2025-01-02T10:49:00+05:30,17.38,sl,8.40,16.80,2025-01-02T15:20:00+05:30,0.10,day_close,17.09,233662.50,-179.25,100.00,-279.25,
2025-01-09,Thursday,TRADED,,2025-01-09,23616.55,23600,23900,23350,300,250,yes,yes,75,1,75,6.70,13.40,2025-01-09T15:20:00+05:30,0.10,day_close,7.35,14.70,2025-01-09T15:20:00+05:30,0.05,day_close,14.05,231787.50,892.50,100.00,792.50,
2025-01-16,Thursday,TRADED,,2025-01-16,23335.50,23350,23500,23200,150,150,yes,yes,75,1,75,7.95,15.90,2025-01-16T15:20:00+05:30,0.05,day_close,8.69,17.38,2025-01-16T15:20:00+05:30,0.05,day_close,16.64,228450.00,1090.50,100.00,990.50,
2025-01-23,Thursday,TRADED,,2025-01-23,23108.10,23100,23350,22900,250,200,yes,yes,75,1,75,7.85,15.70,2025-01-23T15:20:00+05:30,0.10,day_close,8.25,16.50,2025-01-23T15:20:00+05:30,0.05,day_close,16.10,226650.00,1046.25,100.00,946.25,
2025-01-30,Thursday,TRADED,,2025-01-30,23158.20,23150,23600,22600,450,550,yes,yes,75,1,75,6.45,12.90,2025-01-30T15:20:00+05:30,0.10,day_close,6.75,13.50,2025-01-30T15:20:00+05:30,0.05,day_close,13.20,227850.00,828.75,100.00,728.75,
2025-02-06,Thursday,TRADED,,2025-02-06,23723.70,23700,24000,23500,300,200,yes,yes,75,1,75,7.30,14.60,2025-02-06T15:20:00+05:30,0.05,day_close,6.40,12.80,2025-02-06T09:23:00+05:30,12.80,sl,13.70,232875.00,-86.25,100.00,-186.25,
2025-02-13,Thursday,TRADED,,2025-02-13,23081.45,23100,23400,22750,300,350,yes,yes,75,1,75,7.85,15.70,2025-02-13T15:20:00+05:30,0.05,day_close,7.35,14.70,2025-02-13T09:24:00+05:30,14.70,sl,15.20,226687.50,-116.25,100.00,-216.25,
2025-02-20,Thursday,TRADED,,2025-02-20,22857.20,22850,23150,22600,300,250,yes,yes,75,1,75,8.90,17.80,2025-02-20T15:20:00+05:30,0.05,day_close,8.05,16.10,2025-02-20T15:20:00+05:30,0.05,day_close,16.95,224475.00,1113.75,100.00,1013.75,
2025-02-27,Thursday,TRADED,,2025-02-27,22579.40,22600,22700,22450,100,150,yes,yes,75,1,75,6.40,12.80,2025-02-27T15:20:00+05:30,0.10,day_close,7.40,14.80,2025-02-27T15:20:00+05:30,0.10,day_close,13.80,220762.50,870.00,100.00,770.00,
2025-03-06,Thursday,TRADED,,2025-03-06,22433.10,22450,22600,22200,150,250,yes,yes,75,1,75,5.90,11.80,2025-03-06T15:20:00+05:30,0.05,day_close,6.50,13.00,2025-03-06T09:22:00+05:30,13.00,sl,12.40,219450.00,-198.75,100.00,-298.75,
2025-03-13,Thursday,TRADED,,2025-03-13,22485.00,22500,22650,22300,150,200,yes,yes,75,1,75,6.85,13.70,2025-03-13T15:20:00+05:30,0.05,day_close,8.85,17.70,2025-03-13T15:20:00+05:30,0.10,day_close,15.70,220050.00,1016.25,100.00,916.25,
2025-03-20,Thursday,TRADED,,2025-03-20,23022.30,23000,23200,22750,200,250,yes,yes,75,1,75,8.50,17.00,2025-03-20T09:24:00+05:30,17.00,sl,7.35,14.70,2025-03-20T15:20:00+05:30,0.10,day_close,15.85,225187.50,-243.75,100.00,-343.75,
2025-03-27,Thursday,TRADED,,2025-03-27,23507.80,23500,23800,23150,300,350,yes,yes,75,1,75,8.60,17.20,2025-03-27T15:20:00+05:30,0.05,day_close,6.55,13.10,2025-03-27T15:20:00+05:30,0.10,day_close,15.15,230587.50,975.00,100.00,875.00,
2025-04-03,Thursday,TRADED,,2025-04-03,23218.65,23200,23400,22900,200,300,yes,yes,75,1,75,5.95,11.90,2025-04-03T15:20:00+05:30,0.05,day_close,7.65,15.30,2025-04-03T15:20:00+05:30,0.10,day_close,13.60,227025.00,858.75,100.00,758.75,
2025-04-09,Wednesday,TRADED,,2025-04-09,22412.35,22400,22900,21800,500,600,yes,yes,75,1,75,6.85,13.70,2025-04-09T15:20:00+05:30,0.10,day_close,8.05,16.10,2025-04-09T15:20:00+05:30,0.05,day_close,14.90,220800.00,956.25,100.00,856.25,
2025-04-17,Thursday,TRADED,,2025-04-17,23357.65,23350,23550,23150,200,200,yes,yes,75,1,75,8.10,16.20,2025-04-17T09:43:00+05:30,16.20,sl,7.70,15.40,2025-04-17T09:22:00+05:30,15.40,sl,15.80,228712.50,-1335.00,100.00,-1435.00,
2025-04-24,Thursday,TRADED,,2025-04-24,24272.40,24250,24500,24000,250,250,yes,yes,75,1,75,8.35,16.70,2025-04-24T09:35:00+05:30,16.70,sl,7.60,15.20,2025-04-24T15:20:00+05:30,0.10,day_close,15.95,237750.00,-213.75,100.00,-313.75,
2025-04-30,Wednesday,TRADED,,2025-04-30,24320.35,24300,24500,24100,200,200,yes,yes,75,1,75,6.35,12.70,2025-04-30T15:20:00+05:30,0.05,day_close,6.80,13.60,2025-04-30T15:20:00+05:30,0.10,day_close,13.15,237975.00,825.00,100.00,725.00,
2025-05-08,Thursday,TRADED,,2025-05-08,24398.45,24400,24550,24200,150,200,yes,yes,75,1,75,6.30,12.60,2025-05-08T15:20:00+05:30,0.10,day_close,6.60,13.20,2025-05-08T14:55:00+05:30,13.20,sl,12.90,238575.00,-180.00,100.00,-280.00,
2025-05-15,Thursday,TRADED,,2025-05-15,24620.00,24600,24950,24300,350,300,yes,yes,75,1,75,6.25,12.50,2025-05-15T10:32:00+05:30,12.50,sl,7.85,15.70,2025-05-15T09:45:00+05:30,15.70,sl,14.10,241800.00,-1207.50,100.00,-1307.50,
2025-05-22,Thursday,TRADED,,2025-05-22,24644.70,24650,25150,24250,500,400,yes,yes,75,1,75,7.75,15.50,2025-05-22T15:20:00+05:30,0.10,day_close,8.30,16.60,2025-05-22T15:20:00+05:30,0.05,day_close,16.05,243187.50,1042.50,100.00,942.50,
2025-05-29,Thursday,TRADED,,2025-05-29,24845.20,24850,25200,24500,350,350,yes,yes,75,1,75,8.25,16.50,2025-05-29T15:20:00+05:30,0.15,day_close,6.65,13.30,2025-05-29T15:20:00+05:30,0.15,day_close,14.90,244125.00,945.00,100.00,845.00,
2025-06-05,Thursday,TRADED,,2025-06-05,24625.55,24650,24900,24400,250,250,yes,yes,75,1,75,6.95,13.90,2025-06-05T09:25:00+05:30,13.90,sl,7.55,15.10,2025-06-05T15:20:00+05:30,0.05,day_close,14.50,241650.00,-108.75,100.00,-208.75,
2025-06-12,Thursday,TRADED,,2025-06-12,25164.90,25150,25400,24950,250,200,yes,yes,75,1,75,6.70,13.40,2025-06-12T15:20:00+05:30,0.05,day_close,8.75,17.50,2025-06-12T09:43:00+05:30,17.50,sl,15.45,246637.50,-307.50,100.00,-407.50,
2025-06-19,Thursday,TRADED,,2025-06-19,24755.30,24750,25000,24500,250,250,yes,yes,75,1,75,8.00,16.00,2025-06-19T15:20:00+05:30,0.05,day_close,7.15,14.30,2025-06-19T15:20:00+05:30,0.10,day_close,15.15,242625.00,975.00,100.00,875.00,
2025-06-26,Thursday,TRADED,,2025-06-26,25282.75,25300,25500,25000,200,300,yes,yes,75,1,75,8.25,16.50,2025-06-26T09:21:00+05:30,16.50,sl,7.30,14.60,2025-06-26T15:20:00+05:30,0.15,day_close,15.55,247500.00,-232.50,100.00,-332.50,
2025-07-03,Thursday,TRADED,,2025-07-03,25522.75,25500,25750,25300,250,200,yes,yes,75,1,75,5.85,11.70,2025-07-03T15:20:00+05:30,0.05,day_close,6.55,13.10,2025-07-03T09:23:00+05:30,13.10,sl,12.40,250050.00,-206.25,100.00,-306.25,
2025-07-10,Thursday,TRADED,,2025-07-10,25470.60,25450,25650,25300,200,150,yes,yes,75,1,75,7.75,15.50,2025-07-10T15:20:00+05:30,0.05,day_close,6.65,13.30,2025-07-10T09:53:00+05:30,13.30,sl,14.40,249300.00,-71.25,100.00,-171.25,
2025-07-17,Thursday,TRADED,,2025-07-17,25216.60,25200,25400,25050,200,150,yes,yes,75,1,75,5.95,11.90,2025-07-17T15:20:00+05:30,0.10,day_close,5.85,11.70,2025-07-17T10:16:00+05:30,11.70,sl,11.80,246862.50,-150.00,100.00,-250.00,
2025-07-24,Thursday,TRADED,,2025-07-24,25204.10,25200,25350,25050,150,150,yes,yes,75,1,75,6.60,13.20,2025-07-24T15:20:00+05:30,0.05,day_close,6.10,12.20,2025-07-24T11:23:00+05:30,12.20,sl,12.70,246487.50,-116.25,100.00,-216.25,
2025-07-31,Thursday,TRADED,,2025-07-31,24680.35,24700,24900,24400,200,300,yes,yes,75,1,75,8.05,16.10,2025-07-31T11:24:00+05:30,16.10,sl,6.90,13.80,2025-07-31T15:20:00+05:30,0.20,day_close,14.95,241650.00,-251.25,100.00,-351.25,
2025-08-07,Thursday,TRADED,,2025-08-07,24519.20,24500,24750,24300,250,200,yes,yes,75,1,75,6.35,12.70,2025-08-07T15:20:00+05:30,0.15,day_close,7.70,15.40,2025-08-07T13:33:00+05:30,15.40,sl,14.05,240300.00,-262.50,100.00,-362.50,
2025-08-14,Thursday,TRADED,,2025-08-14,24640.15,24650,24800,24450,150,200,yes,yes,75,1,75,8.10,16.20,2025-08-14T15:20:00+05:30,0.05,day_close,8.30,16.60,2025-08-14T15:20:00+05:30,0.05,day_close,16.40,241012.50,1072.50,100.00,972.50,
2025-08-21,Thursday,TRADED,,2025-08-21,25074.70,25050,25250,24900,200,150,yes,yes,75,1,75,5.45,10.90,2025-08-21T15:20:00+05:30,0.05,day_close,6.35,12.70,2025-08-21T15:20:00+05:30,0.05,day_close,11.80,245400.00,727.50,100.00,627.50,
2025-08-28,Thursday,TRADED,,2025-08-28,24575.55,24600,24800,24400,200,200,yes,yes,75,1,75,7.60,15.20,2025-08-28T11:05:00+05:30,15.20,sl,7.95,15.90,2025-08-28T09:24:00+05:30,15.90,sl,15.55,240900.00,-1316.25,100.00,-1416.25,
2025-09-02,Tuesday,TRADED,,2025-09-02,24662.05,24650,24800,24500,150,150,yes,yes,75,1,75,6.60,13.20,2025-09-02T09:52:00+05:30,13.20,sl,6.20,12.40,2025-09-02T14:03:00+05:30,12.40,sl,12.80,241125.00,-1110.00,100.00,-1210.00,
2025-09-09,Tuesday,TRADED,,2025-09-09,24851.85,24850,25000,24650,150,200,yes,yes,75,1,75,8.40,16.80,2025-09-09T15:20:00+05:30,0.10,day_close,6.00,12.00,2025-09-09T15:20:00+05:30,0.10,day_close,14.40,242962.50,915.00,100.00,815.00,
2025-09-16,Tuesday,TRADED,,2025-09-16,25107.25,25100,25250,24950,150,150,yes,yes,75,1,75,5.05,10.10,2025-09-16T09:40:00+05:30,10.10,sl,6.15,12.30,2025-09-16T15:20:00+05:30,0.10,day_close,11.20,245512.50,-75.00,100.00,-175.00,
2025-09-23,Tuesday,TRADED,,2025-09-23,25224.95,25200,25400,25100,200,100,yes,yes,75,1,75,6.05,12.10,2025-09-23T15:20:00+05:30,0.05,day_close,7.20,14.40,2025-09-23T09:30:00+05:30,14.40,sl,13.25,246975.00,-240.00,100.00,-340.00,
2025-09-30,Tuesday,TRADED,,2025-09-30,24712.55,24700,24900,24550,200,150,yes,yes,75,1,75,8.55,17.10,2025-09-30T15:20:00+05:30,0.15,day_close,9.00,18.00,2025-09-30T09:30:00+05:30,18.00,sl,17.55,241987.50,-195.00,100.00,-295.00,
2025-10-07,Tuesday,TRADED,,2025-10-07,25083.70,25100,25250,24900,150,200,yes,yes,75,1,75,7.55,15.10,2025-10-07T09:48:00+05:30,15.10,sl,7.25,14.50,2025-10-07T15:20:00+05:30,0.10,day_close,14.80,245400.00,-180.00,100.00,-280.00,
2025-10-14,Tuesday,TRADED,,2025-10-14,25290.75,25300,25450,25100,150,200,yes,yes,75,1,75,8.70,17.40,2025-10-14T15:20:00+05:30,0.05,day_close,6.95,13.90,2025-10-14T09:48:00+05:30,13.90,sl,15.65,247350.00,-22.50,100.00,-122.50,
2025-10-20,Monday,TRADED,,2025-10-20,25903.25,25900,26100,25700,200,200,yes,yes,75,1,75,9.05,18.10,2025-10-20T15:20:00+05:30,0.10,day_close,7.50,15.00,2025-10-20T09:25:00+05:30,15.00,sl,16.55,253575.00,-41.25,100.00,-141.25,
2025-10-28,Tuesday,TRADED,,2025-10-28,25968.05,25950,26250,25700,300,250,yes,yes,75,1,75,6.80,13.60,2025-10-28T15:20:00+05:30,0.15,day_close,7.15,14.30,2025-10-28T15:20:00+05:30,0.10,day_close,13.95,254700.00,877.50,100.00,777.50,
2025-11-04,Tuesday,TRADED,,2025-11-04,25754.60,25750,26000,25550,250,200,yes,yes,75,1,75,6.50,13.00,2025-11-04T15:20:00+05:30,0.15,day_close,7.35,14.70,2025-11-04T15:20:00+05:30,0.10,day_close,13.85,252487.50,870.00,100.00,770.00,
2025-11-11,Tuesday,TRADED,,2025-11-11,25544.65,25550,25750,25350,200,200,yes,yes,75,1,75,7.40,14.80,2025-11-11T15:20:00+05:30,0.10,day_close,7.30,14.60,2025-11-11T15:20:00+05:30,0.05,day_close,14.70,250162.50,941.25,100.00,841.25,
2025-11-18,Tuesday,TRADED,,2025-11-18,25946.10,25950,26150,25750,200,200,yes,yes,75,1,75,7.00,14.00,2025-11-18T15:20:00+05:30,0.10,day_close,7.45,14.90,2025-11-18T15:20:00+05:30,0.05,day_close,14.45,254062.50,922.50,100.00,822.50,
2025-11-25,Tuesday,TRADED,,2025-11-25,25963.75,25950,26200,25800,250,150,yes,yes,75,1,75,6.05,12.10,2025-11-25T15:20:00+05:30,0.10,day_close,8.65,17.30,2025-11-25T15:20:00+05:30,0.10,day_close,14.70,254550.00,937.50,100.00,837.50,
2025-12-02,Tuesday,TRADED,,2025-12-02,26141.55,26150,26300,25950,150,200,yes,yes,75,1,75,9.25,18.50,2025-12-02T15:20:00+05:30,0.10,day_close,5.55,11.10,2025-12-02T09:50:00+05:30,11.10,sl,14.80,255637.50,120.00,100.00,20.00,
2025-12-09,Tuesday,TRADED,,2025-12-09,25819.60,25800,26050,25650,250,150,yes,yes,75,1,75,7.10,14.20,2025-12-09T15:20:00+05:30,0.05,day_close,6.80,13.60,2025-12-09T09:31:00+05:30,13.60,sl,13.90,253087.50,-131.25,100.00,-231.25,
2025-12-16,Tuesday,TRADED,,2025-12-16,25938.35,25950,26100,25750,150,200,yes,yes,75,1,75,7.55,15.10,2025-12-16T15:20:00+05:30,0.05,day_close,5.75,11.50,2025-12-16T15:20:00+05:30,0.05,day_close,13.30,253687.50,840.00,100.00,740.00,
2025-12-23,Tuesday,TRADED,,2025-12-23,26166.65,26150,26300,26000,150,150,yes,yes,75,1,75,7.45,14.90,2025-12-23T15:20:00+05:30,0.05,day_close,7.10,14.20,2025-12-23T15:20:00+05:30,0.05,day_close,14.55,255750.00,933.75,100.00,833.75,
2025-12-30,Tuesday,TRADED,,2025-12-30,25908.65,25900,26050,25800,150,100,yes,yes,75,1,75,6.45,12.90,2025-12-30T09:55:00+05:30,12.90,sl,7.95,15.90,2025-12-30T15:20:00+05:30,0.05,day_close,14.40,253425.00,-41.25,100.00,-141.25,
2026-01-06,Tuesday,TRADED,,2026-01-06,26194.95,26200,26350,26050,150,150,yes,yes,65,1,65,6.25,12.50,2026-01-06T15:20:00+05:30,0.10,day_close,5.35,10.70,2026-01-06T15:20:00+05:30,0.05,day_close,11.60,222072.50,614.25,100.00,514.25,
2026-01-13,Tuesday,TRADED,,2026-01-13,25845.75,25850,26050,25600,200,250,yes,yes,65,1,65,7.45,14.90,2026-01-13T15:20:00+05:30,0.10,day_close,6.50,13.00,2026-01-13T09:28:00+05:30,13.00,sl,13.95,219245.00,-74.75,100.00,-174.75,
2026-01-20,Tuesday,TRADED,,2026-01-20,25559.30,25550,25750,25350,200,200,yes,yes,65,1,65,7.70,15.40,2026-01-20T15:20:00+05:30,0.15,day_close,5.40,10.80,2026-01-20T09:27:00+05:30,10.80,sl,13.10,216807.50,9.75,100.00,-90.25,
2026-01-27,Tuesday,TRADED,,2026-01-27,25007.50,25000,25450,24600,450,400,yes,yes,65,1,65,6.75,13.50,2026-01-27T15:20:00+05:30,0.15,day_close,6.30,12.60,2026-01-27T15:20:00+05:30,0.05,day_close,13.05,213395.00,705.25,100.00,605.25,
2026-02-03,Tuesday,TRADED,,2026-02-03,25811.10,25800,26900,24950,1100,850,yes,yes,65,1,65,7.25,14.50,2026-02-03T15:20:00+05:30,0.05,day_close,7.55,15.10,2026-02-03T15:20:00+05:30,0.05,day_close,14.80,223502.50,825.50,100.00,725.50,
2026-02-10,Tuesday,TRADED,,2026-02-10,25918.10,25900,26100,25700,200,200,yes,yes,65,1,65,6.15,12.30,2026-02-10T15:20:00+05:30,0.10,day_close,6.25,12.50,2026-02-10T15:20:00+05:30,0.10,day_close,12.40,219765.00,663.00,100.00,563.00,
2026-02-17,Tuesday,TRADED,,2026-02-17,25610.45,25600,25800,25400,200,200,yes,yes,65,1,65,6.25,12.50,2026-02-17T09:57:00+05:30,12.50,sl,6.35,12.70,2026-02-17T15:20:00+05:30,0.05,day_close,12.60,217230.00,-126.75,100.00,-226.75,
2026-02-24,Tuesday,TRADED,,2026-02-24,25571.25,25550,25800,25300,250,250,yes,yes,65,1,65,8.90,17.80,2026-02-24T15:20:00+05:30,0.05,day_close,7.00,14.00,2026-02-24T09:43:00+05:30,14.00,sl,15.90,217035.00,-9.75,100.00,-109.75,
2026-03-02,Monday,TRADED,,2026-03-02,24893.10,24900,25250,24200,350,700,yes,yes,65,1,65,8.35,16.70,2026-03-02T09:21:00+05:30,16.70,sl,6.95,13.90,2026-03-02T15:20:00+05:30,0.05,day_close,15.30,211315.00,-224.25,100.00,-324.25,
2026-03-10,Tuesday,TRADED,,2026-03-10,24150.70,24150,24550,23700,400,450,yes,yes,65,1,65,6.55,13.10,2026-03-10T15:20:00+05:30,0.05,day_close,6.80,13.60,2026-03-10T15:20:00+05:30,0.05,day_close,13.35,205790.00,731.25,100.00,631.25,
2026-03-17,Tuesday,TRADED,,2026-03-17,23393.20,23400,23700,23050,300,350,yes,yes,65,1,65,7.45,14.90,2026-03-17T10:01:00+05:30,14.90,sl,8.50,17.00,2026-03-17T15:20:00+05:30,0.05,day_close,15.95,198997.50,-65.00,100.00,-165.00,
2026-03-24,Tuesday,TRADED,,2026-03-24,22789.80,22800,23250,22300,450,500,yes,yes,65,1,65,7.45,14.90,2026-03-24T12:52:00+05:30,14.90,sl,7.50,15.00,2026-03-24T15:20:00+05:30,0.10,day_close,14.95,194610.00,-133.25,100.00,-233.25,
2026-04-28,Tuesday,TRADED,,2026-04-28,24094.75,24100,24300,23900,200,200,yes,yes,65,1,65,7.20,14.40,2026-04-28T15:20:00+05:30,0.10,day_close,8.90,17.80,2026-04-28T15:20:00+05:30,0.15,day_close,16.10,204555.00,900.25,100.00,800.25,
2026-05-05,Tuesday,SKIPPED,no_ce_candidate,2026-05-05,24062.05,24050,,,,,,,65,1,65,,,,,,,,,,,,,,,,
2026-05-12,Tuesday,SKIPPED,no_ce_candidate,2026-05-12,23737.80,23750,,,,,,,65,1,65,,,,,,,,,,,,,,,,
2026-05-19,Tuesday,TRADED,,2026-05-19,23736.45,23750,23950,23450,200,300,yes,yes,65,1,65,8.40,16.80,2026-05-19T15:20:00+05:30,0.05,day_close,8.65,17.30,2026-05-19T15:20:00+05:30,0.10,day_close,17.05,201402.50,968.50,100.00,868.50,
2026-05-26,Tuesday,TRADED,,2026-05-26,24011.55,24000,24200,23800,200,200,yes,yes,65,1,65,8.70,17.40,2026-05-26T15:20:00+05:30,0.15,day_close,5.90,11.80,2026-05-26T15:20:00+05:30,0.10,day_close,14.60,203710.00,802.75,100.00,702.75,
2026-06-02,Tuesday,TRADED,,2026-06-02,23285.65,23300,23550,23100,250,200,yes,yes,65,1,65,6.10,12.20,2026-06-02T12:46:00+05:30,12.20,sl,8.90,17.80,2026-06-02T15:20:00+05:30,0.05,day_close,15.00,198120.00,48.75,100.00,-51.25,
2026-06-09,Tuesday,SKIPPED,no_ce_candidate,2026-06-09,23233.30,23250,,,,,,,65,1,65,,,,,,,,,,,,,,,,
2026-06-16,Tuesday,TRADED,,2026-06-16,23932.80,23950,24100,23750,150,200,yes,yes,65,1,65,8.40,16.80,2026-06-16T15:20:00+05:30,0.10,day_close,7.30,14.60,2026-06-16T15:20:00+05:30,0.05,day_close,15.70,202962.50,880.75,100.00,780.75,
