index,entry_date,day_of_week,status,skip_reason,expiry_date,spot_entry_timestamp,spot_entry_open,atm_strike,lot_size,lots,quantity,ce_contract_file,ce_entry_open,ce_stop_price,ce_exit_timestamp,ce_exit_price,ce_exit_reason,ce_points_pnl,ce_gross_pnl,pe_contract_file,pe_entry_open,pe_stop_price,pe_exit_timestamp,pe_exit_price,pe_exit_reason,pe_points_pnl,pe_gross_pnl,gross_pnl,brokerage,net_pnl,remarks
NIFTY,2025-09-01,Monday,TRADED,,2025-09-02,2025-09-01T09:20:00+05:30,24522.55,24500,75,4,300,NIFTY_24500_CE_02_SEP_25.csv,102.00,122.40,2025-09-01T12:39:00+05:30,122.40,sl,-21.40,-6420.00,NIFTY_24500_PE_02_SEP_25.csv,47.20,56.64,2025-09-01T09:21:00+05:30,56.64,sl,-10.44,-3132.00,-9552.00,100.00,-9652.00,
NIFTY,2025-09-02,Tuesday,TRADED,,2025-09-02,2025-09-02T09:20:00+05:30,24662.05,24650,75,4,300,NIFTY_24650_CE_02_SEP_25.csv,51.75,62.10,2025-09-02T09:40:00+05:30,62.10,sl,-11.35,-3405.00,NIFTY_24650_PE_02_SEP_25.csv,32.70,39.24,2025-09-02T09:20:00+05:30,39.24,sl,-7.54,-2262.00,-5667.00,100.00,-5767.00,
SENSEX,2025-09-03,Wednesday,TRADED,,2025-09-04,2025-09-03T09:20:00+05:30,80037.48,80000,10,10,100,SENSEX_80000_CE_04_SEP_25.csv,293.10,351.72,2025-09-03T09:26:00+05:30,351.72,sl,-59.62,-5962.00,SENSEX_80000_PE_04_SEP_25.csv,200.70,240.84,2025-09-03T15:20:00+05:30,36.50,day_close,163.20,16320.00,10358.00,100.00,10258.00,
SENSEX,2025-09-04,Thursday,TRADED,,2025-09-04,2025-09-04T09:20:00+05:30,81104.43,81100,10,10,100,SENSEX_81100_CE_04_SEP_25.csv,190.45,228.54,2025-09-04T09:28:00+05:30,228.54,sl,-39.09,-3909.00,SENSEX_81100_PE_04_SEP_25.csv,150.60,180.72,2025-09-04T09:20:00+05:30,180.72,sl,-31.12,-3112.00,-7021.00,100.00,-7121.00,
NIFTY,2025-09-05,Friday,TRADED,,2025-09-09,2025-09-05T09:20:00+05:30,24826.25,24850,75,4,300,NIFTY_24850_CE_09_SEP_25.csv,82.50,99.00,2025-09-05T15:20:00+05:30,53.25,day_close,28.25,8475.00,NIFTY_24850_PE_09_SEP_25.csv,90.30,108.36,2025-09-05T09:23:00+05:30,108.36,sl,-19.06,-5718.00,2757.00,100.00,2657.00,
NIFTY,2025-09-08,Monday,TRADED,,2025-09-09,2025-09-08T09:20:00+05:30,24788.95,24800,75,4,300,NIFTY_24800_CE_09_SEP_25.csv,69.60,83.52,2025-09-08T09:31:00+05:30,83.52,sl,-14.92,-4476.00,NIFTY_24800_PE_09_SEP_25.csv,69.25,83.10,2025-09-08T15:20:00+05:30,51.00,day_close,17.25,5175.00,699.00,100.00,599.00,
NIFTY,2025-09-09,Tuesday,TRADED,,2025-09-09,2025-09-09T09:20:00+05:30,24851.85,24850,75,4,300,NIFTY_24850_CE_09_SEP_25.csv,48.80,58.56,2025-09-09T09:21:00+05:30,58.56,sl,-10.76,-3228.00,NIFTY_24850_PE_09_SEP_25.csv,44.30,53.16,2025-09-09T10:12:00+05:30,53.16,sl,-9.86,-2958.00,-6186.00,100.00,-6286.00,
SENSEX,2025-09-10,Wednesday,TRADED,,2025-09-11,2025-09-10T09:20:00+05:30,81409.74,81400,10,10,100,SENSEX_81400_CE_11_SEP_25.csv,225.85,271.02,2025-09-10T09:34:00+05:30,271.02,sl,-46.17,-4617.00,SENSEX_81400_PE_11_SEP_25.csv,215.65,258.78,2025-09-10T15:20:00+05:30,127.20,day_close,87.45,8745.00,4128.00,100.00,4028.00,
SENSEX,2025-09-11,Thursday,TRADED,,2025-09-11,2025-09-11T09:20:00+05:30,81527.13,81500,10,10,100,SENSEX_81500_CE_11_SEP_25.csv,171.75,206.10,2025-09-11T15:20:00+05:30,51.30,day_close,119.45,11945.00,SENSEX_81500_PE_11_SEP_25.csv,133.30,159.96,2025-09-11T10:08:00+05:30,159.96,sl,-27.66,-2766.00,9179.00,100.00,9079.00,
NIFTY,2025-09-12,Friday,TRADED,,2025-09-16,2025-09-12T09:20:00+05:30,25055.35,25050,75,4,300,NIFTY_25050_CE_16_SEP_25.csv,102.20,122.64,2025-09-12T10:42:00+05:30,122.64,sl,-21.44,-6432.00,NIFTY_25050_PE_16_SEP_25.csv,66.40,79.68,2025-09-12T15:20:00+05:30,41.75,day_close,23.65,7095.00,663.00,100.00,563.00,
NIFTY,2025-09-15,Monday,TRADED,,2025-09-16,2025-09-15T09:20:00+05:30,25091.05,25100,75,4,300,NIFTY_25100_CE_16_SEP_25.csv,67.50,81.00,2025-09-15T15:20:00+05:30,46.50,day_close,20.00,6000.00,NIFTY_25100_PE_16_SEP_25.csv,57.20,68.64,2025-09-15T15:20:00+05:30,45.15,day_close,11.05,3315.00,9315.00,100.00,9215.00,
NIFTY,2025-09-16,Tuesday,TRADED,,2025-09-16,2025-09-16T09:20:00+05:30,25107.25,25100,75,4,300,NIFTY_25100_CE_16_SEP_25.csv,41.25,49.50,2025-09-16T09:21:00+05:30,49.50,sl,-9.25,-2775.00,NIFTY_25100_PE_16_SEP_25.csv,35.45,42.54,2025-09-16T15:20:00+05:30,0.10,day_close,34.35,10305.00,7530.00,100.00,7430.00,
SENSEX,2025-09-17,Wednesday,TRADED,,2025-09-18,2025-09-17T09:20:00+05:30,82555.68,82600,10,10,100,SENSEX_82600_CE_18_SEP_25.csv,218.55,262.26,2025-09-17T09:36:00+05:30,262.26,sl,-44.71,-4471.00,SENSEX_82600_PE_18_SEP_25.csv,217.30,260.76,2025-09-17T15:20:00+05:30,124.45,day_close,91.85,9185.00,4714.00,100.00,4614.00,
SENSEX,2025-09-18,Thursday,TRADED,,2025-09-18,2025-09-18T09:20:00+05:30,83013.36,83000,10,10,100,SENSEX_83000_CE_18_SEP_25.csv,144.90,173.88,2025-09-18T09:24:00+05:30,173.88,sl,-29.98,-2998.00,SENSEX_83000_PE_18_SEP_25.csv,113.05,135.66,2025-09-18T09:20:00+05:30,135.66,sl,-23.61,-2361.00,-5359.00,100.00,-5459.00,
NIFTY,2025-09-19,Friday,TRADED,,2025-09-23,2025-09-19T09:20:00+05:30,25382.0,25400,75,4,300,NIFTY_25400_CE_23_SEP_25.csv,68.75,82.50,2025-09-19T15:20:00+05:30,57.30,day_close,10.45,3135.00,NIFTY_25400_PE_23_SEP_25.csv,77.05,92.46,2025-09-19T09:31:00+05:30,92.46,sl,-16.41,-4923.00,-1788.00,100.00,-1888.00,
NIFTY,2025-09-22,Monday,TRADED,,2025-09-23,2025-09-22T09:20:00+05:30,25257.5,25250,75,4,300,NIFTY_25250_CE_23_SEP_25.csv,77.45,92.94,2025-09-22T09:24:00+05:30,92.94,sl,-16.49,-4947.00,NIFTY_25250_PE_23_SEP_25.csv,46.25,55.50,2025-09-22T14:40:00+05:30,55.50,sl,-10.25,-3075.00,-8022.00,100.00,-8122.00,
NIFTY,2025-09-23,Tuesday,TRADED,,2025-09-23,2025-09-23T09:20:00+05:30,25224.95,25200,75,4,300,NIFTY_25200_CE_23_SEP_25.csv,61.75,74.10,2025-09-23T09:21:00+05:30,74.10,sl,-13.35,-4005.00,NIFTY_25200_PE_23_SEP_25.csv,25.85,31.02,2025-09-23T09:28:00+05:30,31.02,sl,-6.17,-1851.00,-5856.00,100.00,-5956.00,
SENSEX,2025-09-24,Wednesday,TRADED,,2025-09-25,2025-09-24T09:20:00+05:30,81851.65,81900,10,10,100,SENSEX_81900_CE_25_SEP_25.csv,225.00,270.00,2025-09-24T15:20:00+05:30,115.30,day_close,108.70,10870.00,SENSEX_81900_PE_25_SEP_25.csv,206.20,247.44,2025-09-24T09:30:00+05:30,247.44,sl,-42.24,-4224.00,6646.00,100.00,6546.00,
SENSEX,2025-09-25,Thursday,TRADED,,2025-09-25,2025-09-25T09:20:00+05:30,81683.61,81700,10,10,100,SENSEX_81700_CE_25_SEP_25.csv,165.80,198.96,2025-09-25T09:21:00+05:30,198.96,sl,-34.16,-3416.00,SENSEX_81700_PE_25_SEP_25.csv,136.30,163.56,2025-09-25T10:36:00+05:30,163.56,sl,-28.26,-2826.00,-6242.00,100.00,-6342.00,
NIFTY,2025-09-26,Friday,TRADED,,2025-09-30,2025-09-26T09:20:00+05:30,24815.15,24800,75,4,300,NIFTY_24800_CE_30_SEP_25.csv,131.35,157.62,2025-09-26T15:20:00+05:30,45.10,day_close,85.25,25575.00,NIFTY_24800_PE_30_SEP_25.csv,61.50,73.80,2025-09-26T09:21:00+05:30,73.80,sl,-13.30,-3990.00,21585.00,100.00,21485.00,
NIFTY,2025-09-29,Monday,TRADED,,2025-09-30,2025-09-29T09:20:00+05:30,24672.75,24650,75,4,300,NIFTY_24650_CE_30_SEP_25.csv,127.75,153.30,2025-09-29T09:34:00+05:30,153.30,sl,-26.55,-7965.00,NIFTY_24650_PE_30_SEP_25.csv,44.60,53.52,2025-09-29T12:10:00+05:30,53.52,sl,-9.92,-2976.00,-10941.00,100.00,-11041.00,
NIFTY,2025-09-30,Tuesday,TRADED,,2025-09-30,2025-09-30T09:20:00+05:30,24712.55,24700,75,4,300,NIFTY_24700_CE_30_SEP_25.csv,67.70,81.24,2025-09-30T09:21:00+05:30,81.24,sl,-14.54,-4362.00,NIFTY_24700_PE_30_SEP_25.csv,39.10,46.92,2025-09-30T09:24:00+05:30,46.92,sl,-8.82,-2646.00,-7008.00,100.00,-7108.00,
SENSEX,2025-10-01,Wednesday,TRADED,,2025-10-01,2025-10-01T09:20:00+05:30,80284.74,80300,10,10,100,SENSEX_80300_CE_01_OCT_25.csv,202.85,243.42,2025-10-01T09:30:00+05:30,243.42,sl,-41.57,-4157.00,SENSEX_80300_PE_01_OCT_25.csv,195.95,235.14,2025-10-01T15:20:00+05:30,0.10,day_close,194.85,19485.00,15328.00,100.00,15228.00,
NIFTY,2025-10-03,Friday,TRADED,,2025-10-07,2025-10-03T09:20:00+05:30,24783.65,24800,75,4,300,NIFTY_24800_CE_07_OCT_25.csv,95.30,114.36,2025-10-03T09:55:00+05:30,114.36,sl,-20.06,-6018.00,NIFTY_24800_PE_07_OCT_25.csv,78.70,94.44,2025-10-03T09:28:00+05:30,94.44,sl,-16.74,-5022.00,-11040.00,100.00,-11140.00,
NIFTY,2025-10-06,Monday,TRADED,,2025-10-07,2025-10-06T09:20:00+05:30,24927.5,24950,75,4,300,NIFTY_24950_CE_07_OCT_25.csv,50.80,60.96,2025-10-06T09:48:00+05:30,60.96,sl,-11.16,-3348.00,NIFTY_24950_PE_07_OCT_25.csv,72.50,87.00,2025-10-06T09:29:00+05:30,87.00,sl,-15.50,-4650.00,-7998.00,100.00,-8098.00,
NIFTY,2025-10-07,Tuesday,TRADED,,2025-10-07,2025-10-07T09:20:00+05:30,25083.7,25100,75,4,300,NIFTY_25100_CE_07_OCT_25.csv,45.35,54.42,2025-10-07T09:22:00+05:30,54.42,sl,-10.07,-3021.00,NIFTY_25100_PE_07_OCT_25.csv,55.40,66.48,2025-10-07T15:20:00+05:30,0.30,day_close,54.10,16230.00,13209.00,100.00,13109.00,
SENSEX,2025-10-08,Wednesday,TRADED,,2025-10-09,2025-10-08T09:20:00+05:30,82082.87,82100,10,10,100,SENSEX_82100_CE_09_OCT_25.csv,214.10,256.92,2025-10-08T09:24:00+05:30,256.92,sl,-43.82,-4382.00,SENSEX_82100_PE_09_OCT_25.csv,220.30,264.36,2025-10-08T10:55:00+05:30,264.36,sl,-45.06,-4506.00,-8888.00,100.00,-8988.00,
SENSEX,2025-10-09,Thursday,TRADED,,2025-10-09,2025-10-09T09:20:00+05:30,81792.61,81800,10,10,100,SENSEX_81800_CE_09_OCT_25.csv,183.00,219.60,2025-10-09T09:20:00+05:30,219.60,sl,-37.60,-3760.00,SENSEX_81800_PE_09_OCT_25.csv,149.50,179.40,2025-10-09T09:53:00+05:30,179.40,sl,-30.90,-3090.00,-6850.00,100.00,-6950.00,
NIFTY,2025-10-10,Friday,TRADED,,2025-10-14,2025-10-10T09:20:00+05:30,25221.1,25200,75,4,300,NIFTY_25200_CE_14_OCT_25.csv,116.95,140.34,2025-10-10T09:34:00+05:30,140.34,sl,-24.39,-7317.00,NIFTY_25200_PE_14_OCT_25.csv,63.15,75.78,2025-10-10T15:20:00+05:30,29.00,day_close,33.15,9945.00,2628.00,100.00,2528.00,
NIFTY,2025-10-13,Monday,TRADED,,2025-10-14,2025-10-13T09:20:00+05:30,25213.85,25200,75,4,300,NIFTY_25200_CE_14_OCT_25.csv,95.95,115.14,2025-10-13T15:20:00+05:30,84.80,day_close,10.15,3045.00,NIFTY_25200_PE_14_OCT_25.csv,64.50,77.40,2025-10-13T09:30:00+05:30,77.40,sl,-13.90,-4170.00,-1125.00,100.00,-1225.00,
NIFTY,2025-10-14,Tuesday,TRADED,,2025-10-14,2025-10-14T09:20:00+05:30,25290.75,25300,75,4,300,NIFTY_25300_CE_14_OCT_25.csv,52.30,62.76,2025-10-14T15:20:00+05:30,0.10,day_close,51.20,15360.00,NIFTY_25300_PE_14_OCT_25.csv,46.65,55.98,2025-10-14T09:38:00+05:30,55.98,sl,-10.33,-3099.00,12261.00,100.00,12161.00,
SENSEX,2025-10-15,Wednesday,TRADED,,2025-10-16,2025-10-15T09:20:00+05:30,82329.02,82300,10,10,100,SENSEX_82300_CE_16_OCT_25.csv,327.95,393.54,2025-10-15T10:35:00+05:30,393.54,sl,-66.59,-6659.00,SENSEX_82300_PE_16_OCT_25.csv,175.05,210.06,2025-10-15T09:41:00+05:30,210.06,sl,-36.01,-3601.00,-10260.00,100.00,-10360.00,
SENSEX,2025-10-16,Thursday,TRADED,,2025-10-16,2025-10-16T09:20:00+05:30,82943.97,82900,10,10,100,SENSEX_82900_CE_16_OCT_25.csv,183.20,219.84,2025-10-16T09:55:00+05:30,219.84,sl,-37.64,-3764.00,SENSEX_82900_PE_16_OCT_25.csv,129.25,155.10,2025-10-16T15:20:00+05:30,0.50,day_close,127.75,12775.00,9011.00,100.00,8911.00,
NIFTY,2025-10-17,Friday,TRADED,,2025-10-20,2025-10-17T09:20:00+05:30,25553.2,25550,75,4,300,NIFTY_25550_CE_20_OCT_25.csv,97.90,117.48,2025-10-17T09:26:00+05:30,117.48,sl,-20.58,-6174.00,NIFTY_25550_PE_20_OCT_25.csv,80.50,96.60,2025-10-17T15:20:00+05:30,29.30,day_close,50.20,15060.00,8886.00,100.00,8786.00,
NIFTY,2025-10-20,Monday,TRADED,,2025-10-20,2025-10-20T09:20:00+05:30,25903.25,25900,75,4,300,NIFTY_25900_CE_20_OCT_25.csv,68.55,82.26,2025-10-20T15:20:00+05:30,0.15,day_close,67.40,20220.00,NIFTY_25900_PE_20_OCT_25.csv,42.75,51.30,2025-10-20T09:24:00+05:30,51.30,sl,-9.55,-2865.00,17355.00,100.00,17255.00,
NIFTY,2025-10-21,Tuesday,SKIPPED,missing_spot_entry,,,,,,,,,,,,,,0.00,0.00,,,,,,,0.00,0.00,0.00,0.00,0.00,No NIFTY spot candle at 2025-10-21T09:20:00+05:30.
SENSEX,2025-10-23,Thursday,TRADED,,2025-10-23,2025-10-23T09:20:00+05:30,84943.25,84900,10,10,100,SENSEX_84900_CE_23_OCT_25.csv,246.85,296.22,2025-10-23T09:24:00+05:30,296.22,sl,-50.37,-5037.00,SENSEX_84900_PE_23_OCT_25.csv,143.70,172.44,2025-10-23T14:13:00+05:30,172.44,sl,-29.74,-2974.00,-8011.00,100.00,-8111.00,
NIFTY,2025-10-24,Friday,TRADED,,2025-10-28,2025-10-24T09:20:00+05:30,25851.15,25850,75,4,300,NIFTY_25850_CE_28_OCT_25.csv,142.50,171.00,2025-10-24T09:25:00+05:30,171.00,sl,-29.50,-8850.00,NIFTY_25850_PE_28_OCT_25.csv,78.25,93.90,2025-10-24T10:19:00+05:30,93.90,sl,-16.65,-4995.00,-13845.00,100.00,-13945.00,
NIFTY,2025-10-27,Monday,TRADED,,2025-10-28,2025-10-27T09:20:00+05:30,25862.85,25850,75,4,300,NIFTY_25850_CE_28_OCT_25.csv,119.90,143.88,2025-10-27T09:27:00+05:30,143.88,sl,-24.98,-7494.00,NIFTY_25850_PE_28_OCT_25.csv,51.80,62.16,2025-10-27T15:20:00+05:30,23.60,day_close,27.20,8160.00,666.00,100.00,566.00,
NIFTY,2025-10-28,Tuesday,TRADED,,2025-10-28,2025-10-28T09:20:00+05:30,25968.05,25950,75,4,300,NIFTY_25950_CE_28_OCT_25.csv,89.45,107.34,2025-10-28T09:23:00+05:30,107.34,sl,-18.89,-5667.00,NIFTY_25950_PE_28_OCT_25.csv,52.70,63.24,2025-10-28T10:01:00+05:30,63.24,sl,-11.54,-3462.00,-9129.00,100.00,-9229.00,
SENSEX,2025-10-29,Wednesday,TRADED,,2025-10-30,2025-10-29T09:20:00+05:30,84727.01,84700,10,10,100,SENSEX_84700_CE_30_OCT_25.csv,415.70,498.84,2025-10-29T09:31:00+05:30,498.84,sl,-84.14,-8414.00,SENSEX_84700_PE_30_OCT_25.csv,213.30,255.96,2025-10-29T15:20:00+05:30,111.85,day_close,100.45,10045.00,1631.00,100.00,1531.00,
SENSEX,2025-10-30,Thursday,TRADED,,2025-10-30,2025-10-30T09:20:00+05:30,84769.49,84800,10,10,100,SENSEX_84800_CE_30_OCT_25.csv,177.35,212.82,2025-10-30T15:20:00+05:30,0.20,day_close,176.15,17615.00,SENSEX_84800_PE_30_OCT_25.csv,194.15,232.98,2025-10-30T09:22:00+05:30,232.98,sl,-39.83,-3983.00,13632.00,100.00,13532.00,
NIFTY,2025-10-31,Friday,TRADED,,2025-11-04,2025-10-31T09:20:00+05:30,25863.65,25850,75,4,300,NIFTY_25850_CE_04_NOV_25.csv,140.50,168.60,2025-10-31T09:25:00+05:30,168.60,sl,-29.10,-8730.00,NIFTY_25850_PE_04_NOV_25.csv,88.70,106.44,2025-10-31T10:31:00+05:30,106.44,sl,-18.74,-5622.00,-14352.00,100.00,-14452.00,
NIFTY,2025-11-03,Monday,TRADED,,2025-11-04,2025-11-03T09:20:00+05:30,25687.45,25700,75,4,300,NIFTY_25700_CE_04_NOV_25.csv,106.05,127.26,2025-11-03T09:41:00+05:30,127.26,sl,-22.21,-6663.00,NIFTY_25700_PE_04_NOV_25.csv,85.15,102.18,2025-11-03T15:20:00+05:30,38.90,day_close,45.25,13575.00,6912.00,100.00,6812.00,
NIFTY,2025-11-04,Tuesday,TRADED,,2025-11-04,2025-11-04T09:20:00+05:30,25754.6,25750,75,4,300,NIFTY_25750_CE_04_NOV_25.csv,64.25,77.10,2025-11-04T15:20:00+05:30,0.15,day_close,63.10,18930.00,NIFTY_25750_PE_04_NOV_25.csv,56.00,67.20,2025-11-04T09:22:00+05:30,67.20,sl,-12.20,-3660.00,15270.00,100.00,15170.00,
SENSEX,2025-11-06,Thursday,TRADED,,2025-11-06,2025-11-06T09:20:00+05:30,83808.58,83800,10,10,100,SENSEX_83800_CE_06_NOV_25.csv,161.55,193.86,2025-11-06T15:20:00+05:30,0.15,day_close,160.40,16040.00,SENSEX_83800_PE_06_NOV_25.csv,159.50,191.40,2025-11-06T09:25:00+05:30,191.40,sl,-32.90,-3290.00,12750.00,100.00,12650.00,
NIFTY,2025-11-07,Friday,TRADED,,2025-11-11,2025-11-07T09:20:00+05:30,25374.2,25350,75,4,300,NIFTY_25350_CE_11_NOV_25.csv,131.35,157.62,2025-11-07T11:28:00+05:30,157.62,sl,-27.27,-8181.00,NIFTY_25350_PE_11_NOV_25.csv,74.50,89.40,2025-11-07T09:22:00+05:30,89.40,sl,-15.90,-4770.00,-12951.00,100.00,-13051.00,
NIFTY,2025-11-10,Monday,TRADED,,2025-11-11,2025-11-10T09:20:00+05:30,25551.65,25550,75,4,300,NIFTY_25550_CE_11_NOV_25.csv,94.20,113.04,2025-11-10T10:19:00+05:30,113.04,sl,-19.84,-5952.00,NIFTY_25550_PE_11_NOV_25.csv,64.15,76.98,2025-11-10T09:23:00+05:30,76.98,sl,-13.83,-4149.00,-10101.00,100.00,-10201.00,
NIFTY,2025-11-11,Tuesday,TRADED,,2025-11-11,2025-11-11T09:20:00+05:30,25544.65,25550,75,4,300,NIFTY_25550_CE_11_NOV_25.csv,61.05,73.26,2025-11-11T13:18:00+05:30,73.26,sl,-13.21,-3963.00,NIFTY_25550_PE_11_NOV_25.csv,55.00,66.00,2025-11-11T09:20:00+05:30,66.00,sl,-12.00,-3600.00,-7563.00,100.00,-7663.00,
SENSEX,2025-11-12,Wednesday,TRADED,,2025-11-13,2025-11-12T09:20:00+05:30,84267.03,84300,10,10,100,SENSEX_84300_CE_13_NOV_25.csv,250.85,301.02,2025-11-12T09:24:00+05:30,301.02,sl,-51.17,-5117.00,SENSEX_84300_PE_13_NOV_25.csv,240.30,288.36,2025-11-12T15:20:00+05:30,111.00,day_close,128.30,12830.00,7713.00,100.00,7613.00,
SENSEX,2025-11-13,Thursday,TRADED,,2025-11-13,2025-11-13T09:20:00+05:30,84367.2,84400,10,10,100,SENSEX_84400_CE_13_NOV_25.csv,131.00,157.20,2025-11-13T09:25:00+05:30,157.20,sl,-27.20,-2720.00,SENSEX_84400_PE_13_NOV_25.csv,176.25,211.50,2025-11-13T09:22:00+05:30,211.50,sl,-36.25,-3625.00,-6345.00,100.00,-6445.00,
NIFTY,2025-11-14,Friday,TRADED,,2025-11-18,2025-11-14T09:20:00+05:30,25811.1,25800,75,4,300,NIFTY_25800_CE_18_NOV_25.csv,159.00,190.80,2025-11-14T09:33:00+05:30,190.80,sl,-32.80,-9840.00,NIFTY_25800_PE_18_NOV_25.csv,109.15,130.98,2025-11-14T10:02:00+05:30,130.98,sl,-22.83,-6849.00,-16689.00,100.00,-16789.00,
NIFTY,2025-11-17,Monday,TRADED,,2025-11-18,2025-11-17T09:20:00+05:30,25952.45,25950,75,4,300,NIFTY_25950_CE_18_NOV_25.csv,97.40,116.88,2025-11-17T14:04:00+05:30,116.88,sl,-20.48,-6144.00,NIFTY_25950_PE_18_NOV_25.csv,74.50,89.40,2025-11-17T15:20:00+05:30,40.45,day_close,33.05,9915.00,3771.00,100.00,3671.00,
NIFTY,2025-11-18,Tuesday,TRADED,,2025-11-18,2025-11-18T09:20:00+05:30,25946.1,25950,75,4,300,NIFTY_25950_CE_18_NOV_25.csv,54.85,65.82,2025-11-18T09:26:00+05:30,65.82,sl,-11.97,-3591.00,NIFTY_25950_PE_18_NOV_25.csv,62.30,74.76,2025-11-18T09:50:00+05:30,74.76,sl,-13.46,-4038.00,-7629.00,100.00,-7729.00,
SENSEX,2025-11-19,Wednesday,TRADED,,2025-11-20,2025-11-19T09:20:00+05:30,84545.8,84500,10,10,100,SENSEX_84500_CE_20_NOV_25.csv,309.65,371.58,2025-11-19T09:24:00+05:30,371.58,sl,-62.93,-6293.00,SENSEX_84500_PE_20_NOV_25.csv,211.65,253.98,2025-11-19T15:20:00+05:30,49.55,day_close,161.10,16110.00,9817.00,100.00,9717.00,
SENSEX,2025-11-20,Thursday,TRADED,,2025-11-20,2025-11-20T09:20:00+05:30,85352.34,85400,10,10,100,SENSEX_85400_CE_20_NOV_25.csv,136.75,164.10,2025-11-20T10:47:00+05:30,164.10,sl,-28.35,-2835.00,SENSEX_85400_PE_20_NOV_25.csv,183.05,219.66,2025-11-20T09:24:00+05:30,219.66,sl,-37.61,-3761.00,-6596.00,100.00,-6696.00,
NIFTY,2025-11-21,Friday,TRADED,,2025-11-25,2025-11-21T09:20:00+05:30,26136.5,26150,75,4,300,NIFTY_26150_CE_25_NOV_25.csv,118.35,142.02,2025-11-21T15:20:00+05:30,73.00,day_close,44.35,13305.00,NIFTY_26150_PE_25_NOV_25.csv,110.75,132.90,2025-11-21T09:55:00+05:30,132.90,sl,-23.15,-6945.00,6360.00,100.00,6260.00,
NIFTY,2025-11-24,Monday,TRADED,,2025-11-25,2025-11-24T09:20:00+05:30,26096.95,26100,75,4,300,NIFTY_26100_CE_25_NOV_25.csv,98.30,117.96,2025-11-24T15:20:00+05:30,30.80,day_close,66.50,19950.00,NIFTY_26100_PE_25_NOV_25.csv,72.50,87.00,2025-11-24T09:45:00+05:30,87.00,sl,-15.50,-4650.00,15300.00,100.00,15200.00,
NIFTY,2025-11-25,Tuesday,TRADED,,2025-11-25,2025-11-25T09:20:00+05:30,25963.75,25950,75,4,300,NIFTY_25950_CE_25_NOV_25.csv,63.00,75.60,2025-11-25T09:54:00+05:30,75.60,sl,-13.60,-4080.00,NIFTY_25950_PE_25_NOV_25.csv,46.95,56.34,2025-11-25T09:21:00+05:30,56.34,sl,-10.39,-3117.00,-7197.00,100.00,-7297.00,
SENSEX,2025-11-26,Wednesday,TRADED,,2025-11-27,2025-11-26T09:20:00+05:30,84854.54,84900,10,10,100,SENSEX_84900_CE_27_NOV_25.csv,275.45,330.54,2025-11-26T09:43:00+05:30,330.54,sl,-56.09,-5609.00,SENSEX_84900_PE_27_NOV_25.csv,190.15,228.18,2025-11-26T15:20:00+05:30,40.30,day_close,148.85,14885.00,9276.00,100.00,9176.00,
SENSEX,2025-11-27,Thursday,TRADED,,2025-11-27,2025-11-27T09:20:00+05:30,85781.92,85800,10,10,100,SENSEX_85800_CE_27_NOV_25.csv,160.00,192.00,2025-11-27T09:21:00+05:30,192.00,sl,-33.00,-3300.00,SENSEX_85800_PE_27_NOV_25.csv,144.90,173.88,2025-11-27T09:43:00+05:30,173.88,sl,-29.98,-2998.00,-6298.00,100.00,-6398.00,
NIFTY,2025-11-28,Friday,TRADED,,2025-12-02,2025-11-28T09:20:00+05:30,26242.95,26250,75,4,300,NIFTY_26250_CE_02_DEC_25.csv,114.25,137.10,2025-11-28T15:20:00+05:30,82.05,day_close,31.20,9360.00,NIFTY_26250_PE_02_DEC_25.csv,93.95,112.74,2025-11-28T15:20:00+05:30,90.40,day_close,2.55,765.00,10125.00,100.00,10025.00,
NIFTY,2025-12-01,Monday,TRADED,,2025-12-02,2025-12-01T09:20:00+05:30,26283.5,26300,75,4,300,NIFTY_26300_CE_02_DEC_25.csv,81.40,97.68,2025-12-01T15:20:00+05:30,23.15,day_close,57.25,17175.00,NIFTY_26300_PE_02_DEC_25.csv,73.55,88.26,2025-12-01T10:51:00+05:30,88.26,sl,-15.71,-4713.00,12462.00,100.00,12362.00,
NIFTY,2025-12-02,Tuesday,TRADED,,2025-12-02,2025-12-02T09:20:00+05:30,26141.55,26150,75,4,300,NIFTY_26150_CE_02_DEC_25.csv,50.95,61.14,2025-12-02T15:20:00+05:30,0.05,day_close,49.90,14970.00,NIFTY_26150_PE_02_DEC_25.csv,51.10,61.32,2025-12-02T09:30:00+05:30,61.32,sl,-11.22,-3366.00,11604.00,100.00,11504.00,
SENSEX,2025-12-03,Wednesday,TRADED,,2025-12-04,2025-12-03T09:20:00+05:30,85190.19,85200,10,10,100,SENSEX_85200_CE_04_DEC_25.csv,244.50,293.40,2025-12-03T15:20:00+05:30,157.55,day_close,85.95,8595.00,SENSEX_85200_PE_04_DEC_25.csv,234.90,281.88,2025-12-03T09:27:00+05:30,281.88,sl,-47.98,-4798.00,3797.00,100.00,3697.00,
SENSEX,2025-12-04,Thursday,TRADED,,2025-12-04,2025-12-04T09:20:00+05:30,85002.65,85000,10,10,100,SENSEX_85000_CE_04_DEC_25.csv,129.20,155.04,2025-12-04T09:23:00+05:30,156.70,gap_sl,-28.50,-2850.00,SENSEX_85000_PE_04_DEC_25.csv,164.75,197.70,2025-12-04T15:20:00+05:30,0.15,day_close,163.60,16360.00,13510.00,100.00,13410.00,
NIFTY,2025-12-05,Friday,TRADED,,2025-12-09,2025-12-05T09:20:00+05:30,26051.35,26050,75,4,300,NIFTY_26050_CE_09_DEC_25.csv,118.75,142.50,2025-12-05T10:04:00+05:30,142.50,sl,-24.75,-7425.00,NIFTY_26050_PE_09_DEC_25.csv,88.40,106.08,2025-12-05T10:00:00+05:30,106.08,sl,-18.68,-5604.00,-13029.00,100.00,-13129.00,
NIFTY,2025-12-08,Monday,TRADED,,2025-12-09,2025-12-08T09:20:00+05:30,26157.35,26150,75,4,300,NIFTY_26150_CE_09_DEC_25.csv,88.00,105.60,2025-12-08T15:20:00+05:30,11.15,day_close,75.85,22755.00,NIFTY_26150_PE_09_DEC_25.csv,57.50,69.00,2025-12-08T09:27:00+05:30,69.00,sl,-12.50,-3750.00,19005.00,100.00,18905.00,
NIFTY,2025-12-09,Tuesday,TRADED,,2025-12-09,2025-12-09T09:20:00+05:30,25819.6,25800,75,4,300,NIFTY_25800_CE_09_DEC_25.csv,72.90,87.48,2025-12-09T10:19:00+05:30,87.48,sl,-15.58,-4674.00,NIFTY_25800_PE_09_DEC_25.csv,40.15,48.18,2025-12-09T09:20:00+05:30,48.18,sl,-9.03,-2709.00,-7383.00,100.00,-7483.00,
SENSEX,2025-12-10,Wednesday,TRADED,,2025-12-11,2025-12-10T09:20:00+05:30,84802.23,84800,10,10,100,SENSEX_84800_CE_11_DEC_25.csv,289.10,346.92,2025-12-10T09:42:00+05:30,346.92,sl,-58.82,-5882.00,SENSEX_84800_PE_11_DEC_25.csv,232.75,279.30,2025-12-10T09:25:00+05:30,279.30,sl,-47.55,-4755.00,-10637.00,100.00,-10737.00,
SENSEX,2025-12-11,Thursday,TRADED,,2025-12-11,2025-12-11T09:20:00+05:30,84368.29,84400,10,10,100,SENSEX_84400_CE_11_DEC_25.csv,194.10,232.92,2025-12-11T09:21:00+05:30,232.92,sl,-39.82,-3982.00,SENSEX_84400_PE_11_DEC_25.csv,169.20,203.04,2025-12-11T09:37:00+05:30,203.04,sl,-34.84,-3484.00,-7466.00,100.00,-7566.00,
NIFTY,2025-12-12,Friday,TRADED,,2025-12-16,2025-12-12T09:20:00+05:30,26003.3,26000,75,4,300,NIFTY_26000_CE_16_DEC_25.csv,108.95,130.74,2025-12-12T09:37:00+05:30,130.74,sl,-22.79,-6837.00,NIFTY_26000_PE_16_DEC_25.csv,83.00,99.60,2025-12-12T10:24:00+05:30,99.60,sl,-17.60,-5280.00,-12117.00,100.00,-12217.00,
NIFTY,2025-12-15,Monday,TRADED,,2025-12-16,2025-12-15T09:20:00+05:30,25952.3,25950,75,4,300,NIFTY_25950_CE_16_DEC_25.csv,78.55,94.26,2025-12-15T10:54:00+05:30,94.26,sl,-16.71,-5013.00,NIFTY_25950_PE_16_DEC_25.csv,71.35,85.62,2025-12-15T09:24:00+05:30,85.62,sl,-15.27,-4581.00,-9594.00,100.00,-9694.00,
NIFTY,2025-12-16,Tuesday,TRADED,,2025-12-16,2025-12-16T09:20:00+05:30,25938.35,25950,75,4,300,NIFTY_25950_CE_16_DEC_25.csv,45.60,54.72,2025-12-16T15:20:00+05:30,0.05,day_close,44.55,13365.00,NIFTY_25950_PE_16_DEC_25.csv,56.50,67.80,2025-12-16T09:30:00+05:30,67.80,sl,-12.30,-3690.00,9675.00,100.00,9575.00,
SENSEX,2025-12-17,Wednesday,TRADED,,2025-12-18,2025-12-17T09:20:00+05:30,84710.35,84700,10,10,100,SENSEX_84700_CE_18_DEC_25.csv,274.80,329.76,2025-12-17T09:22:00+05:30,329.76,sl,-55.96,-5596.00,SENSEX_84700_PE_18_DEC_25.csv,201.50,241.80,2025-12-17T10:04:00+05:30,241.80,sl,-41.30,-4130.00,-9726.00,100.00,-9826.00,
SENSEX,2025-12-18,Thursday,TRADED,,2025-12-18,2025-12-18T09:20:00+05:30,84397.76,84400,10,10,100,SENSEX_84400_CE_18_DEC_25.csv,160.25,192.30,2025-12-18T09:24:00+05:30,192.30,sl,-33.05,-3305.00,SENSEX_84400_PE_18_DEC_25.csv,141.90,170.28,2025-12-18T09:42:00+05:30,170.28,sl,-29.38,-2938.00,-6243.00,100.00,-6343.00,
NIFTY,2025-12-19,Friday,TRADED,,2025-12-23,2025-12-19T09:20:00+05:30,25924.1,25900,75,4,300,NIFTY_25900_CE_23_DEC_25.csv,116.45,139.74,2025-12-19T09:30:00+05:30,139.74,sl,-24.29,-7287.00,NIFTY_25900_PE_23_DEC_25.csv,73.65,88.38,2025-12-19T15:20:00+05:30,44.90,day_close,27.75,8325.00,1038.00,100.00,938.00,
NIFTY,2025-12-22,Monday,TRADED,,2025-12-23,2025-12-22T09:20:00+05:30,26094.55,26100,75,4,300,NIFTY_26100_CE_23_DEC_25.csv,76.00,91.20,2025-12-22T14:34:00+05:30,91.20,sl,-16.20,-4860.00,NIFTY_26100_PE_23_DEC_25.csv,60.00,72.00,2025-12-22T15:20:00+05:30,33.25,day_close,25.75,7725.00,2865.00,100.00,2765.00,
NIFTY,2025-12-23,Tuesday,TRADED,,2025-12-23,2025-12-23T09:20:00+05:30,26166.65,26150,75,4,300,NIFTY_26150_CE_23_DEC_25.csv,54.35,65.22,2025-12-23T14:15:00+05:30,65.22,sl,-11.87,-3561.00,NIFTY_26150_PE_23_DEC_25.csv,40.00,48.00,2025-12-23T09:22:00+05:30,48.00,sl,-9.00,-2700.00,-6261.00,100.00,-6361.00,
SENSEX,2025-12-24,Wednesday,TRADED,,2025-12-24,2025-12-24T09:20:00+05:30,85595.11,85600,10,10,100,SENSEX_85600_CE_24_DEC_25.csv,127.35,152.82,2025-12-24T09:33:00+05:30,152.82,sl,-26.47,-2647.00,SENSEX_85600_PE_24_DEC_25.csv,154.40,185.28,2025-12-24T13:32:00+05:30,185.28,sl,-31.88,-3188.00,-5835.00,100.00,-5935.00,
NIFTY,2025-12-26,Friday,TRADED,,2025-12-30,2025-12-26T09:20:00+05:30,26128.8,26150,75,4,300,NIFTY_26150_CE_30_DEC_25.csv,67.95,81.54,2025-12-26T15:20:00+05:30,32.60,day_close,34.35,10305.00,NIFTY_26150_PE_30_DEC_25.csv,89.45,107.34,2025-12-26T09:52:00+05:30,108.55,gap_sl,-20.10,-6030.00,4275.00,100.00,4175.00,
NIFTY,2025-12-29,Monday,TRADED,,2025-12-30,2025-12-29T09:20:00+05:30,26050.85,26050,75,4,300,NIFTY_26050_CE_30_DEC_25.csv,63.00,75.60,2025-12-29T09:33:00+05:30,75.60,sl,-13.60,-4080.00,NIFTY_26050_PE_30_DEC_25.csv,51.30,61.56,2025-12-29T10:33:00+05:30,61.56,sl,-11.26,-3378.00,-7458.00,100.00,-7558.00,
NIFTY,2025-12-30,Tuesday,TRADED,,2025-12-30,2025-12-30T09:20:00+05:30,25908.65,25900,75,4,300,NIFTY_25900_CE_30_DEC_25.csv,42.20,50.64,2025-12-30T09:36:00+05:30,50.64,sl,-9.44,-2832.00,NIFTY_25900_PE_30_DEC_25.csv,36.10,43.32,2025-12-30T09:20:00+05:30,43.32,sl,-8.22,-2466.00,-5298.00,100.00,-5398.00,
SENSEX,2025-12-31,Wednesday,TRADED,,2026-01-01,2025-12-31T09:20:00+05:30,84888.82,84900,10,10,100,SENSEX_84900_CE_01_JAN_26.csv,218.55,262.26,2025-12-31T12:08:00+05:30,262.26,sl,-44.71,-4471.00,SENSEX_84900_PE_01_JAN_26.csv,153.35,184.02,2025-12-31T09:25:00+05:30,184.02,sl,-31.67,-3167.00,-7638.00,100.00,-7738.00,
SENSEX,2026-01-01,Thursday,TRADED,,2026-01-01,2026-01-01T09:20:00+05:30,85329.69,85300,10,10,100,SENSEX_85300_CE_01_JAN_26.csv,139.94,167.93,2026-01-01T09:29:00+05:30,167.93,sl,-28.99,-2898.80,SENSEX_85300_PE_01_JAN_26.csv,112.00,134.40,2026-01-01T09:26:00+05:30,134.40,sl,-23.40,-2340.00,-5238.80,100.00,-5338.80,
NIFTY,2026-01-02,Friday,TRADED,,2026-01-06,2026-01-02T09:20:00+05:30,26181.75,26200,65,5,325,NIFTY_26200_CE_06_JAN_26.csv,72.80,87.36,2026-01-02T09:28:00+05:30,87.36,sl,-15.56,-5057.00,NIFTY_26200_PE_06_JAN_26.csv,71.40,85.68,2026-01-02T15:20:00+05:30,27.45,day_close,42.95,13958.75,8901.75,100.00,8801.75,
NIFTY,2026-01-05,Monday,TRADED,,2026-01-06,2026-01-05T09:20:00+05:30,26340.95,26350,65,5,325,NIFTY_26350_CE_06_JAN_26.csv,58.55,70.26,2026-01-05T10:21:00+05:30,70.26,sl,-12.71,-4130.75,NIFTY_26350_PE_06_JAN_26.csv,67.55,81.06,2026-01-05T09:21:00+05:30,81.06,sl,-14.51,-4715.75,-8846.50,100.00,-8946.50,
NIFTY,2026-01-06,Tuesday,TRADED,,2026-01-06,2026-01-06T09:20:00+05:30,26194.95,26200,65,5,325,NIFTY_26200_CE_06_JAN_26.csv,47.45,56.94,2026-01-06T09:35:00+05:30,56.94,sl,-10.49,-3409.25,NIFTY_26200_PE_06_JAN_26.csv,40.54,48.65,2026-01-06T09:28:00+05:30,48.65,sl,-9.11,-2960.10,-6369.35,100.00,-6469.35,
SENSEX,2026-01-07,Wednesday,TRADED,,2026-01-08,2026-01-07T09:20:00+05:30,84921.92,84900,10,10,100,SENSEX_84900_CE_08_JAN_26.csv,212.40,254.88,2026-01-07T09:21:00+05:30,254.88,sl,-43.48,-4348.00,SENSEX_84900_PE_08_JAN_26.csv,171.55,205.86,2026-01-07T09:53:00+05:30,205.86,sl,-35.31,-3531.00,-7879.00,100.00,-7979.00,
SENSEX,2026-01-08,Thursday,TRADED,,2026-01-08,2026-01-08T09:20:00+05:30,84906.94,84900,10,10,100,SENSEX_84900_CE_08_JAN_26.csv,123.35,148.02,2026-01-08T15:20:00+05:30,0.35,day_close,122.00,12200.00,SENSEX_84900_PE_08_JAN_26.csv,138.00,165.60,2026-01-08T09:25:00+05:30,165.60,sl,-28.60,-2860.00,9340.00,100.00,9240.00,
NIFTY,2026-01-09,Friday,TRADED,,2026-01-13,2026-01-09T09:20:00+05:30,25938.85,25950,65,5,325,NIFTY_25950_CE_13_JAN_26.csv,92.45,110.94,2026-01-09T15:20:00+05:30,25.60,day_close,65.85,21401.25,NIFTY_25950_PE_13_JAN_26.csv,88.95,106.74,2026-01-09T09:21:00+05:30,106.74,sl,-18.79,-6106.75,15294.50,100.00,15194.50,
NIFTY,2026-01-12,Monday,TRADED,,2026-01-13,2026-01-12T09:20:00+05:30,25610.65,25600,65,5,325,NIFTY_25600_CE_13_JAN_26.csv,105.25,126.30,2026-01-12T12:21:00+05:30,126.30,sl,-22.05,-7166.25,NIFTY_25600_PE_13_JAN_26.csv,63.20,75.84,2026-01-12T09:21:00+05:30,75.84,sl,-13.64,-4433.00,-11599.25,100.00,-11699.25,
NIFTY,2026-01-13,Tuesday,TRADED,,2026-01-13,2026-01-13T09:20:00+05:30,25845.75,25850,65,5,325,NIFTY_25850_CE_13_JAN_26.csv,51.60,61.92,2026-01-13T15:20:00+05:30,0.15,day_close,50.45,16396.25,NIFTY_25850_PE_13_JAN_26.csv,69.84,83.81,2026-01-13T09:27:00+05:30,83.81,sl,-14.97,-4864.60,11531.65,100.00,11431.65,
SENSEX,2026-01-14,Wednesday,TRADED,,2026-01-14,2026-01-14T09:20:00+05:30,83486.16,83500,10,10,100,SENSEX_83500_CE_14_JAN_26.csv,166.35,199.62,2026-01-14T09:20:00+05:30,199.62,sl,-34.27,-3427.00,SENSEX_83500_PE_14_JAN_26.csv,197.75,237.30,2026-01-14T13:57:00+05:30,237.30,sl,-40.55,-4055.00,-7482.00,100.00,-7582.00,
NIFTY,2026-01-16,Friday,TRADED,,2026-01-20,2026-01-16T09:20:00+05:30,25730.35,25750,65,5,325,NIFTY_25750_CE_20_JAN_26.csv,121.45,145.74,2026-01-16T10:11:00+05:30,145.74,sl,-25.29,-8219.25,NIFTY_25750_PE_20_JAN_26.csv,105.70,126.84,2026-01-16T09:33:00+05:30,126.84,sl,-22.14,-7195.50,-15414.75,100.00,-15514.75,
NIFTY,2026-01-19,Monday,TRADED,,2026-01-20,2026-01-19T09:20:00+05:30,25597.65,25600,65,5,325,NIFTY_25600_CE_20_JAN_26.csv,77.25,92.70,2026-01-19T14:05:00+05:30,92.70,sl,-16.45,-5346.25,NIFTY_25600_PE_20_JAN_26.csv,103.90,124.68,2026-01-19T10:00:00+05:30,124.68,sl,-21.78,-7078.50,-12424.75,100.00,-12524.75,
NIFTY,2026-01-20,Tuesday,TRADED,,2026-01-20,2026-01-20T09:20:00+05:30,25559.3,25550,65,5,325,NIFTY_25550_CE_20_JAN_26.csv,58.20,69.84,2026-01-20T15:20:00+05:30,0.20,day_close,57.00,18525.00,NIFTY_25550_PE_20_JAN_26.csv,53.05,63.66,2026-01-20T09:22:00+05:30,63.66,sl,-11.61,-3773.25,14751.75,100.00,14651.75,
SENSEX,2026-01-21,Wednesday,TRADED,,2026-01-22,2026-01-21T09:20:00+05:30,82173.06,82200,10,10,100,SENSEX_82200_CE_22_JAN_26.csv,332.00,398.40,2026-01-21T12:41:00+05:30,398.40,sl,-67.40,-6740.00,SENSEX_82200_PE_22_JAN_26.csv,294.00,352.80,2026-01-21T09:22:00+05:30,352.80,sl,-59.80,-5980.00,-12720.00,100.00,-12820.00,
SENSEX,2026-01-22,Thursday,TRADED,,2026-01-22,2026-01-22T09:20:00+05:30,82416.33,82400,10,10,100,SENSEX_82400_CE_22_JAN_26.csv,240.25,288.30,2026-01-22T09:22:00+05:30,288.30,sl,-49.05,-4905.00,SENSEX_82400_PE_22_JAN_26.csv,209.30,251.16,2026-01-22T10:28:00+05:30,251.16,sl,-42.86,-4286.00,-9191.00,100.00,-9291.00,
NIFTY,2026-01-23,Friday,TRADED,,2026-01-27,2026-01-23T09:20:00+05:30,25274.8,25250,65,5,325,NIFTY_25250_CE_27_JAN_26.csv,160.90,193.08,2026-01-23T15:20:00+05:30,45.65,day_close,114.25,37131.25,NIFTY_25250_PE_27_JAN_26.csv,99.00,118.80,2026-01-23T11:47:00+05:30,118.80,sl,-20.80,-6760.00,30371.25,100.00,30271.25,
NIFTY,2026-01-27,Tuesday,TRADED,,2026-01-27,2026-01-27T09:20:00+05:30,25007.5,25000,65,5,325,NIFTY_25000_CE_27_JAN_26.csv,118.45,142.14,2026-01-27T09:38:00+05:30,142.14,sl,-24.69,-8024.25,NIFTY_25000_PE_27_JAN_26.csv,89.00,106.80,2026-01-27T09:20:00+05:30,106.80,sl,-18.80,-6110.00,-14134.25,100.00,-14234.25,
SENSEX,2026-01-28,Wednesday,TRADED,,2026-01-29,2026-01-28T09:20:00+05:30,82397.4,82400,10,10,100,SENSEX_82400_CE_29_JAN_26.csv,393.35,472.02,2026-01-28T15:20:00+05:30,268.40,day_close,123.95,12395.00,SENSEX_82400_PE_29_JAN_26.csv,357.80,429.36,2026-01-28T10:08:00+05:30,429.36,sl,-72.56,-7256.00,5139.00,100.00,5039.00,
SENSEX,2026-01-29,Thursday,TRADED,,2026-01-29,2026-01-29T09:20:00+05:30,82103.17,82100,10,10,100,SENSEX_82100_CE_29_JAN_26.csv,230.95,277.14,2026-01-29T12:50:00+05:30,277.14,sl,-47.19,-4719.00,SENSEX_82100_PE_29_JAN_26.csv,218.60,262.32,2026-01-29T09:22:00+05:30,262.32,sl,-44.72,-4472.00,-9191.00,100.00,-9291.00,
NIFTY,2026-01-30,Friday,TRADED,,2026-02-03,2026-01-30T09:20:00+05:30,25257.8,25250,65,5,325,NIFTY_25250_CE_03_FEB_26.csv,210.75,252.90,2026-01-30T13:54:00+05:30,252.90,sl,-43.15,-14023.75,NIFTY_25250_PE_03_FEB_26.csv,183.20,219.84,2026-01-30T13:16:00+05:30,219.84,sl,-37.64,-12233.00,-26256.75,100.00,-26356.75,
NIFTY,2026-02-02,Monday,TRADED,,2026-02-03,2026-02-02T09:20:00+05:30,24810.45,24800,65,5,325,NIFTY_24800_CE_03_FEB_26.csv,169.95,203.94,2026-02-02T09:23:00+05:30,203.94,sl,-34.99,-11371.75,NIFTY_24800_PE_03_FEB_26.csv,174.15,208.98,2026-02-02T15:20:00+05:30,19.85,day_close,153.30,49822.50,38450.75,100.00,38350.75,
NIFTY,2026-02-03,Tuesday,TRADED,,2026-02-03,2026-02-03T09:20:00+05:30,25811.1,25800,65,5,325,NIFTY_25800_CE_03_FEB_26.csv,152.30,182.76,2026-02-03T15:20:00+05:30,0.15,day_close,151.15,49123.75,NIFTY_25800_PE_03_FEB_26.csv,153.70,184.44,2026-02-03T09:45:00+05:30,184.44,sl,-31.74,-10315.50,38808.25,100.00,38708.25,
SENSEX,2026-02-04,Wednesday,TRADED,,2026-02-05,2026-02-04T09:20:00+05:30,83609.83,83600,10,10,100,SENSEX_83600_CE_05_FEB_26.csv,351.35,421.62,2026-02-04T09:25:00+05:30,421.62,sl,-71.27,-7127.00,SENSEX_83600_PE_05_FEB_26.csv,374.70,449.64,2026-02-04T15:20:00+05:30,169.05,day_close,204.65,20465.00,13338.00,100.00,13238.00,
SENSEX,2026-02-05,Thursday,TRADED,,2026-02-05,2026-02-05T09:20:00+05:30,83693.16,83700,10,10,100,SENSEX_83700_CE_05_FEB_26.csv,176.40,211.68,2026-02-05T15:20:00+05:30,0.10,day_close,175.30,17530.00,SENSEX_83700_PE_05_FEB_26.csv,214.20,257.04,2026-02-05T09:20:00+05:30,257.04,sl,-43.84,-4384.00,13146.00,100.00,13046.00,
NIFTY,2026-02-06,Friday,TRADED,,2026-02-10,2026-02-06T09:20:00+05:30,25600.65,25600,65,5,325,NIFTY_25600_CE_10_FEB_26.csv,127.55,153.06,2026-02-06T15:20:00+05:30,140.20,day_close,-13.65,-4436.25,NIFTY_25600_PE_10_FEB_26.csv,123.65,148.38,2026-02-06T09:43:00+05:30,148.38,sl,-25.73,-8362.25,-12798.50,100.00,-12898.50,
NIFTY,2026-02-09,Monday,TRADED,,2026-02-10,2026-02-09T09:20:00+05:30,25814.3,25800,65,5,325,NIFTY_25800_CE_10_FEB_26.csv,103.30,123.96,2026-02-09T10:55:00+05:30,123.96,sl,-21.66,-7039.50,NIFTY_25800_PE_10_FEB_26.csv,72.95,87.54,2026-02-09T15:20:00+05:30,46.85,day_close,25.10,8157.50,1118.00,100.00,1018.00,
NIFTY,2026-02-10,Tuesday,TRADED,,2026-02-10,2026-02-10T09:20:00+05:30,25918.1,25900,65,5,325,NIFTY_25900_CE_10_FEB_26.csv,60.55,72.66,2026-02-10T09:34:00+05:30,72.66,sl,-13.11,-4260.75,NIFTY_25900_PE_10_FEB_26.csv,40.50,48.60,2026-02-10T09:23:00+05:30,48.60,sl,-9.10,-2957.50,-7218.25,100.00,-7318.25,
SENSEX,2026-02-11,Wednesday,TRADED,,2026-02-12,2026-02-11T09:20:00+05:30,84410.92,84400,10,10,100,SENSEX_84400_CE_12_FEB_26.csv,257.55,309.06,2026-02-11T15:20:00+05:30,131.15,day_close,125.40,12540.00,SENSEX_84400_PE_12_FEB_26.csv,194.55,233.46,2026-02-11T09:32:00+05:30,233.46,sl,-39.91,-3991.00,8549.00,100.00,8449.00,
SENSEX,2026-02-12,Thursday,TRADED,,2026-02-12,2026-02-12T09:20:00+05:30,83904.48,83900,10,10,100,SENSEX_83900_CE_12_FEB_26.csv,167.45,200.94,2026-02-12T15:20:00+05:30,0.30,day_close,166.15,16615.00,SENSEX_83900_PE_12_FEB_26.csv,131.75,158.10,2026-02-12T09:22:00+05:30,158.10,sl,-27.35,-2735.00,13880.00,100.00,13780.00,
NIFTY,2026-02-13,Friday,TRADED,,2026-02-17,2026-02-13T09:20:00+05:30,25597.1,25600,65,5,325,NIFTY_25600_CE_17_FEB_26.csv,122.95,147.54,2026-02-13T15:20:00+05:30,72.70,day_close,49.25,16006.25,NIFTY_25600_PE_17_FEB_26.csv,93.20,111.84,2026-02-13T09:32:00+05:30,111.84,sl,-19.64,-6383.00,9623.25,100.00,9523.25,
NIFTY,2026-02-16,Monday,TRADED,,2026-02-17,2026-02-16T09:20:00+05:30,25473.05,25450,65,5,325,NIFTY_25450_CE_17_FEB_26.csv,108.85,130.62,2026-02-16T10:02:00+05:30,130.62,sl,-22.77,-7400.25,NIFTY_25450_PE_17_FEB_26.csv,80.05,96.06,2026-02-16T15:20:00+05:30,24.05,day_close,55.00,17875.00,10474.75,100.00,10374.75,
NIFTY,2026-02-17,Tuesday,TRADED,,2026-02-17,2026-02-17T09:20:00+05:30,25610.45,25600,65,5,325,NIFTY_25600_CE_17_FEB_26.csv,49.20,59.04,2026-02-17T09:42:00+05:30,59.04,sl,-10.84,-3523.00,NIFTY_25600_PE_17_FEB_26.csv,51.45,61.74,2026-02-17T09:20:00+05:30,61.74,sl,-11.29,-3669.25,-7192.25,100.00,-7292.25,
SENSEX,2026-02-18,Wednesday,TRADED,,2026-02-19,2026-02-18T09:20:00+05:30,83508.15,83500,10,10,100,SENSEX_83500_CE_19_FEB_26.csv,246.85,296.22,2026-02-18T14:21:00+05:30,296.22,sl,-50.37,-5037.00,SENSEX_83500_PE_19_FEB_26.csv,237.55,285.06,2026-02-18T09:23:00+05:30,285.06,sl,-48.51,-4851.00,-9888.00,100.00,-9988.00,
SENSEX,2026-02-19,Thursday,TRADED,,2026-02-19,2026-02-19T09:20:00+05:30,83832.82,83800,10,10,100,SENSEX_83800_CE_19_FEB_26.csv,150.15,180.18,2026-02-19T09:21:00+05:30,180.18,sl,-31.03,-3103.00,SENSEX_83800_PE_19_FEB_26.csv,126.80,152.16,2026-02-19T09:25:00+05:30,152.16,sl,-26.36,-2636.00,-5739.00,100.00,-5839.00,
NIFTY,2026-02-20,Friday,TRADED,,2026-02-24,2026-02-20T09:20:00+05:30,25453.25,25450,65,5,325,NIFTY_25450_CE_24_FEB_26.csv,139.00,166.80,2026-02-20T09:48:00+05:30,166.80,sl,-28.80,-9360.00,NIFTY_25450_PE_24_FEB_26.csv,116.15,139.38,2026-02-20T09:25:00+05:30,139.38,sl,-24.23,-7874.75,-17234.75,100.00,-17334.75,
NIFTY,2026-02-23,Monday,TRADED,,2026-02-24,2026-02-23T09:20:00+05:30,25698.15,25700,65,5,325,NIFTY_25700_CE_24_FEB_26.csv,106.25,127.50,2026-02-23T09:24:00+05:30,127.50,sl,-22.25,-7231.25,NIFTY_25700_PE_24_FEB_26.csv,102.35,122.82,2026-02-23T10:44:00+05:30,122.82,sl,-21.47,-6977.75,-14209.00,100.00,-14309.00,
NIFTY,2026-02-24,Tuesday,TRADED,,2026-02-24,2026-02-24T09:20:00+05:30,25571.25,25550,65,5,325,NIFTY_25550_CE_24_FEB_26.csv,77.25,92.70,2026-02-24T15:20:00+05:30,0.15,day_close,76.10,24732.50,NIFTY_25550_PE_24_FEB_26.csv,56.30,67.56,2026-02-24T09:30:00+05:30,67.56,sl,-12.26,-3984.50,20748.00,100.00,20648.00,
SENSEX,2026-02-25,Wednesday,TRADED,,2026-02-26,2026-02-25T09:20:00+05:30,82696.13,82700,10,10,100,SENSEX_82700_CE_26_FEB_26.csv,335.20,402.24,2026-02-25T10:13:00+05:30,402.24,sl,-68.04,-6804.00,SENSEX_82700_PE_26_FEB_26.csv,269.55,323.46,2026-02-25T12:33:00+05:30,323.46,sl,-54.91,-5491.00,-12295.00,100.00,-12395.00,
SENSEX,2026-02-26,Thursday,TRADED,,2026-02-26,2026-02-26T09:20:00+05:30,82426.77,82400,10,10,100,SENSEX_82400_CE_26_FEB_26.csv,229.25,275.10,2026-02-26T09:45:00+05:30,275.10,sl,-46.85,-4685.00,SENSEX_82400_PE_26_FEB_26.csv,163.90,196.68,2026-02-26T09:21:00+05:30,196.68,sl,-33.78,-3378.00,-8063.00,100.00,-8163.00,
NIFTY,2026-02-27,Friday,TRADED,,2026-03-02,2026-02-27T09:20:00+05:30,25394.8,25400,65,5,325,NIFTY_25400_CE_02_MAR_26.csv,109.60,131.52,2026-02-27T15:20:00+05:30,39.25,day_close,69.35,22538.75,NIFTY_25400_PE_02_MAR_26.csv,111.40,133.68,2026-02-27T09:30:00+05:30,133.68,sl,-23.28,-7566.00,14972.75,100.00,14872.75,
NIFTY,2026-03-02,Monday,TRADED,,2026-03-02,2026-03-02T09:20:00+05:30,24893.1,24900,65,5,325,NIFTY_24900_CE_02_MAR_26.csv,105.45,126.54,2026-03-02T09:20:00+05:30,126.54,sl,-22.09,-7179.25,NIFTY_24900_PE_02_MAR_26.csv,113.05,135.66,2026-03-02T11:58:00+05:30,135.66,sl,-23.61,-7673.25,-14852.50,100.00,-14952.50,
SENSEX,2026-03-04,Wednesday,TRADED,,2026-03-05,2026-03-04T09:20:00+05:30,78680.92,78700,10,10,100,SENSEX_78700_CE_05_MAR_26.csv,605.35,726.42,2026-03-04T10:27:00+05:30,726.42,sl,-122.07,-12207.00,SENSEX_78700_PE_05_MAR_26.csv,604.80,725.76,2026-03-04T15:20:00+05:30,439.10,day_close,164.70,16470.00,4263.00,100.00,4163.00,
SENSEX,2026-03-05,Thursday,TRADED,,2026-03-05,2026-03-05T09:20:00+05:30,79439.1,79400,10,10,100,SENSEX_79400_CE_05_MAR_26.csv,314.55,377.46,2026-03-05T09:54:00+05:30,377.46,sl,-63.91,-6391.00,SENSEX_79400_PE_05_MAR_26.csv,252.20,302.64,2026-03-05T09:21:00+05:30,302.64,sl,-51.44,-5144.00,-11535.00,100.00,-11635.00,
NIFTY,2026-03-06,Friday,TRADED,,2026-03-10,2026-03-06T09:20:00+05:30,24594.9,24600,65,5,325,NIFTY_24600_CE_10_MAR_26.csv,210.85,253.02,2026-03-06T09:28:00+05:30,253.02,sl,-43.17,-14030.25,NIFTY_24600_PE_10_MAR_26.csv,216.70,260.04,2026-03-06T14:48:00+05:30,261.15,gap_sl,-45.45,-14771.25,-28801.50,100.00,-28901.50,
NIFTY,2026-03-09,Monday,TRADED,,2026-03-10,2026-03-09T09:20:00+05:30,23779.0,23800,65,5,325,NIFTY_23800_CE_10_MAR_26.csv,238.05,285.66,2026-03-09T11:40:00+05:30,285.66,sl,-48.61,-15798.25,NIFTY_23800_PE_10_MAR_26.csv,245.30,294.36,2026-03-09T15:20:00+05:30,103.45,day_close,140.85,45776.25,29978.00,100.00,29878.00,
NIFTY,2026-03-10,Tuesday,TRADED,,2026-03-10,2026-03-10T09:20:00+05:30,24150.7,24150,65,5,325,NIFTY_24150_CE_10_MAR_26.csv,95.70,114.84,2026-03-10T10:15:00+05:30,114.84,sl,-20.14,-6545.50,NIFTY_24150_PE_10_MAR_26.csv,92.75,111.30,2026-03-10T09:36:00+05:30,111.30,sl,-19.55,-6353.75,-12899.25,100.00,-12999.25,
SENSEX,2026-03-11,Wednesday,TRADED,,2026-03-12,2026-03-11T09:20:00+05:30,78308.92,78300,10,10,100,SENSEX_78300_CE_12_MAR_26.csv,420.85,505.02,2026-03-11T15:20:00+05:30,53.45,day_close,366.40,36640.00,SENSEX_78300_PE_12_MAR_26.csv,420.80,504.96,2026-03-11T09:24:00+05:30,504.96,sl,-85.16,-8516.00,28124.00,100.00,28024.00,
SENSEX,2026-03-12,Thursday,TRADED,,2026-03-12,2026-03-12T09:20:00+05:30,75904.45,75900,10,10,100,SENSEX_75900_CE_12_MAR_26.csv,280.95,337.14,2026-03-12T09:20:00+05:30,337.14,sl,-57.19,-5719.00,SENSEX_75900_PE_12_MAR_26.csv,241.70,290.04,2026-03-12T15:20:00+05:30,0.20,day_close,240.50,24050.00,18331.00,100.00,18231.00,
NIFTY,2026-03-13,Friday,TRADED,,2026-03-17,2026-03-13T09:20:00+05:30,23448.5,23450,65,5,325,NIFTY_23450_CE_17_MAR_26.csv,238.30,285.96,2026-03-13T15:20:00+05:30,117.30,day_close,120.00,39000.00,NIFTY_23450_PE_17_MAR_26.csv,230.10,276.12,2026-03-13T09:54:00+05:30,276.12,sl,-47.02,-15281.50,23718.50,100.00,23618.50,
NIFTY,2026-03-16,Monday,TRADED,,2026-03-17,2026-03-16T09:20:00+05:30,23173.8,23150,65,5,325,NIFTY_23150_CE_17_MAR_26.csv,199.45,239.34,2026-03-16T09:36:00+05:30,239.34,sl,-40.89,-13289.25,NIFTY_23150_PE_17_MAR_26.csv,149.15,178.98,2026-03-16T09:25:00+05:30,178.98,sl,-30.83,-10019.75,-23309.00,100.00,-23409.00,
NIFTY,2026-03-17,Tuesday,TRADED,,2026-03-17,2026-03-17T09:20:00+05:30,23393.2,23400,65,5,325,NIFTY_23400_CE_17_MAR_26.csv,73.20,87.84,2026-03-17T09:22:00+05:30,87.84,sl,-15.64,-5083.00,NIFTY_23400_PE_17_MAR_26.csv,90.05,108.06,2026-03-17T09:24:00+05:30,108.06,sl,-19.01,-6178.25,-11261.25,100.00,-11361.25,
SENSEX,2026-03-18,Wednesday,SKIPPED,missing_entry_candle,2026-04-23,2026-03-18T09:20:00+05:30,76533.68,76500,10,10,100,,,,,,,0.00,0.00,,,,,,,0.00,0.00,0.00,0.00,0.00,"No 2026-03-18T09:20:00+05:30 candle in: SENSEX_76500_CE_23_APR_26.csv, SENSEX_76500_PE_23_APR_26.csv"
SENSEX,2026-03-19,Thursday,SKIPPED,missing_entry_candle,2026-04-23,2026-03-19T09:20:00+05:30,75104.26,75100,10,10,100,,,,,,,0.00,0.00,,,,,,,0.00,0.00,0.00,0.00,0.00,"No 2026-03-19T09:20:00+05:30 candle in: SENSEX_75100_CE_23_APR_26.csv, SENSEX_75100_PE_23_APR_26.csv"
NIFTY,2026-03-20,Friday,TRADED,,2026-03-24,2026-03-20T09:20:00+05:30,23283.45,23300,65,5,325,NIFTY_23300_CE_24_MAR_26.csv,234.70,281.64,2026-03-20T15:20:00+05:30,152.55,day_close,81.15,26373.75,NIFTY_23300_PE_24_MAR_26.csv,243.15,291.78,2026-03-20T10:18:00+05:30,291.78,sl,-49.63,-16129.75,10244.00,100.00,10144.00,
NIFTY,2026-03-23,Monday,TRADED,,2026-03-24,2026-03-23T09:20:00+05:30,22686.25,22700,65,5,325,NIFTY_22700_CE_24_MAR_26.csv,203.95,244.74,2026-03-23T15:20:00+05:30,106.70,day_close,96.25,31281.25,NIFTY_22700_PE_24_MAR_26.csv,225.85,271.02,2026-03-23T09:55:00+05:30,271.02,sl,-46.17,-15005.25,16276.00,100.00,16176.00,
NIFTY,2026-03-24,Tuesday,TRADED,,2026-03-24,2026-03-24T09:20:00+05:30,22789.8,22800,65,5,325,NIFTY_22800_CE_24_MAR_26.csv,110.10,132.12,2026-03-24T09:26:00+05:30,132.12,sl,-23.02,-7481.50,NIFTY_22800_PE_24_MAR_26.csv,120.90,145.08,2026-03-24T09:43:00+05:30,145.08,sl,-25.18,-8183.50,-15665.00,100.00,-15765.00,
SENSEX,2026-03-25,Wednesday,SKIPPED,missing_entry_candle,2026-04-23,2026-03-25T09:20:00+05:30,74836.76,74800,10,10,100,,,,,,,0.00,0.00,,,,,,,0.00,0.00,0.00,0.00,0.00,"No 2026-03-25T09:20:00+05:30 candle in: SENSEX_74800_CE_23_APR_26.csv, SENSEX_74800_PE_23_APR_26.csv"
NIFTY,2026-03-27,Friday,TRADED,,2026-04-28,2026-03-27T09:20:00+05:30,23039.95,23050,65,5,325,NIFTY_23050_CE_28_APR_26.csv,771.15,925.38,2026-03-27T15:20:00+05:30,669.10,day_close,101.05,32841.25,NIFTY_23050_PE_28_APR_26.csv,635.50,762.60,2026-03-27T14:23:00+05:30,762.60,sl,-128.10,-41632.50,-8791.25,100.00,-8891.25,
NIFTY,2026-03-30,Monday,TRADED,,2026-04-28,2026-03-30T09:20:00+05:30,22521.2,22500,65,5,325,NIFTY_22500_CE_28_APR_26.csv,841.80,1010.16,2026-03-30T15:20:00+05:30,716.25,day_close,124.55,40478.75,NIFTY_22500_PE_28_APR_26.csv,700.60,840.72,2026-03-30T15:20:00+05:30,756.25,day_close,-56.65,-18411.25,22067.50,100.00,21967.50,
SENSEX,2026-04-01,Wednesday,SKIPPED,missing_contract_file,2026-04-23,2026-04-01T09:20:00+05:30,73771.95,73800,10,10,100,,,,,,,0.00,0.00,,,,,,,0.00,0.00,0.00,0.00,0.00,Missing: SENSEX_73800_CE_23_APR_26.csv
SENSEX,2026-04-02,Thursday,SKIPPED,missing_entry_candle,2026-04-23,2026-04-02T09:20:00+05:30,71666.13,71700,10,10,100,,,,,,,0.00,0.00,,,,,,,0.00,0.00,0.00,0.00,0.00,"No 2026-04-02T09:20:00+05:30 candle in: SENSEX_71700_CE_23_APR_26.csv, SENSEX_71700_PE_23_APR_26.csv"
NIFTY,2026-04-06,Monday,TRADED,,2026-04-28,2026-04-06T09:20:00+05:30,22671.3,22650,65,5,325,NIFTY_22650_CE_28_APR_26.csv,668.00,801.60,2026-04-06T13:13:00+05:30,801.60,sl,-134.60,-43745.00,NIFTY_22650_PE_28_APR_26.csv,582.70,699.24,2026-04-06T15:20:00+05:30,437.40,day_close,144.30,46897.50,3152.50,100.00,3052.50,
NIFTY,2026-04-07,Tuesday,TRADED,,2026-04-28,2026-04-07T09:20:00+05:30,22773.75,22750,65,5,325,NIFTY_22750_CE_28_APR_26.csv,657.95,789.54,2026-04-07T13:42:00+05:30,789.54,sl,-132.59,-43091.75,NIFTY_22750_PE_28_APR_26.csv,546.70,656.04,2026-04-07T15:20:00+05:30,407.20,day_close,138.50,45012.50,1920.75,100.00,1820.75,
SENSEX,2026-04-08,Wednesday,SKIPPED,missing_contract_file,2026-04-23,2026-04-08T09:20:00+05:30,77267.38,77300,10,10,100,,,,,,,0.00,0.00,,,,,,,0.00,0.00,0.00,0.00,0.00,"Missing: SENSEX_77300_CE_23_APR_26.csv, SENSEX_77300_PE_23_APR_26.csv"
SENSEX,2026-04-09,Thursday,SKIPPED,missing_contract_file,2026-04-23,2026-04-09T09:20:00+05:30,77266.54,77300,10,10,100,,,,,,,0.00,0.00,,,,,,,0.00,0.00,0.00,0.00,0.00,"Missing: SENSEX_77300_CE_23_APR_26.csv, SENSEX_77300_PE_23_APR_26.csv"
NIFTY,2026-04-10,Friday,TRADED,,2026-04-28,2026-04-10T09:20:00+05:30,23966.85,23950,65,5,325,NIFTY_23950_CE_28_APR_26.csv,418.80,502.56,2026-04-10T15:20:00+05:30,463.65,day_close,-45.85,-14901.25,NIFTY_23950_PE_28_APR_26.csv,355.90,427.08,2026-04-10T15:20:00+05:30,310.85,day_close,44.05,14316.25,-585.00,100.00,-685.00,
NIFTY,2026-04-13,Monday,TRADED,,2026-04-28,2026-04-13T09:20:00+05:30,23579.6,23600,65,5,325,NIFTY_23600_CE_28_APR_26.csv,453.10,543.72,2026-04-13T11:50:00+05:30,543.72,sl,-91.62,-29776.50,NIFTY_23600_PE_28_APR_26.csv,396.75,476.10,2026-04-13T15:20:00+05:30,292.00,day_close,103.75,33718.75,3942.25,100.00,3842.25,
SENSEX,2026-04-15,Wednesday,SKIPPED,missing_contract_file,2026-04-23,2026-04-15T09:20:00+05:30,78122.41,78100,10,10,100,,,,,,,0.00,0.00,,,,,,,0.00,0.00,0.00,0.00,0.00,"Missing: SENSEX_78100_CE_23_APR_26.csv, SENSEX_78100_PE_23_APR_26.csv"
SENSEX,2026-04-16,Thursday,SKIPPED,missing_contract_file,2026-04-23,2026-04-16T09:20:00+05:30,78676.25,78700,10,10,100,,,,,,,0.00,0.00,,,,,,,0.00,0.00,0.00,0.00,0.00,"Missing: SENSEX_78700_CE_23_APR_26.csv, SENSEX_78700_PE_23_APR_26.csv"
NIFTY,2026-04-17,Friday,TRADED,,2026-04-28,2026-04-17T09:20:00+05:30,24210.55,24200,65,5,325,NIFTY_24200_CE_28_APR_26.csv,304.95,365.94,2026-04-17T11:55:00+05:30,365.94,sl,-61.99,-20146.75,NIFTY_24200_PE_28_APR_26.csv,297.70,357.24,2026-04-17T15:20:00+05:30,210.00,day_close,86.70,28177.50,8030.75,100.00,7930.75,
NIFTY,2026-04-20,Monday,TRADED,,2026-04-28,2026-04-20T09:20:00+05:30,24340.25,24350,65,5,325,NIFTY_24350_CE_28_APR_26.csv,273.25,327.90,2026-04-20T10:31:00+05:30,327.90,sl,-55.65,-18086.25,NIFTY_24350_PE_28_APR_26.csv,278.00,333.60,2026-04-20T15:20:00+05:30,313.20,day_close,-36.20,-11765.00,-29851.25,100.00,-29951.25,
NIFTY,2026-04-21,Tuesday,TRADED,,2026-04-28,2026-04-21T09:20:00+05:30,24468.15,24450,65,5,325,NIFTY_24450_CE_28_APR_26.csv,265.20,318.24,2026-04-21T12:19:00+05:30,318.24,sl,-54.04,-17563.00,NIFTY_24450_PE_28_APR_26.csv,255.90,307.08,2026-04-21T15:20:00+05:30,184.50,day_close,70.40,22880.00,5317.00,100.00,5217.00,
SENSEX,2026-04-22,Wednesday,SKIPPED,missing_contract_file,2026-04-23,2026-04-22T09:20:00+05:30,78898.64,78900,10,10,100,,,,,,,0.00,0.00,,,,,,,0.00,0.00,0.00,0.00,0.00,"Missing: SENSEX_78900_CE_23_APR_26.csv, SENSEX_78900_PE_23_APR_26.csv"
SENSEX,2026-04-23,Thursday,SKIPPED,missing_contract_file,2026-04-23,2026-04-23T09:20:00+05:30,77866.93,77900,10,10,100,,,,,,,0.00,0.00,,,,,,,0.00,0.00,0.00,0.00,0.00,"Missing: SENSEX_77900_CE_23_APR_26.csv, SENSEX_77900_PE_23_APR_26.csv"
NIFTY,2026-04-24,Friday,TRADED,,2026-04-28,2026-04-24T09:20:00+05:30,24121.15,24100,65,5,325,NIFTY_24100_CE_28_APR_26.csv,191.90,230.28,2026-04-24T15:20:00+05:30,106.25,day_close,84.65,27511.25,NIFTY_24100_PE_28_APR_26.csv,151.15,181.38,2026-04-24T09:27:00+05:30,181.38,sl,-31.23,-10149.75,17361.50,100.00,17261.50,
NIFTY,2026-04-27,Monday,TRADED,,2026-04-28,2026-04-27T09:20:00+05:30,24020.4,24000,65,5,325,NIFTY_24000_CE_28_APR_26.csv,146.90,176.28,2026-04-27T09:48:00+05:30,176.28,sl,-30.38,-9873.50,NIFTY_24000_PE_28_APR_26.csv,98.65,118.38,2026-04-27T15:20:00+05:30,48.80,day_close,48.85,15876.25,6002.75,100.00,5902.75,
NIFTY,2026-04-28,Tuesday,TRADED,,2026-04-28,2026-04-28T09:20:00+05:30,24094.75,24100,65,5,325,NIFTY_24100_CE_28_APR_26.csv,51.70,62.04,2026-04-28T09:25:00+05:30,62.04,sl,-11.34,-3685.50,NIFTY_24100_PE_28_APR_26.csv,67.05,80.46,2026-04-28T11:30:00+05:30,80.46,sl,-14.41,-4683.25,-8368.75,100.00,-8468.75,
SENSEX,2026-04-29,Wednesday,TRADED,,2026-04-30,2026-04-29T09:20:00+05:30,77212.18,77200,10,10,100,SENSEX_77200_CE_30_APR_26.csv,333.55,400.26,2026-04-29T09:30:00+05:30,400.26,sl,-67.71,-6771.00,SENSEX_77200_PE_30_APR_26.csv,314.70,377.64,2026-04-29T15:20:00+05:30,176.65,day_close,137.05,13705.00,6934.00,100.00,6834.00,
SENSEX,2026-04-30,Thursday,TRADED,,2026-04-30,2026-04-30T09:20:00+05:30,76767.34,76800,10,10,100,SENSEX_76800_CE_30_APR_26.csv,170.50,204.60,2026-04-30T13:27:00+05:30,204.60,sl,-35.10,-3510.00,SENSEX_76800_PE_30_APR_26.csv,213.35,256.02,2026-04-30T09:20:00+05:30,256.02,sl,-43.67,-4367.00,-7877.00,100.00,-7977.00,
NIFTY,2026-05-04,Monday,SKIPPED,missing_entry_candle,2026-05-05,2026-05-04T09:20:00+05:30,24178.9,24200,65,5,325,,,,,,,0.00,0.00,,,,,,,0.00,0.00,0.00,0.00,0.00,"No 2026-05-04T09:20:00+05:30 candle in: NIFTY_24200_CE_05_MAY_26.csv, NIFTY_24200_PE_05_MAY_26.csv"
NIFTY,2026-05-05,Tuesday,SKIPPED,missing_entry_candle,2026-05-05,2026-05-05T09:20:00+05:30,24062.05,24050,65,5,325,,,,,,,0.00,0.00,,,,,,,0.00,0.00,0.00,0.00,0.00,"No 2026-05-05T09:20:00+05:30 candle in: NIFTY_24050_CE_05_MAY_26.csv, NIFTY_24050_PE_05_MAY_26.csv"
SENSEX,2026-05-06,Wednesday,SKIPPED,missing_entry_candle,2026-05-07,2026-05-06T09:20:00+05:30,77434.3,77400,10,10,100,,,,,,,0.00,0.00,,,,,,,0.00,0.00,0.00,0.00,0.00,"No 2026-05-06T09:20:00+05:30 candle in: SENSEX_77400_CE_07_MAY_26.csv, SENSEX_77400_PE_07_MAY_26.csv"
SENSEX,2026-05-07,Thursday,SKIPPED,missing_entry_candle,2026-05-07,2026-05-07T09:20:00+05:30,77870.63,77900,10,10,100,,,,,,,0.00,0.00,,,,,,,0.00,0.00,0.00,0.00,0.00,"No 2026-05-07T09:20:00+05:30 candle in: SENSEX_77900_CE_07_MAY_26.csv, SENSEX_77900_PE_07_MAY_26.csv"
NIFTY,2026-05-08,Friday,SKIPPED,missing_entry_candle,2026-05-12,2026-05-08T09:20:00+05:30,24218.4,24200,65,5,325,,,,,,,0.00,0.00,,,,,,,0.00,0.00,0.00,0.00,0.00,"No 2026-05-08T09:20:00+05:30 candle in: NIFTY_24200_CE_12_MAY_26.csv, NIFTY_24200_PE_12_MAY_26.csv"
NIFTY,2026-05-11,Monday,SKIPPED,missing_entry_candle,2026-05-12,2026-05-11T09:20:00+05:30,23919.05,23900,65,5,325,,,,,,,0.00,0.00,,,,,,,0.00,0.00,0.00,0.00,0.00,"No 2026-05-11T09:20:00+05:30 candle in: NIFTY_23900_CE_12_MAY_26.csv, NIFTY_23900_PE_12_MAY_26.csv"
NIFTY,2026-05-12,Tuesday,SKIPPED,missing_entry_candle,2026-05-12,2026-05-12T09:20:00+05:30,23737.8,23750,65,5,325,,,,,,,0.00,0.00,,,,,,,0.00,0.00,0.00,0.00,0.00,"No 2026-05-12T09:20:00+05:30 candle in: NIFTY_23750_CE_12_MAY_26.csv, NIFTY_23750_PE_12_MAY_26.csv"
SENSEX,2026-05-13,Wednesday,SKIPPED,missing_contract_file,2026-05-14,2026-05-13T09:20:00+05:30,74631.01,74600,10,10,100,,,,,,,0.00,0.00,,,,,,,0.00,0.00,0.00,0.00,0.00,"Missing: SENSEX_74600_CE_14_MAY_26.csv, SENSEX_74600_PE_14_MAY_26.csv"
SENSEX,2026-05-14,Thursday,SKIPPED,missing_contract_file,2026-05-14,2026-05-14T09:20:00+05:30,74979.24,75000,10,10,100,,,,,,,0.00,0.00,,,,,,,0.00,0.00,0.00,0.00,0.00,Missing: SENSEX_75000_CE_14_MAY_26.csv
NIFTY,2026-05-15,Friday,TRADED,,2026-05-19,2026-05-15T09:20:00+05:30,23718.9,23700,65,5,325,NIFTY_23700_CE_19_MAY_26.csv,189.80,227.76,2026-05-15T09:28:00+05:30,227.76,sl,-38.96,-12662.00,NIFTY_23700_PE_19_MAY_26.csv,158.00,189.60,2026-05-15T11:31:00+05:30,189.60,sl,-32.60,-10595.00,-23257.00,100.00,-23357.00,
NIFTY,2026-05-18,Monday,TRADED,,2026-05-19,2026-05-18T09:20:00+05:30,23399.5,23400,65,5,325,NIFTY_23400_CE_19_MAY_26.csv,139.50,167.40,2026-05-18T11:17:00+05:30,167.40,sl,-28.90,-9392.50,NIFTY_23400_PE_19_MAY_26.csv,132.45,158.94,2026-05-18T09:50:00+05:30,158.94,sl,-27.49,-8934.25,-18326.75,100.00,-18426.75,
NIFTY,2026-05-19,Tuesday,TRADED,,2026-05-19,2026-05-19T09:20:00+05:30,23736.45,23750,65,5,325,NIFTY_23750_CE_19_MAY_26.csv,59.85,71.82,2026-05-19T10:59:00+05:30,71.82,sl,-12.97,-4215.25,NIFTY_23750_PE_19_MAY_26.csv,81.85,98.22,2026-05-19T09:33:00+05:30,98.22,sl,-17.37,-5645.25,-9860.50,100.00,-9960.50,
SENSEX,2026-05-20,Wednesday,TRADED,,2026-05-21,2026-05-20T09:20:00+05:30,74705.96,74700,10,10,100,SENSEX_74700_CE_21_MAY_26.csv,402.55,483.06,2026-05-20T09:32:00+05:30,483.06,sl,-81.51,-8151.00,SENSEX_74700_PE_21_MAY_26.csv,428.40,514.08,2026-05-20T15:20:00+05:30,108.90,day_close,318.50,31850.00,23699.00,100.00,23599.00,
SENSEX,2026-05-21,Thursday,SKIPPED,missing_entry_candle,2026-05-21,2026-05-21T09:20:00+05:30,75632.0,75600,10,10,100,,,,,,,0.00,0.00,,,,,,,0.00,0.00,0.00,0.00,0.00,"No 2026-05-21T09:20:00+05:30 candle in: SENSEX_75600_CE_21_MAY_26.csv, SENSEX_75600_PE_21_MAY_26.csv"
NIFTY,2026-05-22,Friday,TRADED,,2026-05-26,2026-05-22T09:20:00+05:30,23692.85,23700,65,5,325,NIFTY_23700_CE_26_MAY_26.csv,164.70,197.64,2026-05-22T09:34:00+05:30,197.64,sl,-33.94,-11030.50,NIFTY_23700_PE_26_MAY_26.csv,155.30,186.36,2026-05-22T15:20:00+05:30,115.60,day_close,38.70,12577.50,1547.00,100.00,1447.00,
NIFTY,2026-05-25,Monday,TRADED,,2026-05-26,2026-05-25T09:20:00+05:30,23968.75,23950,65,5,325,NIFTY_23950_CE_26_MAY_26.csv,124.10,148.92,2026-05-25T14:46:00+05:30,148.92,sl,-25.82,-8391.50,NIFTY_23950_PE_26_MAY_26.csv,95.45,114.54,2026-05-25T15:20:00+05:30,45.95,day_close,48.50,15762.50,7371.00,100.00,7271.00,
NIFTY,2026-05-26,Tuesday,TRADED,,2026-05-26,2026-05-26T09:20:00+05:30,24011.55,24000,65,5,325,NIFTY_24000_CE_26_MAY_26.csv,66.55,79.86,2026-05-26T09:28:00+05:30,79.86,sl,-14.31,-4650.75,NIFTY_24000_PE_26_MAY_26.csv,49.70,59.64,2026-05-26T13:15:00+05:30,59.64,sl,-10.94,-3555.50,-8206.25,100.00,-8306.25,
SENSEX,2026-05-27,Wednesday,SKIPPED,missing_entry_candle,2026-05-27,2026-05-27T09:20:00+05:30,76012.45,76000,10,10,100,,,,,,,0.00,0.00,,,,,,,0.00,0.00,0.00,0.00,0.00,"No 2026-05-27T09:20:00+05:30 candle in: SENSEX_76000_CE_27_MAY_26.csv, SENSEX_76000_PE_27_MAY_26.csv"
NIFTY,2026-05-29,Friday,TRADED,,2026-06-02,2026-05-29T09:20:00+05:30,23962.05,23950,65,5,325,NIFTY_23950_CE_02_JUN_26.csv,166.65,199.98,2026-05-29T15:20:00+05:30,69.00,day_close,96.65,31411.25,NIFTY_23950_PE_02_JUN_26.csv,110.55,132.66,2026-05-29T09:27:00+05:30,132.66,sl,-23.11,-7510.75,23900.50,100.00,23800.50,
NIFTY,2026-06-01,Monday,TRADED,,2026-06-02,2026-06-01T09:20:00+05:30,23633.4,23650,65,5,325,NIFTY_23650_CE_02_JUN_26.csv,116.90,140.28,2026-06-01T15:20:00+05:30,23.95,day_close,91.95,29883.75,NIFTY_23650_PE_02_JUN_26.csv,101.90,122.28,2026-06-01T09:24:00+05:30,122.28,sl,-21.38,-6948.50,22935.25,100.00,22835.25,
NIFTY,2026-06-02,Tuesday,TRADED,,2026-06-02,2026-06-02T09:20:00+05:30,23285.65,23300,65,5,325,NIFTY_23300_CE_02_JUN_26.csv,56.70,68.04,2026-06-02T09:55:00+05:30,68.04,sl,-12.34,-4010.50,NIFTY_23300_PE_02_JUN_26.csv,66.80,80.16,2026-06-02T15:20:00+05:30,0.05,day_close,65.75,21368.75,17358.25,100.00,17258.25,
SENSEX,2026-06-03,Wednesday,TRADED,,2026-06-04,2026-06-03T09:20:00+05:30,73953.07,74000,10,10,100,SENSEX_74000_CE_04_JUN_26.csv,406.70,488.04,2026-06-03T12:36:00+05:30,488.04,sl,-82.34,-8234.00,SENSEX_74000_PE_04_JUN_26.csv,334.35,401.22,2026-06-03T09:27:00+05:30,401.22,sl,-67.87,-6787.00,-15021.00,100.00,-15121.00,
SENSEX,2026-06-04,Thursday,SKIPPED,missing_entry_candle,2026-06-04,2026-06-04T09:20:00+05:30,74148.2,74100,10,10,100,,,,,,,0.00,0.00,,,,,,,0.00,0.00,0.00,0.00,0.00,"No 2026-06-04T09:20:00+05:30 candle in: SENSEX_74100_CE_04_JUN_26.csv, SENSEX_74100_PE_04_JUN_26.csv"
NIFTY,2026-06-05,Friday,SKIPPED,missing_entry_candle,2026-06-09,2026-06-05T09:20:00+05:30,23456.05,23450,65,5,325,,,,,,,0.00,0.00,,,,,,,0.00,0.00,0.00,0.00,0.00,"No 2026-06-05T09:20:00+05:30 candle in: NIFTY_23450_CE_09_JUN_26.csv, NIFTY_23450_PE_09_JUN_26.csv"
NIFTY,2026-06-08,Monday,SKIPPED,missing_entry_candle,2026-06-09,2026-06-08T09:20:00+05:30,23133.35,23150,65,5,325,,,,,,,0.00,0.00,,,,,,,0.00,0.00,0.00,0.00,0.00,"No 2026-06-08T09:20:00+05:30 candle in: NIFTY_23150_CE_09_JUN_26.csv, NIFTY_23150_PE_09_JUN_26.csv"
NIFTY,2026-06-09,Tuesday,SKIPPED,missing_entry_candle,2026-06-09,2026-06-09T09:20:00+05:30,23233.3,23250,65,5,325,,,,,,,0.00,0.00,,,,,,,0.00,0.00,0.00,0.00,0.00,"No 2026-06-09T09:20:00+05:30 candle in: NIFTY_23250_CE_09_JUN_26.csv, NIFTY_23250_PE_09_JUN_26.csv"
SENSEX,2026-06-10,Wednesday,SKIPPED,missing_entry_candle,2026-06-11,2026-06-10T09:20:00+05:30,74269.81,74300,10,10,100,,,,,,,0.00,0.00,,,,,,,0.00,0.00,0.00,0.00,0.00,"No 2026-06-10T09:20:00+05:30 candle in: SENSEX_74300_CE_11_JUN_26.csv, SENSEX_74300_PE_11_JUN_26.csv"
SENSEX,2026-06-11,Thursday,SKIPPED,missing_entry_candle,2026-06-11,2026-06-11T09:20:00+05:30,73635.91,73600,10,10,100,,,,,,,0.00,0.00,,,,,,,0.00,0.00,0.00,0.00,0.00,"No 2026-06-11T09:20:00+05:30 candle in: SENSEX_73600_CE_11_JUN_26.csv, SENSEX_73600_PE_11_JUN_26.csv"
NIFTY,2026-06-12,Friday,TRADED,,2026-06-16,2026-06-12T09:20:00+05:30,23447.05,23450,65,5,325,NIFTY_23450_CE_16_JUN_26.csv,134.10,160.92,2026-06-12T13:40:00+05:30,160.92,sl,-27.82,-9041.50,NIFTY_23450_PE_16_JUN_26.csv,139.95,167.94,2026-06-12T09:41:00+05:30,167.94,sl,-28.99,-9421.75,-18463.25,100.00,-18563.25,
NIFTY,2026-06-15,Monday,TRADED,,2026-06-16,2026-06-15T09:20:00+05:30,23948.15,23950,65,5,325,NIFTY_23950_CE_16_JUN_26.csv,94.05,112.86,2026-06-15T10:47:00+05:30,112.86,sl,-19.81,-6438.25,NIFTY_23950_PE_16_JUN_26.csv,109.25,131.10,2026-06-15T12:30:00+05:30,131.10,sl,-22.85,-7426.25,-13864.50,100.00,-13964.50,
NIFTY,2026-06-16,Tuesday,TRADED,,2026-06-16,2026-06-16T09:20:00+05:30,23932.8,23950,65,5,325,NIFTY_23950_CE_16_JUN_26.csv,45.05,54.06,2026-06-16T10:48:00+05:30,54.06,sl,-10.01,-3253.25,NIFTY_23950_PE_16_JUN_26.csv,63.90,76.68,2026-06-16T10:07:00+05:30,76.68,sl,-13.78,-4478.50,-7731.75,100.00,-7831.75,
SENSEX,2026-06-17,Wednesday,SKIPPED,missing_entry_candle,2026-06-18,2026-06-17T09:20:00+05:30,76793.44,76800,10,10,100,,,,,,,0.00,0.00,,,,,,,0.00,0.00,0.00,0.00,0.00,"No 2026-06-17T09:20:00+05:30 candle in: SENSEX_76800_CE_18_JUN_26.csv, SENSEX_76800_PE_18_JUN_26.csv"
SENSEX,2026-06-18,Thursday,SKIPPED,missing_entry_candle,2026-06-18,2026-06-18T09:20:00+05:30,77127.31,77100,10,10,100,,,,,,,0.00,0.00,,,,,,,0.00,0.00,0.00,0.00,0.00,"No 2026-06-18T09:20:00+05:30 candle in: SENSEX_77100_CE_18_JUN_26.csv, SENSEX_77100_PE_18_JUN_26.csv"
NIFTY,2026-06-19,Friday,SKIPPED,missing_entry_candle,2026-06-23,2026-06-19T09:20:00+05:30,23978.9,24000,65,5,325,,,,,,,0.00,0.00,,,,,,,0.00,0.00,0.00,0.00,0.00,"No 2026-06-19T09:20:00+05:30 candle in: NIFTY_24000_CE_23_JUN_26.csv, NIFTY_24000_PE_23_JUN_26.csv"
