entry_date,day_of_week,status,skip_reason,expiry_date,expiry_type,spot_entry_timestamp,spot_entry_open,atm_strike,ce_entered,ce_contract_file,ce_entry_timestamp,ce_entry_open,ce_ma_at_entry,ce_exit_timestamp,ce_exit_price,ce_exit_reason,ce_points_pnl,ce_gross_pnl,ce_brokerage,ce_net_pnl,pe_entered,pe_contract_file,pe_entry_timestamp,pe_entry_open,pe_ma_at_entry,pe_exit_timestamp,pe_exit_price,pe_exit_reason,pe_points_pnl,pe_gross_pnl,pe_brokerage,pe_net_pnl,gross_pnl,brokerage,net_pnl,remarks
2025-01-01,Wednesday,TRADED,,2025-01-02,current_week,2025-01-01T09:40:00+05:30,23628.65,23650,yes,NIFTY_23650_CE_02_JAN_25.csv,2025-01-01T09:40:00+05:30,111.35,130.71,2025-01-01T10:00:00+05:30,134.81,ma_sl,-24.46,-1834.74,50.00,-1884.74,yes,NIFTY_23650_PE_02_JAN_25.csv,2025-01-01T09:40:00+05:30,122.2,144.81,2025-01-01T09:45:00+05:30,140.86,ma_sl,-19.66,-1474.14,50.00,-1524.14,-3308.88,100.00,-3408.88,
2025-01-02,Thursday,PARTIAL,,2025-01-09,next_week,2025-01-02T09:40:00+05:30,23816.95,23800,no,NIFTY_23800_CE_09_JAN_25.csv,,,220.17,,,not_entered,0.00,0.00,0.00,0.00,yes,NIFTY_23800_PE_09_JAN_25.csv,2025-01-02T09:40:00+05:30,203.55,240.08,2025-01-02T15:20:00+05:30,62.20,day_close,140.35,10526.25,50.00,10476.25,10526.25,50.00,10476.25,
2025-01-03,Friday,PARTIAL,,2025-01-09,current_week,2025-01-03T09:40:00+05:30,24100.35,24100,no,NIFTY_24100_CE_09_JAN_25.csv,,,182.75,,,not_entered,0.00,0.00,0.00,0.00,yes,NIFTY_24100_PE_09_JAN_25.csv,2025-01-03T09:40:00+05:30,191.1,242.57,2025-01-03T10:30:00+05:30,215.33,ma_sl,-25.23,-1892.61,50.00,-1942.61,-1892.61,50.00,-1942.61,
2025-01-06,Monday,PARTIAL,,2025-01-09,current_week,2025-01-06T09:40:00+05:30,24019.6,24000,yes,NIFTY_24000_CE_09_JAN_25.csv,2025-01-06T09:40:00+05:30,132.15,187.96,2025-01-06T10:15:00+05:30,178.78,ma_sl,-47.63,-3572.04,50.00,-3622.04,no,NIFTY_24000_PE_09_JAN_25.csv,,,136.79,,,not_entered,0.00,0.00,0.00,0.00,-3572.04,50.00,-3622.04,
2025-01-07,Tuesday,TRADED,,2025-01-09,current_week,2025-01-07T09:40:00+05:30,23781.4,23800,yes,NIFTY_23800_CE_09_JAN_25.csv,2025-01-07T09:40:00+05:30,140.69,156.00,2025-01-07T11:30:00+05:30,122.50,ma_sl,17.19,1289.01,50.00,1239.01,yes,NIFTY_23800_PE_09_JAN_25.csv,2025-01-07T09:40:00+05:30,162.55,223.36,2025-01-07T10:00:00+05:30,233.48,ma_sl,-71.93,-5394.84,50.00,-5444.84,-4105.83,100.00,-4205.83,
2025-01-08,Wednesday,TRADED,,2025-01-09,current_week,2025-01-08T09:40:00+05:30,23670.45,23650,yes,NIFTY_23650_CE_09_JAN_25.csv,2025-01-08T09:40:00+05:30,99.0,171.77,2025-01-08T13:45:00+05:30,80.15,ma_sl,17.85,1338.78,50.00,1288.78,yes,NIFTY_23650_PE_09_JAN_25.csv,2025-01-08T09:40:00+05:30,85.0,97.77,2025-01-08T09:45:00+05:30,94.89,ma_sl,-10.89,-817.05,50.00,-867.05,521.73,100.00,421.73,
2025-01-09,Thursday,TRADED,,2025-01-16,next_week,2025-01-09T09:40:00+05:30,23603.9,23600,yes,NIFTY_23600_CE_16_JAN_25.csv,2025-01-09T09:40:00+05:30,194.7,224.36,2025-01-09T10:15:00+05:30,218.37,ma_sl,-24.67,-1849.92,50.00,-1899.92,yes,NIFTY_23600_PE_16_JAN_25.csv,2025-01-09T09:40:00+05:30,164.9,183.07,2025-01-09T10:45:00+05:30,177.21,ma_sl,-13.31,-998.46,50.00,-1048.46,-2848.38,100.00,-2948.38,
2025-01-10,Friday,PARTIAL,,2025-01-16,current_week,2025-01-10T09:40:00+05:30,23439.35,23450,yes,NIFTY_23450_CE_16_JAN_25.csv,2025-01-10T09:40:00+05:30,200.25,268.45,2025-01-10T11:00:00+05:30,243.61,ma_sl,-44.36,-3326.64,50.00,-3376.64,no,NIFTY_23450_PE_16_JAN_25.csv,,,119.48,,,not_entered,0.00,0.00,0.00,0.00,-3326.64,50.00,-3376.64,
2025-01-13,Monday,PARTIAL,,2025-01-16,current_week,2025-01-13T09:40:00+05:30,23218.9,23200,yes,NIFTY_23200_CE_16_JAN_25.csv,2025-01-13T09:40:00+05:30,181.5,364.40,2025-01-13T15:20:00+05:30,104.55,day_close,75.95,5696.25,50.00,5646.25,no,NIFTY_23200_PE_16_JAN_25.csv,,,76.51,,,not_entered,0.00,0.00,0.00,0.00,5696.25,50.00,5646.25,
2025-01-14,Tuesday,TRADED,,2025-01-16,current_week,2025-01-14T09:40:00+05:30,23172.7,23150,yes,NIFTY_23150_CE_16_JAN_25.csv,2025-01-14T09:40:00+05:30,138.69,182.12,2025-01-14T10:45:00+05:30,156.26,ma_sl,-18.57,-1392.39,50.00,-1442.39,yes,NIFTY_23150_PE_16_JAN_25.csv,2025-01-14T09:40:00+05:30,99.55,118.08,2025-01-14T15:20:00+05:30,53.85,day_close,44.70,3352.50,50.00,3302.50,1960.11,100.00,1860.11,
2025-01-15,Wednesday,TRADED,,2025-01-16,current_week,2025-01-15T09:40:00+05:30,23174.85,23150,yes,NIFTY_23150_CE_16_JAN_25.csv,2025-01-15T09:40:00+05:30,106.75,135.90,2025-01-15T10:30:00+05:30,134.79,ma_sl,-29.04,-2177.97,50.00,-2227.97,yes,NIFTY_23150_PE_16_JAN_25.csv,2025-01-15T09:40:00+05:30,68.59,69.41,2025-01-15T13:15:00+05:30,44.78,ma_sl,22.81,1711.11,50.00,1661.11,-466.86,100.00,-566.86,
2025-01-16,Thursday,PARTIAL,,2025-01-23,next_week,2025-01-16T09:40:00+05:30,23335.0,23350,no,NIFTY_23350_CE_23_JAN_25.csv,,,130.04,,,not_entered,0.00,0.00,0.00,0.00,yes,NIFTY_23350_PE_23_JAN_25.csv,2025-01-16T09:40:00+05:30,163.75,245.20,2025-01-16T14:15:00+05:30,187.73,ma_sl,-24.98,-1873.50,50.00,-1923.50,-1873.50,50.00,-1923.50,
2025-01-17,Friday,PARTIAL,,2025-01-23,current_week,2025-01-17T09:40:00+05:30,23198.65,23200,yes,NIFTY_23200_CE_23_JAN_25.csv,2025-01-17T09:40:00+05:30,187.6,257.84,2025-01-17T12:15:00+05:30,227.22,ma_sl,-40.62,-3046.32,50.00,-3096.32,no,NIFTY_23200_PE_23_JAN_25.csv,,,119.63,,,not_entered,0.00,0.00,0.00,0.00,-3046.32,50.00,-3096.32,
2025-01-20,Monday,PARTIAL,,2025-01-23,current_week,2025-01-20T09:40:00+05:30,23178.55,23200,yes,NIFTY_23200_CE_23_JAN_25.csv,2025-01-20T09:40:00+05:30,177.45,192.85,2025-01-20T09:45:00+05:30,192.81,ma_sl,-16.36,-1226.70,50.00,-1276.70,no,NIFTY_23200_PE_23_JAN_25.csv,,,168.28,,,not_entered,0.00,0.00,0.00,0.00,-1226.70,50.00,-1276.70,
2025-01-21,Tuesday,TRADED,,2025-01-23,current_week,2025-01-21T09:40:00+05:30,23343.35,23350,yes,NIFTY_23350_CE_23_JAN_25.csv,2025-01-21T09:40:00+05:30,143.0,143.09,2025-01-21T09:45:00+05:30,144.74,ma_sl,-2.74,-205.20,50.00,-255.20,yes,NIFTY_23350_PE_23_JAN_25.csv,2025-01-21T09:40:00+05:30,145.19,151.14,2025-01-21T09:45:00+05:30,145.69,ma_gap_sl,-1.50,-112.50,50.00,-162.50,-317.70,100.00,-417.70,
2025-01-22,Wednesday,TRADED,,2025-01-23,current_week,2025-01-22T09:40:00+05:30,23115.3,23100,yes,NIFTY_23100_CE_23_JAN_25.csv,2025-01-22T09:40:00+05:30,122.95,210.17,2025-01-22T14:15:00+05:30,82.30,ma_sl,39.65,2973.75,50.00,2923.75,yes,NIFTY_23100_PE_23_JAN_25.csv,2025-01-22T09:40:00+05:30,85.85,108.02,2025-01-22T09:45:00+05:30,110.79,ma_sl,-25.94,-1945.44,50.00,-1995.44,1028.31,100.00,928.31,
2025-01-23,Thursday,PARTIAL,,2025-01-30,next_week,2025-01-23T09:40:00+05:30,23171.45,23150,no,NIFTY_23150_CE_30_JAN_25.csv,,,196.47,,,not_entered,0.00,0.00,0.00,0.00,yes,NIFTY_23150_PE_30_JAN_25.csv,2025-01-23T09:40:00+05:30,164.85,227.74,2025-01-23T15:15:00+05:30,139.94,ma_sl,23.91,1792.89,50.00,1742.89,1792.89,50.00,1742.89,
2025-01-24,Friday,PARTIAL,,2025-01-30,current_week,2025-01-24T09:40:00+05:30,23195.3,23200,yes,NIFTY_23200_CE_30_JAN_25.csv,2025-01-24T09:40:00+05:30,200.55,232.29,2025-01-24T11:00:00+05:30,223.97,ma_sl,-24.42,-1831.35,50.00,-1881.35,no,NIFTY_23200_PE_30_JAN_25.csv,,,157.21,,,not_entered,0.00,0.00,0.00,0.00,-1831.35,50.00,-1881.35,
2025-01-27,Monday,PARTIAL,,2025-01-30,current_week,2025-01-27T09:40:00+05:30,23002.0,23000,yes,NIFTY_23000_CE_30_JAN_25.csv,2025-01-27T09:40:00+05:30,184.95,308.48,2025-01-27T15:20:00+05:30,89.45,day_close,94.50,7087.50,50.00,7037.50,no,NIFTY_23000_PE_30_JAN_25.csv,,,97.80,,,not_entered,0.00,0.00,0.00,0.00,7087.50,50.00,7037.50,
2025-01-28,Tuesday,PARTIAL,,2025-01-30,current_week,2025-01-28T09:40:00+05:30,22887.65,22900,no,NIFTY_22900_CE_30_JAN_25.csv,,,155.94,,,not_entered,0.00,0.00,0.00,0.00,yes,NIFTY_22900_PE_30_JAN_25.csv,2025-01-28T09:40:00+05:30,166.2,174.22,2025-01-28T09:45:00+05:30,176.37,ma_sl,-11.17,-837.87,50.00,-887.87,-837.87,50.00,-887.87,
2025-01-29,Wednesday,PARTIAL,,2025-01-30,current_week,2025-01-29T09:40:00+05:30,23036.15,23050,no,NIFTY_23050_CE_30_JAN_25.csv,,,128.86,,,not_entered,0.00,0.00,0.00,0.00,yes,NIFTY_23050_PE_30_JAN_25.csv,2025-01-29T09:40:00+05:30,157.5,174.07,2025-01-29T11:15:00+05:30,144.08,ma_sl,12.42,931.14,50.00,881.14,931.14,50.00,881.14,
2025-01-30,Thursday,PARTIAL,,2025-02-06,next_week,2025-01-30T09:40:00+05:30,23206.45,23200,no,NIFTY_23200_CE_06_FEB_25.csv,,,331.24,,,not_entered,0.00,0.00,0.00,0.00,yes,NIFTY_23200_PE_06_FEB_25.csv,2025-01-30T09:40:00+05:30,325.64,358.38,2025-01-30T13:45:00+05:30,299.45,ma_sl,25.19,1889.01,50.00,1839.01,1889.01,50.00,1839.01,
2025-01-31,Friday,PARTIAL,,2025-02-06,current_week,2025-01-31T09:40:00+05:30,23322.85,23300,no,NIFTY_23300_CE_06_FEB_25.csv,,,339.69,,,not_entered,0.00,0.00,0.00,0.00,yes,NIFTY_23300_PE_06_FEB_25.csv,2025-01-31T09:40:00+05:30,282.8,323.88,2025-01-31T15:20:00+05:30,145.10,day_close,136.70,10252.50,50.00,10202.50,10252.50,50.00,10202.50,
2025-02-03,Monday,PARTIAL,,2025-02-06,current_week,2025-02-03T09:40:00+05:30,23288.25,23300,yes,NIFTY_23300_CE_06_FEB_25.csv,2025-02-03T09:40:00+05:30,132.8,332.04,2025-02-03T14:15:00+05:30,163.61,ma_sl,-31.81,-2385.72,50.00,-2435.72,no,NIFTY_23300_PE_06_FEB_25.csv,,,104.13,,,not_entered,0.00,0.00,0.00,0.00,-2385.72,50.00,-2435.72,
2025-02-04,Tuesday,PARTIAL,,2025-02-06,current_week,2025-02-04T09:40:00+05:30,23551.3,23550,no,NIFTY_23550_CE_06_FEB_25.csv,,,42.12,,,not_entered,0.00,0.00,0.00,0.00,yes,NIFTY_23550_PE_06_FEB_25.csv,2025-02-04T09:40:00+05:30,127.75,241.72,2025-02-04T10:30:00+05:30,216.48,ma_sl,-89.73,-6729.45,50.00,-6779.45,-6729.45,50.00,-6779.45,
2025-02-05,Wednesday,PARTIAL,,2025-02-06,current_week,2025-02-05T09:40:00+05:30,23788.25,23800,no,NIFTY_23800_CE_06_FEB_25.csv,,,46.01,,,not_entered,0.00,0.00,0.00,0.00,yes,NIFTY_23800_PE_06_FEB_25.csv,2025-02-05T09:40:00+05:30,117.45,250.65,2025-02-05T14:15:00+05:30,124.60,ma_sl,-8.15,-611.40,50.00,-661.40,-611.40,50.00,-661.40,
2025-02-06,Thursday,PARTIAL,,2025-02-13,next_week,2025-02-06T09:40:00+05:30,23653.9,23650,yes,NIFTY_23650_CE_13_FEB_25.csv,2025-02-06T09:40:00+05:30,227.1,257.94,2025-02-06T15:20:00+05:30,190.45,day_close,35.65,2673.75,50.00,2623.75,no,NIFTY_23650_PE_13_FEB_25.csv,,,148.86,,,not_entered,0.00,0.00,0.00,0.00,2673.75,50.00,2623.75,
2025-02-07,Friday,PARTIAL,,2025-02-13,current_week,2025-02-07T09:40:00+05:30,23608.3,23600,yes,NIFTY_23600_CE_13_FEB_25.csv,2025-02-07T09:40:00+05:30,209.0,222.32,2025-02-07T10:00:00+05:30,217.40,ma_sl,-9.40,-705.15,50.00,-755.15,no,NIFTY_23600_PE_13_FEB_25.csv,,,170.19,,,not_entered,0.00,0.00,0.00,0.00,-705.15,50.00,-755.15,
2025-02-10,Monday,PARTIAL,,2025-02-13,current_week,2025-02-10T09:40:00+05:30,23428.3,23450,yes,NIFTY_23450_CE_13_FEB_25.csv,2025-02-10T09:40:00+05:30,139.15,247.67,2025-02-10T15:00:00+05:30,131.44,ma_gap_sl,6.71,503.25,50.00,453.25,no,NIFTY_23450_PE_13_FEB_25.csv,,,101.48,,,not_entered,0.00,0.00,0.00,0.00,503.25,50.00,453.25,
2025-02-11,Tuesday,PARTIAL,,2025-02-13,current_week,2025-02-11T09:40:00+05:30,23335.05,23350,yes,NIFTY_23350_CE_13_FEB_25.csv,2025-02-11T09:40:00+05:30,134.65,169.86,2025-02-11T15:20:00+05:30,35.85,day_close,97.80,7335.00,50.00,7285.00,no,NIFTY_23350_PE_13_FEB_25.csv,,,121.90,,,not_entered,0.00,0.00,0.00,0.00,7335.00,50.00,7285.00,
2025-02-12,Wednesday,PARTIAL,,2025-02-13,current_week,2025-02-12T09:40:00+05:30,22925.45,22950,yes,NIFTY_22950_CE_13_FEB_25.csv,2025-02-12T09:40:00+05:30,106.55,280.76,2025-02-12T11:45:00+05:30,175.51,ma_sl,-69.96,-5247.00,50.00,-5297.00,no,NIFTY_22950_PE_13_FEB_25.csv,,,43.02,,,not_entered,0.00,0.00,0.00,0.00,-5247.00,50.00,-5297.00,
2025-02-13,Thursday,PARTIAL,,2025-02-20,next_week,2025-02-13T09:40:00+05:30,23101.15,23100,no,NIFTY_23100_CE_20_FEB_25.csv,,,183.90,,,not_entered,0.00,0.00,0.00,0.00,yes,NIFTY_23100_PE_20_FEB_25.csv,2025-02-13T09:40:00+05:30,175.45,232.41,2025-02-13T13:30:00+05:30,160.97,ma_sl,13.48,1011.15,50.00,961.15,1011.15,50.00,961.15,
2025-02-14,Friday,PARTIAL,,2025-02-20,current_week,2025-02-14T09:40:00+05:30,23059.25,23050,yes,NIFTY_23050_CE_20_FEB_25.csv,2025-02-14T09:40:00+05:30,200.3,254.81,2025-02-14T14:30:00+05:30,137.34,ma_sl,61.96,4646.88,50.00,4596.88,no,NIFTY_23050_PE_20_FEB_25.csv,,,133.76,,,not_entered,0.00,0.00,0.00,0.00,4646.88,50.00,4596.88,
2025-02-17,Monday,PARTIAL,,2025-02-20,current_week,2025-02-17T09:40:00+05:30,22776.8,22800,yes,NIFTY_22800_CE_20_FEB_25.csv,2025-02-17T09:40:00+05:30,189.6,257.07,2025-02-17T10:30:00+05:30,230.58,ma_sl,-41.98,-3148.32,50.00,-3198.32,no,NIFTY_22800_PE_20_FEB_25.csv,,,119.46,,,not_entered,0.00,0.00,0.00,0.00,-3148.32,50.00,-3198.32,
2025-02-18,Tuesday,TRADED,,2025-02-20,current_week,2025-02-18T09:40:00+05:30,22909.5,22900,yes,NIFTY_22900_CE_20_FEB_25.csv,2025-02-18T09:40:00+05:30,156.44,167.08,2025-02-18T09:45:00+05:30,169.04,ma_sl,-13.60,-1020.18,50.00,-1070.18,yes,NIFTY_22900_PE_20_FEB_25.csv,2025-02-18T09:40:00+05:30,142.65,156.18,2025-02-18T10:15:00+05:30,147.76,ma_sl,-6.11,-458.31,50.00,-508.31,-1478.49,100.00,-1578.49,
2025-02-19,Wednesday,TRADED,,2025-02-20,current_week,2025-02-19T09:40:00+05:30,22900.05,22900,yes,NIFTY_22900_CE_20_FEB_25.csv,2025-02-19T09:40:00+05:30,100.0,131.25,2025-02-19T09:45:00+05:30,129.81,ma_sl,-30.81,-2310.54,50.00,-2360.54,yes,NIFTY_22900_PE_20_FEB_25.csv,2025-02-19T09:40:00+05:30,101.15,130.47,2025-02-19T13:00:00+05:30,78.62,ma_sl,21.53,1614.51,50.00,1564.51,-696.03,100.00,-796.03,
2025-02-20,Thursday,PARTIAL,,2025-02-27,next_week,2025-02-20T09:40:00+05:30,22891.15,22900,yes,NIFTY_22900_CE_27_FEB_25.csv,2025-02-20T09:40:00+05:30,198.2,250.54,2025-02-20T13:45:00+05:30,193.46,ma_sl,3.74,280.50,50.00,230.50,no,NIFTY_22900_PE_27_FEB_25.csv,,,155.36,,,not_entered,0.00,0.00,0.00,0.00,280.50,50.00,230.50,
2025-02-21,Friday,TRADED,,2025-02-27,current_week,2025-02-21T09:40:00+05:30,22877.55,22900,yes,NIFTY_22900_CE_27_FEB_25.csv,2025-02-21T09:40:00+05:30,158.5,183.71,2025-02-21T15:20:00+05:30,103.00,day_close,54.50,4087.50,50.00,4037.50,yes,NIFTY_22900_PE_27_FEB_25.csv,2025-02-21T09:40:00+05:30,149.9,153.68,2025-02-21T09:45:00+05:30,171.00,ma_gap_sl,-22.10,-1657.50,50.00,-1707.50,2430.00,100.00,2330.00,
2025-02-24,Monday,PARTIAL,,2025-02-27,current_week,2025-02-24T09:40:00+05:30,22586.75,22600,yes,NIFTY_22600_CE_27_FEB_25.csv,2025-02-24T09:40:00+05:30,139.19,289.05,2025-02-24T15:20:00+05:30,109.20,day_close,28.99,2174.25,50.00,2124.25,no,NIFTY_22600_PE_27_FEB_25.csv,,,72.04,,,not_entered,0.00,0.00,0.00,0.00,2174.25,50.00,2124.25,
2025-02-25,Tuesday,TRADED,,2025-02-27,current_week,2025-02-25T09:40:00+05:30,22600.55,22600,yes,NIFTY_22600_CE_27_FEB_25.csv,2025-02-25T09:40:00+05:30,93.0,120.00,2025-02-25T15:20:00+05:30,49.20,day_close,42.80,3210.00,50.00,3160.00,yes,NIFTY_22600_PE_27_FEB_25.csv,2025-02-25T09:40:00+05:30,73.0,102.96,2025-02-25T15:00:00+05:30,60.63,ma_sl,11.37,852.51,50.00,802.51,4062.51,100.00,3962.51,
2025-02-27,Thursday,TRADED,,2025-03-06,next_week,2025-02-27T09:40:00+05:30,22542.5,22550,yes,NIFTY_22550_CE_06_MAR_25.csv,2025-02-27T09:40:00+05:30,176.1,221.12,2025-02-27T14:45:00+05:30,172.29,ma_sl,2.81,211.05,50.00,161.05,yes,NIFTY_22550_PE_06_MAR_25.csv,2025-02-27T09:40:00+05:30,124.2,125.27,2025-02-27T09:45:00+05:30,124.61,ma_sl,-1.41,-105.69,50.00,-155.69,105.36,100.00,5.36,
2025-02-28,Friday,PARTIAL,,2025-03-06,current_week,2025-02-28T09:40:00+05:30,22266.95,22250,yes,NIFTY_22250_CE_06_MAR_25.csv,2025-02-28T09:40:00+05:30,185.85,380.02,2025-02-28T15:20:00+05:30,119.75,day_close,65.10,4882.50,50.00,4832.50,no,NIFTY_22250_PE_06_MAR_25.csv,,,40.36,,,not_entered,0.00,0.00,0.00,0.00,4882.50,50.00,4832.50,
2025-03-03,Monday,TRADED,,2025-03-06,current_week,2025-03-03T09:40:00+05:30,22184.15,22200,yes,NIFTY_22200_CE_06_MAR_25.csv,2025-03-03T09:40:00+05:30,138.9,166.64,2025-03-03T12:45:00+05:30,108.19,ma_sl,29.71,2227.89,50.00,2177.89,yes,NIFTY_22200_PE_06_MAR_25.csv,2025-03-03T09:40:00+05:30,118.2,123.14,2025-03-03T09:45:00+05:30,142.00,ma_gap_sl,-24.80,-1860.00,50.00,-1910.00,367.89,100.00,267.89,
2025-03-04,Tuesday,PARTIAL,,2025-03-06,current_week,2025-03-04T09:40:00+05:30,22047.5,22050,yes,NIFTY_22050_CE_06_MAR_25.csv,2025-03-04T09:40:00+05:30,111.35,165.56,2025-03-04T14:00:00+05:30,122.68,ma_sl,-12.33,-924.60,50.00,-974.60,no,NIFTY_22050_PE_06_MAR_25.csv,,,92.39,,,not_entered,0.00,0.00,0.00,0.00,-924.60,50.00,-974.60,
2025-03-05,Wednesday,PARTIAL,,2025-03-06,current_week,2025-03-05T09:40:00+05:30,22207.5,22200,no,NIFTY_22200_CE_06_MAR_25.csv,,,47.69,,,not_entered,0.00,0.00,0.00,0.00,yes,NIFTY_22200_PE_06_MAR_25.csv,2025-03-05T09:40:00+05:30,78.55,167.23,2025-03-05T15:20:00+05:30,33.25,day_close,44.30,3322.50,50.00,3272.50,3322.50,50.00,3272.50,
2025-03-06,Thursday,SKIPPED,no_ma_signal,2025-03-13,next_week,2025-03-06T09:40:00+05:30,22310.75,22300,no,,,,,,,,0.00,0.00,0.00,0.00,no,,,,,,,,0.00,0.00,0.00,0.00,0.00,0.00,0.00,CE price 204.75 >= MA 202.12; PE price 151.40 >= MA 151.18
2025-03-07,Friday,PARTIAL,,2025-03-13,current_week,2025-03-07T09:40:00+05:30,22485.5,22500,no,NIFTY_22500_CE_13_MAR_25.csv,,,142.61,,,not_entered,0.00,0.00,0.00,0.00,yes,NIFTY_22500_PE_13_MAR_25.csv,2025-03-07T09:40:00+05:30,151.6,182.59,2025-03-07T12:15:00+05:30,131.68,ma_sl,18.92,1419.36,50.00,1369.36,1419.36,50.00,1369.36,
2025-03-10,Monday,TRADED,,2025-03-13,current_week,2025-03-10T09:40:00+05:30,22622.65,22600,yes,NIFTY_22600_CE_13_MAR_25.csv,2025-03-10T09:40:00+05:30,133.95,136.25,2025-03-10T09:45:00+05:30,153.00,ma_gap_sl,-20.05,-1503.75,50.00,-1553.75,yes,NIFTY_22600_PE_13_MAR_25.csv,2025-03-10T09:40:00+05:30,124.4,147.88,2025-03-10T12:15:00+05:30,129.68,ma_sl,-6.28,-470.79,50.00,-520.79,-1974.54,100.00,-2074.54,
2025-03-11,Tuesday,PARTIAL,,2025-03-13,current_week,2025-03-11T09:40:00+05:30,22382.05,22400,yes,NIFTY_22400_CE_13_MAR_25.csv,2025-03-11T09:40:00+05:30,107.0,226.64,2025-03-11T11:00:00+05:30,185.99,ma_sl,-79.99,-5999.55,50.00,-6049.55,no,NIFTY_22400_PE_13_MAR_25.csv,,,61.69,,,not_entered,0.00,0.00,0.00,0.00,-5999.55,50.00,-6049.55,
2025-03-12,Wednesday,TRADED,,2025-03-13,current_week,2025-03-12T09:40:00+05:30,22493.7,22500,yes,NIFTY_22500_CE_13_MAR_25.csv,2025-03-12T09:40:00+05:30,75.2,93.67,2025-03-12T14:15:00+05:30,50.11,ma_sl,24.09,1806.45,50.00,1756.45,yes,NIFTY_22500_PE_13_MAR_25.csv,2025-03-12T09:40:00+05:30,100.4,128.16,2025-03-12T09:45:00+05:30,122.43,ma_sl,-23.03,-1727.55,50.00,-1777.55,78.90,100.00,-21.10,
2025-03-13,Thursday,PARTIAL,,2025-03-20,next_week,2025-03-13T09:40:00+05:30,22493.25,22500,no,NIFTY_22500_CE_20_MAR_25.csv,,,135.69,,,not_entered,0.00,0.00,0.00,0.00,yes,NIFTY_22500_PE_20_MAR_25.csv,2025-03-13T09:40:00+05:30,142.55,198.54,2025-03-13T11:30:00+05:30,173.17,ma_sl,-31.62,-2371.35,50.00,-2421.35,-2371.35,50.00,-2421.35,
2025-03-17,Monday,PARTIAL,,2025-03-20,current_week,2025-03-17T09:40:00+05:30,22555.0,22550,no,NIFTY_22550_CE_20_MAR_25.csv,,,101.37,,,not_entered,0.00,0.00,0.00,0.00,yes,NIFTY_22550_PE_20_MAR_25.csv,2025-03-17T09:40:00+05:30,96.1,179.62,2025-03-17T12:15:00+05:30,162.01,ma_sl,-66.91,-5017.92,50.00,-5067.92,-5017.92,50.00,-5067.92,
2025-03-18,Tuesday,PARTIAL,,2025-03-20,current_week,2025-03-18T09:40:00+05:30,22702.7,22700,no,NIFTY_22700_CE_20_MAR_25.csv,,,45.81,,,not_entered,0.00,0.00,0.00,0.00,yes,NIFTY_22700_PE_20_MAR_25.csv,2025-03-18T09:40:00+05:30,98.0,218.32,2025-03-18T15:20:00+05:30,42.90,day_close,54.10,4057.50,50.00,4007.50,4057.50,50.00,4007.50,
2025-03-19,Wednesday,PARTIAL,,2025-03-20,current_week,2025-03-19T09:40:00+05:30,22818.8,22800,no,NIFTY_22800_CE_20_MAR_25.csv,,,93.52,,,not_entered,0.00,0.00,0.00,0.00,yes,NIFTY_22800_PE_20_MAR_25.csv,2025-03-19T09:40:00+05:30,76.25,111.00,2025-03-19T15:20:00+05:30,38.95,day_close,36.30,2722.50,50.00,2672.50,2722.50,50.00,2672.50,
2025-03-20,Thursday,PARTIAL,,2025-03-27,next_week,2025-03-20T09:40:00+05:30,23046.4,23050,no,NIFTY_23050_CE_27_MAR_25.csv,,,122.10,,,not_entered,0.00,0.00,0.00,0.00,yes,NIFTY_23050_PE_27_MAR_25.csv,2025-03-20T09:40:00+05:30,136.85,210.07,2025-03-20T15:20:00+05:30,77.80,day_close,58.05,4353.75,50.00,4303.75,4353.75,50.00,4303.75,
2025-03-21,Friday,PARTIAL,,2025-03-27,current_week,2025-03-21T09:40:00+05:30,23249.65,23250,no,NIFTY_23250_CE_27_MAR_25.csv,,,94.10,,,not_entered,0.00,0.00,0.00,0.00,yes,NIFTY_23250_PE_27_MAR_25.csv,2025-03-21T09:40:00+05:30,124.1,202.69,2025-03-21T13:45:00+05:30,110.87,ma_sl,12.23,917.58,50.00,867.58,917.58,50.00,867.58,
2025-03-24,Monday,PARTIAL,,2025-03-27,current_week,2025-03-24T09:40:00+05:30,23439.65,23450,no,NIFTY_23450_CE_27_MAR_25.csv,,,96.13,,,not_entered,0.00,0.00,0.00,0.00,yes,NIFTY_23450_PE_27_MAR_25.csv,2025-03-24T09:40:00+05:30,135.85,177.65,2025-03-24T15:20:00+05:30,50.80,day_close,84.05,6303.75,50.00,6253.75,6303.75,50.00,6253.75,
2025-03-25,Tuesday,PARTIAL,,2025-03-27,current_week,2025-03-25T09:40:00+05:30,23787.1,23800,no,NIFTY_23800_CE_27_MAR_25.csv,,,76.08,,,not_entered,0.00,0.00,0.00,0.00,yes,NIFTY_23800_PE_27_MAR_25.csv,2025-03-25T09:40:00+05:30,133.3,227.69,2025-03-25T10:45:00+05:30,191.18,ma_sl,-58.88,-4415.85,50.00,-4465.85,-4415.85,50.00,-4465.85,
2025-03-26,Wednesday,PARTIAL,,2025-03-27,current_week,2025-03-26T09:40:00+05:30,23658.25,23650,yes,NIFTY_23650_CE_27_MAR_25.csv,2025-03-26T09:40:00+05:30,110.25,173.83,2025-03-26T10:30:00+05:30,148.74,ma_sl,-39.49,-2961.75,50.00,-3011.75,no,NIFTY_23650_PE_27_MAR_25.csv,,,76.67,,,not_entered,0.00,0.00,0.00,0.00,-2961.75,50.00,-3011.75,
2025-03-27,Thursday,PARTIAL,,2025-04-03,next_week,2025-03-27T09:40:00+05:30,23509.15,23500,yes,NIFTY_23500_CE_03_APR_25.csv,2025-03-27T09:40:00+05:30,214.35,286.63,2025-03-27T10:00:00+05:30,277.63,ma_sl,-64.28,-4820.79,50.00,-4870.79,no,NIFTY_23500_PE_03_APR_25.csv,,,110.70,,,not_entered,0.00,0.00,0.00,0.00,-4820.79,50.00,-4870.79,
2025-03-28,Friday,PARTIAL,,2025-04-03,current_week,2025-03-28T09:40:00+05:30,23512.4,23500,yes,NIFTY_23500_CE_03_APR_25.csv,2025-03-28T09:40:00+05:30,171.5,257.56,2025-03-28T10:30:00+05:30,246.20,ma_sl,-75.70,-5677.65,50.00,-5727.65,no,NIFTY_23500_PE_03_APR_25.csv,,,99.51,,,not_entered,0.00,0.00,0.00,0.00,-5677.65,50.00,-5727.65,
2025-04-01,Tuesday,TRADED,,2025-04-03,current_week,2025-04-01T09:40:00+05:30,23533.15,23550,yes,NIFTY_23550_CE_03_APR_25.csv,2025-04-01T09:40:00+05:30,104.35,144.08,2025-04-01T15:20:00+05:30,12.70,day_close,90.65,6798.75,50.00,6748.75,yes,NIFTY_23550_PE_03_APR_25.csv,2025-04-01T09:40:00+05:30,110.3,126.55,2025-04-01T09:45:00+05:30,124.48,ma_sl,-15.18,-1138.59,50.00,-1188.59,5660.16,100.00,5560.16,
2025-04-02,Wednesday,TRADED,,2025-04-03,current_week,2025-04-02T09:40:00+05:30,23270.95,23250,yes,NIFTY_23250_CE_03_APR_25.csv,2025-04-02T09:40:00+05:30,119.85,123.85,2025-04-02T10:15:00+05:30,96.86,ma_sl,21.99,1648.98,50.00,1598.98,yes,NIFTY_23250_PE_03_APR_25.csv,2025-04-02T09:40:00+05:30,79.2,105.72,2025-04-02T09:45:00+05:30,110.63,ma_sl,-32.43,-2432.19,50.00,-2482.19,-783.21,100.00,-883.21,
2025-04-03,Thursday,PARTIAL,,2025-04-09,next_week,2025-04-03T09:40:00+05:30,23252.25,23250,yes,NIFTY_23250_CE_09_APR_25.csv,2025-04-03T09:40:00+05:30,180.4,212.33,2025-04-03T15:20:00+05:30,148.50,day_close,30.90,2317.50,50.00,2267.50,no,NIFTY_23250_PE_09_APR_25.csv,,,148.07,,,not_entered,0.00,0.00,0.00,0.00,2317.50,50.00,2267.50,
2025-04-04,Friday,PARTIAL,,2025-04-09,current_week,2025-04-04T09:40:00+05:30,23121.75,23100,yes,NIFTY_23100_CE_09_APR_25.csv,2025-04-04T09:40:00+05:30,160.44,261.14,2025-04-04T15:20:00+05:30,41.35,day_close,118.09,8856.75,50.00,8806.75,no,NIFTY_23100_PE_09_APR_25.csv,,,91.57,,,not_entered,0.00,0.00,0.00,0.00,8856.75,50.00,8806.75,
2025-04-07,Monday,PARTIAL,,2025-04-09,current_week,2025-04-07T09:40:00+05:30,22037.1,22050,yes,NIFTY_22050_CE_09_APR_25.csv,2025-04-07T09:40:00+05:30,307.85,935.39,2025-04-07T14:45:00+05:30,309.10,ma_sl,-2.25,-168.51,50.00,-218.51,no,NIFTY_22050_PE_09_APR_25.csv,,,14.28,,,not_entered,0.00,0.00,0.00,0.00,-168.51,50.00,-218.51,
2025-04-08,Tuesday,PARTIAL,,2025-04-09,current_week,2025-04-08T09:40:00+05:30,22481.25,22500,no,NIFTY_22500_CE_09_APR_25.csv,,,88.32,,,not_entered,0.00,0.00,0.00,0.00,yes,NIFTY_22500_PE_09_APR_25.csv,2025-04-08T09:40:00+05:30,167.85,564.84,2025-04-08T15:20:00+05:30,154.94,day_close,11.91,893.25,50.00,843.25,893.25,50.00,843.25,
2025-04-09,Wednesday,PARTIAL,,2025-04-17,next_week,2025-04-09T09:40:00+05:30,22390.3,22400,yes,NIFTY_22400_CE_17_APR_25.csv,2025-04-09T09:40:00+05:30,316.64,419.95,2025-04-09T15:00:00+05:30,315.26,ma_sl,0.38,28.62,50.00,-21.38,no,NIFTY_22400_PE_17_APR_25.csv,,,267.01,,,not_entered,0.00,0.00,0.00,0.00,28.62,50.00,-21.38,
2025-04-11,Friday,PARTIAL,,2025-04-17,current_week,2025-04-11T09:40:00+05:30,22845.7,22850,no,NIFTY_22850_CE_17_APR_25.csv,,,111.53,,,not_entered,0.00,0.00,0.00,0.00,yes,NIFTY_22850_PE_17_APR_25.csv,2025-04-11T09:40:00+05:30,220.1,510.55,2025-04-11T14:00:00+05:30,273.39,ma_sl,-54.29,-4071.75,50.00,-4121.75,-4071.75,50.00,-4121.75,
2025-04-15,Tuesday,PARTIAL,,2025-04-17,current_week,2025-04-15T09:40:00+05:30,23301.0,23300,no,NIFTY_23300_CE_17_APR_25.csv,,,74.47,,,not_entered,0.00,0.00,0.00,0.00,yes,NIFTY_23300_PE_17_APR_25.csv,2025-04-15T09:40:00+05:30,132.15,480.74,2025-04-15T15:15:00+05:30,105.00,ma_gap_sl,26.15,1961.25,50.00,1911.25,1961.25,50.00,1911.25,
2025-04-16,Wednesday,TRADED,,2025-04-17,current_week,2025-04-16T09:40:00+05:30,23344.9,23350,yes,NIFTY_23350_CE_17_APR_25.csv,2025-04-16T09:40:00+05:30,56.6,89.02,2025-04-16T13:45:00+05:30,59.33,ma_sl,-3.73,-279.87,50.00,-329.87,yes,NIFTY_23350_PE_17_APR_25.csv,2025-04-16T09:40:00+05:30,85.1,123.02,2025-04-16T10:15:00+05:30,114.11,ma_sl,-30.01,-2250.99,50.00,-2300.99,-2530.86,100.00,-2630.86,
2025-04-17,Thursday,TRADED,,2025-04-24,next_week,2025-04-17T09:40:00+05:30,23345.0,23350,yes,NIFTY_23350_CE_24_APR_25.csv,2025-04-17T09:40:00+05:30,204.4,206.30,2025-04-17T09:45:00+05:30,228.75,ma_gap_sl,-25.35,-1901.25,50.00,-1951.25,yes,NIFTY_23350_PE_24_APR_25.csv,2025-04-17T09:40:00+05:30,189.6,193.50,2025-04-17T10:15:00+05:30,191.06,ma_sl,-2.46,-184.32,50.00,-234.32,-2085.57,100.00,-2185.57,
2025-04-21,Monday,PARTIAL,,2025-04-24,current_week,2025-04-21T09:40:00+05:30,24023.5,24000,no,NIFTY_24000_CE_24_APR_25.csv,,,80.16,,,not_entered,0.00,0.00,0.00,0.00,yes,NIFTY_24000_PE_24_APR_25.csv,2025-04-21T09:40:00+05:30,163.9,415.69,2025-04-21T15:20:00+05:30,66.20,day_close,96.70,7252.50,50.00,7202.50,7252.50,50.00,7202.50,
2025-04-22,Tuesday,TRADED,,2025-04-24,current_week,2025-04-22T09:40:00+05:30,24182.95,24200,yes,NIFTY_24200_CE_24_APR_25.csv,2025-04-22T09:40:00+05:30,96.7,101.14,2025-04-22T10:00:00+05:30,101.59,ma_sl,-5.89,-441.60,50.00,-491.60,yes,NIFTY_24200_PE_24_APR_25.csv,2025-04-22T09:40:00+05:30,119.7,179.49,2025-04-22T14:45:00+05:30,108.43,ma_sl,10.27,769.95,50.00,719.95,328.35,100.00,228.35,
2025-04-23,Wednesday,PARTIAL,,2025-04-24,current_week,2025-04-23T09:40:00+05:30,24275.45,24300,no,NIFTY_24300_CE_24_APR_25.csv,,,56.33,,,not_entered,0.00,0.00,0.00,0.00,yes,NIFTY_24300_PE_24_APR_25.csv,2025-04-23T09:40:00+05:30,106.25,161.45,2025-04-23T10:00:00+05:30,151.94,ma_sl,-46.69,-3501.75,50.00,-3551.75,-3501.75,50.00,-3551.75,
2025-04-24,Thursday,PARTIAL,,2025-04-30,next_week,2025-04-24T09:40:00+05:30,24295.9,24300,no,NIFTY_24300_CE_30_APR_25.csv,,,196.58,,,not_entered,0.00,0.00,0.00,0.00,yes,NIFTY_24300_PE_30_APR_25.csv,2025-04-24T09:40:00+05:30,165.65,205.80,2025-04-24T11:15:00+05:30,190.85,ma_sl,-26.20,-1964.85,50.00,-2014.85,-1964.85,50.00,-2014.85,
2025-04-25,Friday,PARTIAL,,2025-04-30,current_week,2025-04-25T09:40:00+05:30,24230.85,24250,yes,NIFTY_24250_CE_30_APR_25.csv,2025-04-25T09:40:00+05:30,191.5,215.13,2025-04-25T13:45:00+05:30,124.45,ma_sl,66.05,4953.69,50.00,4903.69,no,NIFTY_24250_PE_30_APR_25.csv,,,168.43,,,not_entered,0.00,0.00,0.00,0.00,4953.69,50.00,4903.69,
2025-04-28,Monday,PARTIAL,,2025-04-30,current_week,2025-04-28T09:40:00+05:30,24222.7,24200,no,NIFTY_24200_CE_30_APR_25.csv,,,110.02,,,not_entered,0.00,0.00,0.00,0.00,yes,NIFTY_24200_PE_30_APR_25.csv,2025-04-28T09:40:00+05:30,100.35,273.20,2025-04-28T15:20:00+05:30,55.40,day_close,43.95,3296.25,50.00,3246.25,3296.25,50.00,3246.25,
2025-04-29,Tuesday,PARTIAL,,2025-04-30,current_week,2025-04-29T09:40:00+05:30,24370.1,24350,no,NIFTY_24350_CE_30_APR_25.csv,,,95.56,,,not_entered,0.00,0.00,0.00,0.00,yes,NIFTY_24350_PE_30_APR_25.csv,2025-04-29T09:40:00+05:30,76.5,127.80,2025-04-29T09:45:00+05:30,119.14,ma_sl,-43.64,-3272.97,50.00,-3322.97,-3272.97,50.00,-3322.97,
2025-04-30,Wednesday,PARTIAL,,2025-05-08,next_week,2025-04-30T09:40:00+05:30,24364.9,24350,no,NIFTY_24350_CE_08_MAY_25.csv,,,245.86,,,not_entered,0.00,0.00,0.00,0.00,yes,NIFTY_24350_PE_08_MAY_25.csv,2025-04-30T09:40:00+05:30,222.3,231.22,2025-04-30T10:30:00+05:30,229.20,ma_sl,-7.90,-592.50,50.00,-642.50,-592.50,50.00,-642.50,
2025-05-02,Friday,PARTIAL,,2025-05-08,current_week,2025-05-02T09:40:00+05:30,24538.0,24550,no,NIFTY_24550_CE_08_MAY_25.csv,,,135.49,,,not_entered,0.00,0.00,0.00,0.00,yes,NIFTY_24550_PE_08_MAY_25.csv,2025-05-02T09:40:00+05:30,163.85,321.38,2025-05-02T11:30:00+05:30,277.96,ma_sl,-115.11,-8633.34,50.00,-8683.34,-8633.34,50.00,-8683.34,
2025-05-05,Monday,TRADED,,2025-05-08,current_week,2025-05-05T09:40:00+05:30,24424.35,24400,yes,NIFTY_24400_CE_08_MAY_25.csv,2025-05-05T09:40:00+05:30,149.4,187.02,2025-05-05T09:45:00+05:30,175.33,ma_sl,-26.93,-2019.39,50.00,-2069.39,yes,NIFTY_24400_PE_08_MAY_25.csv,2025-05-05T09:40:00+05:30,125.6,185.54,2025-05-05T15:15:00+05:30,85.45,ma_gap_sl,39.15,2936.25,50.00,2886.25,916.86,100.00,816.86,
2025-05-06,Tuesday,TRADED,,2025-05-08,current_week,2025-05-06T09:40:00+05:30,24453.85,24450,yes,NIFTY_24450_CE_08_MAY_25.csv,2025-05-06T09:40:00+05:30,79.65,119.09,2025-05-06T15:20:00+05:30,33.40,day_close,45.25,3393.75,50.00,3343.75,yes,NIFTY_24450_PE_08_MAY_25.csv,2025-05-06T09:40:00+05:30,78.8,102.09,2025-05-06T09:45:00+05:30,99.82,ma_sl,-22.02,-1651.65,50.00,-1701.65,1742.10,100.00,1642.10,
2025-05-07,Wednesday,SKIPPED,no_ma_signal,2025-05-08,current_week,2025-05-07T09:40:00+05:30,24403.35,24400,no,,,,,,,,0.00,0.00,0.00,0.00,no,,,,,,,,0.00,0.00,0.00,0.00,0.00,0.00,0.00,CE price 94.75 >= MA 66.54; PE price 93.60 >= MA 78.83
2025-05-08,Thursday,TRADED,,2025-05-15,next_week,2025-05-08T09:40:00+05:30,24394.2,24400,yes,NIFTY_24400_CE_15_MAY_25.csv,2025-05-08T09:40:00+05:30,205.9,215.51,2025-05-08T15:20:00+05:30,172.70,day_close,32.20,2415.00,50.00,2365.00,yes,NIFTY_24400_PE_15_MAY_25.csv,2025-05-08T09:40:00+05:30,201.4,229.26,2025-05-08T13:15:00+05:30,204.10,ma_sl,-3.70,-277.65,50.00,-327.65,2137.35,100.00,2037.35,
2025-05-09,Friday,PARTIAL,,2025-05-15,current_week,2025-05-09T09:40:00+05:30,24086.35,24100,yes,NIFTY_24100_CE_15_MAY_25.csv,2025-05-09T09:40:00+05:30,235.6,389.22,2025-05-09T15:20:00+05:30,177.75,day_close,56.85,4263.75,50.00,4213.75,no,NIFTY_24100_PE_15_MAY_25.csv,,,135.28,,,not_entered,0.00,0.00,0.00,0.00,4263.75,50.00,4213.75,
2025-05-12,Monday,PARTIAL,,2025-05-15,current_week,2025-05-12T09:40:00+05:30,24607.85,24600,no,NIFTY_24600_CE_15_MAY_25.csv,,,39.74,,,not_entered,0.00,0.00,0.00,0.00,yes,NIFTY_24600_PE_15_MAY_25.csv,2025-05-12T09:40:00+05:30,143.8,613.34,2025-05-12T15:20:00+05:30,82.30,day_close,60.50,4537.50,50.00,4487.50,4537.50,50.00,4487.50,
2025-05-13,Tuesday,PARTIAL,,2025-05-15,current_week,2025-05-13T09:40:00+05:30,24838.3,24850,no,NIFTY_24850_CE_15_MAY_25.csv,,,162.81,,,not_entered,0.00,0.00,0.00,0.00,yes,NIFTY_24850_PE_15_MAY_25.csv,2025-05-13T09:40:00+05:30,197.0,224.29,2025-05-13T09:45:00+05:30,241.95,ma_gap_sl,-45.95,-3446.25,50.00,-3496.25,-3446.25,50.00,-3496.25,
2025-05-14,Wednesday,TRADED,,2025-05-15,current_week,2025-05-14T09:40:00+05:30,24688.2,24700,yes,NIFTY_24700_CE_15_MAY_25.csv,2025-05-14T09:40:00+05:30,92.8,158.73,2025-05-14T15:20:00+05:30,60.20,day_close,31.60,2370.00,50.00,2320.00,yes,NIFTY_24700_PE_15_MAY_25.csv,2025-05-14T09:40:00+05:30,141.05,198.94,2025-05-14T12:30:00+05:30,160.56,ma_sl,-20.51,-1538.40,50.00,-1588.40,831.60,100.00,731.60,
2025-05-15,Thursday,PARTIAL,,2025-05-22,next_week,2025-05-15T09:40:00+05:30,24564.55,24550,yes,NIFTY_24550_CE_22_MAY_25.csv,2025-05-15T09:40:00+05:30,244.05,303.29,2025-05-15T10:30:00+05:30,284.60,ma_sl,-41.55,-3116.37,50.00,-3166.37,no,NIFTY_24550_PE_22_MAY_25.csv,,,172.76,,,not_entered,0.00,0.00,0.00,0.00,-3116.37,50.00,-3166.37,
2025-05-16,Friday,PARTIAL,,2025-05-22,current_week,2025-05-16T09:40:00+05:30,25004.75,25000,no,NIFTY_25000_CE_22_MAY_25.csv,,,151.13,,,not_entered,0.00,0.00,0.00,0.00,yes,NIFTY_25000_PE_22_MAY_25.csv,2025-05-16T09:40:00+05:30,181.25,324.45,2025-05-16T15:20:00+05:30,162.60,day_close,17.65,1323.75,50.00,1273.75,1323.75,50.00,1273.75,
2025-05-19,Monday,PARTIAL,,2025-05-22,current_week,2025-05-19T09:40:00+05:30,24984.65,25000,yes,NIFTY_25000_CE_22_MAY_25.csv,2025-05-19T09:40:00+05:30,168.35,184.83,2025-05-19T10:00:00+05:30,183.09,ma_sl,-15.74,-1180.50,50.00,-1230.50,no,NIFTY_25000_PE_22_MAY_25.csv,,,173.32,,,not_entered,0.00,0.00,0.00,0.00,-1180.50,50.00,-1230.50,
2025-05-20,Tuesday,TRADED,,2025-05-22,current_week,2025-05-20T09:40:00+05:30,24956.35,24950,yes,NIFTY_24950_CE_22_MAY_25.csv,2025-05-20T09:40:00+05:30,129.8,182.15,2025-05-20T15:20:00+05:30,48.15,day_close,80.65,6048.75,50.00,5998.75,yes,NIFTY_24950_PE_22_MAY_25.csv,2025-05-20T09:40:00+05:30,126.25,141.06,2025-05-20T09:45:00+05:30,145.40,ma_gap_sl,-20.15,-1511.25,50.00,-1561.25,4537.50,100.00,4437.50,
2025-05-21,Wednesday,PARTIAL,,2025-05-22,current_week,2025-05-21T09:40:00+05:30,24807.95,24800,yes,NIFTY_24800_CE_22_MAY_25.csv,2025-05-21T09:40:00+05:30,128.44,151.20,2025-05-21T09:45:00+05:30,145.86,ma_sl,-18.42,-1381.80,50.00,-1431.80,no,NIFTY_24800_PE_22_MAY_25.csv,,,114.31,,,not_entered,0.00,0.00,0.00,0.00,-1381.80,50.00,-1431.80,
2025-05-22,Thursday,PARTIAL,,2025-05-29,next_week,2025-05-22T09:40:00+05:30,24574.8,24550,yes,NIFTY_24550_CE_29_MAY_25.csv,2025-05-22T09:40:00+05:30,260.39,432.09,2025-05-22T14:45:00+05:30,258.05,ma_sl,1.34,100.68,50.00,50.68,no,NIFTY_24550_PE_29_MAY_25.csv,,,128.36,,,not_entered,0.00,0.00,0.00,0.00,100.68,50.00,50.68,
2025-05-23,Friday,PARTIAL,,2025-05-29,current_week,2025-05-23T09:40:00+05:30,24749.9,24750,no,NIFTY_24750_CE_29_MAY_25.csv,,,150.50,,,not_entered,0.00,0.00,0.00,0.00,yes,NIFTY_24750_PE_29_MAY_25.csv,2025-05-23T09:40:00+05:30,178.15,279.03,2025-05-23T15:20:00+05:30,147.80,day_close,29.35,2201.25,50.00,2151.25,2201.25,50.00,2151.25,
2025-05-26,Monday,PARTIAL,,2025-05-29,current_week,2025-05-26T09:40:00+05:30,25049.85,25050,no,NIFTY_25050_CE_29_MAY_25.csv,,,140.37,,,not_entered,0.00,0.00,0.00,0.00,yes,NIFTY_25050_PE_29_MAY_25.csv,2025-05-26T09:40:00+05:30,182.05,291.43,2025-05-26T10:30:00+05:30,267.24,ma_sl,-86.19,-6464.58,50.00,-6514.58,-6464.58,50.00,-6514.58,
2025-05-27,Tuesday,PARTIAL,,2025-05-29,current_week,2025-05-27T09:40:00+05:30,24830.35,24850,yes,NIFTY_24850_CE_29_MAY_25.csv,2025-05-27T09:40:00+05:30,221.15,309.52,2025-05-27T11:15:00+05:30,274.30,ma_sl,-54.15,-4061.19,50.00,-4111.19,no,NIFTY_24850_PE_29_MAY_25.csv,,,142.30,,,not_entered,0.00,0.00,0.00,0.00,-4061.19,50.00,-4111.19,
2025-05-28,Wednesday,TRADED,,2025-05-29,current_week,2025-05-28T09:40:00+05:30,24769.7,24750,yes,NIFTY_24750_CE_29_MAY_25.csv,2025-05-28T09:40:00+05:30,183.85,268.99,2025-05-28T15:20:00+05:30,118.30,day_close,64.55,4841.25,50.00,4791.25,yes,NIFTY_24750_PE_29_MAY_25.csv,2025-05-28T09:40:00+05:30,151.6,151.98,2025-05-28T09:45:00+05:30,147.48,ma_sl,3.12,234.15,50.00,184.15,5075.40,100.00,4975.40,
2025-05-29,Thursday,TRADED,,2025-06-05,next_week,2025-05-29T09:40:00+05:30,24808.3,24800,yes,NIFTY_24800_CE_05_JUN_25.csv,2025-05-29T09:40:00+05:30,241.55,279.67,2025-05-29T15:00:00+05:30,216.76,ma_sl,23.79,1784.25,50.00,1734.25,yes,NIFTY_24800_PE_05_JUN_25.csv,2025-05-29T09:40:00+05:30,206.2,273.72,2025-05-29T11:00:00+05:30,254.23,ma_sl,-49.03,-3677.07,50.00,-3727.07,-1892.82,100.00,-1992.82,
2025-05-30,Friday,PARTIAL,,2025-06-05,current_week,2025-05-30T09:40:00+05:30,24813.6,24800,no,NIFTY_24800_CE_05_JUN_25.csv,,,217.04,,,not_entered,0.00,0.00,0.00,0.00,yes,NIFTY_24800_PE_05_JUN_25.csv,2025-05-30T09:40:00+05:30,179.8,215.95,2025-05-30T10:15:00+05:30,213.52,ma_sl,-34.72,-2603.70,50.00,-2653.70,-2603.70,50.00,-2653.70,
2025-06-02,Monday,PARTIAL,,2025-06-05,current_week,2025-06-02T09:40:00+05:30,24562.85,24550,yes,NIFTY_24550_CE_05_JUN_25.csv,2025-06-02T09:40:00+05:30,190.0,348.13,2025-06-02T12:00:00+05:30,299.96,ma_sl,-110.96,-8322.00,50.00,-8372.00,no,NIFTY_24550_PE_05_JUN_25.csv,,,109.58,,,not_entered,0.00,0.00,0.00,0.00,-8322.00,50.00,-8372.00,
2025-06-03,Tuesday,PARTIAL,,2025-06-05,current_week,2025-06-03T09:40:00+05:30,24673.35,24650,no,NIFTY_24650_CE_05_JUN_25.csv,,,232.93,,,not_entered,0.00,0.00,0.00,0.00,yes,NIFTY_24650_PE_05_JUN_25.csv,2025-06-03T09:40:00+05:30,195.75,201.43,2025-06-03T09:45:00+05:30,210.00,ma_gap_sl,-15.25,-1143.75,50.00,-1193.75,-1143.75,50.00,-1193.75,
2025-06-04,Wednesday,TRADED,,2025-06-05,current_week,2025-06-04T09:40:00+05:30,24554.3,24550,yes,NIFTY_24550_CE_05_JUN_25.csv,2025-06-04T09:40:00+05:30,102.3,217.53,2025-06-04T13:45:00+05:30,122.62,ma_sl,-21.32,-1598.70,50.00,-1648.70,yes,NIFTY_24550_PE_05_JUN_25.csv,2025-06-04T09:40:00+05:30,92.45,145.25,2025-06-04T15:20:00+05:30,53.25,day_close,38.20,2865.00,50.00,2815.00,1266.30,100.00,1166.30,
2025-06-05,Thursday,PARTIAL,,2025-06-12,next_week,2025-06-05T09:40:00+05:30,24737.65,24750,no,NIFTY_24750_CE_12_JUN_25.csv,,,173.44,,,not_entered,0.00,0.00,0.00,0.00,yes,NIFTY_24750_PE_12_JUN_25.csv,2025-06-05T09:40:00+05:30,191.8,276.42,2025-06-05T14:00:00+05:30,192.28,ma_sl,-1.48,-111.15,50.00,-161.15,-111.15,50.00,-161.15,
2025-06-06,Friday,PARTIAL,,2025-06-12,current_week,2025-06-06T09:40:00+05:30,24693.85,24700,yes,NIFTY_24700_CE_12_JUN_25.csv,2025-06-06T09:40:00+05:30,176.75,239.85,2025-06-06T10:00:00+05:30,235.63,ma_sl,-59.88,-4490.70,50.00,-4540.70,no,NIFTY_24700_PE_12_JUN_25.csv,,,149.18,,,not_entered,0.00,0.00,0.00,0.00,-4490.70,50.00,-4540.70,
2025-06-09,Monday,PARTIAL,,2025-06-12,current_week,2025-06-09T09:40:00+05:30,25090.0,25100,no,NIFTY_25100_CE_12_JUN_25.csv,,,126.26,,,not_entered,0.00,0.00,0.00,0.00,yes,NIFTY_25100_PE_12_JUN_25.csv,2025-06-09T09:40:00+05:30,159.6,252.59,2025-06-09T15:20:00+05:30,129.65,day_close,28.95,2171.25,50.00,2121.25,2171.25,50.00,2121.25,
2025-06-10,Tuesday,TRADED,,2025-06-12,current_week,2025-06-10T09:40:00+05:30,25125.15,25150,yes,NIFTY_25150_CE_12_JUN_25.csv,2025-06-10T09:40:00+05:30,106.7,120.01,2025-06-10T10:00:00+05:30,116.17,ma_sl,-10.47,-785.25,50.00,-835.25,yes,NIFTY_25150_PE_12_JUN_25.csv,2025-06-10T09:40:00+05:30,131.15,161.30,2025-06-10T14:45:00+05:30,110.27,ma_sl,19.88,1490.70,50.00,1440.70,705.45,100.00,605.45,
2025-06-11,Wednesday,TRADED,,2025-06-12,current_week,2025-06-11T09:40:00+05:30,25124.4,25100,yes,NIFTY_25100_CE_12_JUN_25.csv,2025-06-11T09:40:00+05:30,82.3,107.44,2025-06-11T10:30:00+05:30,100.11,ma_sl,-18.81,-1410.60,50.00,-1460.60,yes,NIFTY_25100_PE_12_JUN_25.csv,2025-06-11T09:40:00+05:30,63.15,81.91,2025-06-11T13:45:00+05:30,57.46,ma_sl,4.69,351.75,50.00,301.75,-1058.85,100.00,-1158.85,
2025-06-12,Thursday,PARTIAL,,2025-06-19,next_week,2025-06-12T09:40:00+05:30,25149.7,25150,yes,NIFTY_25150_CE_19_JUN_25.csv,2025-06-12T09:40:00+05:30,190.75,210.59,2025-06-12T15:20:00+05:30,77.45,day_close,112.30,8422.50,50.00,8372.50,no,NIFTY_25150_PE_19_JUN_25.csv,,,156.69,,,not_entered,0.00,0.00,0.00,0.00,8422.50,50.00,8372.50,
2025-06-13,Friday,PARTIAL,,2025-06-19,current_week,2025-06-13T09:40:00+05:30,24635.65,24650,yes,NIFTY_24650_CE_19_JUN_25.csv,2025-06-13T09:40:00+05:30,184.2,430.76,2025-06-13T13:45:00+05:30,229.98,ma_sl,-46.78,-3508.35,50.00,-3558.35,no,NIFTY_24650_PE_19_JUN_25.csv,,,62.95,,,not_entered,0.00,0.00,0.00,0.00,-3508.35,50.00,-3558.35,
2025-06-16,Monday,PARTIAL,,2025-06-19,current_week,2025-06-16T09:40:00+05:30,24757.65,24750,no,NIFTY_24750_CE_19_JUN_25.csv,,,145.13,,,not_entered,0.00,0.00,0.00,0.00,yes,NIFTY_24750_PE_19_JUN_25.csv,2025-06-16T09:40:00+05:30,129.05,213.64,2025-06-16T15:20:00+05:30,69.30,day_close,58.75,4406.25,50.00,4356.25,4406.25,50.00,4356.25,
2025-06-17,Tuesday,TRADED,,2025-06-19,current_week,2025-06-17T09:40:00+05:30,24898.5,24900,yes,NIFTY_24900_CE_19_JUN_25.csv,2025-06-17T09:40:00+05:30,115.0,149.45,2025-06-17T15:20:00+05:30,76.50,day_close,37.50,2812.50,50.00,2762.50,yes,NIFTY_24900_PE_19_JUN_25.csv,2025-06-17T09:40:00+05:30,125.55,138.35,2025-06-17T09:45:00+05:30,131.70,ma_sl,-7.15,-536.10,50.00,-586.10,2276.40,100.00,2176.40,
2025-06-18,Wednesday,PARTIAL,,2025-06-19,current_week,2025-06-18T09:40:00+05:30,24934.4,24950,no,NIFTY_24950_CE_19_JUN_25.csv,,,64.49,,,not_entered,0.00,0.00,0.00,0.00,yes,NIFTY_24950_PE_19_JUN_25.csv,2025-06-18T09:40:00+05:30,106.25,155.78,2025-06-18T10:45:00+05:30,148.00,ma_sl,-42.75,-3205.95,50.00,-3255.95,-3205.95,50.00,-3255.95,
2025-06-19,Thursday,TRADED,,2025-06-26,next_week,2025-06-19T09:40:00+05:30,24831.35,24850,yes,NIFTY_24850_CE_26_JUN_25.csv,2025-06-19T09:40:00+05:30,184.7,205.69,2025-06-19T09:45:00+05:30,199.11,ma_sl,-15.41,-1155.90,50.00,-1205.90,yes,NIFTY_24850_PE_26_JUN_25.csv,2025-06-19T09:40:00+05:30,183.15,207.36,2025-06-19T12:30:00+05:30,202.80,ma_sl,-20.65,-1548.45,50.00,-1598.45,-2704.35,100.00,-2804.35,
2025-06-20,Friday,TRADED,,2025-06-26,current_week,2025-06-20T09:40:00+05:30,24836.25,24850,yes,NIFTY_24850_CE_26_JUN_25.csv,2025-06-20T09:40:00+05:30,158.5,175.95,2025-06-20T09:45:00+05:30,182.70,ma_gap_sl,-25.20,-1890.00,50.00,-1940.00,yes,NIFTY_24850_PE_26_JUN_25.csv,2025-06-20T09:40:00+05:30,160.6,193.88,2025-06-20T15:20:00+05:30,75.80,day_close,83.80,6285.00,50.00,6235.00,4395.00,100.00,4295.00,
2025-06-23,Monday,PARTIAL,,2025-06-26,current_week,2025-06-23T09:40:00+05:30,24896.95,24900,yes,NIFTY_24900_CE_26_JUN_25.csv,2025-06-23T09:40:00+05:30,144.25,255.61,2025-06-23T13:15:00+05:30,201.93,ma_sl,-58.68,-4401.30,50.00,-4451.30,no,NIFTY_24900_PE_26_JUN_25.csv,,,105.11,,,not_entered,0.00,0.00,0.00,0.00,-4401.30,50.00,-4451.30,
2025-06-24,Tuesday,PARTIAL,,2025-06-26,current_week,2025-06-24T09:40:00+05:30,25163.25,25150,no,NIFTY_25150_CE_26_JUN_25.csv,,,65.43,,,not_entered,0.00,0.00,0.00,0.00,yes,NIFTY_25150_PE_26_JUN_25.csv,2025-06-24T09:40:00+05:30,110.25,244.35,2025-06-24T13:15:00+05:30,119.77,ma_sl,-10.52,-788.70,50.00,-838.70,-788.70,50.00,-838.70,
2025-06-25,Wednesday,TRADED,,2025-06-26,current_week,2025-06-25T09:40:00+05:30,25168.35,25150,yes,NIFTY_25150_CE_26_JUN_25.csv,2025-06-25T09:40:00+05:30,112.4,153.60,2025-06-25T10:45:00+05:30,142.07,ma_sl,-30.67,-2300.55,50.00,-2350.55,yes,NIFTY_25150_PE_26_JUN_25.csv,2025-06-25T09:40:00+05:30,69.6,99.90,2025-06-25T15:20:00+05:30,36.50,day_close,32.10,2407.50,50.00,2357.50,106.95,100.00,6.95,
2025-06-26,Thursday,PARTIAL,,2025-07-03,next_week,2025-06-26T09:40:00+05:30,25354.55,25350,no,NIFTY_25350_CE_03_JUL_25.csv,,,139.55,,,not_entered,0.00,0.00,0.00,0.00,yes,NIFTY_25350_PE_03_JUL_25.csv,2025-06-26T09:40:00+05:30,180.7,243.80,2025-06-26T15:20:00+05:30,104.30,day_close,75.40,5655.00,50.00,5605.00,5655.00,50.00,5605.00,
2025-06-27,Friday,PARTIAL,,2025-07-03,current_week,2025-06-27T09:40:00+05:30,25561.05,25550,no,NIFTY_25550_CE_03_JUL_25.csv,,,132.49,,,not_entered,0.00,0.00,0.00,0.00,yes,NIFTY_25550_PE_03_JUL_25.csv,2025-06-27T09:40:00+05:30,148.7,247.35,2025-06-27T15:20:00+05:30,94.55,day_close,53.15,3986.25,50.00,3936.25,3986.25,50.00,3936.25,
2025-06-30,Monday,TRADED,,2025-07-03,current_week,2025-06-30T09:40:00+05:30,25597.5,25600,yes,NIFTY_25600_CE_03_JUL_25.csv,2025-06-30T09:40:00+05:30,148.0,166.22,2025-06-30T15:20:00+05:30,93.80,day_close,53.20,3990.00,50.00,3940.00,yes,NIFTY_25600_PE_03_JUL_25.csv,2025-06-30T09:40:00+05:30,125.2,131.16,2025-06-30T09:45:00+05:30,127.17,ma_sl,-2.97,-223.05,50.00,-273.05,3766.95,100.00,3666.95,
2025-07-01,Tuesday,TRADED,,2025-07-03,current_week,2025-07-01T09:40:00+05:30,25584.3,25600,yes,NIFTY_25600_CE_03_JUL_25.csv,2025-07-01T09:40:00+05:30,105.95,111.45,2025-07-01T09:45:00+05:30,108.56,ma_sl,-3.61,-270.45,50.00,-320.45,yes,NIFTY_25600_PE_03_JUL_25.csv,2025-07-01T09:40:00+05:30,118.2,153.51,2025-07-01T15:20:00+05:30,110.10,day_close,7.10,532.50,50.00,482.50,262.05,100.00,162.05,
2025-07-02,Wednesday,TRADED,,2025-07-03,current_week,2025-07-02T09:40:00+05:30,25556.3,25550,yes,NIFTY_25550_CE_03_JUL_25.csv,2025-07-02T09:40:00+05:30,87.95,100.47,2025-07-02T15:20:00+05:30,33.45,day_close,53.50,4012.50,50.00,3962.50,yes,NIFTY_25550_PE_03_JUL_25.csv,2025-07-02T09:40:00+05:30,68.15,94.43,2025-07-02T10:00:00+05:30,92.14,ma_sl,-24.99,-1873.95,50.00,-1923.95,2138.55,100.00,2038.55,
2025-07-03,Thursday,TRADED,,2025-07-10,next_week,2025-07-03T09:40:00+05:30,25464.4,25450,yes,NIFTY_25450_CE_10_JUL_25.csv,2025-07-03T09:40:00+05:30,175.3,204.21,2025-07-03T09:45:00+05:30,201.17,ma_sl,-26.87,-2015.10,50.00,-2065.10,yes,NIFTY_25450_PE_10_JUL_25.csv,2025-07-03T09:40:00+05:30,145.6,154.21,2025-07-03T13:15:00+05:30,137.43,ma_sl,7.17,537.60,50.00,487.60,-1477.50,100.00,-1577.50,
2025-07-04,Friday,PARTIAL,,2025-07-10,current_week,2025-07-04T09:40:00+05:30,25383.65,25400,yes,NIFTY_25400_CE_10_JUL_25.csv,2025-07-04T09:40:00+05:30,150.25,230.29,2025-07-04T14:30:00+05:30,147.90,ma_sl,1.35,101.55,50.00,51.55,no,NIFTY_25400_PE_10_JUL_25.csv,,,108.14,,,not_entered,0.00,0.00,0.00,0.00,101.55,50.00,51.55,
2025-07-07,Monday,PARTIAL,,2025-07-10,current_week,2025-07-07T09:40:00+05:30,25479.45,25500,no,NIFTY_25500_CE_10_JUL_25.csv,,,100.84,,,not_entered,0.00,0.00,0.00,0.00,yes,NIFTY_25500_PE_10_JUL_25.csv,2025-07-07T09:40:00+05:30,126.8,189.20,2025-07-07T13:00:00+05:30,152.97,ma_sl,-27.17,-2037.60,50.00,-2087.60,-2037.60,50.00,-2087.60,
2025-07-08,Tuesday,TRADED,,2025-07-10,current_week,2025-07-08T09:40:00+05:30,25470.7,25450,yes,NIFTY_25450_CE_10_JUL_25.csv,2025-07-08T09:40:00+05:30,118.1,122.74,2025-07-08T09:45:00+05:30,121.12,ma_sl,-4.02,-301.50,50.00,-351.50,yes,NIFTY_25450_PE_10_JUL_25.csv,2025-07-08T09:40:00+05:30,83.5,109.75,2025-07-08T15:20:00+05:30,49.35,day_close,33.15,2486.25,50.00,2436.25,2184.75,100.00,2084.75,
2025-07-09,Wednesday,TRADED,,2025-07-10,current_week,2025-07-09T09:40:00+05:30,25492.3,25500,yes,NIFTY_25500_CE_10_JUL_25.csv,2025-07-09T09:40:00+05:30,72.3,79.88,2025-07-09T09:45:00+05:30,79.18,ma_sl,-7.88,-591.15,50.00,-641.15,yes,NIFTY_25500_PE_10_JUL_25.csv,2025-07-09T09:40:00+05:30,65.5,98.52,2025-07-09T14:15:00+05:30,53.56,ma_sl,10.94,820.65,50.00,770.65,229.50,100.00,129.50,
2025-07-10,Thursday,PARTIAL,,2025-07-17,next_week,2025-07-10T09:40:00+05:30,25434.4,25450,yes,NIFTY_25450_CE_17_JUL_25.csv,2025-07-10T09:40:00+05:30,155.25,220.34,2025-07-10T15:20:00+05:30,110.75,day_close,43.50,3262.50,50.00,3212.50,no,NIFTY_25450_PE_17_JUL_25.csv,,,111.03,,,not_entered,0.00,0.00,0.00,0.00,3262.50,50.00,3212.50,
2025-07-11,Friday,PARTIAL,,2025-07-17,current_week,2025-07-11T09:40:00+05:30,25304.5,25300,yes,NIFTY_25300_CE_17_JUL_25.csv,2025-07-11T09:40:00+05:30,136.8,214.76,2025-07-11T15:20:00+05:30,72.85,day_close,62.95,4721.25,50.00,4671.25,no,NIFTY_25300_PE_17_JUL_25.csv,,,98.22,,,not_entered,0.00,0.00,0.00,0.00,4721.25,50.00,4671.25,
2025-07-14,Monday,PARTIAL,,2025-07-17,current_week,2025-07-14T09:40:00+05:30,25073.55,25050,yes,NIFTY_25050_CE_17_JUL_25.csv,2025-07-14T09:40:00+05:30,132.85,225.87,2025-07-14T14:45:00+05:30,135.73,ma_sl,-3.88,-291.15,50.00,-341.15,no,NIFTY_25050_PE_17_JUL_25.csv,,,66.15,,,not_entered,0.00,0.00,0.00,0.00,-291.15,50.00,-341.15,
2025-07-15,Tuesday,PARTIAL,,2025-07-17,current_week,2025-07-15T09:40:00+05:30,25124.05,25100,no,NIFTY_25100_CE_17_JUL_25.csv,,,105.54,,,not_entered,0.00,0.00,0.00,0.00,yes,NIFTY_25100_PE_17_JUL_25.csv,2025-07-15T09:40:00+05:30,69.9,109.49,2025-07-15T15:20:00+05:30,29.15,day_close,39.75,2981.25,50.00,2931.25,2981.25,50.00,2931.25,
2025-07-16,Wednesday,TRADED,,2025-07-17,current_week,2025-07-16T09:40:00+05:30,25167.05,25150,yes,NIFTY_25150_CE_17_JUL_25.csv,2025-07-16T09:40:00+05:30,77.0,110.20,2025-07-16T11:45:00+05:30,93.41,ma_sl,-17.41,-1305.75,50.00,-1355.75,yes,NIFTY_25150_PE_17_JUL_25.csv,2025-07-16T09:40:00+05:30,55.3,57.99,2025-07-16T09:45:00+05:30,58.60,ma_gap_sl,-4.30,-322.50,50.00,-372.50,-1628.25,100.00,-1728.25,
2025-07-17,Thursday,TRADED,,2025-07-24,next_week,2025-07-17T09:40:00+05:30,25190.4,25200,yes,NIFTY_25200_CE_24_JUL_25.csv,2025-07-17T09:40:00+05:30,136.7,149.51,2025-07-17T11:30:00+05:30,150.55,ma_sl,-14.85,-1113.60,50.00,-1163.60,yes,NIFTY_25200_PE_24_JUL_25.csv,2025-07-17T09:40:00+05:30,128.65,139.11,2025-07-17T10:00:00+05:30,136.03,ma_sl,-8.38,-628.80,50.00,-678.80,-1742.40,100.00,-1842.40,
2025-07-18,Friday,PARTIAL,,2025-07-24,current_week,2025-07-18T09:40:00+05:30,25077.2,25100,yes,NIFTY_25100_CE_24_JUL_25.csv,2025-07-18T09:40:00+05:30,130.55,186.19,2025-07-18T14:30:00+05:30,97.58,ma_sl,31.97,2397.60,50.00,2347.60,no,NIFTY_25100_PE_24_JUL_25.csv,,,94.11,,,not_entered,0.00,0.00,0.00,0.00,2397.60,50.00,2347.60,
2025-07-21,Monday,PARTIAL,,2025-07-24,current_week,2025-07-21T09:40:00+05:30,24909.2,24900,yes,NIFTY_24900_CE_24_JUL_25.csv,2025-07-21T09:40:00+05:30,122.6,187.01,2025-07-21T09:45:00+05:30,181.90,ma_sl,-60.30,-4522.80,50.00,-4572.80,no,NIFTY_24900_PE_24_JUL_25.csv,,,87.35,,,not_entered,0.00,0.00,0.00,0.00,-4522.80,50.00,-4572.80,
2025-07-22,Tuesday,PARTIAL,,2025-07-24,current_week,2025-07-22T09:40:00+05:30,25108.55,25100,no,NIFTY_25100_CE_24_JUL_25.csv,,,86.14,,,not_entered,0.00,0.00,0.00,0.00,yes,NIFTY_25100_PE_24_JUL_25.csv,2025-07-22T09:40:00+05:30,73.3,117.31,2025-07-22T11:15:00+05:30,101.40,ma_sl,-29.10,-2182.80,50.00,-2232.80,-2182.80,50.00,-2232.80,
2025-07-23,Wednesday,TRADED,,2025-07-24,current_week,2025-07-23T09:40:00+05:30,25111.45,25100,yes,NIFTY_25100_CE_24_JUL_25.csv,2025-07-23T09:40:00+05:30,72.8,74.27,2025-07-23T09:45:00+05:30,72.68,ma_sl,-0.88,-65.85,50.00,-115.85,yes,NIFTY_25100_PE_24_JUL_25.csv,2025-07-23T09:40:00+05:30,50.65,74.88,2025-07-23T15:20:00+05:30,13.95,day_close,35.70,2677.50,50.00,2627.50,2611.65,100.00,2511.65,
2025-07-24,Thursday,PARTIAL,,2025-07-31,next_week,2025-07-24T09:40:00+05:30,25187.85,25200,no,NIFTY_25200_CE_31_JUL_25.csv,,,132.71,,,not_entered,0.00,0.00,0.00,0.00,yes,NIFTY_25200_PE_31_JUL_25.csv,2025-07-24T09:40:00+05:30,114.55,136.96,2025-07-24T10:00:00+05:30,131.17,ma_sl,-17.62,-1321.80,50.00,-1371.80,-1321.80,50.00,-1371.80,
2025-07-25,Friday,PARTIAL,,2025-07-31,current_week,2025-07-25T09:40:00+05:30,24972.5,24950,yes,NIFTY_24950_CE_31_JUL_25.csv,2025-07-25T09:40:00+05:30,150.25,240.68,2025-07-25T15:20:00+05:30,79.80,day_close,69.45,5208.75,50.00,5158.75,no,NIFTY_24950_PE_31_JUL_25.csv,,,64.19,,,not_entered,0.00,0.00,0.00,0.00,5208.75,50.00,5158.75,
2025-07-28,Monday,TRADED,,2025-07-31,current_week,2025-07-28T09:40:00+05:30,24825.7,24850,yes,NIFTY_24850_CE_31_JUL_25.csv,2025-07-28T09:40:00+05:30,122.35,139.68,2025-07-28T10:00:00+05:30,131.84,ma_sl,-10.49,-786.60,50.00,-836.60,yes,NIFTY_24850_PE_31_JUL_25.csv,2025-07-28T09:40:00+05:30,107.25,114.06,2025-07-28T09:45:00+05:30,129.45,ma_gap_sl,-23.20,-1740.00,50.00,-1790.00,-2526.60,100.00,-2626.60,
2025-07-29,Tuesday,PARTIAL,,2025-07-31,current_week,2025-07-29T09:40:00+05:30,24684.95,24700,yes,NIFTY_24700_CE_31_JUL_25.csv,2025-07-29T09:40:00+05:30,106.6,158.14,2025-07-29T12:30:00+05:30,104.64,ma_sl,0.96,71.70,50.00,21.70,no,NIFTY_24700_PE_31_JUL_25.csv,,,78.86,,,not_entered,0.00,0.00,0.00,0.00,71.70,50.00,21.70,
2025-07-30,Wednesday,PARTIAL,,2025-07-31,current_week,2025-07-30T09:40:00+05:30,24868.8,24850,no,NIFTY_24850_CE_31_JUL_25.csv,,,51.22,,,not_entered,0.00,0.00,0.00,0.00,yes,NIFTY_24850_PE_31_JUL_25.csv,2025-07-30T09:40:00+05:30,62.1,154.71,2025-07-30T15:20:00+05:30,49.15,day_close,11.95,896.25,50.00,846.25,896.25,50.00,846.25,
2025-07-31,Thursday,PARTIAL,,2025-08-07,next_week,2025-07-31T09:40:00+05:30,24687.6,24700,yes,NIFTY_24700_CE_07_AUG_25.csv,2025-07-31T09:40:00+05:30,167.9,266.95,2025-07-31T11:15:00+05:30,240.44,ma_sl,-73.54,-5515.20,50.00,-5565.20,no,NIFTY_24700_PE_07_AUG_25.csv,,,87.21,,,not_entered,0.00,0.00,0.00,0.00,-5515.20,50.00,-5565.20,
2025-08-01,Friday,PARTIAL,,2025-08-07,current_week,2025-08-01T09:40:00+05:30,24699.25,24700,yes,NIFTY_24700_CE_07_AUG_25.csv,2025-08-01T09:40:00+05:30,158.05,238.22,2025-08-01T15:20:00+05:30,90.25,day_close,66.80,5010.00,50.00,4960.00,no,NIFTY_24700_PE_07_AUG_25.csv,,,109.00,,,not_entered,0.00,0.00,0.00,0.00,5010.00,50.00,4960.00,
2025-08-04,Monday,TRADED,,2025-08-07,current_week,2025-08-04T09:40:00+05:30,24651.2,24650,yes,NIFTY_24650_CE_07_AUG_25.csv,2025-08-04T09:40:00+05:30,145.1,163.47,2025-08-04T11:00:00+05:30,143.07,ma_sl,1.03,77.25,50.00,27.25,yes,NIFTY_24650_PE_07_AUG_25.csv,2025-08-04T09:40:00+05:30,126.3,137.21,2025-08-04T09:45:00+05:30,155.95,ma_gap_sl,-30.65,-2298.75,50.00,-2348.75,-2221.50,100.00,-2321.50,
2025-08-05,Tuesday,PARTIAL,,2025-08-07,current_week,2025-08-05T09:40:00+05:30,24631.95,24650,yes,NIFTY_24650_CE_07_AUG_25.csv,2025-08-05T09:40:00+05:30,105.4,148.32,2025-08-05T15:00:00+05:30,93.46,ma_sl,10.94,820.20,50.00,770.20,no,NIFTY_24650_PE_07_AUG_25.csv,,,110.36,,,not_entered,0.00,0.00,0.00,0.00,820.20,50.00,770.20,
2025-08-06,Wednesday,TRADED,,2025-08-07,current_week,2025-08-06T09:40:00+05:30,24622.85,24600,yes,NIFTY_24600_CE_07_AUG_25.csv,2025-08-06T09:40:00+05:30,111.5,116.10,2025-08-06T09:45:00+05:30,115.33,ma_sl,-4.83,-362.40,50.00,-412.40,yes,NIFTY_24600_PE_07_AUG_25.csv,2025-08-06T09:40:00+05:30,72.4,82.52,2025-08-06T10:00:00+05:30,79.22,ma_sl,-7.82,-586.20,50.00,-636.20,-948.60,100.00,-1048.60,
2025-08-07,Thursday,PARTIAL,,2025-08-14,next_week,2025-08-07T09:40:00+05:30,24517.35,24500,yes,NIFTY_24500_CE_14_AUG_25.csv,2025-08-07T09:40:00+05:30,167.25,227.00,2025-08-07T14:15:00+05:30,139.71,ma_sl,26.54,1990.80,50.00,1940.80,no,NIFTY_24500_PE_14_AUG_25.csv,,,110.44,,,not_entered,0.00,0.00,0.00,0.00,1990.80,50.00,1940.80,
2025-08-08,Friday,PARTIAL,,2025-08-14,current_week,2025-08-08T09:40:00+05:30,24517.55,24500,no,NIFTY_24500_CE_14_AUG_25.csv,,,136.96,,,not_entered,0.00,0.00,0.00,0.00,yes,NIFTY_24500_PE_14_AUG_25.csv,2025-08-08T09:40:00+05:30,113.55,153.97,2025-08-08T10:00:00+05:30,153.65,ma_sl,-41.10,-3082.65,50.00,-3132.65,-3082.65,50.00,-3132.65,
2025-08-11,Monday,PARTIAL,,2025-08-14,current_week,2025-08-11T09:40:00+05:30,24376.05,24400,yes,NIFTY_24400_CE_14_AUG_25.csv,2025-08-11T09:40:00+05:30,129.35,167.54,2025-08-11T10:15:00+05:30,159.25,ma_sl,-30.90,-2317.20,50.00,-2367.20,no,NIFTY_24400_PE_14_AUG_25.csv,,,105.01,,,not_entered,0.00,0.00,0.00,0.00,-2317.20,50.00,-2367.20,
2025-08-12,Tuesday,PARTIAL,,2025-08-14,current_week,2025-08-12T09:40:00+05:30,24627.4,24650,no,NIFTY_24650_CE_14_AUG_25.csv,,,56.32,,,not_entered,0.00,0.00,0.00,0.00,yes,NIFTY_24650_PE_14_AUG_25.csv,2025-08-12T09:40:00+05:30,100.3,200.11,2025-08-12T11:00:00+05:30,161.54,ma_sl,-62.24,-4668.30,50.00,-4718.30,-4668.30,50.00,-4718.30,
2025-08-13,Wednesday,TRADED,,2025-08-14,current_week,2025-08-13T09:40:00+05:30,24568.7,24550,yes,NIFTY_24550_CE_14_AUG_25.csv,2025-08-13T09:40:00+05:30,100.4,112.97,2025-08-13T09:45:00+05:30,108.07,ma_sl,-8.67,-649.95,50.00,-699.95,yes,NIFTY_24550_PE_14_AUG_25.csv,2025-08-13T09:40:00+05:30,58.25,71.72,2025-08-13T12:00:00+05:30,62.82,ma_sl,-5.57,-417.45,50.00,-467.45,-1067.40,100.00,-1167.40,
2025-08-14,Thursday,PARTIAL,,2025-08-21,next_week,2025-08-14T09:40:00+05:30,24647.65,24650,no,NIFTY_24650_CE_21_AUG_25.csv,,,155.45,,,not_entered,0.00,0.00,0.00,0.00,yes,NIFTY_24650_PE_21_AUG_25.csv,2025-08-14T09:40:00+05:30,125.3,141.16,2025-08-14T10:00:00+05:30,137.81,ma_sl,-13.51,-1013.55,50.00,-1063.55,-1013.55,50.00,-1063.55,
2025-08-18,Monday,PARTIAL,,2025-08-21,current_week,2025-08-18T09:40:00+05:30,24994.0,25000,no,NIFTY_25000_CE_21_AUG_25.csv,,,38.12,,,not_entered,0.00,0.00,0.00,0.00,yes,NIFTY_25000_PE_21_AUG_25.csv,2025-08-18T09:40:00+05:30,121.8,350.45,2025-08-18T15:00:00+05:30,144.50,ma_sl,-23.70,-1777.65,50.00,-1827.65,-1777.65,50.00,-1827.65,
2025-08-19,Tuesday,TRADED,,2025-08-21,current_week,2025-08-19T09:40:00+05:30,24893.05,24900,yes,NIFTY_24900_CE_21_AUG_25.csv,2025-08-19T09:40:00+05:30,95.5,156.82,2025-08-19T11:30:00+05:30,127.51,ma_sl,-33.01,-2475.45,50.00,-2525.45,yes,NIFTY_24900_PE_21_AUG_25.csv,2025-08-19T09:40:00+05:30,85.25,88.07,2025-08-19T09:45:00+05:30,89.55,ma_gap_sl,-5.30,-397.50,50.00,-447.50,-2872.95,100.00,-2972.95,
2025-08-20,Wednesday,TRADED,,2025-08-21,current_week,2025-08-20T09:40:00+05:30,24946.2,24950,yes,NIFTY_24950_CE_21_AUG_25.csv,2025-08-20T09:40:00+05:30,66.2,94.90,2025-08-20T10:15:00+05:30,97.01,ma_sl,-31.81,-2385.60,50.00,-2435.60,yes,NIFTY_24950_PE_21_AUG_25.csv,2025-08-20T09:40:00+05:30,71.05,72.12,2025-08-20T15:20:00+05:30,26.35,day_close,43.70,3277.50,50.00,3227.50,891.90,100.00,791.90,
2025-08-21,Thursday,PARTIAL,,2025-08-28,next_week,2025-08-21T09:40:00+05:30,25056.85,25050,no,NIFTY_25050_CE_28_AUG_25.csv,,,153.50,,,not_entered,0.00,0.00,0.00,0.00,yes,NIFTY_25050_PE_28_AUG_25.csv,2025-08-21T09:40:00+05:30,116.45,136.52,2025-08-21T13:30:00+05:30,97.81,ma_sl,17.64,1322.85,50.00,1272.85,1322.85,50.00,1272.85,
2025-08-22,Friday,PARTIAL,,2025-08-28,current_week,2025-08-22T09:40:00+05:30,24963.75,24950,yes,NIFTY_24950_CE_28_AUG_25.csv,2025-08-22T09:40:00+05:30,135.65,248.30,2025-08-22T15:20:00+05:30,92.55,day_close,42.10,3157.50,50.00,3107.50,no,NIFTY_24950_PE_28_AUG_25.csv,,,58.56,,,not_entered,0.00,0.00,0.00,0.00,3157.50,50.00,3107.50,
2025-08-25,Monday,TRADED,,2025-08-28,current_week,2025-08-25T09:40:00+05:30,24966.6,24950,yes,NIFTY_24950_CE_28_AUG_25.csv,2025-08-25T09:40:00+05:30,109.5,109.63,2025-08-25T09:45:00+05:30,109.80,ma_gap_sl,-1.30,-97.50,50.00,-147.50,yes,NIFTY_24950_PE_28_AUG_25.csv,2025-08-25T09:40:00+05:30,74.4,116.88,2025-08-25T15:20:00+05:30,58.50,day_close,14.90,1117.50,50.00,1067.50,1020.00,100.00,920.00,
2025-08-26,Tuesday,PARTIAL,,2025-08-28,current_week,2025-08-26T09:40:00+05:30,24767.05,24750,yes,NIFTY_24750_CE_28_AUG_25.csv,2025-08-26T09:40:00+05:30,90.6,250.30,2025-08-26T15:20:00+05:30,57.25,day_close,32.35,2426.25,50.00,2376.25,no,NIFTY_24750_PE_28_AUG_25.csv,,,19.10,,,not_entered,0.00,0.00,0.00,0.00,2426.25,50.00,2376.25,
2025-08-28,Thursday,PARTIAL,,2025-09-02,next_week,2025-08-28T09:40:00+05:30,24538.3,24550,yes,NIFTY_24550_CE_02_SEP_25.csv,2025-08-28T09:40:00+05:30,147.5,307.64,2025-08-28T15:20:00+05:30,112.00,day_close,34.50,2587.50,50.00,2537.50,no,NIFTY_24550_PE_02_SEP_25.csv,,,47.41,,,not_entered,0.00,0.00,0.00,0.00,2587.50,50.00,2537.50,
2025-08-29,Friday,PARTIAL,,2025-09-02,current_week,2025-08-29T09:40:00+05:30,24518.05,24500,yes,NIFTY_24500_CE_02_SEP_25.csv,2025-08-29T09:40:00+05:30,132.4,185.26,2025-08-29T11:45:00+05:30,152.73,ma_sl,-21.33,-1599.60,50.00,-1649.60,no,NIFTY_24500_PE_02_SEP_25.csv,,,71.74,,,not_entered,0.00,0.00,0.00,0.00,-1599.60,50.00,-1649.60,
2025-09-01,Monday,TRADED,,2025-09-02,current_week,2025-09-01T09:40:00+05:30,24536.4,24550,yes,NIFTY_24550_CE_02_SEP_25.csv,2025-09-01T09:40:00+05:30,71.0,86.54,2025-09-01T12:15:00+05:30,69.97,ma_sl,0.03,2.55,50.00,-47.45,yes,NIFTY_24550_PE_02_SEP_25.csv,2025-09-01T09:40:00+05:30,58.95,96.92,2025-09-01T15:20:00+05:30,25.75,day_close,32.20,2415.00,50.00,2365.00,2417.55,100.00,2317.55,
2025-09-02,Tuesday,PARTIAL,,2025-09-09,next_week,2025-09-02T09:40:00+05:30,24688.25,24700,no,NIFTY_24700_CE_09_SEP_25.csv,,,112.02,,,not_entered,0.00,0.00,0.00,0.00,yes,NIFTY_24700_PE_09_SEP_25.csv,2025-09-02T09:40:00+05:30,115.75,179.34,2025-09-02T13:15:00+05:30,118.24,ma_sl,-3.49,-262.05,50.00,-312.05,-262.05,50.00,-312.05,
2025-09-03,Wednesday,PARTIAL,,2025-09-09,current_week,2025-09-03T09:40:00+05:30,24553.4,24550,yes,NIFTY_24550_CE_09_SEP_25.csv,2025-09-03T09:40:00+05:30,138.3,239.72,2025-09-03T12:15:00+05:30,182.25,ma_gap_sl,-44.95,-3371.25,50.00,-3421.25,no,NIFTY_24550_PE_09_SEP_25.csv,,,70.58,,,not_entered,0.00,0.00,0.00,0.00,-3371.25,50.00,-3421.25,
2025-09-04,Thursday,PARTIAL,,2025-09-09,current_week,2025-09-04T09:40:00+05:30,24901.35,24900,no,NIFTY_24900_CE_09_SEP_25.csv,,,34.24,,,not_entered,0.00,0.00,0.00,0.00,yes,NIFTY_24900_PE_09_SEP_25.csv,2025-09-04T09:40:00+05:30,90.65,275.82,2025-09-04T13:45:00+05:30,155.41,ma_sl,-65.76,-4932.15,50.00,-4982.15,-4932.15,50.00,-4982.15,
2025-09-05,Friday,TRADED,,2025-09-09,current_week,2025-09-05T09:40:00+05:30,24783.35,24800,yes,NIFTY_24800_CE_09_SEP_25.csv,2025-09-05T09:40:00+05:30,83.45,120.07,2025-09-05T13:45:00+05:30,63.88,ma_sl,18.57,1392.90,50.00,1342.90,yes,NIFTY_24800_PE_09_SEP_25.csv,2025-09-05T09:40:00+05:30,82.95,92.04,2025-09-05T10:00:00+05:30,97.27,ma_sl,-15.32,-1149.30,50.00,-1199.30,243.60,100.00,143.60,
2025-09-08,Monday,PARTIAL,,2025-09-09,current_week,2025-09-08T09:40:00+05:30,24835.4,24850,no,NIFTY_24850_CE_09_SEP_25.csv,,,42.50,,,not_entered,0.00,0.00,0.00,0.00,yes,NIFTY_24850_PE_09_SEP_25.csv,2025-09-08T09:40:00+05:30,66.55,161.96,2025-09-08T14:45:00+05:30,66.64,ma_sl,-1.09,-81.75,50.00,-131.75,-81.75,50.00,-131.75,
2025-09-09,Tuesday,PARTIAL,,2025-09-16,next_week,2025-09-09T09:40:00+05:30,24847.15,24850,no,NIFTY_24850_CE_16_SEP_25.csv,,,155.14,,,not_entered,0.00,0.00,0.00,0.00,yes,NIFTY_24850_PE_16_SEP_25.csv,2025-09-09T09:40:00+05:30,113.7,123.03,2025-09-09T10:00:00+05:30,120.81,ma_sl,-8.11,-608.25,50.00,-658.25,-608.25,50.00,-658.25,
2025-09-10,Wednesday,PARTIAL,,2025-09-16,current_week,2025-09-10T09:40:00+05:30,24994.3,25000,no,NIFTY_25000_CE_16_SEP_25.csv,,,82.99,,,not_entered,0.00,0.00,0.00,0.00,yes,NIFTY_25000_PE_16_SEP_25.csv,2025-09-10T09:40:00+05:30,106.5,189.32,2025-09-10T14:30:00+05:30,113.47,ma_sl,-7.97,-598.05,50.00,-648.05,-598.05,50.00,-648.05,
2025-09-11,Thursday,TRADED,,2025-09-16,current_week,2025-09-11T09:40:00+05:30,24990.5,25000,yes,NIFTY_25000_CE_16_SEP_25.csv,2025-09-11T09:40:00+05:30,117.55,126.96,2025-09-11T12:15:00+05:30,112.18,ma_sl,4.37,327.75,50.00,277.75,yes,NIFTY_25000_PE_16_SEP_25.csv,2025-09-11T09:40:00+05:30,87.4,103.03,2025-09-11T10:00:00+05:30,101.55,ma_sl,-15.15,-1136.40,50.00,-1186.40,-808.65,100.00,-908.65,
2025-09-12,Friday,PARTIAL,,2025-09-16,current_week,2025-09-12T09:40:00+05:30,25055.3,25050,no,NIFTY_25050_CE_16_SEP_25.csv,,,87.85,,,not_entered,0.00,0.00,0.00,0.00,yes,NIFTY_25050_PE_16_SEP_25.csv,2025-09-12T09:40:00+05:30,66.6,101.68,2025-09-12T15:20:00+05:30,41.75,day_close,23.85,1788.75,50.00,1738.75,1788.75,50.00,1738.75,
2025-09-15,Monday,TRADED,,2025-09-16,current_week,2025-09-15T09:40:00+05:30,25087.55,25100,yes,NIFTY_25100_CE_16_SEP_25.csv,2025-09-15T09:40:00+05:30,60.75,91.39,2025-09-15T15:20:00+05:30,46.50,day_close,13.25,993.75,50.00,943.75,yes,NIFTY_25100_PE_16_SEP_25.csv,2025-09-15T09:40:00+05:30,60.9,64.66,2025-09-15T10:00:00+05:30,61.23,ma_sl,-1.33,-99.45,50.00,-149.45,894.30,100.00,794.30,
2025-09-16,Tuesday,PARTIAL,,2025-09-23,next_week,2025-09-16T09:40:00+05:30,25139.5,25150,no,NIFTY_25150_CE_23_SEP_25.csv,,,129.64,,,not_entered,0.00,0.00,0.00,0.00,yes,NIFTY_25150_PE_23_SEP_25.csv,2025-09-16T09:40:00+05:30,112.7,137.98,2025-09-16T15:20:00+05:30,68.05,day_close,43.65,3273.75,50.00,3223.75,3273.75,50.00,3223.75,
2025-09-17,Wednesday,PARTIAL,,2025-09-23,current_week,2025-09-17T09:40:00+05:30,25336.9,25350,no,NIFTY_25350_CE_23_SEP_25.csv,,,81.02,,,not_entered,0.00,0.00,0.00,0.00,yes,NIFTY_25350_PE_23_SEP_25.csv,2025-09-17T09:40:00+05:30,94.5,183.60,2025-09-17T14:15:00+05:30,100.87,ma_sl,-7.37,-552.75,50.00,-602.75,-552.75,50.00,-602.75,
2025-09-18,Thursday,PARTIAL,,2025-09-23,current_week,2025-09-18T09:40:00+05:30,25406.35,25400,no,NIFTY_25400_CE_23_SEP_25.csv,,,94.89,,,not_entered,0.00,0.00,0.00,0.00,yes,NIFTY_25400_PE_23_SEP_25.csv,2025-09-18T09:40:00+05:30,64.65,110.64,2025-09-18T13:00:00+05:30,80.77,ma_sl,-17.12,-1283.85,50.00,-1333.85,-1283.85,50.00,-1333.85,
2025-09-19,Friday,PARTIAL,,2025-09-23,current_week,2025-09-19T09:40:00+05:30,25331.85,25350,yes,NIFTY_25350_CE_23_SEP_25.csv,2025-09-19T09:40:00+05:30,77.25,143.13,2025-09-19T14:00:00+05:30,87.91,ma_sl,-11.66,-874.65,50.00,-924.65,no,NIFTY_25350_PE_23_SEP_25.csv,,,49.56,,,not_entered,0.00,0.00,0.00,0.00,-874.65,50.00,-924.65,
2025-09-22,Monday,TRADED,,2025-09-23,current_week,2025-09-22T09:40:00+05:30,25313.4,25300,yes,NIFTY_25300_CE_23_SEP_25.csv,2025-09-22T09:40:00+05:30,80.65,102.27,2025-09-22T15:20:00+05:30,26.80,day_close,52.85,3963.75,50.00,3913.75,yes,NIFTY_25300_PE_23_SEP_25.csv,2025-09-22T09:40:00+05:30,44.65,54.18,2025-09-22T09:45:00+05:30,52.60,ma_sl,-8.95,-671.10,50.00,-721.10,3292.65,100.00,3192.65,
2025-09-23,Tuesday,PARTIAL,,2025-09-30,next_week,2025-09-23T09:40:00+05:30,25173.5,25150,yes,NIFTY_25150_CE_30_SEP_25.csv,2025-09-23T09:40:00+05:30,177.15,259.78,2025-09-23T12:30:00+05:30,198.00,ma_sl,-21.85,-1638.75,50.00,-1688.75,no,NIFTY_25150_PE_30_SEP_25.csv,,,64.70,,,not_entered,0.00,0.00,0.00,0.00,-1638.75,50.00,-1688.75,
2025-09-24,Wednesday,PARTIAL,,2025-09-30,current_week,2025-09-24T09:40:00+05:30,25071.8,25050,yes,NIFTY_25050_CE_30_SEP_25.csv,2025-09-24T09:40:00+05:30,155.3,243.94,2025-09-24T13:15:00+05:30,198.92,ma_sl,-44.62,-3346.80,50.00,-3396.80,no,NIFTY_25050_PE_30_SEP_25.csv,,,65.15,,,not_entered,0.00,0.00,0.00,0.00,-3346.80,50.00,-3396.80,
2025-09-25,Thursday,TRADED,,2025-09-30,current_week,2025-09-25T09:40:00+05:30,25071.8,25050,yes,NIFTY_25050_CE_30_SEP_25.csv,2025-09-25T09:40:00+05:30,134.4,159.86,2025-09-25T15:20:00+05:30,64.15,day_close,69.25,5193.75,50.00,5143.75,yes,NIFTY_25050_PE_30_SEP_25.csv,2025-09-25T09:40:00+05:30,70.05,72.09,2025-09-25T09:45:00+05:30,80.85,ma_gap_sl,-11.80,-885.00,50.00,-935.00,4308.75,100.00,4208.75,
2025-09-26,Friday,PARTIAL,,2025-09-30,current_week,2025-09-26T09:40:00+05:30,24779.5,24800,yes,NIFTY_24800_CE_30_SEP_25.csv,2025-09-26T09:40:00+05:30,110.7,253.60,2025-09-26T15:20:00+05:30,45.10,day_close,64.60,4845.00,50.00,4795.00,no,NIFTY_24800_PE_30_SEP_25.csv,,,28.91,,,not_entered,0.00,0.00,0.00,0.00,4845.00,50.00,4795.00,
2025-09-29,Monday,TRADED,,2025-09-30,current_week,2025-09-29T09:40:00+05:30,24736.4,24750,yes,NIFTY_24750_CE_30_SEP_25.csv,2025-09-29T09:40:00+05:30,83.4,108.95,2025-09-29T09:45:00+05:30,104.41,ma_sl,-22.01,-1651.05,50.00,-1701.05,yes,NIFTY_24750_PE_30_SEP_25.csv,2025-09-29T09:40:00+05:30,51.6,76.51,2025-09-29T11:30:00+05:30,74.68,ma_sl,-24.08,-1806.00,50.00,-1856.00,-3457.05,100.00,-3557.05,
2025-09-30,Tuesday,PARTIAL,,2025-10-07,next_week,2025-09-30T09:40:00+05:30,24654.45,24650,yes,NIFTY_24650_CE_07_OCT_25.csv,2025-09-30T09:40:00+05:30,185.75,229.25,2025-09-30T15:20:00+05:30,148.60,day_close,36.15,2711.25,50.00,2661.25,no,NIFTY_24650_PE_07_OCT_25.csv,,,98.29,,,not_entered,0.00,0.00,0.00,0.00,2711.25,50.00,2661.25,
2025-10-01,Wednesday,TRADED,,2025-10-07,current_week,2025-10-01T09:40:00+05:30,24669.95,24650,yes,NIFTY_24650_CE_07_OCT_25.csv,2025-10-01T09:40:00+05:30,145.1,167.17,2025-10-01T09:45:00+05:30,164.62,ma_sl,-20.52,-1538.70,50.00,-1588.70,yes,NIFTY_24650_PE_07_OCT_25.csv,2025-10-01T09:40:00+05:30,95.5,119.32,2025-10-01T15:20:00+05:30,30.60,day_close,63.90,4792.50,50.00,4742.50,3253.80,100.00,3153.80,
2025-10-03,Friday,TRADED,,2025-10-07,current_week,2025-10-03T09:40:00+05:30,24785.3,24800,yes,NIFTY_24800_CE_07_OCT_25.csv,2025-10-03T09:40:00+05:30,88.55,107.04,2025-10-03T09:45:00+05:30,109.12,ma_sl,-21.57,-1617.60,50.00,-1667.60,yes,NIFTY_24800_PE_07_OCT_25.csv,2025-10-03T09:40:00+05:30,78.65,111.01,2025-10-03T14:15:00+05:30,62.17,ma_sl,15.48,1161.15,50.00,1111.15,-456.45,100.00,-556.45,
2025-10-06,Monday,PARTIAL,,2025-10-07,current_week,2025-10-06T09:40:00+05:30,24926.45,24950,no,NIFTY_24950_CE_07_OCT_25.csv,,,36.97,,,not_entered,0.00,0.00,0.00,0.00,yes,NIFTY_24950_PE_07_OCT_25.csv,2025-10-06T09:40:00+05:30,70.7,132.02,2025-10-06T15:20:00+05:30,12.00,day_close,57.70,4327.50,50.00,4277.50,4327.50,50.00,4277.50,
2025-10-07,Tuesday,PARTIAL,,2025-10-14,next_week,2025-10-07T09:40:00+05:30,25131.6,25150,no,NIFTY_25150_CE_14_OCT_25.csv,,,93.36,,,not_entered,0.00,0.00,0.00,0.00,yes,NIFTY_25150_PE_14_OCT_25.csv,2025-10-07T09:40:00+05:30,111.75,168.93,2025-10-07T14:30:00+05:30,97.82,ma_sl,12.93,969.45,50.00,919.45,969.45,50.00,919.45,
2025-10-08,Wednesday,TRADED,,2025-10-14,current_week,2025-10-08T09:40:00+05:30,25179.2,25200,yes,NIFTY_25200_CE_14_OCT_25.csv,2025-10-08T09:40:00+05:30,117.95,122.31,2025-10-08T13:45:00+05:30,83.95,ma_sl,33.00,2475.15,50.00,2425.15,yes,NIFTY_25200_PE_14_OCT_25.csv,2025-10-08T09:40:00+05:30,96.8,113.63,2025-10-08T09:45:00+05:30,112.10,ma_sl,-16.30,-1222.50,50.00,-1272.50,1252.65,100.00,1152.65,
2025-10-09,Thursday,TRADED,,2025-10-14,current_week,2025-10-09T09:40:00+05:30,25097.85,25100,yes,NIFTY_25100_CE_14_OCT_25.csv,2025-10-09T09:40:00+05:30,111.1,112.59,2025-10-09T10:15:00+05:30,102.10,ma_sl,8.00,600.15,50.00,550.15,yes,NIFTY_25100_PE_14_OCT_25.csv,2025-10-09T09:40:00+05:30,87.75,101.99,2025-10-09T09:45:00+05:30,105.36,ma_sl,-18.61,-1395.75,50.00,-1445.75,-795.60,100.00,-895.60,
2025-10-10,Friday,PARTIAL,,2025-10-14,current_week,2025-10-10T09:40:00+05:30,25243.95,25250,no,NIFTY_25250_CE_14_OCT_25.csv,,,59.31,,,not_entered,0.00,0.00,0.00,0.00,yes,NIFTY_25250_PE_14_OCT_25.csv,2025-10-10T09:40:00+05:30,67.65,134.24,2025-10-10T15:20:00+05:30,39.35,day_close,27.30,2047.50,50.00,1997.50,2047.50,50.00,1997.50,
2025-10-13,Monday,PARTIAL,,2025-10-14,current_week,2025-10-13T09:40:00+05:30,25201.35,25200,yes,NIFTY_25200_CE_14_OCT_25.csv,2025-10-13T09:40:00+05:30,80.35,178.36,2025-10-13T14:15:00+05:30,89.56,ma_sl,-10.21,-765.45,50.00,-815.45,no,NIFTY_25200_PE_14_OCT_25.csv,,,36.11,,,not_entered,0.00,0.00,0.00,0.00,-765.45,50.00,-815.45,
2025-10-14,Tuesday,PARTIAL,,2025-10-20,next_week,2025-10-14T09:40:00+05:30,25249.45,25250,no,NIFTY_25250_CE_20_OCT_25.csv,,,146.94,,,not_entered,0.00,0.00,0.00,0.00,yes,NIFTY_25250_PE_20_OCT_25.csv,2025-10-14T09:40:00+05:30,113.15,141.26,2025-10-14T10:00:00+05:30,139.82,ma_sl,-27.67,-2075.55,50.00,-2125.55,-2075.55,50.00,-2125.55,
2025-10-15,Wednesday,PARTIAL,,2025-10-20,current_week,2025-10-15T09:40:00+05:30,25223.3,25200,no,NIFTY_25200_CE_20_OCT_25.csv,,,141.28,,,not_entered,0.00,0.00,0.00,0.00,yes,NIFTY_25200_PE_20_OCT_25.csv,2025-10-15T09:40:00+05:30,76.9,146.80,2025-10-15T15:20:00+05:30,44.50,day_close,31.40,2355.00,50.00,2305.00,2355.00,50.00,2305.00,
2025-10-16,Thursday,PARTIAL,,2025-10-20,current_week,2025-10-16T09:40:00+05:30,25413.8,25400,no,NIFTY_25400_CE_20_OCT_25.csv,,,96.01,,,not_entered,0.00,0.00,0.00,0.00,yes,NIFTY_25400_PE_20_OCT_25.csv,2025-10-16T09:40:00+05:30,70.0,117.97,2025-10-16T15:20:00+05:30,32.95,day_close,36.05,2703.75,50.00,2653.75,2703.75,50.00,2653.75,
2025-10-17,Friday,PARTIAL,,2025-10-20,current_week,2025-10-17T09:40:00+05:30,25616.7,25600,no,NIFTY_25600_CE_20_OCT_25.csv,,,67.60,,,not_entered,0.00,0.00,0.00,0.00,yes,NIFTY_25600_PE_20_OCT_25.csv,2025-10-17T09:40:00+05:30,73.5,120.41,2025-10-17T13:00:00+05:30,64.24,ma_sl,8.26,619.80,50.00,569.80,619.80,50.00,569.80,
2025-10-20,Monday,PARTIAL,,2025-10-28,next_week,2025-10-20T09:40:00+05:30,25851.9,25850,no,NIFTY_25850_CE_28_OCT_25.csv,,,135.14,,,not_entered,0.00,0.00,0.00,0.00,yes,NIFTY_25850_PE_28_OCT_25.csv,2025-10-20T09:40:00+05:30,132.95,216.32,2025-10-20T14:45:00+05:30,134.91,ma_sl,-2.96,-222.15,50.00,-272.15,-222.15,50.00,-272.15,
2025-10-21,Tuesday,SKIPPED,missing_spot_entry,,,2025-10-21T09:40:00+05:30,,,no,,,,,,,,0.00,0.00,0.00,0.00,no,,,,,,,,0.00,0.00,0.00,0.00,0.00,0.00,0.00,No spot candle at 2025-10-21T09:40:00+05:30.
2025-10-23,Thursday,PARTIAL,,2025-10-28,current_week,2025-10-23T09:40:00+05:30,26080.2,26100,no,NIFTY_26100_CE_28_OCT_25.csv,,,71.09,,,not_entered,0.00,0.00,0.00,0.00,yes,NIFTY_26100_PE_28_OCT_25.csv,2025-10-23T09:40:00+05:30,102.75,250.06,2025-10-23T14:00:00+05:30,135.25,ma_gap_sl,-33.50,-2512.50,50.00,-2562.50,-2512.50,50.00,-2562.50,
2025-10-24,Friday,PARTIAL,,2025-10-28,current_week,2025-10-24T09:40:00+05:30,25914.3,25900,yes,NIFTY_25900_CE_28_OCT_25.csv,2025-10-24T09:40:00+05:30,159.95,249.96,2025-10-24T15:20:00+05:30,61.30,day_close,97.65,7323.75,50.00,7273.75,no,NIFTY_25900_PE_28_OCT_25.csv,,,51.33,,,not_entered,0.00,0.00,0.00,0.00,7323.75,50.00,7273.75,
2025-10-27,Monday,PARTIAL,,2025-10-28,current_week,2025-10-27T09:40:00+05:30,25921.7,25900,no,NIFTY_25900_CE_28_OCT_25.csv,,,81.09,,,not_entered,0.00,0.00,0.00,0.00,yes,NIFTY_25900_PE_28_OCT_25.csv,2025-10-27T09:40:00+05:30,50.2,126.39,2025-10-27T15:20:00+05:30,32.75,day_close,16.45,1233.75,50.00,1183.75,1233.75,50.00,1183.75,
2025-10-28,Tuesday,PARTIAL,,2025-11-04,next_week,2025-10-28T09:40:00+05:30,26024.85,26000,no,NIFTY_26000_CE_04_NOV_25.csv,,,220.60,,,not_entered,0.00,0.00,0.00,0.00,yes,NIFTY_26000_PE_04_NOV_25.csv,2025-10-28T09:40:00+05:30,133.5,151.09,2025-10-28T09:45:00+05:30,150.16,ma_sl,-17.66,-1324.35,50.00,-1374.35,-1324.35,50.00,-1374.35,
2025-10-29,Wednesday,PARTIAL,,2025-11-04,current_week,2025-10-29T09:40:00+05:30,25965.7,25950,no,NIFTY_25950_CE_04_NOV_25.csv,,,196.17,,,not_entered,0.00,0.00,0.00,0.00,yes,NIFTY_25950_PE_04_NOV_25.csv,2025-10-29T09:40:00+05:30,115.0,163.05,2025-10-29T15:20:00+05:30,75.40,day_close,38.60,2895.00,50.00,2845.00,2895.00,50.00,2845.00,
2025-10-30,Thursday,PARTIAL,,2025-11-04,current_week,2025-10-30T09:40:00+05:30,25939.6,25950,yes,NIFTY_25950_CE_04_NOV_25.csv,2025-10-30T09:40:00+05:30,146.9,249.71,2025-10-30T15:20:00+05:30,118.60,day_close,27.30,2047.50,50.00,1997.50,no,NIFTY_25950_PE_04_NOV_25.csv,,,79.48,,,not_entered,0.00,0.00,0.00,0.00,2047.50,50.00,1997.50,
2025-10-31,Friday,PARTIAL,,2025-11-04,current_week,2025-10-31T09:40:00+05:30,25942.15,25950,no,NIFTY_25950_CE_04_NOV_25.csv,,,129.05,,,not_entered,0.00,0.00,0.00,0.00,yes,NIFTY_25950_PE_04_NOV_25.csv,2025-10-31T09:40:00+05:30,91.9,126.25,2025-10-31T10:00:00+05:30,122.57,ma_sl,-31.67,-2375.55,50.00,-2425.55,-2375.55,50.00,-2425.55,
2025-11-03,Monday,PARTIAL,,2025-11-04,current_week,2025-11-03T09:40:00+05:30,25709.3,25700,yes,NIFTY_25700_CE_04_NOV_25.csv,2025-11-03T09:40:00+05:30,119.35,189.46,2025-11-03T10:45:00+05:30,161.55,ma_sl,-43.20,-3240.30,50.00,-3290.30,no,NIFTY_25700_PE_04_NOV_25.csv,,,49.73,,,not_entered,0.00,0.00,0.00,0.00,-3240.30,50.00,-3290.30,
2025-11-04,Tuesday,PARTIAL,,2025-11-11,next_week,2025-11-04T09:40:00+05:30,25716.4,25700,yes,NIFTY_25700_CE_11_NOV_25.csv,2025-11-04T09:40:00+05:30,192.3,236.81,2025-11-04T15:20:00+05:30,110.70,day_close,80.60,6045.00,50.00,5995.00,no,NIFTY_25700_PE_11_NOV_25.csv,,,120.18,,,not_entered,0.00,0.00,0.00,0.00,6045.00,50.00,5995.00,
2025-11-06,Thursday,TRADED,,2025-11-11,current_week,2025-11-06T09:40:00+05:30,25629.3,25650,yes,NIFTY_25650_CE_11_NOV_25.csv,2025-11-06T09:40:00+05:30,138.95,177.25,2025-11-06T15:20:00+05:30,65.65,day_close,72.30,5422.50,50.00,5372.50,yes,NIFTY_25650_PE_11_NOV_25.csv,2025-11-06T09:40:00+05:30,114.15,126.92,2025-11-06T09:45:00+05:30,126.89,ma_sl,-13.74,-1030.20,50.00,-1080.20,4392.30,100.00,4292.30,
2025-11-07,Friday,PARTIAL,,2025-11-11,current_week,2025-11-07T09:40:00+05:30,25340.9,25350,yes,NIFTY_25350_CE_11_NOV_25.csv,2025-11-07T09:40:00+05:30,111.55,266.21,2025-11-07T12:45:00+05:30,189.82,ma_sl,-79.27,-5944.95,50.00,-5994.95,no,NIFTY_25350_PE_11_NOV_25.csv,,,39.13,,,not_entered,0.00,0.00,0.00,0.00,-5944.95,50.00,-5994.95,
2025-11-10,Monday,PARTIAL,,2025-11-11,current_week,2025-11-10T09:40:00+05:30,25574.55,25550,no,NIFTY_25550_CE_11_NOV_25.csv,,,63.08,,,not_entered,0.00,0.00,0.00,0.00,yes,NIFTY_25550_PE_11_NOV_25.csv,2025-11-10T09:40:00+05:30,53.3,136.02,2025-11-10T15:15:00+05:30,37.65,ma_gap_sl,14.65,1098.75,50.00,1048.75,1098.75,50.00,1048.75,
2025-11-11,Tuesday,PARTIAL,,2025-11-18,next_week,2025-11-11T09:40:00+05:30,25512.4,25500,yes,NIFTY_25500_CE_18_NOV_25.csv,2025-11-11T09:40:00+05:30,213.9,262.86,2025-11-11T12:15:00+05:30,234.46,ma_sl,-21.56,-1616.70,50.00,-1666.70,no,NIFTY_25500_PE_18_NOV_25.csv,,,95.28,,,not_entered,0.00,0.00,0.00,0.00,-1616.70,50.00,-1666.70,
2025-11-12,Wednesday,PARTIAL,,2025-11-18,current_week,2025-11-12T09:40:00+05:30,25786.35,25800,no,NIFTY_25800_CE_18_NOV_25.csv,,,95.63,,,not_entered,0.00,0.00,0.00,0.00,yes,NIFTY_25800_PE_18_NOV_25.csv,2025-11-12T09:40:00+05:30,116.1,244.35,2025-11-12T15:20:00+05:30,79.95,day_close,35.15,2636.25,50.00,2586.25,2636.25,50.00,2586.25,
2025-11-13,Thursday,PARTIAL,,2025-11-18,current_week,2025-11-13T09:40:00+05:30,25841.15,25850,yes,NIFTY_25850_CE_18_NOV_25.csv,2025-11-13T09:40:00+05:30,141.35,182.35,2025-11-13T10:15:00+05:30,184.00,ma_sl,-43.65,-3273.75,50.00,-3323.75,no,NIFTY_25850_PE_18_NOV_25.csv,,,98.66,,,not_entered,0.00,0.00,0.00,0.00,-3273.75,50.00,-3323.75,
2025-11-14,Friday,PARTIAL,,2025-11-18,current_week,2025-11-14T09:40:00+05:30,25839.95,25850,yes,NIFTY_25850_CE_18_NOV_25.csv,2025-11-14T09:40:00+05:30,143.7,198.59,2025-11-14T15:00:00+05:30,121.30,ma_sl,21.40,1604.70,50.00,1554.70,no,NIFTY_25850_PE_18_NOV_25.csv,,,82.24,,,not_entered,0.00,0.00,0.00,0.00,1604.70,50.00,1554.70,
2025-11-17,Monday,PARTIAL,,2025-11-18,current_week,2025-11-17T09:40:00+05:30,25961.35,25950,no,NIFTY_25950_CE_18_NOV_25.csv,,,77.46,,,not_entered,0.00,0.00,0.00,0.00,yes,NIFTY_25950_PE_18_NOV_25.csv,2025-11-17T09:40:00+05:30,65.2,165.98,2025-11-17T15:20:00+05:30,40.45,day_close,23.75,1781.25,50.00,1731.25,1781.25,50.00,1731.25,
2025-11-18,Tuesday,PARTIAL,,2025-11-25,next_week,2025-11-18T09:40:00+05:30,25942.1,25950,yes,NIFTY_25950_CE_25_NOV_25.csv,2025-11-18T09:40:00+05:30,179.25,224.25,2025-11-18T13:30:00+05:30,195.47,ma_sl,-17.22,-1291.35,50.00,-1341.35,no,NIFTY_25950_PE_25_NOV_25.csv,,,132.23,,,not_entered,0.00,0.00,0.00,0.00,-1291.35,50.00,-1341.35,
2025-11-19,Wednesday,TRADED,,2025-11-25,current_week,2025-11-19T09:40:00+05:30,25909.8,25900,yes,NIFTY_25900_CE_25_NOV_25.csv,2025-11-19T09:40:00+05:30,169.65,207.10,2025-11-19T11:45:00+05:30,199.09,ma_sl,-30.44,-2283.15,50.00,-2333.15,yes,NIFTY_25900_PE_25_NOV_25.csv,2025-11-19T09:40:00+05:30,127.35,132.17,2025-11-19T09:45:00+05:30,130.24,ma_sl,-3.89,-291.75,50.00,-341.75,-2574.90,100.00,-2674.90,
2025-11-20,Thursday,PARTIAL,,2025-11-25,current_week,2025-11-20T09:40:00+05:30,26105.0,26100,no,NIFTY_26100_CE_25_NOV_25.csv,,,107.86,,,not_entered,0.00,0.00,0.00,0.00,yes,NIFTY_26100_PE_25_NOV_25.csv,2025-11-20T09:40:00+05:30,119.35,181.03,2025-11-20T15:20:00+05:30,69.80,day_close,48.55,3641.25,50.00,3591.25,3641.25,50.00,3591.25,
2025-11-21,Friday,TRADED,,2025-11-25,current_week,2025-11-21T09:40:00+05:30,26147.95,26150,yes,NIFTY_26150_CE_25_NOV_25.csv,2025-11-21T09:40:00+05:30,120.3,142.89,2025-11-21T12:45:00+05:30,127.24,ma_sl,-7.94,-595.35,50.00,-645.35,yes,NIFTY_26150_PE_25_NOV_25.csv,2025-11-21T09:40:00+05:30,105.55,109.90,2025-11-21T09:45:00+05:30,117.00,ma_gap_sl,-12.45,-933.75,50.00,-983.75,-1529.10,100.00,-1629.10,
2025-11-24,Monday,TRADED,,2025-11-25,current_week,2025-11-24T09:40:00+05:30,26088.4,26100,yes,NIFTY_26100_CE_25_NOV_25.csv,2025-11-24T09:40:00+05:30,88.5,120.48,2025-11-24T10:30:00+05:30,115.87,ma_sl,-28.37,-2127.90,50.00,-2177.90,yes,NIFTY_26100_PE_25_NOV_25.csv,2025-11-24T09:40:00+05:30,77.6,93.14,2025-11-24T11:45:00+05:30,76.69,ma_sl,-0.09,-6.75,50.00,-56.75,-2134.65,100.00,-2234.65,
2025-11-25,Tuesday,PARTIAL,,2025-12-02,next_week,2025-11-25T09:40:00+05:30,25969.4,25950,yes,NIFTY_25950_CE_02_DEC_25.csv,2025-11-25T09:40:00+05:30,197.35,289.48,2025-11-25T14:00:00+05:30,210.17,ma_sl,-13.82,-1036.80,50.00,-1086.80,no,NIFTY_25950_PE_02_DEC_25.csv,,,99.46,,,not_entered,0.00,0.00,0.00,0.00,-1036.80,50.00,-1086.80,
2025-11-26,Wednesday,PARTIAL,,2025-12-02,current_week,2025-11-26T09:40:00+05:30,26003.0,26000,no,NIFTY_26000_CE_02_DEC_25.csv,,,164.37,,,not_entered,0.00,0.00,0.00,0.00,yes,NIFTY_26000_PE_02_DEC_25.csv,2025-11-26T09:40:00+05:30,107.7,147.24,2025-11-26T15:20:00+05:30,59.25,day_close,47.45,3558.75,50.00,3508.75,3558.75,50.00,3508.75,
2025-11-27,Thursday,PARTIAL,,2025-12-02,current_week,2025-11-27T09:40:00+05:30,26249.55,26250,no,NIFTY_26250_CE_02_DEC_25.csv,,,106.80,,,not_entered,0.00,0.00,0.00,0.00,yes,NIFTY_26250_PE_02_DEC_25.csv,2025-11-27T09:40:00+05:30,107.2,166.00,2025-11-27T12:15:00+05:30,123.51,ma_sl,-17.31,-1298.55,50.00,-1348.55,-1298.55,50.00,-1348.55,
2025-11-28,Friday,TRADED,,2025-12-02,current_week,2025-11-28T09:40:00+05:30,26209.55,26200,yes,NIFTY_26200_CE_02_DEC_25.csv,2025-11-28T09:40:00+05:30,124.2,148.69,2025-11-28T09:45:00+05:30,145.26,ma_sl,-22.06,-1654.35,50.00,-1704.35,yes,NIFTY_26200_PE_02_DEC_25.csv,2025-11-28T09:40:00+05:30,83.05,89.82,2025-11-28T13:15:00+05:30,79.34,ma_sl,2.71,203.55,50.00,153.55,-1450.80,100.00,-1550.80,
2025-12-01,Monday,PARTIAL,,2025-12-02,current_week,2025-12-01T09:40:00+05:30,26311.35,26300,no,NIFTY_26300_CE_02_DEC_25.csv,,,70.27,,,not_entered,0.00,0.00,0.00,0.00,yes,NIFTY_26300_PE_02_DEC_25.csv,2025-12-01T09:40:00+05:30,64.0,115.42,2025-12-01T11:30:00+05:30,106.36,ma_sl,-43.36,-3251.70,50.00,-3301.70,-3251.70,50.00,-3301.70,
2025-12-02,Tuesday,PARTIAL,,2025-12-09,next_week,2025-12-02T09:40:00+05:30,26109.15,26100,yes,NIFTY_26100_CE_09_DEC_25.csv,2025-12-02T09:40:00+05:30,195.75,262.58,2025-12-02T15:20:00+05:30,143.00,day_close,51.75,3881.25,50.00,3831.25,no,NIFTY_26100_PE_09_DEC_25.csv,,,89.86,,,not_entered,0.00,0.00,0.00,0.00,3881.25,50.00,3831.25,
2025-12-03,Wednesday,PARTIAL,,2025-12-09,current_week,2025-12-03T09:40:00+05:30,25923.85,25900,yes,NIFTY_25900_CE_09_DEC_25.csv,2025-12-03T09:40:00+05:30,179.35,284.34,2025-12-03T14:45:00+05:30,179.83,ma_sl,-1.48,-110.85,50.00,-160.85,no,NIFTY_25900_PE_09_DEC_25.csv,,,65.44,,,not_entered,0.00,0.00,0.00,0.00,-110.85,50.00,-160.85,
2025-12-04,Thursday,PARTIAL,,2025-12-09,current_week,2025-12-04T09:40:00+05:30,26013.4,26000,no,NIFTY_26000_CE_09_DEC_25.csv,,,118.73,,,not_entered,0.00,0.00,0.00,0.00,yes,NIFTY_26000_PE_09_DEC_25.csv,2025-12-04T09:40:00+05:30,97.05,137.86,2025-12-04T12:45:00+05:30,101.06,ma_sl,-5.01,-375.75,50.00,-425.75,-375.75,50.00,-425.75,
2025-12-05,Friday,TRADED,,2025-12-09,current_week,2025-12-05T09:40:00+05:30,26035.85,26050,yes,NIFTY_26050_CE_09_DEC_25.csv,2025-12-05T09:40:00+05:30,108.35,112.82,2025-12-05T09:45:00+05:30,111.98,ma_sl,-4.63,-347.25,50.00,-397.25,yes,NIFTY_26050_PE_09_DEC_25.csv,2025-12-05T09:40:00+05:30,92.85,105.14,2025-12-05T10:00:00+05:30,101.70,ma_sl,-9.85,-739.05,50.00,-789.05,-1086.30,100.00,-1186.30,
2025-12-08,Monday,TRADED,,2025-12-09,current_week,2025-12-08T09:40:00+05:30,26118.05,26100,yes,NIFTY_26100_CE_09_DEC_25.csv,2025-12-08T09:40:00+05:30,97.0,128.36,2025-12-08T15:20:00+05:30,16.65,day_close,79.35,5951.25,50.00,5901.25,yes,NIFTY_26100_PE_09_DEC_25.csv,2025-12-08T09:40:00+05:30,53.05,59.27,2025-12-08T09:45:00+05:30,54.41,ma_sl,-2.36,-177.15,50.00,-227.15,5774.10,100.00,5674.10,
2025-12-09,Tuesday,PARTIAL,,2025-12-16,next_week,2025-12-09T09:40:00+05:30,25764.35,25750,yes,NIFTY_25750_CE_16_DEC_25.csv,2025-12-09T09:40:00+05:30,201.6,380.11,2025-12-09T12:15:00+05:30,280.26,ma_sl,-79.66,-5974.65,50.00,-6024.65,no,NIFTY_25750_PE_16_DEC_25.csv,,,48.47,,,not_entered,0.00,0.00,0.00,0.00,-5974.65,50.00,-6024.65,
2025-12-10,Wednesday,PARTIAL,,2025-12-16,current_week,2025-12-10T09:40:00+05:30,25909.1,25900,no,NIFTY_25900_CE_16_DEC_25.csv,,,141.97,,,not_entered,0.00,0.00,0.00,0.00,yes,NIFTY_25900_PE_16_DEC_25.csv,2025-12-10T09:40:00+05:30,108.85,143.37,2025-12-10T10:45:00+05:30,128.01,ma_sl,-20.16,-1512.15,50.00,-1562.15,-1512.15,50.00,-1562.15,
2025-12-11,Thursday,PARTIAL,,2025-12-16,current_week,2025-12-11T09:40:00+05:30,25719.55,25700,yes,NIFTY_25700_CE_16_DEC_25.csv,2025-12-11T09:40:00+05:30,149.75,223.18,2025-12-11T10:00:00+05:30,209.38,ma_sl,-60.63,-4547.40,50.00,-4597.40,no,NIFTY_25700_PE_16_DEC_25.csv,,,68.19,,,not_entered,0.00,0.00,0.00,0.00,-4547.40,50.00,-4597.40,
2025-12-12,Friday,PARTIAL,,2025-12-16,current_week,2025-12-12T09:40:00+05:30,26033.75,26050,no,NIFTY_26050_CE_16_DEC_25.csv,,,48.68,,,not_entered,0.00,0.00,0.00,0.00,yes,NIFTY_26050_PE_16_DEC_25.csv,2025-12-12T09:40:00+05:30,87.6,208.29,2025-12-12T15:20:00+05:30,75.00,day_close,11.60,870.00,50.00,820.00,870.00,50.00,820.00,
2025-12-15,Monday,PARTIAL,,2025-12-16,current_week,2025-12-15T09:40:00+05:30,25926.5,25950,yes,NIFTY_25950_CE_16_DEC_25.csv,2025-12-15T09:40:00+05:30,66.45,134.01,2025-12-15T11:45:00+05:30,114.48,ma_sl,-49.03,-3677.40,50.00,-3727.40,no,NIFTY_25950_PE_16_DEC_25.csv,,,54.00,,,not_entered,0.00,0.00,0.00,0.00,-3677.40,50.00,-3727.40,
2025-12-16,Tuesday,PARTIAL,,2025-12-23,next_week,2025-12-16T09:40:00+05:30,25916.1,25900,yes,NIFTY_25900_CE_23_DEC_25.csv,2025-12-16T09:40:00+05:30,176.2,230.65,2025-12-16T15:20:00+05:30,125.10,day_close,50.10,3757.50,50.00,3707.50,no,NIFTY_25900_PE_23_DEC_25.csv,,,87.69,,,not_entered,0.00,0.00,0.00,0.00,3757.50,50.00,3707.50,
2025-12-17,Wednesday,TRADED,,2025-12-23,current_week,2025-12-17T09:40:00+05:30,25914.8,25900,yes,NIFTY_25900_CE_23_DEC_25.csv,2025-12-17T09:40:00+05:30,149.7,153.81,2025-12-17T15:15:00+05:30,98.92,ma_sl,49.78,3733.50,50.00,3683.50,yes,NIFTY_25900_PE_23_DEC_25.csv,2025-12-17T09:40:00+05:30,99.8,119.66,2025-12-17T09:45:00+05:30,120.38,ma_sl,-21.58,-1618.35,50.00,-1668.35,2115.15,100.00,2015.15,
2025-12-18,Thursday,PARTIAL,,2025-12-23,current_week,2025-12-18T09:40:00+05:30,25776.1,25800,yes,NIFTY_25800_CE_23_DEC_25.csv,2025-12-18T09:40:00+05:30,111.8,146.64,2025-12-18T10:15:00+05:30,137.78,ma_sl,-26.98,-2023.65,50.00,-2073.65,no,NIFTY_25800_PE_23_DEC_25.csv,,,95.47,,,not_entered,0.00,0.00,0.00,0.00,-2023.65,50.00,-2073.65,
2025-12-19,Friday,PARTIAL,,2025-12-23,current_week,2025-12-19T09:40:00+05:30,25967.1,25950,no,NIFTY_25950_CE_23_DEC_25.csv,,,69.56,,,not_entered,0.00,0.00,0.00,0.00,yes,NIFTY_25950_PE_23_DEC_25.csv,2025-12-19T09:40:00+05:30,78.3,148.05,2025-12-19T15:20:00+05:30,63.45,day_close,13.85,1038.75,50.00,988.75,1038.75,50.00,988.75,
2025-12-22,Monday,PARTIAL,,2025-12-23,current_week,2025-12-22T09:40:00+05:30,26112.65,26100,no,NIFTY_26100_CE_23_DEC_25.csv,,,32.73,,,not_entered,0.00,0.00,0.00,0.00,yes,NIFTY_26100_PE_23_DEC_25.csv,2025-12-22T09:40:00+05:30,57.25,163.33,2025-12-22T15:20:00+05:30,33.25,day_close,23.00,1725.00,50.00,1675.00,1725.00,50.00,1675.00,
2025-12-23,Tuesday,TRADED,,2025-12-30,next_week,2025-12-23T09:40:00+05:30,26144.65,26150,yes,NIFTY_26150_CE_30_DEC_25.csv,2025-12-23T09:40:00+05:30,144.69,152.84,2025-12-23T09:45:00+05:30,152.44,ma_sl,-8.75,-656.04,50.00,-706.04,yes,NIFTY_26150_PE_30_DEC_25.csv,2025-12-23T09:40:00+05:30,109.4,114.43,2025-12-23T09:45:00+05:30,114.90,ma_gap_sl,-6.50,-487.50,50.00,-537.50,-1143.54,100.00,-1243.54,
2025-12-24,Wednesday,TRADED,,2025-12-30,current_week,2025-12-24T09:40:00+05:30,26213.3,26200,yes,NIFTY_26200_CE_30_DEC_25.csv,2025-12-24T09:40:00+05:30,124.05,125.28,2025-12-24T09:45:00+05:30,125.52,ma_sl,-2.47,-185.61,50.00,-235.61,yes,NIFTY_26200_PE_30_DEC_25.csv,2025-12-24T09:40:00+05:30,80.7,106.79,2025-12-24T13:00:00+05:30,86.25,ma_sl,-6.55,-491.34,50.00,-541.34,-676.95,100.00,-776.95,
2025-12-26,Friday,PARTIAL,,2025-12-30,current_week,2025-12-26T09:40:00+05:30,26093.2,26100,yes,NIFTY_26100_CE_30_DEC_25.csv,2025-12-26T09:40:00+05:30,76.45,159.35,2025-12-26T15:20:00+05:30,48.85,day_close,26.60,1995.00,50.00,1945.00,no,NIFTY_26100_PE_30_DEC_25.csv,,,48.40,,,not_entered,0.00,0.00,0.00,0.00,1995.00,50.00,1945.00,
2025-12-29,Monday,TRADED,,2025-12-30,current_week,2025-12-29T09:40:00+05:30,26076.9,26100,yes,NIFTY_26100_CE_30_DEC_25.csv,2025-12-29T09:40:00+05:30,50.9,56.32,2025-12-29T15:20:00+05:30,11.85,day_close,38.05,2853.75,50.00,2803.75,yes,NIFTY_26100_PE_30_DEC_25.csv,2025-12-29T09:40:00+05:30,57.65,81.28,2025-12-29T09:45:00+05:30,81.02,ma_sl,-24.37,-1827.57,50.00,-1877.57,1026.18,100.00,926.18,
2025-12-30,Tuesday,SKIPPED,no_expiry_found,,next_week,2025-12-30T09:40:00+05:30,25923.55,,no,,,,,,,,0.00,0.00,0.00,0.00,no,,,,,,,,0.00,0.00,0.00,0.00,0.00,0.00,0.00,No suitable expiry found.
2025-12-31,Wednesday,SKIPPED,no_expiry_found,,current_week,2025-12-31T09:40:00+05:30,26006.05,,no,,,,,,,,0.00,0.00,0.00,0.00,no,,,,,,,,0.00,0.00,0.00,0.00,0.00,0.00,0.00,No suitable expiry found.
