entry_date,status,skip_reason,expiry_date,next_trading_day,spot_signal_timestamp,spot_signal_close,spot_sma_25,spot_signal_relation,atm_strike,bought_side,sold_side,bought_contract_name,bought_option_entry_timestamp,bought_option_entry_open,bought_option_exit_timestamp,bought_option_exit_open,sold_contract_name,sold_option_entry_timestamp,sold_option_entry_open,sold_option_exit_timestamp,sold_option_exit_open,bought_gross_pnl,sold_gross_pnl,gross_pnl,brokerage,net_pnl,remarks
2025-01-01,TRADED,,2025-01-02,2025-01-02,2025-01-01T15:15:00+05:30,23758.7,23718.99,ABOVE_SMA,23750,CE,PE,NIFTY_23750_CE_02_JAN_25.csv,2025-01-01T15:29:00+05:30,146.44,2025-01-02T09:16:00+05:30,136.69,NIFTY_23750_PE_02_JAN_25.csv,2025-01-01T15:29:00+05:30,95.9,2025-01-02T09:16:00+05:30,85.45,-1527.50,1098.50,-429.00,100.00,-529.00,
2025-01-02,TRADED,,2025-01-09,2025-01-03,2025-01-02T15:15:00+05:30,24167.95,24012.97,ABOVE_SMA,24150,CE,PE,NIFTY_24150_CE_09_JAN_25.csv,2025-01-02T15:29:00+05:30,201.3,2025-01-03T09:16:00+05:30,183.9,NIFTY_24150_PE_09_JAN_25.csv,2025-01-02T15:29:00+05:30,168.6,2025-01-03T09:16:00+05:30,188.8,-2522.00,-2886.00,-5408.00,100.00,-5508.00,
2025-01-03,TRADED,,2025-01-09,2025-01-06,2025-01-03T15:15:00+05:30,23990.15,24065.33,BELOW_SMA,24000,PE,CE,NIFTY_24000_PE_09_JAN_25.csv,2025-01-03T15:29:00+05:30,164.3,2025-01-06T09:16:00+05:30,138.25,NIFTY_24000_CE_09_JAN_25.csv,2025-01-03T15:29:00+05:30,147.94,2025-01-06T09:16:00+05:30,165.9,-3646.50,-2594.80,-6241.30,100.00,-6341.30,
2025-01-06,TRADED,,2025-01-09,2025-01-07,2025-01-06T15:15:00+05:30,23629.6,23748.89,BELOW_SMA,23650,PE,CE,NIFTY_23650_PE_09_JAN_25.csv,2025-01-06T15:29:00+05:30,196.85,2025-01-07T09:16:00+05:30,126.3,NIFTY_23650_CE_09_JAN_25.csv,2025-01-06T15:29:00+05:30,185.05,2025-01-07T09:16:00+05:30,223.6,-9431.50,-5271.50,-14703.00,100.00,-14803.00,
2025-01-07,TRADED,,2025-01-09,2025-01-08,2025-01-07T15:15:00+05:30,23694.6,23727.07,BELOW_SMA,23700,PE,CE,NIFTY_23700_PE_09_JAN_25.csv,2025-01-07T15:29:00+05:30,118.85,2025-01-08T09:16:00+05:30,120.25,NIFTY_23700_CE_09_JAN_25.csv,2025-01-07T15:29:00+05:30,117.65,2025-01-08T09:16:00+05:30,103.7,-78.00,1553.50,1475.50,100.00,1375.50,
2025-01-08,TRADED,,2025-01-09,2025-01-09,2025-01-08T15:15:00+05:30,23675.2,23611.72,ABOVE_SMA,23700,CE,PE,NIFTY_23700_CE_09_JAN_25.csv,2025-01-08T15:29:00+05:30,56.6,2025-01-09T09:16:00+05:30,25.25,NIFTY_23700_PE_09_JAN_25.csv,2025-01-08T15:29:00+05:30,77.55,2025-01-09T09:16:00+05:30,103.65,-4335.50,-3653.00,-7988.50,100.00,-8088.50,
2025-01-09,TRADED,,2025-01-16,2025-01-10,2025-01-09T15:15:00+05:30,23557.2,23561.38,BELOW_SMA,23550,PE,CE,NIFTY_23550_PE_16_JAN_25.csv,2025-01-09T15:29:00+05:30,151.25,2025-01-10T09:16:00+05:30,163.8,NIFTY_23550_CE_16_JAN_25.csv,2025-01-09T15:29:00+05:30,209.0,2025-01-10T09:16:00+05:30,188.85,1371.50,2359.50,3731.00,100.00,3631.00,
2025-01-10,TRADED,,2025-01-16,2025-01-13,2025-01-10T15:15:00+05:30,23437.35,23475.84,BELOW_SMA,23450,PE,CE,NIFTY_23450_PE_16_JAN_25.csv,2025-01-10T15:29:00+05:30,152.25,2025-01-13T09:16:00+05:30,272.14,NIFTY_23450_CE_16_JAN_25.csv,2025-01-10T15:29:00+05:30,165.35,2025-01-13T09:16:00+05:30,81.15,15325.70,10686.00,26011.70,100.00,25911.70,
2025-01-13,TRADED,,2025-01-16,2025-01-14,2025-01-13T15:15:00+05:30,23088.7,23198.22,BELOW_SMA,23100,PE,CE,NIFTY_23100_PE_16_JAN_25.csv,2025-01-13T15:29:00+05:30,115.85,2025-01-14T09:16:00+05:30,68.4,NIFTY_23100_CE_16_JAN_25.csv,2025-01-13T15:29:00+05:30,154.19,2025-01-14T09:16:00+05:30,195.3,-6428.50,-5604.30,-12032.80,100.00,-12132.80,
2025-01-14,TRADED,,2025-01-16,2025-01-15,2025-01-14T15:15:00+05:30,23206.85,23183.34,ABOVE_SMA,23200,CE,PE,NIFTY_23200_CE_16_JAN_25.csv,2025-01-14T15:29:00+05:30,114.85,2025-01-15T09:16:00+05:30,114.2,NIFTY_23200_PE_16_JAN_25.csv,2025-01-14T15:29:00+05:30,63.75,2025-01-15T09:16:00+05:30,57.95,-344.50,494.00,149.50,100.00,49.50,
2025-01-15,TRADED,,2025-01-16,2025-01-16,2025-01-15T15:15:00+05:30,23228.1,23219.45,ABOVE_SMA,23250,CE,PE,NIFTY_23250_CE_16_JAN_25.csv,2025-01-15T15:29:00+05:30,39.4,2025-01-16T09:16:00+05:30,87.35,NIFTY_23250_PE_16_JAN_25.csv,2025-01-15T15:29:00+05:30,72.8,2025-01-16T09:16:00+05:30,19.55,5973.50,6662.50,12636.00,100.00,12536.00,
2025-01-16,TRADED,,2025-01-23,2025-01-17,2025-01-16T15:15:00+05:30,23350.8,23312.68,ABOVE_SMA,23350,CE,PE,NIFTY_23350_CE_23_JAN_25.csv,2025-01-16T15:29:00+05:30,193.3,2025-01-17T09:16:00+05:30,124.15,NIFTY_23350_PE_23_JAN_25.csv,2025-01-16T15:29:00+05:30,176.6,2025-01-17T09:16:00+05:30,236.55,-9249.50,-8053.50,-17303.00,100.00,-17403.00,
2025-01-17,TRADED,,2025-01-23,2025-01-20,2025-01-17T15:15:00+05:30,23203.1,23197.05,ABOVE_SMA,23200,CE,PE,NIFTY_23200_CE_23_JAN_25.csv,2025-01-17T15:29:00+05:30,181.45,2025-01-20T09:16:00+05:30,198.9,NIFTY_23200_PE_23_JAN_25.csv,2025-01-17T15:29:00+05:30,148.94,2025-01-20T09:16:00+05:30,120.75,2008.50,3404.70,5413.20,100.00,5313.20,
2025-01-20,TRADED,,2025-01-23,2025-01-21,2025-01-20T15:15:00+05:30,23337.05,23312.84,ABOVE_SMA,23350,CE,PE,NIFTY_23350_CE_23_JAN_25.csv,2025-01-20T15:29:00+05:30,142.94,2025-01-21T09:16:00+05:30,153.0,NIFTY_23350_PE_23_JAN_25.csv,2025-01-20T15:29:00+05:30,133.8,2025-01-21T09:16:00+05:30,111.6,1047.80,2626.00,3673.80,100.00,3573.80,
2025-01-21,TRADED,,2025-01-23,2025-01-22,2025-01-21T15:15:00+05:30,23053.05,23199.63,BELOW_SMA,23050,PE,CE,NIFTY_23050_PE_23_JAN_25.csv,2025-01-21T15:29:00+05:30,104.0,2025-01-22T09:16:00+05:30,88.7,NIFTY_23050_CE_23_JAN_25.csv,2025-01-21T15:29:00+05:30,139.8,2025-01-22T09:16:00+05:30,134.75,-2249.00,396.50,-1852.50,100.00,-1952.50,
2025-01-22,TRADED,,2025-01-23,2025-01-23,2025-01-22T15:15:00+05:30,23161.75,23072.46,ABOVE_SMA,23150,CE,PE,NIFTY_23150_CE_23_JAN_25.csv,2025-01-22T15:29:00+05:30,68.15,2025-01-23T09:16:00+05:30,28.85,NIFTY_23150_PE_23_JAN_25.csv,2025-01-22T15:29:00+05:30,54.1,2025-01-23T09:16:00+05:30,65.25,-5369.00,-1709.50,-7078.50,100.00,-7178.50,
2025-01-23,TRADED,,2025-01-30,2025-01-24,2025-01-23T15:15:00+05:30,23216.3,23224.13,BELOW_SMA,23200,PE,CE,NIFTY_23200_PE_30_JAN_25.csv,2025-01-23T15:29:00+05:30,158.05,2025-01-24T09:16:00+05:30,155.1,NIFTY_23200_CE_30_JAN_25.csv,2025-01-23T15:29:00+05:30,223.2,2025-01-24T09:16:00+05:30,230.15,-643.50,-1163.50,-1807.00,100.00,-1907.00,
2025-01-24,TRADED,,2025-01-30,2025-01-27,2025-01-24T15:15:00+05:30,23090.35,23198.75,BELOW_SMA,23100,PE,CE,NIFTY_23100_PE_30_JAN_25.csv,2025-01-24T15:29:00+05:30,159.0,2025-01-27T09:16:00+05:30,250.9,NIFTY_23100_CE_30_JAN_25.csv,2025-01-24T15:29:00+05:30,176.0,2025-01-27T09:16:00+05:30,112.3,11687.00,8021.00,19708.00,100.00,19608.00,
2025-01-27,TRADED,,2025-01-30,2025-01-28,2025-01-27T15:15:00+05:30,22816.85,22877.90,BELOW_SMA,22800,PE,CE,NIFTY_22800_PE_30_JAN_25.csv,2025-01-27T15:29:00+05:30,136.85,2025-01-28T09:16:00+05:30,79.25,NIFTY_22800_CE_30_JAN_25.csv,2025-01-27T15:29:00+05:30,174.45,2025-01-28T09:16:00+05:30,228.05,-7748.00,-7228.00,-14976.00,100.00,-15076.00,
2025-01-28,TRADED,,2025-01-30,2025-01-29,2025-01-28T15:15:00+05:30,22976.3,22987.69,BELOW_SMA,23000,PE,CE,NIFTY_23000_PE_30_JAN_25.csv,2025-01-28T15:29:00+05:30,144.0,2025-01-29T09:16:00+05:30,120.8,NIFTY_23000_CE_30_JAN_25.csv,2025-01-28T15:29:00+05:30,128.75,2025-01-29T09:16:00+05:30,145.1,-3276.00,-2385.50,-5661.50,100.00,-5761.50,
2025-01-29,TRADED,,2025-01-30,2025-01-30,2025-01-29T15:15:00+05:30,23176.2,23113.26,ABOVE_SMA,23200,CE,PE,NIFTY_23200_CE_30_JAN_25.csv,2025-01-29T15:29:00+05:30,128.9,2025-01-30T09:16:00+05:30,107.2,NIFTY_23200_PE_30_JAN_25.csv,2025-01-29T15:29:00+05:30,167.55,2025-01-30T09:16:00+05:30,177.15,-3081.00,-1508.00,-4589.00,100.00,-4689.00,
2025-01-30,TRADED,,2025-02-06,2025-01-31,2025-01-30T15:15:00+05:30,23297.95,23239.75,ABOVE_SMA,23300,CE,PE,NIFTY_23300_CE_06_FEB_25.csv,2025-01-30T15:29:00+05:30,344.0,2025-01-31T09:16:00+05:30,341.4,NIFTY_23300_PE_06_FEB_25.csv,2025-01-30T15:29:00+05:30,273.0,2025-01-31T09:16:00+05:30,293.14,-598.00,-2878.20,-3476.20,100.00,-3576.20,
2025-01-31,TRADED,,2025-02-06,2025-02-01,2025-01-31T15:15:00+05:30,23533.85,23442.03,ABOVE_SMA,23550,CE,PE,NIFTY_23550_CE_06_FEB_25.csv,2025-01-31T15:29:00+05:30,259.5,2025-02-01T09:16:00+05:30,248.05,NIFTY_23550_PE_06_FEB_25.csv,2025-01-31T15:29:00+05:30,222.7,2025-02-01T09:16:00+05:30,231.65,-1748.50,-1423.50,-3172.00,100.00,-3272.00,
2025-02-01,TRADED,,2025-02-06,2025-02-03,2025-02-01T15:15:00+05:30,23495.3,23508.35,BELOW_SMA,23500,PE,CE,NIFTY_23500_PE_06_FEB_25.csv,2025-02-01T15:29:00+05:30,143.75,2025-02-03T09:16:00+05:30,246.85,NIFTY_23500_CE_06_FEB_25.csv,2025-02-01T15:29:00+05:30,143.94,2025-02-03T09:16:00+05:30,68.45,13143.00,9553.70,22696.70,100.00,22596.70,
2025-02-03,TRADED,,2025-02-06,2025-02-04,2025-02-03T15:15:00+05:30,23359.7,23313.21,ABOVE_SMA,23350,CE,PE,NIFTY_23350_CE_06_FEB_25.csv,2025-02-03T15:29:00+05:30,133.6,2025-02-04T09:16:00+05:30,191.65,NIFTY_23350_PE_06_FEB_25.csv,2025-02-03T15:29:00+05:30,96.95,2025-02-04T09:16:00+05:30,48.4,7286.50,6051.50,13338.00,100.00,13238.00,
2025-02-04,TRADED,,2025-02-06,2025-02-05,2025-02-04T15:15:00+05:30,23707.7,23595.98,ABOVE_SMA,23700,CE,PE,NIFTY_23700_CE_06_FEB_25.csv,2025-02-04T15:29:00+05:30,91.6,2025-02-05T09:16:00+05:30,115.25,NIFTY_23700_PE_06_FEB_25.csv,2025-02-04T15:29:00+05:30,89.0,2025-02-05T09:16:00+05:30,71.75,2814.50,1982.50,4797.00,100.00,4697.00,
2025-02-05,TRADED,,2025-02-06,2025-02-06,2025-02-05T15:15:00+05:30,23686.75,23743.89,BELOW_SMA,23700,PE,CE,NIFTY_23700_PE_06_FEB_25.csv,2025-02-05T15:29:00+05:30,89.45,2025-02-06T09:16:00+05:30,59.45,NIFTY_23700_CE_06_FEB_25.csv,2025-02-05T15:29:00+05:30,55.0,2025-02-06T09:16:00+05:30,63.2,-4160.00,-1326.00,-5486.00,100.00,-5586.00,
2025-02-06,TRADED,,2025-02-13,2025-02-07,2025-02-06T15:15:00+05:30,23628.05,23611.54,ABOVE_SMA,23650,CE,PE,NIFTY_23650_CE_13_FEB_25.csv,2025-02-06T15:29:00+05:30,191.8,2025-02-07T09:16:00+05:30,194.0,NIFTY_23650_PE_13_FEB_25.csv,2025-02-06T15:29:00+05:30,183.5,2025-02-07T09:16:00+05:30,188.3,26.00,-884.00,-858.00,100.00,-958.00,
2025-02-07,TRADED,,2025-02-13,2025-02-10,2025-02-07T15:15:00+05:30,23563.15,23571.58,BELOW_SMA,23550,PE,CE,NIFTY_23550_PE_13_FEB_25.csv,2025-02-07T15:29:00+05:30,136.5,2025-02-10T09:16:00+05:30,172.5,NIFTY_23550_CE_13_FEB_25.csv,2025-02-07T15:29:00+05:30,165.0,2025-02-10T09:16:00+05:30,136.35,4420.00,3464.50,7884.50,100.00,7784.50,
2025-02-10,TRADED,,2025-02-13,2025-02-11,2025-02-10T15:15:00+05:30,23376.05,23378.53,BELOW_SMA,23400,PE,CE,NIFTY_23400_PE_13_FEB_25.csv,2025-02-10T15:29:00+05:30,134.35,2025-02-11T09:16:00+05:30,155.4,NIFTY_23400_CE_13_FEB_25.csv,2025-02-10T15:29:00+05:30,147.25,2025-02-11T09:16:00+05:30,127.0,2476.50,2372.50,4849.00,100.00,4749.00,
2025-02-11,TRADED,,2025-02-13,2025-02-12,2025-02-11T15:15:00+05:30,23070.5,23180.78,BELOW_SMA,23050,PE,CE,NIFTY_23050_PE_13_FEB_25.csv,2025-02-11T15:29:00+05:30,97.85,2025-02-12T09:16:00+05:30,99.75,NIFTY_23050_CE_13_FEB_25.csv,2025-02-11T15:29:00+05:30,133.69,2025-02-12T09:16:00+05:30,125.6,-13.00,791.70,778.70,100.00,678.70,
2025-02-12,TRADED,,2025-02-13,2025-02-13,2025-02-12T15:15:00+05:30,23057.8,22988.75,ABOVE_SMA,23050,CE,PE,NIFTY_23050_CE_13_FEB_25.csv,2025-02-12T15:29:00+05:30,89.0,2025-02-13T09:16:00+05:30,109.15,NIFTY_23050_PE_13_FEB_25.csv,2025-02-12T15:29:00+05:30,81.59,2025-02-13T09:16:00+05:30,55.9,2359.50,3079.70,5439.20,100.00,5339.20,
2025-02-13,TRADED,,2025-02-20,2025-02-14,2025-02-13T15:15:00+05:30,23019.4,23132.52,BELOW_SMA,23000,PE,CE,NIFTY_23000_PE_20_FEB_25.csv,2025-02-13T15:29:00+05:30,157.19,2025-02-14T09:16:00+05:30,111.0,NIFTY_23000_CE_20_FEB_25.csv,2025-02-13T15:29:00+05:30,211.15,2025-02-14T09:16:00+05:30,263.45,-6264.70,-7059.00,-13323.70,100.00,-13423.70,
2025-02-14,TRADED,,2025-02-20,2025-02-17,2025-02-14T15:15:00+05:30,22897.25,22902.97,BELOW_SMA,22900,PE,CE,NIFTY_22900_PE_20_FEB_25.csv,2025-02-14T15:29:00+05:30,146.44,2025-02-17T09:16:00+05:30,223.45,NIFTY_22900_CE_20_FEB_25.csv,2025-02-14T15:29:00+05:30,185.6,2025-02-17T09:16:00+05:30,127.4,9751.30,7306.00,17057.30,100.00,16957.30,
2025-02-17,TRADED,,2025-02-20,2025-02-18,2025-02-17T15:15:00+05:30,22963.5,22864.70,ABOVE_SMA,22950,CE,PE,NIFTY_22950_CE_20_FEB_25.csv,2025-02-17T15:29:00+05:30,177.75,2025-02-18T09:16:00+05:30,165.45,NIFTY_22950_PE_20_FEB_25.csv,2025-02-17T15:29:00+05:30,127.85,2025-02-18T09:16:00+05:30,140.0,-1859.00,-1839.50,-3698.50,100.00,-3798.50,
2025-02-18,TRADED,,2025-02-20,2025-02-19,2025-02-18T15:15:00+05:30,22923.15,22889.31,ABOVE_SMA,22900,CE,PE,NIFTY_22900_CE_20_FEB_25.csv,2025-02-18T15:29:00+05:30,132.0,2025-02-19T09:16:00+05:30,97.55,NIFTY_22900_PE_20_FEB_25.csv,2025-02-18T15:29:00+05:30,105.8,2025-02-19T09:16:00+05:30,137.15,-4738.50,-4335.50,-9074.00,100.00,-9174.00,
2025-02-19,TRADED,,2025-02-20,2025-02-20,2025-02-19T15:15:00+05:30,22914.4,22947.21,BELOW_SMA,22900,PE,CE,NIFTY_22900_PE_20_FEB_25.csv,2025-02-19T15:29:00+05:30,71.65,2025-02-20T09:16:00+05:30,91.6,NIFTY_22900_CE_20_FEB_25.csv,2025-02-19T15:29:00+05:30,95.75,2025-02-20T09:16:00+05:30,64.45,2333.50,3809.00,6142.50,100.00,6042.50,
2025-02-20,TRADED,,2025-02-27,2025-02-21,2025-02-20T15:15:00+05:30,22906.25,22894.60,ABOVE_SMA,22900,CE,PE,NIFTY_22900_CE_27_FEB_25.csv,2025-02-20T15:29:00+05:30,181.35,2025-02-21T09:16:00+05:30,164.05,NIFTY_22900_PE_27_FEB_25.csv,2025-02-20T15:29:00+05:30,146.05,2025-02-21T09:16:00+05:30,154.85,-2509.00,-1404.00,-3913.00,100.00,-4013.00,
2025-02-21,TRADED,,2025-02-27,2025-02-24,2025-02-21T15:15:00+05:30,22764.35,22786.86,BELOW_SMA,22750,PE,CE,NIFTY_22750_PE_27_FEB_25.csv,2025-02-21T15:29:00+05:30,117.5,2025-02-24T09:16:00+05:30,160.44,NIFTY_22750_CE_27_FEB_25.csv,2025-02-21T15:29:00+05:30,173.75,2025-02-24T09:16:00+05:30,114.2,5322.20,7481.50,12803.70,100.00,12703.70,
2025-02-24,TRADED,,2025-02-27,2025-02-25,2025-02-24T15:15:00+05:30,22548.85,22567.00,BELOW_SMA,22550,PE,CE,NIFTY_22550_PE_27_FEB_25.csv,2025-02-24T15:29:00+05:30,78.45,2025-02-25T09:16:00+05:30,78.3,NIFTY_22550_CE_27_FEB_25.csv,2025-02-24T15:29:00+05:30,134.5,2025-02-25T09:16:00+05:30,122.1,-279.50,1352.00,1072.50,100.00,972.50,
2025-02-25,TRADED,,2025-02-27,2025-02-27,2025-02-25T15:15:00+05:30,22526.3,22574.33,BELOW_SMA,22550,PE,CE,NIFTY_22550_PE_27_FEB_25.csv,2025-02-25T15:29:00+05:30,50.25,2025-02-27T09:16:00+05:30,26.35,NIFTY_22550_CE_27_FEB_25.csv,2025-02-25T15:29:00+05:30,67.2,2025-02-27T09:16:00+05:30,60.8,-3367.00,572.00,-2795.00,100.00,-2895.00,
2025-02-27,TRADED,,2025-03-06,2025-02-28,2025-02-27T15:15:00+05:30,22510.85,22539.35,BELOW_SMA,22500,PE,CE,NIFTY_22500_PE_06_MAR_25.csv,2025-02-27T15:29:00+05:30,108.65,2025-02-28T09:16:00+05:30,199.8,NIFTY_22500_CE_06_MAR_25.csv,2025-02-27T15:29:00+05:30,194.0,2025-02-28T09:16:00+05:30,110.0,11589.50,10660.00,22249.50,100.00,22149.50,
2025-02-28,TRADED,,2025-03-06,2025-03-03,2025-02-28T15:15:00+05:30,22127.4,22200.59,BELOW_SMA,22150,PE,CE,NIFTY_22150_PE_06_MAR_25.csv,2025-02-28T15:29:00+05:30,133.3,2025-03-03T09:16:00+05:30,93.55,NIFTY_22150_CE_06_MAR_25.csv,2025-02-28T15:29:00+05:30,162.05,2025-03-03T09:16:00+05:30,184.5,-5427.50,-3178.50,-8606.00,100.00,-8706.00,
2025-03-03,TRADED,,2025-03-06,2025-03-04,2025-03-03T15:15:00+05:30,22143.15,22092.64,ABOVE_SMA,22150,CE,PE,NIFTY_22150_CE_06_MAR_25.csv,2025-03-03T15:29:00+05:30,121.85,2025-03-04T09:16:00+05:30,50.05,NIFTY_22150_PE_06_MAR_25.csv,2025-03-03T15:29:00+05:30,109.35,2025-03-04T09:16:00+05:30,192.95,-9594.00,-11128.00,-20722.00,100.00,-20822.00,
2025-03-04,TRADED,,2025-03-06,2025-03-05,2025-03-04T15:15:00+05:30,22080.3,22065.48,ABOVE_SMA,22100,CE,PE,NIFTY_22100_CE_06_MAR_25.csv,2025-03-04T15:29:00+05:30,85.35,2025-03-05T09:16:00+05:30,88.05,NIFTY_22100_PE_06_MAR_25.csv,2025-03-04T15:29:00+05:30,109.45,2025-03-05T09:16:00+05:30,80.25,91.00,3536.00,3627.00,100.00,3527.00,
2025-03-05,TRADED,,2025-03-06,2025-03-06,2025-03-05T15:15:00+05:30,22346.65,22313.18,ABOVE_SMA,22350,CE,PE,NIFTY_22350_CE_06_MAR_25.csv,2025-03-05T15:29:00+05:30,74.25,2025-03-06T09:16:00+05:30,112.5,NIFTY_22350_PE_06_MAR_25.csv,2025-03-05T15:29:00+05:30,84.65,2025-03-06T09:16:00+05:30,23.2,4712.50,7728.50,12441.00,100.00,12341.00,
2025-03-06,TRADED,,2025-03-13,2025-03-07,2025-03-06T15:15:00+05:30,22529.2,22432.01,ABOVE_SMA,22550,CE,PE,NIFTY_22550_CE_13_MAR_25.csv,2025-03-06T15:29:00+05:30,154.0,2025-03-07T09:16:00+05:30,132.0,NIFTY_22550_PE_13_MAR_25.csv,2025-03-06T15:29:00+05:30,161.05,2025-03-07T09:16:00+05:30,176.85,-3120.00,-2314.00,-5434.00,100.00,-5534.00,
2025-03-07,TRADED,,2025-03-13,2025-03-10,2025-03-07T15:15:00+05:30,22536.95,22564.86,BELOW_SMA,22550,PE,CE,NIFTY_22550_PE_13_MAR_25.csv,2025-03-07T15:29:00+05:30,127.0,2025-03-10T09:16:00+05:30,130.1,NIFTY_22550_CE_13_MAR_25.csv,2025-03-07T15:29:00+05:30,150.15,2025-03-10T09:16:00+05:30,136.3,143.00,1540.50,1683.50,100.00,1583.50,
2025-03-10,TRADED,,2025-03-13,2025-03-11,2025-03-10T15:15:00+05:30,22441.1,22575.33,BELOW_SMA,22450,PE,CE,NIFTY_22450_PE_13_MAR_25.csv,2025-03-10T15:29:00+05:30,120.15,2025-03-11T09:16:00+05:30,177.35,NIFTY_22450_CE_13_MAR_25.csv,2025-03-10T15:29:00+05:30,118.3,2025-03-11T09:16:00+05:30,70.35,7176.00,5973.50,13149.50,100.00,13049.50,
2025-03-11,TRADED,,2025-03-13,2025-03-12,2025-03-11T15:15:00+05:30,22520.5,22453.13,ABOVE_SMA,22500,CE,PE,NIFTY_22500_CE_13_MAR_25.csv,2025-03-11T15:29:00+05:30,116.15,2025-03-12T09:16:00+05:30,118.8,NIFTY_22500_PE_13_MAR_25.csv,2025-03-11T15:29:00+05:30,90.9,2025-03-12T09:16:00+05:30,68.05,84.50,2710.50,2795.00,100.00,2695.00,
2025-03-12,TRADED,,2025-03-13,2025-03-13,2025-03-12T15:15:00+05:30,22468.5,22419.46,ABOVE_SMA,22450,CE,PE,NIFTY_22450_CE_13_MAR_25.csv,2025-03-12T15:29:00+05:30,81.35,2025-03-13T09:16:00+05:30,74.0,NIFTY_22450_PE_13_MAR_25.csv,2025-03-12T15:29:00+05:30,54.3,2025-03-13T09:16:00+05:30,34.95,-1215.50,2255.50,1040.00,100.00,940.00,
2025-03-13,TRADED,,2025-03-20,2025-03-17,2025-03-13T15:15:00+05:30,22383.3,22455.65,BELOW_SMA,22400,PE,CE,NIFTY_22400_PE_20_MAR_25.csv,2025-03-13T15:29:00+05:30,130.85,2025-03-17T09:16:00+05:30,75.55,NIFTY_22400_CE_20_MAR_25.csv,2025-03-13T15:29:00+05:30,137.4,2025-03-17T09:16:00+05:30,199.95,-7449.00,-8391.50,-15840.50,100.00,-15940.50,
2025-03-17,TRADED,,2025-03-20,2025-03-18,2025-03-17T15:15:00+05:30,22515.25,22501.77,ABOVE_SMA,22500,CE,PE,NIFTY_22500_CE_20_MAR_25.csv,2025-03-17T15:29:00+05:30,135.94,2025-03-18T09:16:00+05:30,189.0,NIFTY_22500_PE_20_MAR_25.csv,2025-03-17T15:29:00+05:30,94.6,2025-03-18T09:16:00+05:30,61.8,6637.80,4004.00,10641.80,100.00,10541.80,
2025-03-18,TRADED,,2025-03-20,2025-03-19,2025-03-18T15:15:00+05:30,22848.75,22759.58,ABOVE_SMA,22850,CE,PE,NIFTY_22850_CE_20_MAR_25.csv,2025-03-18T15:29:00+05:30,100.6,2025-03-19T09:16:00+05:30,97.5,NIFTY_22850_PE_20_MAR_25.csv,2025-03-18T15:29:00+05:30,86.25,2025-03-19T09:16:00+05:30,80.5,-663.00,487.50,-175.50,100.00,-275.50,
2025-03-19,TRADED,,2025-03-20,2025-03-20,2025-03-19T15:15:00+05:30,22911.8,22901.21,ABOVE_SMA,22900,CE,PE,NIFTY_22900_CE_20_MAR_25.csv,2025-03-19T15:29:00+05:30,98.95,2025-03-20T09:16:00+05:30,127.75,NIFTY_22900_PE_20_MAR_25.csv,2025-03-19T15:29:00+05:30,62.2,2025-03-20T09:16:00+05:30,31.2,3484.00,3770.00,7254.00,100.00,7154.00,
2025-03-20,TRADED,,2025-03-27,2025-03-21,2025-03-20T15:15:00+05:30,23165.7,23106.73,ABOVE_SMA,23150,CE,PE,NIFTY_23150_CE_27_MAR_25.csv,2025-03-20T15:29:00+05:30,155.6,2025-03-21T09:16:00+05:30,157.6,NIFTY_23150_PE_27_MAR_25.csv,2025-03-20T15:29:00+05:30,117.25,2025-03-21T09:16:00+05:30,116.55,0.00,-169.00,-169.00,100.00,-269.00,
2025-03-21,TRADED,,2025-03-27,2025-03-24,2025-03-21T15:15:00+05:30,23355.65,23333.50,ABOVE_SMA,23350,CE,PE,NIFTY_23350_CE_27_MAR_25.csv,2025-03-21T15:29:00+05:30,143.35,2025-03-24T09:16:00+05:30,207.9,NIFTY_23350_PE_27_MAR_25.csv,2025-03-21T15:29:00+05:30,110.1,2025-03-24T09:16:00+05:30,70.09,8131.50,4941.30,13072.80,100.00,12972.80,
2025-03-24,TRADED,,2025-03-27,2025-03-25,2025-03-24T15:15:00+05:30,23674.15,23619.53,ABOVE_SMA,23650,CE,PE,NIFTY_23650_CE_27_MAR_25.csv,2025-03-24T15:29:00+05:30,169.75,2025-03-25T09:16:00+05:30,211.9,NIFTY_23650_PE_27_MAR_25.csv,2025-03-24T15:29:00+05:30,102.75,2025-03-25T09:16:00+05:30,84.75,5219.50,2080.00,7299.50,100.00,7199.50,
2025-03-25,TRADED,,2025-03-27,2025-03-26,2025-03-25T15:15:00+05:30,23605.95,23711.13,BELOW_SMA,23600,PE,CE,NIFTY_23600_PE_27_MAR_25.csv,2025-03-25T15:29:00+05:30,80.0,2025-03-26T09:16:00+05:30,66.4,NIFTY_23600_CE_27_MAR_25.csv,2025-03-25T15:29:00+05:30,150.65,2025-03-26T09:16:00+05:30,159.3,-2028.00,-1384.50,-3412.50,100.00,-3512.50,
2025-03-26,TRADED,,2025-03-27,2025-03-27,2025-03-26T15:15:00+05:30,23464.3,23597.70,BELOW_SMA,23450,PE,CE,NIFTY_23450_PE_27_MAR_25.csv,2025-03-26T15:29:00+05:30,53.4,2025-03-27T09:16:00+05:30,61.5,NIFTY_23450_CE_27_MAR_25.csv,2025-03-26T15:29:00+05:30,112.3,2025-03-27T09:16:00+05:30,70.0,793.00,5239.00,6032.00,100.00,5932.00,
2025-03-27,TRADED,,2025-04-03,2025-03-28,2025-03-27T15:15:00+05:30,23601.05,23593.97,ABOVE_SMA,23600,CE,PE,NIFTY_23600_CE_03_APR_25.csv,2025-03-27T15:29:00+05:30,208.5,2025-03-28T09:16:00+05:30,188.7,NIFTY_23600_PE_03_APR_25.csv,2025-03-27T15:29:00+05:30,120.35,2025-03-28T09:16:00+05:30,135.0,-2834.00,-2164.50,-4998.50,100.00,-5098.50,
2025-03-28,TRADED,,2025-04-03,2025-04-01,2025-03-28T15:15:00+05:30,23495.15,23547.31,BELOW_SMA,23500,PE,CE,NIFTY_23500_PE_03_APR_25.csv,2025-03-28T15:29:00+05:30,102.75,2025-04-01T09:16:00+05:30,145.5,NIFTY_23500_CE_03_APR_25.csv,2025-03-28T15:29:00+05:30,130.5,2025-04-01T09:16:00+05:30,79.15,5297.50,6415.50,11713.00,100.00,11613.00,
2025-04-01,TRADED,,2025-04-03,2025-04-02,2025-04-01T15:15:00+05:30,23179.7,23249.91,BELOW_SMA,23200,PE,CE,NIFTY_23200_PE_03_APR_25.csv,2025-04-01T15:29:00+05:30,101.5,2025-04-02T09:16:00+05:30,86.55,NIFTY_23200_CE_03_APR_25.csv,2025-04-01T15:29:00+05:30,106.4,2025-04-02T09:16:00+05:30,108.6,-2203.50,-546.00,-2749.50,100.00,-2849.50,
2025-04-02,TRADED,,2025-04-03,2025-04-03,2025-04-02T15:15:00+05:30,23330.8,23278.42,ABOVE_SMA,23350,CE,PE,NIFTY_23350_CE_03_APR_25.csv,2025-04-02T15:29:00+05:30,57.5,2025-04-03T09:16:00+05:30,7.85,NIFTY_23350_PE_03_APR_25.csv,2025-04-02T15:29:00+05:30,93.95,2025-04-03T09:16:00+05:30,181.5,-6714.50,-11641.50,-18356.00,100.00,-18456.00,
2025-04-03,TRADED,,2025-04-09,2025-04-04,2025-04-03T15:15:00+05:30,23241.6,23265.57,BELOW_SMA,23250,PE,CE,NIFTY_23250_PE_09_APR_25.csv,2025-04-03T15:29:00+05:30,162.8,2025-04-04T09:16:00+05:30,244.9,NIFTY_23250_CE_09_APR_25.csv,2025-04-03T15:29:00+05:30,155.05,2025-04-04T09:16:00+05:30,99.05,10413.00,7020.00,17433.00,100.00,17333.00,
2025-04-04,TRADED,,2025-04-09,2025-04-07,2025-04-04T15:15:00+05:30,22912.05,22953.71,BELOW_SMA,22900,PE,CE,NIFTY_22900_PE_09_APR_25.csv,2025-04-04T15:29:00+05:30,121.9,2025-04-07T09:16:00+05:30,686.7,NIFTY_22900_CE_09_APR_25.csv,2025-04-04T15:29:00+05:30,116.0,2025-04-07T09:16:00+05:30,20.95,73164.00,12096.50,85260.50,100.00,85160.50,
2025-04-07,TRADED,,2025-04-09,2025-04-08,2025-04-07T15:15:00+05:30,22238.0,21984.42,ABOVE_SMA,22250,CE,PE,NIFTY_22250_CE_09_APR_25.csv,2025-04-07T15:29:00+05:30,303.85,2025-04-08T09:16:00+05:30,412.5,NIFTY_22250_PE_09_APR_25.csv,2025-04-07T15:29:00+05:30,288.8,2025-04-08T09:16:00+05:30,100.45,13864.50,24225.50,38090.00,100.00,37990.00,
2025-04-08,TRADED,,2025-04-09,2025-04-09,2025-04-08T15:15:00+05:30,22547.2,22516.34,ABOVE_SMA,22550,CE,PE,NIFTY_22550_CE_09_APR_25.csv,2025-04-08T15:29:00+05:30,188.3,2025-04-09T09:16:00+05:30,78.65,NIFTY_22550_PE_09_APR_25.csv,2025-04-08T15:29:00+05:30,165.4,2025-04-09T09:16:00+05:30,233.8,-14514.50,-9152.00,-23666.50,100.00,-23766.50,
2025-04-09,TRADED,,2025-04-17,2025-04-11,2025-04-09T15:15:00+05:30,22420.4,22408.67,ABOVE_SMA,22400,CE,PE,NIFTY_22400_CE_17_APR_25.csv,2025-04-09T15:29:00+05:30,334.15,2025-04-11T09:16:00+05:30,502.0,NIFTY_22400_PE_17_APR_25.csv,2025-04-09T15:29:00+05:30,278.0,2025-04-11T09:16:00+05:30,113.45,21560.50,21131.50,42692.00,100.00,42592.00,
2025-04-11,TRADED,,2025-04-17,2025-04-15,2025-04-11T15:15:00+05:30,22844.5,22841.92,ABOVE_SMA,22850,CE,PE,NIFTY_22850_CE_17_APR_25.csv,2025-04-11T15:29:00+05:30,259.75,2025-04-15T09:16:00+05:30,483.95,NIFTY_22850_PE_17_APR_25.csv,2025-04-11T15:29:00+05:30,231.95,2025-04-15T09:16:00+05:30,39.9,28886.00,24706.50,53592.50,100.00,53492.50,
2025-04-15,TRADED,,2025-04-17,2025-04-16,2025-04-15T15:15:00+05:30,23344.1,23319.80,ABOVE_SMA,23350,CE,PE,NIFTY_23350_CE_17_APR_25.csv,2025-04-15T15:29:00+05:30,85.95,2025-04-16T09:16:00+05:30,34.9,NIFTY_23350_PE_17_APR_25.csv,2025-04-15T15:29:00+05:30,109.9,2025-04-16T09:16:00+05:30,125.55,-6896.50,-2294.50,-9191.00,100.00,-9291.00,
2025-04-16,TRADED,,2025-04-17,2025-04-17,2025-04-16T15:15:00+05:30,23433.3,23355.16,ABOVE_SMA,23450,CE,PE,NIFTY_23450_CE_17_APR_25.csv,2025-04-16T15:29:00+05:30,56.95,2025-04-17T09:16:00+05:30,20.8,NIFTY_23450_PE_17_APR_25.csv,2025-04-16T15:29:00+05:30,112.5,2025-04-17T09:16:00+05:30,109.3,-4959.50,156.00,-4803.50,100.00,-4903.50,
2025-04-17,TRADED,,2025-04-24,2025-04-21,2025-04-17T15:15:00+05:30,23837.75,23636.06,ABOVE_SMA,23850,CE,PE,NIFTY_23850_CE_24_APR_25.csv,2025-04-17T15:29:00+05:30,191.65,2025-04-21T09:16:00+05:30,226.9,NIFTY_23850_PE_24_APR_25.csv,2025-04-17T15:29:00+05:30,193.65,2025-04-21T09:16:00+05:30,114.6,4322.50,10016.50,14339.00,100.00,14239.00,
2025-04-21,TRADED,,2025-04-24,2025-04-22,2025-04-21T15:15:00+05:30,24121.2,24112.33,ABOVE_SMA,24100,CE,PE,NIFTY_24100_CE_24_APR_25.csv,2025-04-21T15:29:00+05:30,133.3,2025-04-22T09:16:00+05:30,126.3,NIFTY_24100_PE_24_APR_25.csv,2025-04-21T15:29:00+05:30,98.9,2025-04-22T09:16:00+05:30,90.4,-1170.00,845.00,-325.00,100.00,-425.00,
2025-04-22,TRADED,,2025-04-24,2025-04-23,2025-04-22T15:15:00+05:30,24134.05,24187.02,BELOW_SMA,24150,PE,CE,NIFTY_24150_PE_24_APR_25.csv,2025-04-22T15:29:00+05:30,86.0,2025-04-23T09:16:00+05:30,36.54,NIFTY_24150_CE_24_APR_25.csv,2025-04-22T15:29:00+05:30,102.75,2025-04-23T09:16:00+05:30,170.8,-6689.80,-9106.50,-15796.30,100.00,-15896.30,
2025-04-23,TRADED,,2025-04-24,2025-04-24,2025-04-23T15:15:00+05:30,24300.85,24254.51,ABOVE_SMA,24300,CE,PE,NIFTY_24300_CE_24_APR_25.csv,2025-04-23T15:29:00+05:30,64.34,2025-04-24T09:16:00+05:30,30.75,NIFTY_24300_PE_24_APR_25.csv,2025-04-23T15:29:00+05:30,59.6,2025-04-24T09:16:00+05:30,60.6,-4626.70,-390.00,-5016.70,100.00,-5116.70,
2025-04-24,TRADED,,2025-04-30,2025-04-25,2025-04-24T15:15:00+05:30,24245.05,24260.66,BELOW_SMA,24250,PE,CE,NIFTY_24250_PE_30_APR_25.csv,2025-04-24T15:29:00+05:30,184.5,2025-04-25T09:16:00+05:30,132.0,NIFTY_24250_CE_30_APR_25.csv,2025-04-24T15:29:00+05:30,205.35,2025-04-25T09:16:00+05:30,250.15,-7085.00,-6084.00,-13169.00,100.00,-13269.00,
2025-04-25,TRADED,,2025-04-30,2025-04-28,2025-04-25T15:15:00+05:30,23991.65,24025.77,BELOW_SMA,24000,PE,CE,NIFTY_24000_PE_30_APR_25.csv,2025-04-25T15:29:00+05:30,165.85,2025-04-28T09:16:00+05:30,94.05,NIFTY_24000_CE_30_APR_25.csv,2025-04-25T15:29:00+05:30,171.4,2025-04-28T09:16:00+05:30,217.8,-9594.00,-6292.00,-15886.00,100.00,-15986.00,
2025-04-28,TRADED,,2025-04-30,2025-04-29,2025-04-28T15:15:00+05:30,24312.9,24285.76,ABOVE_SMA,24300,CE,PE,NIFTY_24300_CE_30_APR_25.csv,2025-04-28T15:29:00+05:30,127.85,2025-04-29T09:16:00+05:30,163.15,NIFTY_24300_PE_30_APR_25.csv,2025-04-28T15:29:00+05:30,81.09,2025-04-29T09:16:00+05:30,41.35,4329.00,4906.20,9235.20,100.00,9135.20,
2025-04-29,TRADED,,2025-04-30,2025-04-30,2025-04-29T15:15:00+05:30,24325.45,24345.77,BELOW_SMA,24350,PE,CE,NIFTY_24350_PE_30_APR_25.csv,2025-04-29T15:29:00+05:30,70.75,2025-04-30T09:16:00+05:30,95.35,NIFTY_24350_CE_30_APR_25.csv,2025-04-29T15:29:00+05:30,39.15,2025-04-30T09:16:00+05:30,16.5,2938.00,2684.50,5622.50,100.00,5522.50,
2025-04-30,TRADED,,2025-05-08,2025-05-02,2025-04-30T15:15:00+05:30,24246.25,24338.16,BELOW_SMA,24250,PE,CE,NIFTY_24250_PE_08_MAY_25.csv,2025-04-30T15:29:00+05:30,218.85,2025-05-02T09:16:00+05:30,134.4,NIFTY_24250_CE_08_MAY_25.csv,2025-04-30T15:29:00+05:30,274.2,2025-05-02T09:16:00+05:30,336.8,-11238.50,-8398.00,-19636.50,100.00,-19736.50,
2025-05-02,TRADED,,2025-05-08,2025-05-05,2025-05-02T15:15:00+05:30,24313.65,24389.81,BELOW_SMA,24300,PE,CE,NIFTY_24300_PE_08_MAY_25.csv,2025-05-02T15:29:00+05:30,160.55,2025-05-05T09:16:00+05:30,87.4,NIFTY_24300_CE_08_MAY_25.csv,2025-05-02T15:29:00+05:30,168.8,2025-05-05T09:16:00+05:30,225.15,-9769.50,-7585.50,-17355.00,100.00,-17455.00,
2025-05-05,TRADED,,2025-05-08,2025-05-06,2025-05-05T15:15:00+05:30,24459.5,24467.32,BELOW_SMA,24450,PE,CE,NIFTY_24450_PE_08_MAY_25.csv,2025-05-05T15:29:00+05:30,89.55,2025-05-06T09:16:00+05:30,88.5,NIFTY_24450_CE_08_MAY_25.csv,2025-05-05T15:29:00+05:30,109.05,2025-05-06T09:16:00+05:30,101.45,-396.50,728.00,331.50,100.00,231.50,
2025-05-06,TRADED,,2025-05-08,2025-05-07,2025-05-06T15:15:00+05:30,24335.9,24388.45,BELOW_SMA,24350,PE,CE,NIFTY_24350_PE_08_MAY_25.csv,2025-05-06T15:29:00+05:30,86.0,2025-05-07T09:16:00+05:30,94.35,NIFTY_24350_CE_08_MAY_25.csv,2025-05-06T15:29:00+05:30,73.9,2025-05-07T09:16:00+05:30,88.95,825.50,-2216.50,-1391.00,100.00,-1491.00,
2025-05-07,TRADED,,2025-05-08,2025-05-08,2025-05-07T15:15:00+05:30,24409.3,24378.63,ABOVE_SMA,24400,CE,PE,NIFTY_24400_CE_08_MAY_25.csv,2025-05-07T15:29:00+05:30,43.75,2025-05-08T09:16:00+05:30,41.8,NIFTY_24400_PE_08_MAY_25.csv,2025-05-07T15:29:00+05:30,66.34,2025-05-08T09:16:00+05:30,29.25,-513.50,4561.70,4048.20,100.00,3948.20,
2025-05-08,TRADED,,2025-05-15,2025-05-09,2025-05-08T15:15:00+05:30,24154.1,24365.21,BELOW_SMA,24150,PE,CE,NIFTY_24150_PE_15_MAY_25.csv,2025-05-08T15:29:00+05:30,283.64,2025-05-09T09:16:00+05:30,300.85,NIFTY_24150_CE_15_MAY_25.csv,2025-05-08T15:29:00+05:30,272.45,2025-05-09T09:16:00+05:30,248.35,1977.30,2873.00,4850.30,100.00,4750.30,
2025-05-09,TRADED,,2025-05-15,2025-05-12,2025-05-09T15:15:00+05:30,24038.65,24023.40,ABOVE_SMA,24050,CE,PE,NIFTY_24050_CE_15_MAY_25.csv,2025-05-09T15:29:00+05:30,209.65,2025-05-12T09:16:00+05:30,497.05,NIFTY_24050_PE_15_MAY_25.csv,2025-05-09T15:29:00+05:30,246.1,2025-05-12T09:16:00+05:30,22.9,37102.00,28756.00,65858.00,100.00,65758.00,
2025-05-12,TRADED,,2025-05-15,2025-05-13,2025-05-12T15:15:00+05:30,24920.25,24769.59,ABOVE_SMA,24900,CE,PE,NIFTY_24900_CE_15_MAY_25.csv,2025-05-12T15:29:00+05:30,235.45,2025-05-13T09:16:00+05:30,218.4,NIFTY_24900_PE_15_MAY_25.csv,2025-05-12T15:29:00+05:30,176.3,2025-05-13T09:16:00+05:30,161.5,-2476.50,1664.00,-812.50,100.00,-912.50,
2025-05-13,TRADED,,2025-05-15,2025-05-14,2025-05-13T15:15:00+05:30,24593.65,24671.45,BELOW_SMA,24600,PE,CE,NIFTY_24600_PE_15_MAY_25.csv,2025-05-13T15:29:00+05:30,161.4,2025-05-14T09:16:00+05:30,135.15,NIFTY_24600_CE_15_MAY_25.csv,2025-05-13T15:29:00+05:30,128.94,2025-05-14T09:16:00+05:30,115.0,-3672.50,1552.20,-2120.30,100.00,-2220.30,
2025-05-14,TRADED,,2025-05-15,2025-05-15,2025-05-14T15:15:00+05:30,24685.75,24671.97,ABOVE_SMA,24700,CE,PE,NIFTY_24700_CE_15_MAY_25.csv,2025-05-14T15:29:00+05:30,70.84,2025-05-15T09:16:00+05:30,42.6,NIFTY_24700_PE_15_MAY_25.csv,2025-05-14T15:29:00+05:30,111.65,2025-05-15T09:16:00+05:30,104.25,-3931.20,702.00,-3229.20,100.00,-3329.20,
2025-05-15,TRADED,,2025-05-22,2025-05-16,2025-05-15T15:15:00+05:30,25035.3,24792.60,ABOVE_SMA,25050,CE,PE,NIFTY_25050_CE_22_MAY_25.csv,2025-05-15T15:29:00+05:30,190.4,2025-05-16T09:16:00+05:30,189.5,NIFTY_25050_PE_22_MAY_25.csv,2025-05-15T15:29:00+05:30,199.0,2025-05-16T09:16:00+05:30,205.65,-377.00,-1124.50,-1501.50,100.00,-1601.50,
2025-05-16,TRADED,,2025-05-22,2025-05-19,2025-05-16T15:15:00+05:30,25013.1,25001.58,ABOVE_SMA,25000,CE,PE,NIFTY_25000_CE_22_MAY_25.csv,2025-05-16T15:29:00+05:30,195.0,2025-05-19T09:16:00+05:30,163.35,NIFTY_25000_PE_22_MAY_25.csv,2025-05-16T15:29:00+05:30,164.1,2025-05-19T09:16:00+05:30,179.5,-4374.50,-2262.00,-6636.50,100.00,-6736.50,
2025-05-19,TRADED,,2025-05-22,2025-05-20,2025-05-19T15:15:00+05:30,24935.35,24991.10,BELOW_SMA,24950,PE,CE,NIFTY_24950_PE_22_MAY_25.csv,2025-05-19T15:29:00+05:30,163.6,2025-05-20T09:16:00+05:30,114.35,NIFTY_24950_CE_22_MAY_25.csv,2025-05-19T15:29:00+05:30,142.5,2025-05-20T09:16:00+05:30,162.3,-6662.50,-2834.00,-9496.50,100.00,-9596.50,
2025-05-20,TRADED,,2025-05-22,2025-05-21,2025-05-20T15:15:00+05:30,24713.85,24824.80,BELOW_SMA,24700,PE,CE,NIFTY_24700_PE_22_MAY_25.csv,2025-05-20T15:29:00+05:30,95.8,2025-05-21T09:16:00+05:30,85.05,NIFTY_24700_CE_22_MAY_25.csv,2025-05-20T15:29:00+05:30,135.44,2025-05-21T09:16:00+05:30,130.9,-1657.50,330.20,-1327.30,100.00,-1427.30,
2025-05-21,TRADED,,2025-05-22,2025-05-22,2025-05-21T15:15:00+05:30,24800.95,24814.12,BELOW_SMA,24800,PE,CE,NIFTY_24800_PE_22_MAY_25.csv,2025-05-21T15:29:00+05:30,123.75,2025-05-22T09:16:00+05:30,173.95,NIFTY_24800_CE_22_MAY_25.csv,2025-05-21T15:29:00+05:30,96.8,2025-05-22T09:16:00+05:30,56.0,6266.00,5044.00,11310.00,100.00,11210.00,
2025-05-22,TRADED,,2025-05-29,2025-05-23,2025-05-22T15:15:00+05:30,24637.0,24573.45,ABOVE_SMA,24650,CE,PE,NIFTY_24650_CE_29_MAY_25.csv,2025-05-22T15:29:00+05:30,210.95,2025-05-23T09:16:00+05:30,203.75,NIFTY_24650_PE_29_MAY_25.csv,2025-05-22T15:29:00+05:30,191.0,2025-05-23T09:16:00+05:30,188.0,-1196.00,130.00,-1066.00,100.00,-1166.00,
2025-05-23,TRADED,,2025-05-29,2025-05-26,2025-05-23T15:15:00+05:30,24845.15,24844.74,ABOVE_SMA,24850,CE,PE,NIFTY_24850_CE_29_MAY_25.csv,2025-05-23T15:29:00+05:30,219.8,2025-05-26T09:16:00+05:30,297.64,NIFTY_24850_PE_29_MAY_25.csv,2025-05-23T15:29:00+05:30,190.15,2025-05-26T09:16:00+05:30,129.0,9859.20,7689.50,17548.70,100.00,17448.70,
2025-05-26,TRADED,,2025-05-29,2025-05-27,2025-05-26T15:15:00+05:30,24996.35,24995.95,ABOVE_SMA,25000,CE,PE,NIFTY_25000_CE_29_MAY_25.csv,2025-05-26T15:29:00+05:30,223.0,2025-05-27T09:16:00+05:30,189.85,NIFTY_25000_PE_29_MAY_25.csv,2025-05-26T15:29:00+05:30,188.7,2025-05-27T09:16:00+05:30,234.3,-4569.50,-6188.00,-10757.50,100.00,-10857.50,
2025-05-27,TRADED,,2025-05-29,2025-05-28,2025-05-27T15:15:00+05:30,24837.7,24831.57,ABOVE_SMA,24850,CE,PE,NIFTY_24850_CE_29_MAY_25.csv,2025-05-27T15:29:00+05:30,189.2,2025-05-28T09:16:00+05:30,190.0,NIFTY_24850_PE_29_MAY_25.csv,2025-05-27T15:29:00+05:30,175.65,2025-05-28T09:16:00+05:30,205.0,-156.00,-4075.50,-4231.50,100.00,-4331.50,
2025-05-28,TRADED,,2025-05-29,2025-05-29,2025-05-28T15:15:00+05:30,24757.15,24773.97,BELOW_SMA,24750,PE,CE,NIFTY_24750_PE_29_MAY_25.csv,2025-05-28T15:29:00+05:30,104.4,2025-05-29T09:16:00+05:30,29.8,NIFTY_24750_CE_29_MAY_25.csv,2025-05-28T15:29:00+05:30,110.0,2025-05-29T09:16:00+05:30,177.8,-9958.00,-9074.00,-19032.00,100.00,-19132.00,
2025-05-29,TRADED,,2025-06-05,2025-05-30,2025-05-29T15:15:00+05:30,24880.85,24763.44,ABOVE_SMA,24900,CE,PE,NIFTY_24900_CE_05_JUN_25.csv,2025-05-29T15:29:00+05:30,195.4,2025-05-30T09:16:00+05:30,172.15,NIFTY_24900_PE_05_JUN_25.csv,2025-05-29T15:29:00+05:30,211.15,2025-05-30T09:16:00+05:30,232.15,-3282.50,-2990.00,-6272.50,100.00,-6372.50,
2025-05-30,TRADED,,2025-06-05,2025-06-02,2025-05-30T15:15:00+05:30,24736.65,24766.73,BELOW_SMA,24750,PE,CE,NIFTY_24750_PE_05_JUN_25.csv,2025-05-30T15:29:00+05:30,189.8,2025-06-02T09:16:00+05:30,298.75,NIFTY_24750_CE_05_JUN_25.csv,2025-05-30T15:29:00+05:30,222.8,2025-06-02T09:16:00+05:30,151.35,13903.50,9028.50,22932.00,100.00,22832.00,
2025-06-02,TRADED,,2025-06-05,2025-06-03,2025-06-02T15:15:00+05:30,24690.35,24658.64,ABOVE_SMA,24700,CE,PE,NIFTY_24700_CE_05_JUN_25.csv,2025-06-02T15:29:00+05:30,224.8,2025-06-03T09:16:00+05:30,270.05,NIFTY_24700_PE_05_JUN_25.csv,2025-06-02T15:29:00+05:30,213.35,2025-06-03T09:16:00+05:30,148.4,5622.50,8183.50,13806.00,100.00,13706.00,
2025-06-03,TRADED,,2025-06-05,2025-06-04,2025-06-03T15:15:00+05:30,24538.4,24598.05,BELOW_SMA,24550,PE,CE,NIFTY_24550_PE_05_JUN_25.csv,2025-06-03T15:29:00+05:30,132.0,2025-06-04T09:16:00+05:30,108.9,NIFTY_24550_CE_05_JUN_25.csv,2025-06-03T15:29:00+05:30,140.75,2025-06-04T09:16:00+05:30,157.1,-3263.00,-2385.50,-5648.50,100.00,-5748.50,
2025-06-04,TRADED,,2025-06-05,2025-06-05,2025-06-04T15:15:00+05:30,24612.0,24598.13,ABOVE_SMA,24600,CE,PE,NIFTY_24600_CE_05_JUN_25.csv,2025-06-04T15:29:00+05:30,83.9,2025-06-05T09:16:00+05:30,78.7,NIFTY_24600_PE_05_JUN_25.csv,2025-06-04T15:29:00+05:30,72.75,2025-06-05T09:16:00+05:30,32.4,-936.00,4985.50,4049.50,100.00,3949.50,
2025-06-05,TRADED,,2025-06-12,2025-06-06,2025-06-05T15:15:00+05:30,24761.1,24750.84,ABOVE_SMA,24750,CE,PE,NIFTY_24750_CE_12_JUN_25.csv,2025-06-05T15:29:00+05:30,213.0,2025-06-06T09:16:00+05:30,188.1,NIFTY_24750_PE_12_JUN_25.csv,2025-06-05T15:29:00+05:30,161.95,2025-06-06T09:16:00+05:30,182.25,-3497.00,-2899.00,-6396.00,100.00,-6496.00,
2025-06-06,TRADED,,2025-06-12,2025-06-09,2025-06-06T15:15:00+05:30,25000.3,24936.37,ABOVE_SMA,25000,CE,PE,NIFTY_25000_CE_12_JUN_25.csv,2025-06-06T15:29:00+05:30,178.0,2025-06-09T09:16:00+05:30,223.75,NIFTY_25000_PE_12_JUN_25.csv,2025-06-06T15:29:00+05:30,154.9,2025-06-09T09:16:00+05:30,108.4,5687.50,5785.00,11472.50,100.00,11372.50,
2025-06-09,TRADED,,2025-06-12,2025-06-10,2025-06-09T15:15:00+05:30,25103.1,25110.09,BELOW_SMA,25100,PE,CE,NIFTY_25100_PE_12_JUN_25.csv,2025-06-09T15:29:00+05:30,129.9,2025-06-10T09:16:00+05:30,101.65,NIFTY_25100_CE_12_JUN_25.csv,2025-06-09T15:29:00+05:30,138.3,2025-06-10T09:16:00+05:30,149.4,-3932.50,-1703.00,-5635.50,100.00,-5735.50,
2025-06-10,TRADED,,2025-06-12,2025-06-11,2025-06-10T15:15:00+05:30,25091.5,25124.96,BELOW_SMA,25100,PE,CE,NIFTY_25100_PE_12_JUN_25.csv,2025-06-10T15:29:00+05:30,98.55,2025-06-11T09:16:00+05:30,84.25,NIFTY_25100_CE_12_JUN_25.csv,2025-06-10T15:29:00+05:30,78.95,2025-06-11T09:16:00+05:30,72.2,-2119.00,617.50,-1501.50,100.00,-1601.50,
2025-06-11,TRADED,,2025-06-12,2025-06-12,2025-06-11T15:15:00+05:30,25126.8,25165.44,BELOW_SMA,25150,PE,CE,NIFTY_25150_PE_12_JUN_25.csv,2025-06-11T15:29:00+05:30,89.6,2025-06-12T09:16:00+05:30,78.5,NIFTY_25150_CE_12_JUN_25.csv,2025-06-11T15:29:00+05:30,58.5,2025-06-12T09:16:00+05:30,44.95,-1703.00,1501.50,-201.50,100.00,-301.50,
2025-06-12,TRADED,,2025-06-19,2025-06-13,2025-06-12T15:15:00+05:30,24856.0,25004.30,BELOW_SMA,24850,PE,CE,NIFTY_24850_PE_19_JUN_25.csv,2025-06-12T15:29:00+05:30,168.65,2025-06-13T09:16:00+05:30,378.4,NIFTY_24850_CE_19_JUN_25.csv,2025-06-12T15:29:00+05:30,191.3,2025-06-13T09:16:00+05:30,92.55,27007.50,12577.50,39585.00,100.00,39485.00,
2025-06-13,TRADED,,2025-06-19,2025-06-16,2025-06-13T15:15:00+05:30,24735.55,24683.42,ABOVE_SMA,24750,CE,PE,NIFTY_24750_CE_19_JUN_25.csv,2025-06-13T15:29:00+05:30,155.15,2025-06-16T09:16:00+05:30,160.2,NIFTY_24750_PE_19_JUN_25.csv,2025-06-13T15:29:00+05:30,200.65,2025-06-16T09:16:00+05:30,141.1,396.50,7481.50,7878.00,100.00,7778.00,
2025-06-16,TRADED,,2025-06-19,2025-06-17,2025-06-16T15:15:00+05:30,24940.95,24892.89,ABOVE_SMA,24950,CE,PE,NIFTY_24950_CE_19_JUN_25.csv,2025-06-16T15:29:00+05:30,140.2,2025-06-17T09:16:00+05:30,112.85,NIFTY_24950_PE_19_JUN_25.csv,2025-06-16T15:29:00+05:30,130.7,2025-06-17T09:16:00+05:30,137.95,-3815.50,-1202.50,-5018.00,100.00,-5118.00,
2025-06-17,TRADED,,2025-06-19,2025-06-18,2025-06-17T15:15:00+05:30,24841.5,24862.50,BELOW_SMA,24850,PE,CE,NIFTY_24850_PE_19_JUN_25.csv,2025-06-17T15:29:00+05:30,117.95,2025-06-18T09:16:00+05:30,120.95,NIFTY_24850_CE_19_JUN_25.csv,2025-06-17T15:29:00+05:30,98.8,2025-06-18T09:16:00+05:30,71.55,130.00,3282.50,3412.50,100.00,3312.50,
2025-06-18,TRADED,,2025-06-19,2025-06-19,2025-06-18T15:15:00+05:30,24798.75,24823.27,BELOW_SMA,24800,PE,CE,NIFTY_24800_PE_19_JUN_25.csv,2025-06-18T15:29:00+05:30,83.95,2025-06-19T09:16:00+05:30,70.25,NIFTY_24800_CE_19_JUN_25.csv,2025-06-18T15:29:00+05:30,74.75,2025-06-19T09:16:00+05:30,42.35,-2041.00,3952.00,1911.00,100.00,1811.00,
2025-06-19,TRADED,,2025-06-26,2025-06-20,2025-06-19T15:15:00+05:30,24744.7,24807.67,BELOW_SMA,24750,PE,CE,NIFTY_24750_PE_26_JUN_25.csv,2025-06-19T15:29:00+05:30,179.9,2025-06-20T09:16:00+05:30,117.0,NIFTY_24750_CE_26_JUN_25.csv,2025-06-19T15:29:00+05:30,205.5,2025-06-20T09:16:00+05:30,251.4,-8437.00,-6227.00,-14664.00,100.00,-14764.00,
2025-06-20,TRADED,,2025-06-26,2025-06-23,2025-06-20T15:15:00+05:30,25079.75,25007.03,ABOVE_SMA,25100,CE,PE,NIFTY_25100_CE_26_JUN_25.csv,2025-06-20T15:29:00+05:30,154.45,2025-06-23T09:16:00+05:30,92.75,NIFTY_25100_PE_26_JUN_25.csv,2025-06-20T15:29:00+05:30,157.7,2025-06-23T09:16:00+05:30,206.95,-8281.00,-6662.50,-14943.50,100.00,-15043.50,
2025-06-23,TRADED,,2025-06-26,2025-06-24,2025-06-23T15:15:00+05:30,24958.9,24950.38,ABOVE_SMA,24950,CE,PE,NIFTY_24950_CE_26_JUN_25.csv,2025-06-23T15:29:00+05:30,152.65,2025-06-24T09:16:00+05:30,326.8,NIFTY_24950_PE_26_JUN_25.csv,2025-06-23T15:29:00+05:30,117.8,2025-06-24T09:16:00+05:30,33.55,22379.50,10692.50,33072.00,100.00,32972.00,
2025-06-24,TRADED,,2025-06-26,2025-06-25,2025-06-24T15:15:00+05:30,25071.55,25173.15,BELOW_SMA,25050,PE,CE,NIFTY_25050_PE_26_JUN_25.csv,2025-06-24T15:29:00+05:30,85.75,2025-06-25T09:16:00+05:30,51.3,NIFTY_25050_CE_26_JUN_25.csv,2025-06-24T15:29:00+05:30,126.45,2025-06-25T09:16:00+05:30,150.4,-4738.50,-3373.50,-8112.00,100.00,-8212.00,
2025-06-25,TRADED,,2025-06-26,2025-06-26,2025-06-25T15:15:00+05:30,25236.35,25217.90,ABOVE_SMA,25250,CE,PE,NIFTY_25250_CE_26_JUN_25.csv,2025-06-25T15:29:00+05:30,63.9,2025-06-26T09:16:00+05:30,77.45,NIFTY_25250_PE_26_JUN_25.csv,2025-06-25T15:29:00+05:30,64.35,2025-06-26T09:16:00+05:30,35.05,1501.50,3549.00,5050.50,100.00,4950.50,
2025-06-26,TRADED,,2025-07-03,2025-06-27,2025-06-26T15:15:00+05:30,25530.4,25411.44,ABOVE_SMA,25550,CE,PE,NIFTY_25550_CE_03_JUL_25.csv,2025-06-26T15:29:00+05:30,158.3,2025-06-27T09:16:00+05:30,214.55,NIFTY_25550_PE_03_JUL_25.csv,2025-06-26T15:29:00+05:30,178.8,2025-06-27T09:16:00+05:30,127.35,7052.50,6428.50,13481.00,100.00,13381.00,
2025-06-27,TRADED,,2025-07-03,2025-06-30,2025-06-27T15:15:00+05:30,25632.45,25605.94,ABOVE_SMA,25650,CE,PE,NIFTY_25650_CE_03_JUL_25.csv,2025-06-27T15:29:00+05:30,141.3,2025-06-30T09:16:00+05:30,135.6,NIFTY_25650_PE_03_JUL_25.csv,2025-06-27T15:29:00+05:30,132.0,2025-06-30T09:16:00+05:30,123.75,-1001.00,812.50,-188.50,100.00,-288.50,
2025-06-30,TRADED,,2025-07-03,2025-07-01,2025-06-30T15:15:00+05:30,25507.45,25540.81,BELOW_SMA,25500,PE,CE,NIFTY_25500_PE_03_JUL_25.csv,2025-06-30T15:29:00+05:30,107.85,2025-07-01T09:16:00+05:30,113.55,NIFTY_25500_CE_03_JUL_25.csv,2025-06-30T15:29:00+05:30,142.4,2025-07-01T09:16:00+05:30,130.55,481.00,1280.50,1761.50,100.00,1661.50,
2025-07-01,TRADED,,2025-07-03,2025-07-02,2025-07-01T15:15:00+05:30,25533.0,25537.07,BELOW_SMA,25550,PE,CE,NIFTY_25550_PE_03_JUL_25.csv,2025-07-01T15:29:00+05:30,84.95,2025-07-02T09:16:00+05:30,65.0,NIFTY_25550_CE_03_JUL_25.csv,2025-07-01T15:29:00+05:30,93.9,2025-07-02T09:16:00+05:30,101.05,-2853.50,-1189.50,-4043.00,100.00,-4143.00,
2025-07-02,TRADED,,2025-07-03,2025-07-03,2025-07-02T15:15:00+05:30,25442.85,25472.09,BELOW_SMA,25450,PE,CE,NIFTY_25450_PE_03_JUL_25.csv,2025-07-02T15:29:00+05:30,63.65,2025-07-03T09:16:00+05:30,44.6,NIFTY_25450_CE_03_JUL_25.csv,2025-07-02T15:29:00+05:30,65.35,2025-07-03T09:16:00+05:30,68.65,-2736.50,-689.00,-3425.50,100.00,-3525.50,
2025-07-03,TRADED,,2025-07-10,2025-07-04,2025-07-03T15:15:00+05:30,25397.4,25498.29,BELOW_SMA,25400,PE,CE,NIFTY_25400_PE_10_JUL_25.csv,2025-07-03T15:29:00+05:30,138.55,2025-07-04T09:16:00+05:30,136.15,NIFTY_25400_CE_10_JUL_25.csv,2025-07-03T15:29:00+05:30,175.0,2025-07-04T09:16:00+05:30,179.45,-572.00,-838.50,-1410.50,100.00,-1510.50,
2025-07-04,TRADED,,2025-07-10,2025-07-07,2025-07-04T15:15:00+05:30,25467.8,25397.62,ABOVE_SMA,25450,CE,PE,NIFTY_25450_CE_10_JUL_25.csv,2025-07-04T15:29:00+05:30,147.75,2025-07-07T09:16:00+05:30,110.95,NIFTY_25450_PE_10_JUL_25.csv,2025-07-04T15:29:00+05:30,124.5,2025-07-07T09:16:00+05:30,140.9,-5044.00,-2392.00,-7436.00,100.00,-7536.00,
2025-07-07,TRADED,,2025-07-10,2025-07-08,2025-07-07T15:15:00+05:30,25454.95,25447.43,ABOVE_SMA,25450,CE,PE,NIFTY_25450_CE_10_JUL_25.csv,2025-07-07T15:29:00+05:30,125.8,2025-07-08T09:16:00+05:30,111.6,NIFTY_25450_PE_10_JUL_25.csv,2025-07-07T15:29:00+05:30,107.4,2025-07-08T09:16:00+05:30,107.1,-2106.00,-221.00,-2327.00,100.00,-2427.00,
2025-07-08,TRADED,,2025-07-10,2025-07-09,2025-07-08T15:15:00+05:30,25523.1,25465.27,ABOVE_SMA,25500,CE,PE,NIFTY_25500_CE_10_JUL_25.csv,2025-07-08T15:29:00+05:30,114.55,2025-07-09T09:16:00+05:30,87.65,NIFTY_25500_PE_10_JUL_25.csv,2025-07-08T15:29:00+05:30,64.4,2025-07-09T09:16:00+05:30,65.65,-3757.00,-422.50,-4179.50,100.00,-4279.50,
2025-07-09,TRADED,,2025-07-10,2025-07-10,2025-07-09T15:15:00+05:30,25464.65,25514.59,BELOW_SMA,25450,PE,CE,NIFTY_25450_PE_10_JUL_25.csv,2025-07-09T15:29:00+05:30,43.25,2025-07-10T09:16:00+05:30,33.65,NIFTY_25450_CE_10_JUL_25.csv,2025-07-09T15:29:00+05:30,84.55,2025-07-10T09:16:00+05:30,71.85,-1508.00,1391.00,-117.00,100.00,-217.00,
2025-07-10,TRADED,,2025-07-17,2025-07-11,2025-07-10T15:15:00+05:30,25348.15,25393.26,BELOW_SMA,25350,PE,CE,NIFTY_25350_PE_17_JUL_25.csv,2025-07-10T15:29:00+05:30,122.0,2025-07-11T09:16:00+05:30,165.45,NIFTY_25350_CE_17_JUL_25.csv,2025-07-10T15:29:00+05:30,154.0,2025-07-11T09:16:00+05:30,101.35,5388.50,6584.50,11973.00,100.00,11873.00,
2025-07-11,TRADED,,2025-07-17,2025-07-14,2025-07-11T15:15:00+05:30,25140.55,25188.27,BELOW_SMA,25150,PE,CE,NIFTY_25150_PE_17_JUL_25.csv,2025-07-11T15:29:00+05:30,109.15,2025-07-14T09:16:00+05:30,123.75,NIFTY_25150_CE_17_JUL_25.csv,2025-07-11T15:29:00+05:30,137.6,2025-07-14T09:16:00+05:30,106.6,1638.00,3770.00,5408.00,100.00,5308.00,
2025-07-14,TRADED,,2025-07-17,2025-07-15,2025-07-14T15:15:00+05:30,25087.1,25064.73,ABOVE_SMA,25100,CE,PE,NIFTY_25100_CE_17_JUL_25.csv,2025-07-14T15:29:00+05:30,116.05,2025-07-15T09:16:00+05:30,131.4,NIFTY_25100_PE_17_JUL_25.csv,2025-07-14T15:29:00+05:30,86.55,2025-07-15T09:16:00+05:30,64.7,1735.50,2580.50,4316.00,100.00,4216.00,
2025-07-15,TRADED,,2025-07-17,2025-07-16,2025-07-15T15:15:00+05:30,25219.65,25182.01,ABOVE_SMA,25200,CE,PE,NIFTY_25200_CE_17_JUL_25.csv,2025-07-15T15:29:00+05:30,94.3,2025-07-16T09:16:00+05:30,55.5,NIFTY_25200_PE_17_JUL_25.csv,2025-07-15T15:29:00+05:30,52.0,2025-07-16T09:16:00+05:30,73.45,-5304.00,-3048.50,-8352.50,100.00,-8452.50,
2025-07-16,TRADED,,2025-07-17,2025-07-17,2025-07-16T15:15:00+05:30,25198.55,25184.42,ABOVE_SMA,25200,CE,PE,NIFTY_25200_CE_17_JUL_25.csv,2025-07-16T15:29:00+05:30,58.75,2025-07-17T09:16:00+05:30,55.2,NIFTY_25200_PE_17_JUL_25.csv,2025-07-16T15:29:00+05:30,43.0,2025-07-17T09:16:00+05:30,30.05,-721.50,1423.50,702.00,100.00,602.00,
2025-07-17,TRADED,,2025-07-24,2025-07-18,2025-07-17T15:15:00+05:30,25109.5,25166.27,BELOW_SMA,25100,PE,CE,NIFTY_25100_PE_24_JUL_25.csv,2025-07-17T15:29:00+05:30,108.95,2025-07-18T09:16:00+05:30,106.0,NIFTY_25100_CE_24_JUL_25.csv,2025-07-17T15:29:00+05:30,158.6,2025-07-18T09:16:00+05:30,148.6,-643.50,1040.00,396.50,100.00,296.50,
2025-07-18,TRADED,,2025-07-24,2025-07-21,2025-07-18T15:15:00+05:30,24967.45,24968.53,BELOW_SMA,24950,PE,CE,NIFTY_24950_PE_24_JUL_25.csv,2025-07-18T15:29:00+05:30,97.4,2025-07-21T09:16:00+05:30,100.45,NIFTY_24950_CE_24_JUL_25.csv,2025-07-18T15:29:00+05:30,163.95,2025-07-21T09:16:00+05:30,126.15,136.50,4654.00,4790.50,100.00,4690.50,
2025-07-21,TRADED,,2025-07-24,2025-07-22,2025-07-21T15:15:00+05:30,25093.3,25035.60,ABOVE_SMA,25100,CE,PE,NIFTY_25100_CE_24_JUL_25.csv,2025-07-21T15:29:00+05:30,97.9,2025-07-22T09:16:00+05:30,122.85,NIFTY_25100_PE_24_JUL_25.csv,2025-07-21T15:29:00+05:30,82.9,2025-07-22T09:16:00+05:30,55.15,2983.50,3347.50,6331.00,100.00,6231.00,
2025-07-22,TRADED,,2025-07-24,2025-07-23,2025-07-22T15:15:00+05:30,25064.9,25086.08,BELOW_SMA,25050,PE,CE,NIFTY_25050_PE_24_JUL_25.csv,2025-07-22T15:29:00+05:30,55.15,2025-07-23T09:16:00+05:30,28.95,NIFTY_25050_CE_24_JUL_25.csv,2025-07-22T15:29:00+05:30,85.1,2025-07-23T09:16:00+05:30,113.5,-3666.00,-3952.00,-7618.00,100.00,-7718.00,
2025-07-23,TRADED,,2025-07-24,2025-07-24,2025-07-23T15:15:00+05:30,25209.2,25156.61,ABOVE_SMA,25200,CE,PE,NIFTY_25200_CE_24_JUL_25.csv,2025-07-23T15:29:00+05:30,62.35,2025-07-24T09:16:00+05:30,52.45,NIFTY_25200_PE_24_JUL_25.csv,2025-07-23T15:29:00+05:30,36.45,2025-07-24T09:16:00+05:30,29.55,-1547.00,637.00,-910.00,100.00,-1010.00,
2025-07-24,TRADED,,2025-07-31,2025-07-25,2025-07-24T15:15:00+05:30,25051.9,25103.21,BELOW_SMA,25050,PE,CE,NIFTY_25050_PE_31_JUL_25.csv,2025-07-24T15:29:00+05:30,107.6,2025-07-25T09:16:00+05:30,165.65,NIFTY_25050_CE_31_JUL_25.csv,2025-07-24T15:29:00+05:30,143.1,2025-07-25T09:16:00+05:30,87.4,7286.50,6981.00,14267.50,100.00,14167.50,
2025-07-25,TRADED,,2025-07-31,2025-07-28,2025-07-25T15:15:00+05:30,24832.2,24867.58,BELOW_SMA,24850,PE,CE,NIFTY_24850_PE_31_JUL_25.csv,2025-07-25T15:29:00+05:30,120.05,2025-07-28T09:16:00+05:30,163.75,NIFTY_24850_CE_31_JUL_25.csv,2025-07-25T15:29:00+05:30,122.25,2025-07-28T09:16:00+05:30,80.9,5421.00,5115.50,10536.50,100.00,10436.50,
2025-07-28,TRADED,,2025-07-31,2025-07-29,2025-07-28T15:15:00+05:30,24673.95,24756.14,BELOW_SMA,24650,PE,CE,NIFTY_24650_PE_31_JUL_25.csv,2025-07-28T15:29:00+05:30,78.0,2025-07-29T09:16:00+05:30,96.35,NIFTY_24650_CE_31_JUL_25.csv,2025-07-28T15:29:00+05:30,139.05,2025-07-29T09:16:00+05:30,110.4,2125.50,3464.50,5590.00,100.00,5490.00,
2025-07-29,TRADED,,2025-07-31,2025-07-30,2025-07-29T15:15:00+05:30,24830.4,24721.43,ABOVE_SMA,24850,CE,PE,NIFTY_24850_CE_31_JUL_25.csv,2025-07-29T15:29:00+05:30,75.1,2025-07-30T09:16:00+05:30,60.1,NIFTY_24850_PE_31_JUL_25.csv,2025-07-29T15:29:00+05:30,77.7,2025-07-30T09:16:00+05:30,88.2,-2210.00,-1625.00,-3835.00,100.00,-3935.00,
2025-07-30,TRADED,,2025-07-31,2025-07-31,2025-07-30T15:15:00+05:30,24844.55,24853.34,BELOW_SMA,24850,PE,CE,NIFTY_24850_PE_31_JUL_25.csv,2025-07-30T15:29:00+05:30,51.85,2025-07-31T09:16:00+05:30,179.4,NIFTY_24850_CE_31_JUL_25.csv,2025-07-30T15:29:00+05:30,65.45,2025-07-31T09:16:00+05:30,13.5,16321.50,6493.50,22815.00,100.00,22715.00,
2025-07-31,TRADED,,2025-08-07,2025-08-01,2025-07-31T15:15:00+05:30,24765.6,24804.71,BELOW_SMA,24750,PE,CE,NIFTY_24750_PE_07_AUG_25.csv,2025-07-31T15:29:00+05:30,132.45,2025-08-01T09:16:00+05:30,164.15,NIFTY_24750_CE_07_AUG_25.csv,2025-07-31T15:29:00+05:30,178.55,2025-08-01T09:16:00+05:30,133.7,3861.00,5570.50,9431.50,100.00,9331.50,
2025-08-01,TRADED,,2025-08-07,2025-08-04,2025-08-01T15:15:00+05:30,24572.15,24668.28,BELOW_SMA,24550,PE,CE,NIFTY_24550_PE_07_AUG_25.csv,2025-08-01T15:29:00+05:30,145.0,2025-08-04T09:16:00+05:30,102.9,NIFTY_24550_CE_07_AUG_25.csv,2025-08-01T15:29:00+05:30,158.8,2025-08-04T09:16:00+05:30,179.2,-5733.00,-2912.00,-8645.00,100.00,-8745.00,
2025-08-04,TRADED,,2025-08-07,2025-08-05,2025-08-04T15:15:00+05:30,24726.9,24677.03,ABOVE_SMA,24750,CE,PE,NIFTY_24750_CE_07_AUG_25.csv,2025-08-04T15:29:00+05:30,108.3,2025-08-05T09:16:00+05:30,89.9,NIFTY_24750_PE_07_AUG_25.csv,2025-08-04T15:29:00+05:30,118.75,2025-08-05T09:16:00+05:30,128.2,-2652.00,-1488.50,-4140.50,100.00,-4240.50,
2025-08-05,TRADED,,2025-08-07,2025-08-06,2025-08-05T15:15:00+05:30,24649.5,24631.21,ABOVE_SMA,24650,CE,PE,NIFTY_24650_CE_07_AUG_25.csv,2025-08-05T15:29:00+05:30,93.55,2025-08-06T09:16:00+05:30,82.2,NIFTY_24650_PE_07_AUG_25.csv,2025-08-05T15:29:00+05:30,84.35,2025-08-06T09:16:00+05:30,88.55,-1735.50,-806.00,-2541.50,100.00,-2641.50,
2025-08-06,TRADED,,2025-08-07,2025-08-07,2025-08-06T15:15:00+05:30,24569.6,24591.81,BELOW_SMA,24550,PE,CE,NIFTY_24550_PE_07_AUG_25.csv,2025-08-06T15:29:00+05:30,61.1,2025-08-07T09:16:00+05:30,80.15,NIFTY_24550_CE_07_AUG_25.csv,2025-08-06T15:29:00+05:30,88.9,2025-08-07T09:16:00+05:30,38.4,2216.50,6305.00,8521.50,100.00,8421.50,
2025-08-07,TRADED,,2025-08-14,2025-08-08,2025-08-07T15:15:00+05:30,24626.65,24457.54,ABOVE_SMA,24650,CE,PE,NIFTY_24650_CE_14_AUG_25.csv,2025-08-07T15:29:00+05:30,145.2,2025-08-08T09:16:00+05:30,105.65,NIFTY_24650_PE_14_AUG_25.csv,2025-08-07T15:29:00+05:30,124.9,2025-08-08T09:16:00+05:30,153.2,-5401.50,-3939.00,-9340.50,100.00,-9440.50,
2025-08-08,TRADED,,2025-08-14,2025-08-11,2025-08-08T15:15:00+05:30,24350.85,24433.97,BELOW_SMA,24350,PE,CE,NIFTY_24350_PE_14_AUG_25.csv,2025-08-08T15:29:00+05:30,112.95,2025-08-11T09:16:00+05:30,109.8,NIFTY_24350_CE_14_AUG_25.csv,2025-08-08T15:29:00+05:30,157.85,2025-08-11T09:16:00+05:30,140.5,-669.50,1995.50,1326.00,100.00,1226.00,
2025-08-11,TRADED,,2025-08-14,2025-08-12,2025-08-11T15:15:00+05:30,24562.15,24474.58,ABOVE_SMA,24550,CE,PE,NIFTY_24550_CE_14_AUG_25.csv,2025-08-11T15:29:00+05:30,107.5,2025-08-12T09:16:00+05:30,101.3,NIFTY_24550_PE_14_AUG_25.csv,2025-08-11T15:29:00+05:30,94.0,2025-08-12T09:16:00+05:30,90.75,-1066.00,162.50,-903.50,100.00,-1003.50,
2025-08-12,TRADED,,2025-08-14,2025-08-13,2025-08-12T15:15:00+05:30,24485.85,24576.88,BELOW_SMA,24500,PE,CE,NIFTY_24500_PE_14_AUG_25.csv,2025-08-12T15:29:00+05:30,76.0,2025-08-13T09:16:00+05:30,35.45,NIFTY_24500_CE_14_AUG_25.csv,2025-08-12T15:29:00+05:30,82.0,2025-08-13T09:16:00+05:30,134.4,-5531.50,-7072.00,-12603.50,100.00,-12703.50,
2025-08-13,TRADED,,2025-08-14,2025-08-14,2025-08-13T15:15:00+05:30,24630.4,24603.25,ABOVE_SMA,24650,CE,PE,NIFTY_24650_CE_14_AUG_25.csv,2025-08-13T15:29:00+05:30,54.3,2025-08-14T09:16:00+05:30,50.6,NIFTY_24650_PE_14_AUG_25.csv,2025-08-13T15:29:00+05:30,59.2,2025-08-14T09:16:00+05:30,57.15,-741.00,6.50,-734.50,100.00,-834.50,
2025-08-14,TRADED,,2025-08-21,2025-08-18,2025-08-14T15:15:00+05:30,24616.05,24639.56,BELOW_SMA,24600,PE,CE,NIFTY_24600_PE_21_AUG_25.csv,2025-08-14T15:29:00+05:30,119.0,2025-08-18T09:16:00+05:30,28.7,NIFTY_24600_CE_21_AUG_25.csv,2025-08-14T15:29:00+05:30,170.95,2025-08-18T09:16:00+05:30,383.45,-11999.00,-27885.00,-39884.00,100.00,-39984.00,
2025-08-18,TRADED,,2025-08-21,2025-08-19,2025-08-18T15:15:00+05:30,24884.05,24937.15,BELOW_SMA,24900,PE,CE,NIFTY_24900_PE_21_AUG_25.csv,2025-08-18T15:29:00+05:30,86.45,2025-08-19T09:16:00+05:30,92.75,NIFTY_24900_CE_21_AUG_25.csv,2025-08-18T15:29:00+05:30,127.95,2025-08-19T09:16:00+05:30,102.3,559.00,3074.50,3633.50,100.00,3533.50,
2025-08-19,TRADED,,2025-08-21,2025-08-20,2025-08-19T15:15:00+05:30,24989.7,24953.05,ABOVE_SMA,25000,CE,PE,NIFTY_25000_CE_21_AUG_25.csv,2025-08-19T15:29:00+05:30,78.0,2025-08-20T09:16:00+05:30,52.25,NIFTY_25000_PE_21_AUG_25.csv,2025-08-19T15:29:00+05:30,72.7,2025-08-20T09:16:00+05:30,97.35,-3607.50,-3464.50,-7072.00,100.00,-7172.00,
2025-08-20,TRADED,,2025-08-21,2025-08-21,2025-08-20T15:15:00+05:30,25047.15,25030.09,ABOVE_SMA,25050,CE,PE,NIFTY_25050_CE_21_AUG_25.csv,2025-08-20T15:29:00+05:30,50.9,2025-08-21T09:16:00+05:30,65.8,NIFTY_25050_PE_21_AUG_25.csv,2025-08-20T15:29:00+05:30,55.15,2025-08-21T09:16:00+05:30,31.0,1677.00,2879.50,4556.50,100.00,4456.50,
2025-08-21,TRADED,,2025-08-28,2025-08-22,2025-08-21T15:15:00+05:30,25076.95,25108.29,BELOW_SMA,25100,PE,CE,NIFTY_25100_PE_28_AUG_25.csv,2025-08-21T15:29:00+05:30,111.3,2025-08-22T09:16:00+05:30,134.4,NIFTY_25100_CE_28_AUG_25.csv,2025-08-21T15:29:00+05:30,128.4,2025-08-22T09:16:00+05:30,95.15,2743.00,4062.50,6805.50,100.00,6705.50,
2025-08-22,TRADED,,2025-08-28,2025-08-25,2025-08-22T15:15:00+05:30,24869.45,24925.55,BELOW_SMA,24850,PE,CE,NIFTY_24850_PE_28_AUG_25.csv,2025-08-22T15:29:00+05:30,93.15,2025-08-25T09:16:00+05:30,59.3,NIFTY_24850_CE_28_AUG_25.csv,2025-08-22T15:29:00+05:30,141.0,2025-08-25T09:16:00+05:30,152.95,-4660.50,-1813.50,-6474.00,100.00,-6574.00,
2025-08-25,TRADED,,2025-08-28,2025-08-26,2025-08-25T15:15:00+05:30,24978.55,24966.02,ABOVE_SMA,25000,CE,PE,NIFTY_25000_CE_28_AUG_25.csv,2025-08-25T15:29:00+05:30,75.7,2025-08-26T09:16:00+05:30,33.6,NIFTY_25000_PE_28_AUG_25.csv,2025-08-25T15:29:00+05:30,76.85,2025-08-26T09:16:00+05:30,119.6,-5733.00,-5817.50,-11550.50,100.00,-11650.50,
2025-08-26,TRADED,,2025-08-28,2025-08-28,2025-08-26T15:15:00+05:30,24710.7,24786.84,BELOW_SMA,24700,PE,CE,NIFTY_24700_PE_28_AUG_25.csv,2025-08-26T15:29:00+05:30,57.55,2025-08-28T09:16:00+05:30,125.45,NIFTY_24700_CE_28_AUG_25.csv,2025-08-26T15:29:00+05:30,86.0,2025-08-28T09:16:00+05:30,24.55,8567.00,7728.50,16295.50,100.00,16195.50,
2025-08-28,TRADED,,2025-09-02,2025-08-29,2025-08-28T15:15:00+05:30,24533.1,24580.83,BELOW_SMA,24550,PE,CE,NIFTY_24550_PE_02_SEP_25.csv,2025-08-28T15:29:00+05:30,109.95,2025-08-29T09:16:00+05:30,96.35,NIFTY_24550_CE_02_SEP_25.csv,2025-08-28T15:29:00+05:30,114.5,2025-08-29T09:16:00+05:30,129.85,-2028.00,-2255.50,-4283.50,100.00,-4383.50,
2025-08-29,TRADED,,2025-09-02,2025-09-01,2025-08-29T15:15:00+05:30,24433.65,24509.28,BELOW_SMA,24450,PE,CE,NIFTY_24450_PE_02_SEP_25.csv,2025-08-29T15:29:00+05:30,73.55,2025-09-01T09:16:00+05:30,38.0,NIFTY_24450_CE_02_SEP_25.csv,2025-08-29T15:29:00+05:30,97.65,2025-09-01T09:16:00+05:30,136.35,-4881.50,-5291.00,-10172.50,100.00,-10272.50,
2025-09-01,TRADED,,2025-09-02,2025-09-02,2025-09-01T15:15:00+05:30,24624.3,24569.60,ABOVE_SMA,24600,CE,PE,NIFTY_24600_CE_02_SEP_25.csv,2025-09-01T15:29:00+05:30,74.65,2025-09-02T09:16:00+05:30,99.35,NIFTY_24600_PE_02_SEP_25.csv,2025-09-01T15:29:00+05:30,34.0,2025-09-02T09:16:00+05:30,18.4,2951.00,1768.00,4719.00,100.00,4619.00,
2025-09-02,TRADED,,2025-09-09,2025-09-03,2025-09-02T15:15:00+05:30,24575.0,24677.96,BELOW_SMA,24600,PE,CE,NIFTY_24600_PE_09_SEP_25.csv,2025-09-02T15:29:00+05:30,128.7,2025-09-03T09:16:00+05:30,126.25,NIFTY_24600_CE_09_SEP_25.csv,2025-09-02T15:29:00+05:30,136.25,2025-09-03T09:16:00+05:30,134.3,-578.50,-6.50,-585.00,100.00,-685.00,
2025-09-03,TRADED,,2025-09-09,2025-09-04,2025-09-03T15:15:00+05:30,24713.6,24620.43,ABOVE_SMA,24700,CE,PE,NIFTY_24700_CE_09_SEP_25.csv,2025-09-03T15:29:00+05:30,130.4,2025-09-04T09:16:00+05:30,236.85,NIFTY_24700_PE_09_SEP_25.csv,2025-09-03T15:29:00+05:30,94.05,2025-09-04T09:16:00+05:30,43.65,13578.50,6292.00,19870.50,100.00,19770.50,
2025-09-04,TRADED,,2025-09-09,2025-09-05,2025-09-04T15:15:00+05:30,24739.8,24807.21,BELOW_SMA,24750,PE,CE,NIFTY_24750_PE_09_SEP_25.csv,2025-09-04T15:29:00+05:30,95.8,2025-09-05T09:16:00+05:30,55.45,NIFTY_24750_CE_09_SEP_25.csv,2025-09-04T15:29:00+05:30,102.35,2025-09-05T09:16:00+05:30,127.25,-5505.50,-3497.00,-9002.50,100.00,-9102.50,
2025-09-05,TRADED,,2025-09-09,2025-09-08,2025-09-05T15:15:00+05:30,24743.95,24709.83,ABOVE_SMA,24750,CE,PE,NIFTY_24750_CE_09_SEP_25.csv,2025-09-05T15:29:00+05:30,92.85,2025-09-08T09:16:00+05:30,108.8,NIFTY_24750_PE_09_SEP_25.csv,2025-09-05T15:29:00+05:30,70.6,2025-09-08T09:16:00+05:30,42.2,1813.50,3432.00,5245.50,100.00,5145.50,
2025-09-08,TRADED,,2025-09-09,2025-09-09,2025-09-08T15:15:00+05:30,24791.2,24825.36,BELOW_SMA,24800,PE,CE,NIFTY_24800_PE_09_SEP_25.csv,2025-09-08T15:29:00+05:30,44.65,2025-09-09T09:16:00+05:30,24.7,NIFTY_24800_CE_09_SEP_25.csv,2025-09-08T15:29:00+05:30,59.2,2025-09-09T09:16:00+05:30,88.2,-2853.50,-4030.00,-6883.50,100.00,-6983.50,
2025-09-09,TRADED,,2025-09-16,2025-09-10,2025-09-09T15:15:00+05:30,24878.8,24850.16,ABOVE_SMA,24900,CE,PE,NIFTY_24900_CE_16_SEP_25.csv,2025-09-09T15:29:00+05:30,126.7,2025-09-10T09:16:00+05:30,165.6,NIFTY_24900_PE_16_SEP_25.csv,2025-09-09T15:29:00+05:30,120.45,2025-09-10T09:16:00+05:30,85.0,4797.00,4348.50,9145.50,100.00,9045.50,
2025-09-10,TRADED,,2025-09-16,2025-09-11,2025-09-10T15:15:00+05:30,24977.55,24981.44,BELOW_SMA,25000,PE,CE,NIFTY_25000_PE_16_SEP_25.csv,2025-09-10T15:29:00+05:30,96.5,2025-09-11T09:16:00+05:30,102.45,NIFTY_25000_CE_16_SEP_25.csv,2025-09-10T15:29:00+05:30,122.0,2025-09-11T09:16:00+05:30,105.2,513.50,1924.00,2437.50,100.00,2337.50,
2025-09-11,TRADED,,2025-09-16,2025-09-12,2025-09-11T15:15:00+05:30,25008.1,24994.45,ABOVE_SMA,25000,CE,PE,NIFTY_25000_CE_16_SEP_25.csv,2025-09-11T15:29:00+05:30,121.0,2025-09-12T09:16:00+05:30,142.0,NIFTY_25000_PE_16_SEP_25.csv,2025-09-11T15:29:00+05:30,69.85,2025-09-12T09:16:00+05:30,44.4,2470.00,3048.50,5518.50,100.00,5418.50,
2025-09-12,TRADED,,2025-09-16,2025-09-15,2025-09-12T15:15:00+05:30,25107.7,25102.96,ABOVE_SMA,25100,CE,PE,NIFTY_25100_CE_16_SEP_25.csv,2025-09-12T15:29:00+05:30,92.85,2025-09-15T09:16:00+05:30,70.9,NIFTY_25100_PE_16_SEP_25.csv,2025-09-12T15:29:00+05:30,55.25,2025-09-15T09:16:00+05:30,53.05,-3113.50,26.00,-3087.50,100.00,-3187.50,
2025-09-15,TRADED,,2025-09-16,2025-09-16,2025-09-15T15:15:00+05:30,25069.7,25088.68,BELOW_SMA,25050,PE,CE,NIFTY_25050_PE_16_SEP_25.csv,2025-09-15T15:29:00+05:30,28.1,2025-09-16T09:16:00+05:30,23.15,NIFTY_25050_CE_16_SEP_25.csv,2025-09-15T15:29:00+05:30,77.25,2025-09-16T09:16:00+05:30,67.2,-903.50,1046.50,143.00,100.00,43.00,
2025-09-16,TRADED,,2025-09-23,2025-09-17,2025-09-16T15:15:00+05:30,25254.45,25179.79,ABOVE_SMA,25250,CE,PE,NIFTY_25250_CE_23_SEP_25.csv,2025-09-16T15:29:00+05:30,160.0,2025-09-17T09:16:00+05:30,179.7,NIFTY_25250_PE_23_SEP_25.csv,2025-09-16T15:29:00+05:30,95.3,2025-09-17T09:16:00+05:30,70.85,2301.00,2918.50,5219.50,100.00,5119.50,
2025-09-17,TRADED,,2025-09-23,2025-09-18,2025-09-17T15:15:00+05:30,25330.15,25323.42,ABOVE_SMA,25350,CE,PE,NIFTY_25350_CE_23_SEP_25.csv,2025-09-17T15:29:00+05:30,126.75,2025-09-18T09:16:00+05:30,154.35,NIFTY_25350_PE_23_SEP_25.csv,2025-09-17T15:29:00+05:30,92.85,2025-09-18T09:16:00+05:30,52.2,3328.00,5024.50,8352.50,100.00,8252.50,
2025-09-18,TRADED,,2025-09-23,2025-09-19,2025-09-18T15:15:00+05:30,25420.75,25400.86,ABOVE_SMA,25400,CE,PE,NIFTY_25400_CE_23_SEP_25.csv,2025-09-18T15:29:00+05:30,122.0,2025-09-19T09:16:00+05:30,79.45,NIFTY_25400_PE_23_SEP_25.csv,2025-09-18T15:29:00+05:30,51.6,2025-09-19T09:16:00+05:30,67.0,-5791.50,-2262.00,-8053.50,100.00,-8153.50,
2025-09-19,TRADED,,2025-09-23,2025-09-22,2025-09-19T15:15:00+05:30,25352.5,25326.67,ABOVE_SMA,25350,CE,PE,NIFTY_25350_CE_23_SEP_25.csv,2025-09-19T15:29:00+05:30,82.2,2025-09-22T09:16:00+05:30,30.5,NIFTY_25350_PE_23_SEP_25.csv,2025-09-19T15:29:00+05:30,53.0,2025-09-22T09:16:00+05:30,105.5,-6981.00,-7085.00,-14066.00,100.00,-14166.00,
2025-09-22,TRADED,,2025-09-23,2025-09-23,2025-09-22T15:15:00+05:30,25200.2,25276.56,BELOW_SMA,25200,PE,CE,NIFTY_25200_PE_23_SEP_25.csv,2025-09-22T15:29:00+05:30,35.7,2025-09-23T09:16:00+05:30,24.65,NIFTY_25200_CE_23_SEP_25.csv,2025-09-22T15:29:00+05:30,69.45,2025-09-23T09:16:00+05:30,72.2,-1696.50,-617.50,-2314.00,100.00,-2414.00,
2025-09-23,TRADED,,2025-09-30,2025-09-24,2025-09-23T15:15:00+05:30,25185.8,25164.55,ABOVE_SMA,25200,CE,PE,NIFTY_25200_CE_30_SEP_25.csv,2025-09-23T15:29:00+05:30,151.0,2025-09-24T09:16:00+05:30,92.25,NIFTY_25200_PE_30_SEP_25.csv,2025-09-23T15:29:00+05:30,98.5,2025-09-24T09:16:00+05:30,140.2,-7897.50,-5681.00,-13578.50,100.00,-13678.50,
2025-09-24,TRADED,,2025-09-30,2025-09-25,2025-09-24T15:15:00+05:30,25060.9,25086.07,BELOW_SMA,25050,PE,CE,NIFTY_25050_PE_30_SEP_25.csv,2025-09-24T15:29:00+05:30,76.45,2025-09-25T09:16:00+05:30,98.8,NIFTY_25050_CE_30_SEP_25.csv,2025-09-24T15:29:00+05:30,141.2,2025-09-25T09:16:00+05:30,98.65,2645.50,5271.50,7917.00,100.00,7817.00,
2025-09-25,TRADED,,2025-09-30,2025-09-26,2025-09-25T15:15:00+05:30,24904.55,24988.58,BELOW_SMA,24900,PE,CE,NIFTY_24900_PE_30_SEP_25.csv,2025-09-25T15:29:00+05:30,67.1,2025-09-26T09:16:00+05:30,109.65,NIFTY_24900_CE_30_SEP_25.csv,2025-09-25T15:29:00+05:30,132.05,2025-09-26T09:16:00+05:30,81.65,5271.50,6292.00,11563.50,100.00,11463.50,
2025-09-26,TRADED,,2025-09-30,2025-09-29,2025-09-26T15:15:00+05:30,24673.1,24739.79,BELOW_SMA,24650,PE,CE,NIFTY_24650_PE_30_SEP_25.csv,2025-09-26T15:29:00+05:30,66.0,2025-09-29T09:16:00+05:30,33.4,NIFTY_24650_CE_30_SEP_25.csv,2025-09-26T15:29:00+05:30,112.2,2025-09-29T09:16:00+05:30,144.5,-4498.00,-4459.00,-8957.00,100.00,-9057.00,
2025-09-29,TRADED,,2025-09-30,2025-09-30,2025-09-29T15:15:00+05:30,24677.55,24701.98,BELOW_SMA,24700,PE,CE,NIFTY_24700_PE_30_SEP_25.csv,2025-09-29T15:29:00+05:30,56.05,2025-09-30T09:16:00+05:30,40.55,NIFTY_24700_CE_30_SEP_25.csv,2025-09-29T15:29:00+05:30,47.6,2025-09-30T09:16:00+05:30,60.65,-2275.00,-1956.50,-4231.50,100.00,-4331.50,
2025-09-30,TRADED,,2025-10-07,2025-10-01,2025-09-30T15:15:00+05:30,24633.6,24642.45,BELOW_SMA,24650,PE,CE,NIFTY_24650_PE_07_OCT_25.csv,2025-09-30T15:29:00+05:30,109.45,2025-10-01T09:16:00+05:30,123.95,NIFTY_24650_CE_07_OCT_25.csv,2025-09-30T15:29:00+05:30,149.7,2025-10-01T09:16:00+05:30,131.7,1625.00,2080.00,3705.00,100.00,3605.00,
2025-10-01,TRADED,,2025-10-07,2025-10-03,2025-10-01T15:15:00+05:30,24853.4,24755.01,ABOVE_SMA,24850,CE,PE,NIFTY_24850_CE_07_OCT_25.csv,2025-10-01T15:29:00+05:30,109.15,2025-10-03T09:16:00+05:30,77.0,NIFTY_24850_PE_07_OCT_25.csv,2025-10-01T15:29:00+05:30,80.7,2025-10-03T09:16:00+05:30,96.4,-4439.50,-2301.00,-6740.50,100.00,-6840.50,
2025-10-03,TRADED,,2025-10-07,2025-10-06,2025-10-03T15:15:00+05:30,24895.0,24827.37,ABOVE_SMA,24900,CE,PE,NIFTY_24900_CE_07_OCT_25.csv,2025-10-03T15:29:00+05:30,73.4,2025-10-06T09:16:00+05:30,72.75,NIFTY_24900_PE_07_OCT_25.csv,2025-10-03T15:29:00+05:30,58.25,2025-10-06T09:16:00+05:30,52.55,-344.50,481.00,136.50,100.00,36.50,
2025-10-06,TRADED,,2025-10-07,2025-10-07,2025-10-06T15:15:00+05:30,25072.55,25018.13,ABOVE_SMA,25050,CE,PE,NIFTY_25050_CE_07_OCT_25.csv,2025-10-06T15:29:00+05:30,77.85,2025-10-07T09:16:00+05:30,88.5,NIFTY_25050_PE_07_OCT_25.csv,2025-10-06T15:29:00+05:30,30.6,2025-10-07T09:16:00+05:30,19.8,1124.50,1144.00,2268.50,100.00,2168.50,
2025-10-07,TRADED,,2025-10-14,2025-10-08,2025-10-07T15:15:00+05:30,25112.8,25158.57,BELOW_SMA,25100,PE,CE,NIFTY_25100_PE_14_OCT_25.csv,2025-10-07T15:29:00+05:30,78.0,2025-10-08T09:16:00+05:30,90.8,NIFTY_25100_CE_14_OCT_25.csv,2025-10-07T15:29:00+05:30,148.85,2025-10-08T09:16:00+05:30,128.1,1404.00,2437.50,3841.50,100.00,3741.50,
2025-10-08,TRADED,,2025-10-14,2025-10-09,2025-10-08T15:15:00+05:30,25023.8,25085.89,BELOW_SMA,25000,PE,CE,NIFTY_25000_PE_14_OCT_25.csv,2025-10-08T15:29:00+05:30,75.2,2025-10-09T09:16:00+05:30,60.35,NIFTY_25000_CE_14_OCT_25.csv,2025-10-08T15:29:00+05:30,134.9,2025-10-09T09:16:00+05:30,156.1,-2190.50,-3016.00,-5206.50,100.00,-5306.50,
2025-10-09,TRADED,,2025-10-14,2025-10-10,2025-10-09T15:15:00+05:30,25170.3,25129.69,ABOVE_SMA,25150,CE,PE,NIFTY_25150_CE_14_OCT_25.csv,2025-10-09T15:29:00+05:30,119.2,2025-10-10T09:16:00+05:30,126.8,NIFTY_25150_PE_14_OCT_25.csv,2025-10-09T15:29:00+05:30,58.05,2025-10-10T09:16:00+05:30,53.85,728.00,286.00,1014.00,100.00,914.00,
2025-10-10,TRADED,,2025-10-14,2025-10-13,2025-10-10T15:15:00+05:30,25278.2,25288.78,BELOW_SMA,25300,PE,CE,NIFTY_25300_PE_14_OCT_25.csv,2025-10-10T15:29:00+05:30,52.4,2025-10-13T09:16:00+05:30,105.05,NIFTY_25300_CE_14_OCT_25.csv,2025-10-10T15:29:00+05:30,96.5,2025-10-13T09:16:00+05:30,46.65,6584.50,6220.50,12805.00,100.00,12705.00,
2025-10-13,TRADED,,2025-10-14,2025-10-14,2025-10-13T15:15:00+05:30,25237.15,25206.24,ABOVE_SMA,25250,CE,PE,NIFTY_25250_CE_14_OCT_25.csv,2025-10-13T15:29:00+05:30,57.65,2025-10-14T09:16:00+05:30,80.25,NIFTY_25250_PE_14_OCT_25.csv,2025-10-13T15:29:00+05:30,53.95,2025-10-14T09:16:00+05:30,31.8,2678.00,2619.50,5297.50,100.00,5197.50,
2025-10-14,TRADED,,2025-10-20,2025-10-15,2025-10-14T15:15:00+05:30,25123.35,25155.02,BELOW_SMA,25100,PE,CE,NIFTY_25100_PE_20_OCT_25.csv,2025-10-14T15:29:00+05:30,113.6,2025-10-15T09:16:00+05:30,51.2,NIFTY_25100_CE_20_OCT_25.csv,2025-10-14T15:29:00+05:30,170.0,2025-10-15T09:16:00+05:30,245.35,-8372.00,-10055.50,-18427.50,100.00,-18527.50,
2025-10-15,TRADED,,2025-10-20,2025-10-16,2025-10-15T15:15:00+05:30,25327.75,25304.76,ABOVE_SMA,25350,CE,PE,NIFTY_25350_CE_20_OCT_25.csv,2025-10-15T15:29:00+05:30,129.1,2025-10-16T09:16:00+05:30,174.55,NIFTY_25350_PE_20_OCT_25.csv,2025-10-15T15:29:00+05:30,84.4,2025-10-16T09:16:00+05:30,52.9,5648.50,3835.00,9483.50,100.00,9383.50,
2025-10-16,TRADED,,2025-10-20,2025-10-17,2025-10-16T15:15:00+05:30,25566.3,25500.89,ABOVE_SMA,25550,CE,PE,NIFTY_25550_CE_20_OCT_25.csv,2025-10-16T15:29:00+05:30,123.45,2025-10-17T09:16:00+05:30,95.45,NIFTY_25550_PE_20_OCT_25.csv,2025-10-16T15:29:00+05:30,73.95,2025-10-17T09:16:00+05:30,86.85,-3900.00,-1937.00,-5837.00,100.00,-5937.00,
2025-10-17,TRADED,,2025-10-20,2025-10-20,2025-10-17T15:15:00+05:30,25704.7,25700.58,ABOVE_SMA,25700,CE,PE,NIFTY_25700_CE_20_OCT_25.csv,2025-10-17T15:29:00+05:30,92.0,2025-10-20T09:16:00+05:30,238.9,NIFTY_25700_PE_20_OCT_25.csv,2025-10-17T15:29:00+05:30,71.05,2025-10-20T09:16:00+05:30,7.65,18837.00,7982.00,26819.00,100.00,26719.00,
2025-10-20,SKIPPED,missing_entry_or_exit_timestamp,2025-10-28,2025-10-21,2025-10-20T15:15:00+05:30,25850.7,25854.64,BELOW_SMA,25850,PE,CE,NIFTY_25850_PE_28_OCT_25.csv,2025-10-20T15:29:00+05:30,,2025-10-21T09:16:00+05:30,,NIFTY_25850_CE_28_OCT_25.csv,2025-10-20T15:29:00+05:30,,2025-10-21T09:16:00+05:30,,0.00,0.00,0.00,0.00,0.00,"NIFTY_25850_PE_28_OCT_25.csv missing exit timestamp 2025-10-21T09:16:00+05:30; NIFTY_25850_CE_28_OCT_25.csv missing exit timestamp 2025-10-21T09:16:00+05:30; Next trading day is a special session that starts at 13:45, so the exact 09:16 exit candle is unavailable."
2025-10-21,SKIPPED,missing_spot_signal_timestamp,,,2025-10-21T15:15:00+05:30,,,,,,,,,,,,,,,,,0.00,0.00,0.00,0.00,0.00,Missing spot signal timestamp 2025-10-21T15:15:00+05:30
2025-10-23,TRADED,,2025-10-28,2025-10-24,2025-10-23T15:15:00+05:30,25870.3,26029.46,BELOW_SMA,25850,PE,CE,NIFTY_25850_PE_28_OCT_25.csv,2025-10-23T15:29:00+05:30,72.75,2025-10-24T09:16:00+05:30,68.55,NIFTY_25850_CE_28_OCT_25.csv,2025-10-23T15:29:00+05:30,183.35,2025-10-24T09:16:00+05:30,174.45,-806.00,897.00,91.00,100.00,-9.00,
2025-10-24,TRADED,,2025-10-28,2025-10-27,2025-10-24T15:15:00+05:30,25797.45,25814.09,BELOW_SMA,25800,PE,CE,NIFTY_25800_PE_28_OCT_25.csv,2025-10-24T15:29:00+05:30,87.95,2025-10-27T09:16:00+05:30,37.05,NIFTY_25800_CE_28_OCT_25.csv,2025-10-24T15:29:00+05:30,101.4,2025-10-27T09:16:00+05:30,152.95,-6877.00,-6961.50,-13838.50,100.00,-13938.50,
2025-10-27,TRADED,,2025-10-28,2025-10-28,2025-10-27T15:15:00+05:30,25974.0,25961.31,ABOVE_SMA,25950,CE,PE,NIFTY_25950_CE_28_OCT_25.csv,2025-10-27T15:29:00+05:30,118.55,2025-10-28T09:16:00+05:30,118.45,NIFTY_25950_PE_28_OCT_25.csv,2025-10-27T15:29:00+05:30,39.0,2025-10-28T09:16:00+05:30,42.05,-273.00,-656.50,-929.50,100.00,-1029.50,
2025-10-28,TRADED,,2025-11-04,2025-10-29,2025-10-28T15:15:00+05:30,25965.4,25899.76,ABOVE_SMA,25950,CE,PE,NIFTY_25950_CE_04_NOV_25.csv,2025-10-28T15:29:00+05:30,189.15,2025-10-29T09:16:00+05:30,234.0,NIFTY_25950_PE_04_NOV_25.csv,2025-10-28T15:29:00+05:30,136.75,2025-10-29T09:16:00+05:30,96.5,5570.50,4972.50,10543.00,100.00,10443.00,
2025-10-29,TRADED,,2025-11-04,2025-10-30,2025-10-29T15:15:00+05:30,26068.3,26044.46,ABOVE_SMA,26050,CE,PE,NIFTY_26050_CE_04_NOV_25.csv,2025-10-29T15:29:00+05:30,199.85,2025-10-30T09:16:00+05:30,128.65,NIFTY_26050_PE_04_NOV_25.csv,2025-10-29T15:29:00+05:30,104.8,2025-10-30T09:16:00+05:30,136.85,-9516.00,-4426.50,-13942.50,100.00,-14042.50,
2025-10-30,TRADED,,2025-11-04,2025-10-31,2025-10-30T15:15:00+05:30,25891.2,25914.13,BELOW_SMA,25900,PE,CE,NIFTY_25900_PE_04_NOV_25.csv,2025-10-30T15:29:00+05:30,101.2,2025-10-31T09:16:00+05:30,128.2,NIFTY_25900_CE_04_NOV_25.csv,2025-10-30T15:29:00+05:30,142.7,2025-10-31T09:16:00+05:30,99.0,3250.00,5421.00,8671.00,100.00,8571.00,
2025-10-31,TRADED,,2025-11-04,2025-11-03,2025-10-31T15:15:00+05:30,25732.55,25804.40,BELOW_SMA,25750,PE,CE,NIFTY_25750_PE_04_NOV_25.csv,2025-10-31T15:29:00+05:30,71.2,2025-11-03T09:16:00+05:30,101.25,NIFTY_25750_CE_04_NOV_25.csv,2025-10-31T15:29:00+05:30,134.3,2025-11-03T09:16:00+05:30,85.7,3646.50,6058.00,9704.50,100.00,9604.50,
2025-11-03,TRADED,,2025-11-04,2025-11-04,2025-11-03T15:15:00+05:30,25774.3,25745.78,ABOVE_SMA,25750,CE,PE,NIFTY_25750_CE_04_NOV_25.csv,2025-11-03T15:29:00+05:30,89.0,2025-11-04T09:16:00+05:30,80.95,NIFTY_25750_PE_04_NOV_25.csv,2025-11-03T15:29:00+05:30,53.35,2025-11-04T09:16:00+05:30,53.75,-1306.50,-312.00,-1618.50,100.00,-1718.50,
2025-11-04,TRADED,,2025-11-11,2025-11-06,2025-11-04T15:15:00+05:30,25586.25,25666.44,BELOW_SMA,25600,PE,CE,NIFTY_25600_PE_11_NOV_25.csv,2025-11-04T15:29:00+05:30,129.5,2025-11-06T09:16:00+05:30,82.6,NIFTY_25600_CE_11_NOV_25.csv,2025-11-04T15:29:00+05:30,158.0,2025-11-06T09:16:00+05:30,187.7,-6357.00,-4121.00,-10478.00,100.00,-10578.00,
2025-11-06,TRADED,,2025-11-11,2025-11-07,2025-11-06T15:15:00+05:30,25519.95,25558.89,BELOW_SMA,25500,PE,CE,NIFTY_25500_PE_11_NOV_25.csv,2025-11-06T15:29:00+05:30,79.35,2025-11-07T09:16:00+05:30,157.8,NIFTY_25500_CE_11_NOV_25.csv,2025-11-06T15:29:00+05:30,134.7,2025-11-07T09:16:00+05:30,64.55,9938.50,8859.50,18798.00,100.00,18698.00,
2025-11-07,TRADED,,2025-11-11,2025-11-10,2025-11-07T15:15:00+05:30,25510.05,25446.45,ABOVE_SMA,25500,CE,PE,NIFTY_25500_CE_11_NOV_25.csv,2025-11-07T15:29:00+05:30,100.95,2025-11-10T09:16:00+05:30,141.8,NIFTY_25500_PE_11_NOV_25.csv,2025-11-07T15:29:00+05:30,74.2,2025-11-10T09:16:00+05:30,35.4,5050.50,4784.00,9834.50,100.00,9734.50,
2025-11-10,TRADED,,2025-11-11,2025-11-11,2025-11-10T15:15:00+05:30,25574.25,25609.19,BELOW_SMA,25550,PE,CE,NIFTY_25550_PE_11_NOV_25.csv,2025-11-10T15:29:00+05:30,33.1,2025-11-11T09:16:00+05:30,26.8,NIFTY_25550_CE_11_NOV_25.csv,2025-11-10T15:29:00+05:30,98.55,2025-11-11T09:16:00+05:30,103.9,-1079.00,-955.50,-2034.50,100.00,-2134.50,
2025-11-11,TRADED,,2025-11-18,2025-11-12,2025-11-11T15:15:00+05:30,25705.55,25571.13,ABOVE_SMA,25700,CE,PE,NIFTY_25700_CE_18_NOV_25.csv,2025-11-11T15:29:00+05:30,200.35,2025-11-12T09:16:00+05:30,268.2,NIFTY_25700_PE_18_NOV_25.csv,2025-11-11T15:29:00+05:30,115.7,2025-11-12T09:16:00+05:30,66.4,8560.50,6149.00,14709.50,100.00,14609.50,
2025-11-12,TRADED,,2025-11-18,2025-11-13,2025-11-12T15:15:00+05:30,25874.0,25883.36,BELOW_SMA,25850,PE,CE,NIFTY_25850_PE_18_NOV_25.csv,2025-11-12T15:29:00+05:30,99.85,2025-11-13T09:16:00+05:30,114.45,NIFTY_25850_CE_18_NOV_25.csv,2025-11-12T15:29:00+05:30,178.1,2025-11-13T09:16:00+05:30,136.5,1638.00,5148.00,6786.00,100.00,6686.00,
2025-11-13,TRADED,,2025-11-18,2025-11-14,2025-11-13T15:15:00+05:30,25884.1,25932.95,BELOW_SMA,25900,PE,CE,NIFTY_25900_PE_18_NOV_25.csv,2025-11-13T15:29:00+05:30,133.65,2025-11-14T09:16:00+05:30,153.5,NIFTY_25900_CE_18_NOV_25.csv,2025-11-13T15:29:00+05:30,143.05,2025-11-14T09:16:00+05:30,114.1,2320.50,3503.50,5824.00,100.00,5724.00,
2025-11-14,TRADED,,2025-11-18,2025-11-17,2025-11-14T15:15:00+05:30,25916.8,25811.88,ABOVE_SMA,25900,CE,PE,NIFTY_25900_CE_18_NOV_25.csv,2025-11-14T15:29:00+05:30,118.0,2025-11-17T09:16:00+05:30,119.25,NIFTY_25900_PE_18_NOV_25.csv,2025-11-14T15:29:00+05:30,85.55,2025-11-17T09:16:00+05:30,59.95,-97.50,3068.00,2970.50,100.00,2870.50,
2025-11-17,TRADED,,2025-11-18,2025-11-18,2025-11-17T15:15:00+05:30,26014.3,25972.90,ABOVE_SMA,26000,CE,PE,NIFTY_26000_CE_18_NOV_25.csv,2025-11-17T15:29:00+05:30,75.95,2025-11-18T09:16:00+05:30,35.05,NIFTY_26000_PE_18_NOV_25.csv,2025-11-17T15:29:00+05:30,56.3,2025-11-18T09:16:00+05:30,97.1,-5577.00,-5564.00,-11141.00,100.00,-11241.00,
2025-11-18,TRADED,,2025-11-25,2025-11-19,2025-11-18T15:15:00+05:30,25894.7,25941.05,BELOW_SMA,25900,PE,CE,NIFTY_25900_PE_25_NOV_25.csv,2025-11-18T15:29:00+05:30,140.0,2025-11-19T09:16:00+05:30,142.45,NIFTY_25900_CE_25_NOV_25.csv,2025-11-18T15:29:00+05:30,180.0,2025-11-19T09:16:00+05:30,164.05,58.50,1813.50,1872.00,100.00,1772.00,
2025-11-19,TRADED,,2025-11-25,2025-11-20,2025-11-19T15:15:00+05:30,26052.7,25990.69,ABOVE_SMA,26050,CE,PE,NIFTY_26050_CE_25_NOV_25.csv,2025-11-19T15:29:00+05:30,157.0,2025-11-20T09:16:00+05:30,179.1,NIFTY_26050_PE_25_NOV_25.csv,2025-11-19T15:29:00+05:30,132.35,2025-11-20T09:16:00+05:30,89.4,2613.00,5323.50,7936.50,100.00,7836.50,
2025-11-20,TRADED,,2025-11-25,2025-11-21,2025-11-20T15:15:00+05:30,26197.4,26159.02,ABOVE_SMA,26200,CE,PE,NIFTY_26200_CE_25_NOV_25.csv,2025-11-20T15:29:00+05:30,135.9,2025-11-21T09:16:00+05:30,84.0,NIFTY_26200_PE_25_NOV_25.csv,2025-11-20T15:29:00+05:30,101.75,2025-11-21T09:16:00+05:30,146.6,-7007.00,-6090.50,-13097.50,100.00,-13197.50,
2025-11-21,TRADED,,2025-11-25,2025-11-24,2025-11-21T15:15:00+05:30,26063.95,26113.34,BELOW_SMA,26050,PE,CE,NIFTY_26050_PE_25_NOV_25.csv,2025-11-21T15:29:00+05:30,91.4,2025-11-24T09:16:00+05:30,51.35,NIFTY_26050_CE_25_NOV_25.csv,2025-11-21T15:29:00+05:30,116.5,2025-11-24T09:16:00+05:30,136.6,-5466.50,-2873.00,-8339.50,100.00,-8439.50,
2025-11-24,TRADED,,2025-11-25,2025-11-25,2025-11-24T15:15:00+05:30,25943.35,26073.67,BELOW_SMA,25950,PE,CE,NIFTY_25950_PE_25_NOV_25.csv,2025-11-24T15:29:00+05:30,60.8,2025-11-25T09:16:00+05:30,63.1,NIFTY_25950_CE_25_NOV_25.csv,2025-11-24T15:29:00+05:30,76.95,2025-11-25T09:16:00+05:30,59.6,39.00,1995.50,2034.50,100.00,1934.50,
2025-11-25,TRADED,,2025-12-02,2025-11-26,2025-11-25T15:15:00+05:30,25860.3,25969.53,BELOW_SMA,25850,PE,CE,NIFTY_25850_PE_02_DEC_25.csv,2025-11-25T15:29:00+05:30,109.0,2025-11-26T09:16:00+05:30,64.75,NIFTY_25850_CE_02_DEC_25.csv,2025-11-25T15:29:00+05:30,180.5,2025-11-26T09:16:00+05:30,246.35,-6012.50,-8820.50,-14833.00,100.00,-14933.00,
2025-11-26,TRADED,,2025-12-02,2025-11-27,2025-11-26T15:15:00+05:30,26203.5,26138.44,ABOVE_SMA,26200,CE,PE,NIFTY_26200_CE_02_DEC_25.csv,2025-11-26T15:29:00+05:30,149.95,2025-11-27T09:16:00+05:30,168.8,NIFTY_26200_PE_02_DEC_25.csv,2025-11-26T15:29:00+05:30,116.15,2025-11-27T09:16:00+05:30,86.6,2190.50,3581.50,5772.00,100.00,5672.00,
2025-11-27,TRADED,,2025-12-02,2025-11-28,2025-11-27T15:15:00+05:30,26219.85,26234.63,BELOW_SMA,26200,PE,CE,NIFTY_26200_PE_02_DEC_25.csv,2025-11-27T15:29:00+05:30,84.05,2025-11-28T09:16:00+05:30,89.4,NIFTY_26200_CE_02_DEC_25.csv,2025-11-27T15:29:00+05:30,133.2,2025-11-28T09:16:00+05:30,122.05,435.50,1189.50,1625.00,100.00,1525.00,
2025-11-28,TRADED,,2025-12-02,2025-12-01,2025-11-28T15:15:00+05:30,26204.55,26229.24,BELOW_SMA,26200,PE,CE,NIFTY_26200_PE_02_DEC_25.csv,2025-11-28T15:29:00+05:30,65.95,2025-12-01T09:16:00+05:30,34.8,NIFTY_26200_CE_02_DEC_25.csv,2025-11-28T15:29:00+05:30,112.75,2025-12-01T09:16:00+05:30,151.55,-4309.50,-5304.00,-9613.50,100.00,-9713.50,
2025-12-01,TRADED,,2025-12-02,2025-12-02,2025-12-01T15:15:00+05:30,26175.95,26214.11,BELOW_SMA,26200,PE,CE,NIFTY_26200_PE_02_DEC_25.csv,2025-12-01T15:29:00+05:30,66.45,2025-12-02T09:16:00+05:30,100.0,NIFTY_26200_CE_02_DEC_25.csv,2025-12-01T15:29:00+05:30,54.2,2025-12-02T09:16:00+05:30,21.2,4101.50,4030.00,8131.50,100.00,8031.50,
2025-12-02,TRADED,,2025-12-09,2025-12-03,2025-12-02T15:15:00+05:30,26057.0,26057.90,BELOW_SMA,26050,PE,CE,NIFTY_26050_PE_09_DEC_25.csv,2025-12-02T15:29:00+05:30,104.4,2025-12-03T09:16:00+05:30,133.1,NIFTY_26050_CE_09_DEC_25.csv,2025-12-02T15:29:00+05:30,178.0,2025-12-03T09:16:00+05:30,135.25,3471.00,5297.50,8768.50,100.00,8668.50,
2025-12-03,TRADED,,2025-12-09,2025-12-04,2025-12-03T15:15:00+05:30,25985.1,25939.03,ABOVE_SMA,26000,CE,PE,NIFTY_26000_CE_09_DEC_25.csv,2025-12-03T15:29:00+05:30,137.85,2025-12-04T09:16:00+05:30,98.85,NIFTY_26000_PE_09_DEC_25.csv,2025-12-03T15:29:00+05:30,105.25,2025-12-04T09:16:00+05:30,133.4,-5330.00,-3919.50,-9249.50,100.00,-9349.50,
2025-12-04,TRADED,,2025-12-09,2025-12-05,2025-12-04T15:15:00+05:30,26017.1,26027.15,BELOW_SMA,26000,PE,CE,NIFTY_26000_PE_09_DEC_25.csv,2025-12-04T15:29:00+05:30,70.4,2025-12-05T09:16:00+05:30,76.9,NIFTY_26000_CE_09_DEC_25.csv,2025-12-04T15:29:00+05:30,141.4,2025-12-05T09:16:00+05:30,132.3,585.00,923.00,1508.00,100.00,1408.00,
2025-12-05,TRADED,,2025-12-09,2025-12-08,2025-12-05T15:15:00+05:30,26176.65,26135.78,ABOVE_SMA,26200,CE,PE,NIFTY_26200_CE_09_DEC_25.csv,2025-12-05T15:29:00+05:30,79.2,2025-12-08T09:16:00+05:30,60.4,NIFTY_26200_PE_09_DEC_25.csv,2025-12-05T15:29:00+05:30,72.9,2025-12-08T09:16:00+05:30,82.4,-2704.00,-1495.00,-4199.00,100.00,-4299.00,
2025-12-08,TRADED,,2025-12-09,2025-12-09,2025-12-08T15:15:00+05:30,25932.8,26021.12,BELOW_SMA,25950,PE,CE,NIFTY_25950_PE_09_DEC_25.csv,2025-12-08T15:29:00+05:30,64.8,2025-12-09T09:16:00+05:30,109.4,NIFTY_25950_CE_09_DEC_25.csv,2025-12-08T15:29:00+05:30,57.65,2025-12-09T09:16:00+05:30,26.15,5538.00,3835.00,9373.00,100.00,9273.00,
2025-12-09,TRADED,,2025-12-16,2025-12-10,2025-12-09T15:15:00+05:30,25841.75,25843.60,BELOW_SMA,25850,PE,CE,NIFTY_25850_PE_16_DEC_25.csv,2025-12-09T15:29:00+05:30,116.0,2025-12-10T09:16:00+05:30,123.55,NIFTY_25850_CE_16_DEC_25.csv,2025-12-09T15:29:00+05:30,150.0,2025-12-10T09:16:00+05:30,137.55,721.50,1358.50,2080.00,100.00,1980.00,
2025-12-10,TRADED,,2025-12-16,2025-12-11,2025-12-10T15:15:00+05:30,25742.65,25825.89,BELOW_SMA,25750,PE,CE,NIFTY_25750_PE_16_DEC_25.csv,2025-12-10T15:29:00+05:30,110.0,2025-12-11T09:16:00+05:30,99.15,NIFTY_25750_CE_16_DEC_25.csv,2025-12-10T15:29:00+05:30,152.0,2025-12-11T09:16:00+05:30,152.35,-1670.50,-305.50,-1976.00,100.00,-2076.00,
2025-12-11,TRADED,,2025-12-16,2025-12-12,2025-12-11T15:15:00+05:30,25898.4,25845.40,ABOVE_SMA,25900,CE,PE,NIFTY_25900_CE_16_DEC_25.csv,2025-12-11T15:29:00+05:30,112.35,2025-12-12T09:16:00+05:30,160.2,NIFTY_25900_PE_16_DEC_25.csv,2025-12-11T15:29:00+05:30,89.2,2025-12-12T09:16:00+05:30,52.45,5960.50,4517.50,10478.00,100.00,10378.00,
2025-12-12,TRADED,,2025-12-16,2025-12-15,2025-12-12T15:15:00+05:30,26043.0,26014.22,ABOVE_SMA,26050,CE,PE,NIFTY_26050_CE_16_DEC_25.csv,2025-12-12T15:29:00+05:30,83.75,2025-12-15T09:16:00+05:30,38.25,NIFTY_26050_PE_16_DEC_25.csv,2025-12-12T15:29:00+05:30,70.75,2025-12-15T09:16:00+05:30,126.5,-6175.00,-7507.50,-13682.50,100.00,-13782.50,
2025-12-15,TRADED,,2025-12-16,2025-12-16,2025-12-15T15:15:00+05:30,26014.0,25998.45,ABOVE_SMA,26000,CE,PE,NIFTY_26000_CE_16_DEC_25.csv,2025-12-15T15:29:00+05:30,71.25,2025-12-16T09:16:00+05:30,28.35,NIFTY_26000_PE_16_DEC_25.csv,2025-12-15T15:29:00+05:30,46.5,2025-12-16T09:16:00+05:30,90.9,-5837.00,-6032.00,-11869.00,100.00,-11969.00,
2025-12-16,TRADED,,2025-12-23,2025-12-17,2025-12-16T15:15:00+05:30,25851.35,25891.62,BELOW_SMA,25850,PE,CE,NIFTY_25850_PE_23_DEC_25.csv,2025-12-16T15:29:00+05:30,108.7,2025-12-17T09:16:00+05:30,103.95,NIFTY_25850_CE_23_DEC_25.csv,2025-12-16T15:29:00+05:30,156.45,2025-12-17T09:16:00+05:30,150.95,-877.50,455.00,-422.50,100.00,-522.50,
2025-12-17,TRADED,,2025-12-23,2025-12-18,2025-12-17T15:15:00+05:30,25821.8,25817.14,ABOVE_SMA,25800,CE,PE,NIFTY_25800_CE_23_DEC_25.csv,2025-12-17T15:29:00+05:30,152.95,2025-12-18T09:16:00+05:30,108.9,NIFTY_25800_PE_23_DEC_25.csv,2025-12-17T15:29:00+05:30,84.65,2025-12-18T09:16:00+05:30,109.5,-5986.50,-3490.50,-9477.00,100.00,-9577.00,
2025-12-18,TRADED,,2025-12-23,2025-12-19,2025-12-18T15:15:00+05:30,25815.65,25831.26,BELOW_SMA,25800,PE,CE,NIFTY_25800_PE_23_DEC_25.csv,2025-12-18T15:29:00+05:30,86.75,2025-12-19T09:16:00+05:30,43.05,NIFTY_25800_CE_23_DEC_25.csv,2025-12-18T15:29:00+05:30,120.95,2025-12-19T09:16:00+05:30,172.55,-5941.00,-6968.00,-12909.00,100.00,-13009.00,
2025-12-19,TRADED,,2025-12-23,2025-12-22,2025-12-19T15:15:00+05:30,25961.4,25953.74,ABOVE_SMA,25950,CE,PE,NIFTY_25950_CE_23_DEC_25.csv,2025-12-19T15:29:00+05:30,94.65,2025-12-22T09:16:00+05:30,177.15,NIFTY_25950_PE_23_DEC_25.csv,2025-12-19T15:29:00+05:30,62.85,2025-12-22T09:16:00+05:30,19.25,10465.00,5408.00,15873.00,100.00,15773.00,
2025-12-22,TRADED,,2025-12-23,2025-12-23,2025-12-22T15:15:00+05:30,26162.75,26140.60,ABOVE_SMA,26150,CE,PE,NIFTY_26150_CE_23_DEC_25.csv,2025-12-22T15:29:00+05:30,57.0,2025-12-23T09:16:00+05:30,62.7,NIFTY_26150_PE_23_DEC_25.csv,2025-12-22T15:29:00+05:30,52.1,2025-12-23T09:16:00+05:30,33.45,481.00,2164.50,2645.50,100.00,2545.50,
2025-12-23,TRADED,,2025-12-30,2025-12-24,2025-12-23T15:15:00+05:30,26165.95,26179.99,BELOW_SMA,26150,PE,CE,NIFTY_26150_PE_30_DEC_25.csv,2025-12-23T15:29:00+05:30,88.0,2025-12-24T09:16:00+05:30,94.3,NIFTY_26150_CE_30_DEC_25.csv,2025-12-23T15:29:00+05:30,138.94,2025-12-24T09:16:00+05:30,114.45,559.00,2923.70,3482.70,100.00,3382.70,
2025-12-24,TRADED,,2025-12-30,2025-12-26,2025-12-24T15:15:00+05:30,26141.65,26186.74,BELOW_SMA,26150,PE,CE,NIFTY_26150_PE_30_DEC_25.csv,2025-12-24T15:29:00+05:30,76.3,2025-12-26T09:16:00+05:30,99.2,NIFTY_26150_CE_30_DEC_25.csv,2025-12-24T15:29:00+05:30,95.05,2025-12-26T09:16:00+05:30,59.15,2717.00,4407.00,7124.00,100.00,7024.00,
2025-12-26,TRADED,,2025-12-30,2025-12-29,2025-12-26T15:15:00+05:30,26047.65,26061.44,BELOW_SMA,26050,PE,CE,NIFTY_26050_PE_30_DEC_25.csv,2025-12-26T15:29:00+05:30,61.2,2025-12-29T09:16:00+05:30,48.7,NIFTY_26050_CE_30_DEC_25.csv,2025-12-26T15:29:00+05:30,69.95,2025-12-29T09:16:00+05:30,69.15,-1885.00,-156.00,-2041.00,100.00,-2141.00,
2025-12-29,TRADED,,2025-12-30,2025-12-30,2025-12-29T15:15:00+05:30,25949.8,25979.27,BELOW_SMA,25950,PE,CE,NIFTY_25950_PE_30_DEC_25.csv,2025-12-29T15:29:00+05:30,45.65,2025-12-30T09:16:00+05:30,67.95,NIFTY_25950_CE_30_DEC_25.csv,2025-12-29T15:29:00+05:30,51.6,2025-12-30T09:16:00+05:30,22.7,2639.00,3497.00,6136.00,100.00,6036.00,
2025-12-30,SKIPPED,no_next_weekly_expiry,,2025-12-31,2025-12-30T15:15:00+05:30,25970.55,25922.70,ABOVE_SMA,25950,CE,PE,,,,,,,,,,,0.00,0.00,0.00,0.00,0.00,No weekly expiry folder exists strictly after the trade date.
2025-12-31,SKIPPED,no_next_trading_day,,,2025-12-31T15:15:00+05:30,26141.85,26094.01,ABOVE_SMA,26150,CE,PE,,,,,,,,,,,0.00,0.00,0.00,0.00,0.00,No next trading day exists in the dataset.
