entry_date,day_of_week,status,skip_reason,expiry_date,expiry_type,next_trading_day,spot_entry_timestamp,spot_entry_open,atm_strike,premium_band,ce_strike,ce_contract_file,ce_entry_timestamp,ce_entry_open,ce_exit_timestamp,ce_exit_open,ce_points_pnl,ce_gross_pnl,ce_brokerage,ce_net_pnl,pe_strike,pe_contract_file,pe_entry_timestamp,pe_entry_open,pe_exit_timestamp,pe_exit_open,pe_points_pnl,pe_gross_pnl,pe_brokerage,pe_net_pnl,gross_pnl,brokerage,net_pnl,remarks
2025-01-01,Wednesday,TRADED,,2025-01-02,current_week,2025-01-02,2025-01-01T15:20:00+05:30,23745.95,23750,CE:20.00-25.00 PE:20.00-30.00(fallback),24050,NIFTY_24050_CE_02_JAN_25.csv,2025-01-01T15:20:00+05:30,21.35,2025-01-02T09:20:00+05:30,23.15,-2.80,-210.00,50.00,-260.00,23450,NIFTY_23450_PE_02_JAN_25.csv,2025-01-01T15:20:00+05:30,26.25,2025-01-02T09:20:00+05:30,18.35,6.90,517.50,50.00,467.50,307.50,100.00,207.50,
2025-01-02,Thursday,TRADED,,2025-01-09,next_week,2025-01-03,2025-01-02T15:20:00+05:30,24189.45,24200,CE:15.00-20.00 PE:15.00-20.00,24750,NIFTY_24750_CE_09_JAN_25.csv,2025-01-02T15:20:00+05:30,17.05,2025-01-03T09:20:00+05:30,17.1,-1.05,-78.75,50.00,-128.75,23400,NIFTY_23400_PE_09_JAN_25.csv,2025-01-02T15:20:00+05:30,19.5,2025-01-03T09:20:00+05:30,18.75,-0.25,-18.75,50.00,-68.75,-97.50,100.00,-197.50,
2025-01-03,Friday,TRADED,,2025-01-09,current_week,2025-01-06,2025-01-03T15:20:00+05:30,24000.3,24000,CE:10.00-15.00 PE:10.00-15.00,24600,NIFTY_24600_CE_09_JAN_25.csv,2025-01-03T15:20:00+05:30,12.05,2025-01-06T09:20:00+05:30,11.2,-0.15,-11.25,50.00,-61.25,23400,NIFTY_23400_PE_09_JAN_25.csv,2025-01-03T15:20:00+05:30,13.9,2025-01-06T09:20:00+05:30,11.55,1.35,101.25,50.00,51.25,90.00,100.00,-10.00,
2025-01-06,Monday,TRADED,,2025-01-09,current_week,2025-01-07,2025-01-06T15:20:00+05:30,23600.6,23600,CE:5.00-10.00 PE:5.00-10.00,24450,NIFTY_24450_CE_09_JAN_25.csv,2025-01-06T15:20:00+05:30,9.3,2025-01-07T09:20:00+05:30,9.94,-1.64,-123.00,50.00,-173.00,22600,NIFTY_22600_PE_09_JAN_25.csv,2025-01-06T15:20:00+05:30,8.75,2025-01-07T09:20:00+05:30,4.2,3.55,266.25,50.00,216.25,143.25,100.00,43.25,
2025-01-07,Tuesday,TRADED,,2025-01-09,current_week,2025-01-08,2025-01-07T15:20:00+05:30,23707.3,23700,CE:20.00-30.00(fallback) PE:20.00-25.00,24000,NIFTY_24000_CE_09_JAN_25.csv,2025-01-07T15:20:00+05:30,25.5,2025-01-08T09:20:00+05:30,15.3,9.20,690.00,50.00,640.00,23350,NIFTY_23350_PE_09_JAN_25.csv,2025-01-07T15:20:00+05:30,21.95,2025-01-08T09:20:00+05:30,18.25,2.70,202.50,50.00,152.50,892.50,100.00,792.50,
2025-01-08,Wednesday,TRADED,,2025-01-09,current_week,2025-01-09,2025-01-08T15:20:00+05:30,23687.4,23700,CE:20.00-30.00(fallback) PE:20.00-30.00(fallback),23850,NIFTY_23850_CE_09_JAN_25.csv,2025-01-08T15:20:00+05:30,26.35,2025-01-09T09:20:00+05:30,9.19,16.16,1212.00,50.00,1162.00,23550,NIFTY_23550_PE_09_JAN_25.csv,2025-01-08T15:20:00+05:30,25.55,2025-01-09T09:20:00+05:30,31.85,-7.30,-547.50,50.00,-597.50,664.50,100.00,564.50,
2025-01-09,Thursday,TRADED,,2025-01-16,next_week,2025-01-10,2025-01-09T15:20:00+05:30,23525.85,23550,CE:15.00-20.00 PE:15.00-20.00,24150,NIFTY_24150_CE_16_JAN_25.csv,2025-01-09T15:20:00+05:30,19.64,2025-01-10T09:20:00+05:30,16.05,2.59,194.25,50.00,144.25,22900,NIFTY_22900_PE_16_JAN_25.csv,2025-01-09T15:20:00+05:30,19.89,2025-01-10T09:20:00+05:30,20.6,-1.71,-128.25,50.00,-178.25,66.00,100.00,-34.00,
2025-01-10,Friday,TRADED,,2025-01-16,current_week,2025-01-13,2025-01-10T15:20:00+05:30,23445.65,23450,CE:10.00-15.00 PE:10.00-15.00,24050,NIFTY_24050_CE_16_JAN_25.csv,2025-01-10T15:20:00+05:30,14.3,2025-01-13T09:20:00+05:30,8.55,4.75,356.25,50.00,306.25,22750,NIFTY_22750_PE_16_JAN_25.csv,2025-01-10T15:20:00+05:30,15.0,2025-01-13T09:20:00+05:30,38.35,-24.35,-1826.25,50.00,-1876.25,-1470.00,100.00,-1570.00,
2025-01-13,Monday,TRADED,,2025-01-16,current_week,2025-01-14,2025-01-13T15:20:00+05:30,23098.4,23100,CE:5.00-10.00 PE:5.00-10.00,23750,NIFTY_23750_CE_16_JAN_25.csv,2025-01-13T15:20:00+05:30,9.9,2025-01-14T09:20:00+05:30,10.25,-1.35,-101.25,50.00,-151.25,22250,NIFTY_22250_PE_16_JAN_25.csv,2025-01-13T15:20:00+05:30,9.8,2025-01-14T09:20:00+05:30,5.85,2.95,221.25,50.00,171.25,120.00,100.00,20.00,
2025-01-14,Tuesday,TRADED,,2025-01-16,current_week,2025-01-15,2025-01-14T15:20:00+05:30,23183.35,23200,CE:20.00-25.00 PE:20.00-25.00,23450,NIFTY_23450_CE_16_JAN_25.csv,2025-01-14T15:20:00+05:30,20.39,2025-01-15T09:20:00+05:30,18.05,1.34,100.50,50.00,50.50,23000,NIFTY_23000_PE_16_JAN_25.csv,2025-01-14T15:20:00+05:30,24.2,2025-01-15T09:20:00+05:30,19.89,3.31,248.25,50.00,198.25,348.75,100.00,248.75,
2025-01-15,Wednesday,TRADED,,2025-01-16,current_week,2025-01-16,2025-01-15T15:20:00+05:30,23206.55,23200,CE:20.00-25.00 PE:20.00-25.00,23300,NIFTY_23300_CE_16_JAN_25.csv,2025-01-15T15:20:00+05:30,21.85,2025-01-16T09:20:00+05:30,53.3,-32.45,-2433.75,50.00,-2483.75,23100,NIFTY_23100_PE_16_JAN_25.csv,2025-01-15T15:20:00+05:30,23.4,2025-01-16T09:20:00+05:30,4.25,18.15,1361.25,50.00,1311.25,-1072.50,100.00,-1172.50,
2025-01-16,Thursday,TRADED,,2025-01-23,next_week,2025-01-17,2025-01-16T15:20:00+05:30,23315.9,23300,CE:15.00-20.00 PE:15.00-20.00,23950,NIFTY_23950_CE_23_JAN_25.csv,2025-01-16T15:20:00+05:30,17.25,2025-01-17T09:20:00+05:30,10.8,5.45,408.75,50.00,358.75,22550,NIFTY_22550_PE_23_JAN_25.csv,2025-01-16T15:20:00+05:30,19.35,2025-01-17T09:20:00+05:30,24.35,-6.00,-450.00,50.00,-500.00,-41.25,100.00,-141.25,
2025-01-17,Friday,TRADED,,2025-01-23,current_week,2025-01-20,2025-01-17T15:20:00+05:30,23206.65,23200,CE:10.00-15.00 PE:10.00-15.00,23800,NIFTY_23800_CE_23_JAN_25.csv,2025-01-17T15:20:00+05:30,12.05,2025-01-20T09:20:00+05:30,13.4,-2.35,-176.25,50.00,-226.25,22500,NIFTY_22500_PE_23_JAN_25.csv,2025-01-17T15:20:00+05:30,13.85,2025-01-20T09:20:00+05:30,11.9,0.95,71.25,50.00,21.25,-105.00,100.00,-205.00,
2025-01-20,Monday,TRADED,,2025-01-23,current_week,2025-01-21,2025-01-20T15:20:00+05:30,23342.8,23350,CE:5.00-10.00 PE:5.00-10.00,23900,NIFTY_23900_CE_23_JAN_25.csv,2025-01-20T15:20:00+05:30,9.4,2025-01-21T09:20:00+05:30,8.0,0.40,30.00,50.00,-20.00,22600,NIFTY_22600_PE_23_JAN_25.csv,2025-01-20T15:20:00+05:30,9.1,2025-01-21T09:20:00+05:30,6.6,1.50,112.50,50.00,62.50,142.50,100.00,42.50,
2025-01-21,Tuesday,TRADED,,2025-01-23,current_week,2025-01-22,2025-01-21T15:20:00+05:30,23036.6,23050,CE:20.00-25.00 PE:20.00-25.00,23450,NIFTY_23450_CE_23_JAN_25.csv,2025-01-21T15:20:00+05:30,21.65,2025-01-22T09:20:00+05:30,19.14,1.51,113.25,50.00,63.25,22700,NIFTY_22700_PE_23_JAN_25.csv,2025-01-21T15:20:00+05:30,22.55,2025-01-22T09:20:00+05:30,17.39,4.16,312.00,50.00,262.00,425.25,100.00,325.25,
2025-01-22,Wednesday,TRADED,,2025-01-23,current_week,2025-01-23,2025-01-22T15:20:00+05:30,23155.6,23150,CE:20.00-25.00 PE:20.00-25.00,23300,NIFTY_23300_CE_23_JAN_25.csv,2025-01-22T15:20:00+05:30,21.4,2025-01-23T09:20:00+05:30,11.25,9.15,686.25,50.00,636.25,23050,NIFTY_23050_PE_23_JAN_25.csv,2025-01-22T15:20:00+05:30,24.35,2025-01-23T09:20:00+05:30,25.05,-1.70,-127.50,50.00,-177.50,558.75,100.00,458.75,
2025-01-23,Thursday,TRADED,,2025-01-30,next_week,2025-01-24,2025-01-23T15:20:00+05:30,23200.4,23200,CE:15.00-20.00 PE:15.00-20.00,23850,NIFTY_23850_CE_30_JAN_25.csv,2025-01-23T15:20:00+05:30,18.45,2025-01-24T09:20:00+05:30,21.75,-4.30,-322.50,50.00,-372.50,22450,NIFTY_22450_PE_30_JAN_25.csv,2025-01-23T15:20:00+05:30,18.39,2025-01-24T09:20:00+05:30,15.5,1.89,141.75,50.00,91.75,-180.75,100.00,-280.75,
2025-01-24,Friday,TRADED,,2025-01-30,current_week,2025-01-27,2025-01-24T15:20:00+05:30,23098.6,23100,CE:10.00-15.00 PE:10.00-15.00,23750,NIFTY_23750_CE_30_JAN_25.csv,2025-01-24T15:20:00+05:30,12.85,2025-01-27T09:20:00+05:30,7.7,4.15,311.25,50.00,261.25,22400,NIFTY_22400_PE_30_JAN_25.csv,2025-01-24T15:20:00+05:30,13.55,2025-01-27T09:20:00+05:30,28.5,-15.95,-1196.25,50.00,-1246.25,-885.00,100.00,-985.00,
2025-01-27,Monday,TRADED,,2025-01-30,current_week,2025-01-28,2025-01-27T15:20:00+05:30,22829.15,22850,CE:5.00-10.00 PE:5.00-10.00,23550,NIFTY_23550_CE_30_JAN_25.csv,2025-01-27T15:20:00+05:30,9.25,2025-01-28T09:20:00+05:30,10.65,-2.40,-180.00,50.00,-230.00,22150,NIFTY_22150_PE_30_JAN_25.csv,2025-01-27T15:20:00+05:30,9.75,2025-01-28T09:20:00+05:30,4.5,4.25,318.75,50.00,268.75,138.75,100.00,38.75,
2025-01-28,Tuesday,TRADED,,2025-01-30,current_week,2025-01-29,2025-01-28T15:20:00+05:30,22971.95,22950,CE:20.00-25.00 PE:20.00-25.00,23350,NIFTY_23350_CE_30_JAN_25.csv,2025-01-28T15:20:00+05:30,23.2,2025-01-29T09:20:00+05:30,25.65,-3.45,-258.75,50.00,-308.75,22550,NIFTY_22550_PE_30_JAN_25.csv,2025-01-28T15:20:00+05:30,21.95,2025-01-29T09:20:00+05:30,14.25,6.70,502.50,50.00,452.50,243.75,100.00,143.75,
2025-01-29,Wednesday,TRADED,,2025-01-30,current_week,2025-01-30,2025-01-29T15:20:00+05:30,23162.5,23150,CE:20.00-25.00 PE:20.00-25.00,23500,NIFTY_23500_CE_30_JAN_25.csv,2025-01-29T15:20:00+05:30,23.75,2025-01-30T09:20:00+05:30,15.9,6.85,513.75,50.00,463.75,22700,NIFTY_22700_PE_30_JAN_25.csv,2025-01-29T15:20:00+05:30,24.7,2025-01-30T09:20:00+05:30,14.3,9.40,705.00,50.00,655.00,1218.75,100.00,1118.75,
2025-01-30,Thursday,TRADED,,2025-02-06,next_week,2025-01-31,2025-01-30T15:20:00+05:30,23267.4,23250,CE:15.00-20.00 PE:15.00-20.00,24500,NIFTY_24500_CE_06_FEB_25.csv,2025-01-30T15:20:00+05:30,19.95,2025-01-31T09:20:00+05:30,24.2,-5.25,-393.75,50.00,-443.75,21900,NIFTY_21900_PE_06_FEB_25.csv,2025-01-30T15:20:00+05:30,18.0,2025-01-31T09:20:00+05:30,20.0,-3.00,-225.00,50.00,-275.00,-618.75,100.00,-718.75,
2025-01-31,Friday,TRADED,,2025-02-06,current_week,2025-02-01,2025-01-31T15:20:00+05:30,23516.05,23500,CE:10.00-15.00 PE:10.00-15.00,24600,NIFTY_24600_CE_06_FEB_25.csv,2025-01-31T15:20:00+05:30,13.9,2025-02-01T09:20:00+05:30,12.2,0.70,52.50,50.00,2.50,22050,NIFTY_22050_PE_06_FEB_25.csv,2025-01-31T15:20:00+05:30,14.05,2025-02-01T09:20:00+05:30,14.35,-1.30,-97.50,50.00,-147.50,-45.00,100.00,-145.00,
2025-02-03,Monday,TRADED,,2025-02-06,current_week,2025-02-04,2025-02-03T15:20:00+05:30,23357.7,23350,CE:5.00-10.00 PE:5.00-10.00,23850,NIFTY_23850_CE_06_FEB_25.csv,2025-02-03T15:20:00+05:30,9.65,2025-02-04T09:20:00+05:30,13.45,-4.80,-360.00,50.00,-410.00,22750,NIFTY_22750_PE_06_FEB_25.csv,2025-02-03T15:20:00+05:30,9.69,2025-02-04T09:20:00+05:30,4.65,4.04,303.00,50.00,253.00,-57.00,100.00,-157.00,
2025-02-04,Tuesday,TRADED,,2025-02-06,current_week,2025-02-05,2025-02-04T15:20:00+05:30,23738.35,23750,CE:20.00-30.00(fallback) PE:20.00-25.00,23900,NIFTY_23900_CE_06_FEB_25.csv,2025-02-04T15:20:00+05:30,26.2,2025-02-05T09:20:00+05:30,31.4,-6.20,-465.00,50.00,-515.00,23450,NIFTY_23450_PE_06_FEB_25.csv,2025-02-04T15:20:00+05:30,23.0,2025-02-05T09:20:00+05:30,16.35,5.65,423.75,50.00,373.75,-41.25,100.00,-141.25,
2025-02-05,Wednesday,TRADED,,2025-02-06,current_week,2025-02-06,2025-02-05T15:20:00+05:30,23699.05,23700,CE:20.00-25.00 PE:20.00-25.00,23900,NIFTY_23900_CE_06_FEB_25.csv,2025-02-05T15:20:00+05:30,20.6,2025-02-06T09:20:00+05:30,16.35,3.25,243.75,50.00,193.75,23550,NIFTY_23550_PE_06_FEB_25.csv,2025-02-05T15:20:00+05:30,21.9,2025-02-06T09:20:00+05:30,10.75,10.15,761.25,50.00,711.25,1005.00,100.00,905.00,
2025-02-06,Thursday,TRADED,,2025-02-13,next_week,2025-02-07,2025-02-06T15:20:00+05:30,23614.85,23600,CE:15.00-20.00 PE:15.00-20.00,24250,NIFTY_24250_CE_13_FEB_25.csv,2025-02-06T15:20:00+05:30,18.95,2025-02-07T09:20:00+05:30,18.8,-0.85,-63.75,50.00,-113.75,22900,NIFTY_22900_PE_13_FEB_25.csv,2025-02-06T15:20:00+05:30,18.7,2025-02-07T09:20:00+05:30,23.6,-5.90,-442.50,50.00,-492.50,-506.25,100.00,-606.25,
2025-02-07,Friday,TRADED,,2025-02-13,current_week,2025-02-10,2025-02-07T15:20:00+05:30,23576.9,23600,CE:10.00-15.00 PE:10.00-15.00,24150,NIFTY_24150_CE_13_FEB_25.csv,2025-02-07T15:20:00+05:30,12.1,2025-02-10T09:20:00+05:30,8.5,2.60,195.00,50.00,145.00,22950,NIFTY_22950_PE_13_FEB_25.csv,2025-02-07T15:20:00+05:30,12.05,2025-02-10T09:20:00+05:30,16.2,-5.15,-386.25,50.00,-436.25,-191.25,100.00,-291.25,
2025-02-10,Monday,TRADED,,2025-02-13,current_week,2025-02-11,2025-02-10T15:20:00+05:30,23379.3,23400,CE:5.00-10.00 PE:5.00-10.00,24000,NIFTY_24000_CE_13_FEB_25.csv,2025-02-10T15:20:00+05:30,9.15,2025-02-11T09:20:00+05:30,7.05,1.10,82.50,50.00,32.50,22800,NIFTY_22800_PE_13_FEB_25.csv,2025-02-10T15:20:00+05:30,7.75,2025-02-11T09:20:00+05:30,12.45,-5.70,-427.50,50.00,-477.50,-345.00,100.00,-445.00,
2025-02-11,Tuesday,TRADED,,2025-02-13,current_week,2025-02-12,2025-02-11T15:20:00+05:30,23075.95,23100,CE:20.00-25.00 PE:20.00-25.00,23450,NIFTY_23450_CE_13_FEB_25.csv,2025-02-11T15:20:00+05:30,20.8,2025-02-12T09:20:00+05:30,10.7,9.10,682.50,50.00,632.50,22800,NIFTY_22800_PE_13_FEB_25.csv,2025-02-11T15:20:00+05:30,21.35,2025-02-12T09:20:00+05:30,24.1,-3.75,-281.25,50.00,-331.25,401.25,100.00,301.25,
2025-02-12,Wednesday,TRADED,,2025-02-13,current_week,2025-02-13,2025-02-12T15:20:00+05:30,23045.75,23050,CE:20.00-25.00 PE:20.00-30.00(fallback),23250,NIFTY_23250_CE_13_FEB_25.csv,2025-02-12T15:20:00+05:30,24.5,2025-02-13T09:20:00+05:30,25.8,-2.30,-172.50,50.00,-222.50,22850,NIFTY_22850_PE_13_FEB_25.csv,2025-02-12T15:20:00+05:30,26.9,2025-02-13T09:20:00+05:30,15.65,10.25,768.75,50.00,718.75,596.25,100.00,496.25,
2025-02-13,Thursday,TRADED,,2025-02-20,next_week,2025-02-14,2025-02-13T15:20:00+05:30,23030.05,23050,CE:15.00-20.00 PE:15.00-20.00,23650,NIFTY_23650_CE_20_FEB_25.csv,2025-02-13T15:20:00+05:30,19.85,2025-02-14T09:20:00+05:30,20.55,-1.70,-127.50,50.00,-177.50,22350,NIFTY_22350_PE_20_FEB_25.csv,2025-02-13T15:20:00+05:30,18.5,2025-02-14T09:20:00+05:30,11.9,5.60,420.00,50.00,370.00,292.50,100.00,192.50,
2025-02-14,Friday,TRADED,,2025-02-20,current_week,2025-02-17,2025-02-14T15:20:00+05:30,22932.9,22950,CE:10.00-15.00 PE:10.00-15.00,23600,NIFTY_23600_CE_20_FEB_25.csv,2025-02-14T15:20:00+05:30,12.2,2025-02-17T09:20:00+05:30,7.5,3.70,277.50,50.00,227.50,22250,NIFTY_22250_PE_20_FEB_25.csv,2025-02-14T15:20:00+05:30,12.65,2025-02-17T09:20:00+05:30,21.4,-9.75,-731.25,50.00,-781.25,-453.75,100.00,-553.75,
2025-02-17,Monday,TRADED,,2025-02-20,current_week,2025-02-18,2025-02-17T15:20:00+05:30,22961.65,22950,CE:5.00-10.00 PE:5.00-10.00,23600,NIFTY_23600_CE_20_FEB_25.csv,2025-02-17T15:20:00+05:30,7.7,2025-02-18T09:20:00+05:30,6.35,0.35,26.25,50.00,-23.75,22250,NIFTY_22250_PE_20_FEB_25.csv,2025-02-17T15:20:00+05:30,8.65,2025-02-18T09:20:00+05:30,10.9,-3.25,-243.75,50.00,-293.75,-217.50,100.00,-317.50,
2025-02-18,Tuesday,TRADED,,2025-02-20,current_week,2025-02-19,2025-02-18T15:20:00+05:30,22940.2,22950,CE:20.00-25.00 PE:20.00-25.00,23250,NIFTY_23250_CE_20_FEB_25.csv,2025-02-18T15:20:00+05:30,21.55,2025-02-19T09:20:00+05:30,12.35,8.20,615.00,50.00,565.00,22600,NIFTY_22600_PE_20_FEB_25.csv,2025-02-18T15:20:00+05:30,21.8,2025-02-19T09:20:00+05:30,27.3,-6.50,-487.50,50.00,-537.50,127.50,100.00,27.50,
2025-02-19,Wednesday,TRADED,,2025-02-20,current_week,2025-02-20,2025-02-19T15:20:00+05:30,22931.25,22950,CE:20.00-25.00 PE:20.00-25.00,23100,NIFTY_23100_CE_20_FEB_25.csv,2025-02-19T15:20:00+05:30,25.0,2025-02-20T09:20:00+05:30,13.4,10.60,795.00,50.00,745.00,22750,NIFTY_22750_PE_20_FEB_25.csv,2025-02-19T15:20:00+05:30,24.35,2025-02-20T09:20:00+05:30,30.75,-7.40,-555.00,50.00,-605.00,240.00,100.00,140.00,
2025-02-20,Thursday,TRADED,,2025-02-27,next_week,2025-02-21,2025-02-20T15:20:00+05:30,22919.1,22900,CE:15.00-20.00 PE:15.00-20.00,23450,NIFTY_23450_CE_27_FEB_25.csv,2025-02-20T15:20:00+05:30,18.2,2025-02-21T09:20:00+05:30,15.65,1.55,116.25,50.00,66.25,22350,NIFTY_22350_PE_27_FEB_25.csv,2025-02-20T15:20:00+05:30,19.45,2025-02-21T09:20:00+05:30,19.1,-0.65,-48.75,50.00,-98.75,67.50,100.00,-32.50,
2025-02-21,Friday,TRADED,,2025-02-27,current_week,2025-02-24,2025-02-21T15:20:00+05:30,22793.25,22800,CE:10.00-15.00 PE:10.00-15.00,23300,NIFTY_23300_CE_27_FEB_25.csv,2025-02-21T15:20:00+05:30,13.7,2025-02-24T09:20:00+05:30,6.25,6.45,483.75,50.00,433.75,22250,NIFTY_22250_PE_27_FEB_25.csv,2025-02-21T15:20:00+05:30,12.2,2025-02-24T09:20:00+05:30,20.3,-9.10,-682.50,50.00,-732.50,-198.75,100.00,-298.75,
2025-02-24,Monday,TRADED,,2025-02-27,current_week,2025-02-25,2025-02-24T15:20:00+05:30,22549.9,22550,CE:5.00-10.00 PE:5.00-10.00,23050,NIFTY_23050_CE_27_FEB_25.csv,2025-02-24T15:20:00+05:30,8.75,2025-02-25T09:20:00+05:30,4.84,2.91,218.25,50.00,168.25,22150,NIFTY_22150_PE_27_FEB_25.csv,2025-02-24T15:20:00+05:30,8.94,2025-02-25T09:20:00+05:30,7.7,0.24,18.00,50.00,-32.00,236.25,100.00,136.25,
2025-02-25,Tuesday,TRADED,,2025-02-27,current_week,2025-02-27,2025-02-25T15:20:00+05:30,22545.05,22550,CE:20.00-30.00(fallback) PE:20.00-25.00,22650,NIFTY_22650_CE_27_FEB_25.csv,2025-02-25T15:20:00+05:30,26.6,2025-02-27T09:20:00+05:30,12.65,12.95,971.25,50.00,921.25,22450,NIFTY_22450_PE_27_FEB_25.csv,2025-02-25T15:20:00+05:30,23.7,2025-02-27T09:20:00+05:30,7.4,15.30,1147.50,50.00,1097.50,2118.75,100.00,2018.75,
2025-02-27,Thursday,TRADED,,2025-03-06,next_week,2025-02-28,2025-02-27T15:20:00+05:30,22540.15,22550,CE:15.00-20.00 PE:15.00-20.00,23000,NIFTY_23000_CE_06_MAR_25.csv,2025-02-27T15:20:00+05:30,17.05,2025-02-28T09:20:00+05:30,7.15,8.90,667.50,50.00,617.50,22050,NIFTY_22050_PE_06_MAR_25.csv,2025-02-27T15:20:00+05:30,18.2,2025-02-28T09:20:00+05:30,42.0,-24.80,-1860.00,50.00,-1910.00,-1192.50,100.00,-1292.50,
2025-02-28,Friday,TRADED,,2025-03-06,current_week,2025-03-03,2025-02-28T15:20:00+05:30,22123.05,22100,CE:10.00-15.00 PE:10.00-15.00,22700,NIFTY_22700_CE_06_MAR_25.csv,2025-02-28T15:20:00+05:30,12.7,2025-03-03T09:20:00+05:30,12.25,-0.55,-41.25,50.00,-91.25,21550,NIFTY_21550_PE_06_MAR_25.csv,2025-02-28T15:20:00+05:30,12.65,2025-03-03T09:20:00+05:30,5.9,5.75,431.25,50.00,381.25,390.00,100.00,290.00,
2025-03-03,Monday,TRADED,,2025-03-06,current_week,2025-03-04,2025-03-03T15:20:00+05:30,22119.55,22100,CE:5.00-10.00 PE:5.00-10.00,22600,NIFTY_22600_CE_06_MAR_25.csv,2025-03-03T15:20:00+05:30,8.55,2025-03-04T09:20:00+05:30,3.8,3.75,281.25,50.00,231.25,21600,NIFTY_21600_PE_06_MAR_25.csv,2025-03-03T15:20:00+05:30,8.1,2025-03-04T09:20:00+05:30,12.25,-5.15,-386.25,50.00,-436.25,-105.00,100.00,-205.00,
2025-03-04,Tuesday,TRADED,,2025-03-06,current_week,2025-03-05,2025-03-04T15:20:00+05:30,22087.75,22100,CE:20.00-25.00 PE:20.00-30.00(fallback),22300,NIFTY_22300_CE_06_MAR_25.csv,2025-03-04T15:20:00+05:30,24.15,2025-03-05T09:20:00+05:30,23.75,-0.60,-45.00,50.00,-95.00,21850,NIFTY_21850_PE_06_MAR_25.csv,2025-03-04T15:20:00+05:30,25.65,2025-03-05T09:20:00+05:30,13.25,11.40,855.00,50.00,805.00,810.00,100.00,710.00,
2025-03-05,Wednesday,SKIPPED,no_valid_strangle,2025-03-06,current_week,2025-03-06,2025-03-05T15:20:00+05:30,22334.4,22350,20.00-25.00,,,,,,,0.00,0.00,0.00,0.00,,,,,,,0.00,0.00,0.00,0.00,0.00,0.00,0.00,"No OTM CE contract with premium in [20.00, 30.00] having both entry 2025-03-05T15:20:00+05:30 and exit 2025-03-06T09:20:00+05:30."
2025-03-06,Thursday,TRADED,,2025-03-13,next_week,2025-03-07,2025-03-06T15:20:00+05:30,22544.8,22550,CE:15.00-20.00 PE:15.00-20.00,23000,NIFTY_23000_CE_13_MAR_25.csv,2025-03-06T15:20:00+05:30,19.55,2025-03-07T09:20:00+05:30,23.55,-5.00,-375.00,50.00,-425.00,21900,NIFTY_21900_PE_13_MAR_25.csv,2025-03-06T15:20:00+05:30,17.3,2025-03-07T09:20:00+05:30,13.85,2.45,183.75,50.00,133.75,-191.25,100.00,-291.25,
2025-03-07,Friday,TRADED,,2025-03-13,current_week,2025-03-10,2025-03-07T15:20:00+05:30,22544.05,22550,CE:10.00-15.00 PE:10.00-15.00,23000,NIFTY_23000_CE_13_MAR_25.csv,2025-03-07T15:20:00+05:30,14.5,2025-03-10T09:20:00+05:30,13.2,0.30,22.50,50.00,-27.50,22000,NIFTY_22000_PE_13_MAR_25.csv,2025-03-07T15:20:00+05:30,14.7,2025-03-10T09:20:00+05:30,12.35,1.35,101.25,50.00,51.25,123.75,100.00,23.75,
2025-03-10,Monday,TRADED,,2025-03-13,current_week,2025-03-11,2025-03-10T15:20:00+05:30,22452.8,22450,CE:5.00-10.00 PE:5.00-10.00,22900,NIFTY_22900_CE_13_MAR_25.csv,2025-03-10T15:20:00+05:30,8.95,2025-03-11T09:20:00+05:30,4.65,3.30,247.50,50.00,197.50,21950,NIFTY_21950_PE_13_MAR_25.csv,2025-03-10T15:20:00+05:30,9.85,2025-03-11T09:20:00+05:30,17.1,-8.25,-618.75,50.00,-668.75,-371.25,100.00,-471.25,
2025-03-11,Tuesday,TRADED,,2025-03-13,current_week,2025-03-12,2025-03-11T15:20:00+05:30,22503.25,22500,CE:20.00-30.00(fallback) PE:20.00-25.00,22700,NIFTY_22700_CE_13_MAR_25.csv,2025-03-11T15:20:00+05:30,29.6,2025-03-12T09:20:00+05:30,27.35,1.25,93.75,50.00,43.75,22200,NIFTY_22200_PE_13_MAR_25.csv,2025-03-11T15:20:00+05:30,22.5,2025-03-12T09:20:00+05:30,12.9,8.60,645.00,50.00,595.00,738.75,100.00,638.75,
2025-03-12,Wednesday,TRADED,,2025-03-13,current_week,2025-03-13,2025-03-12T15:20:00+05:30,22460.45,22450,CE:20.00-25.00 PE:20.00-30.00(fallback),22600,NIFTY_22600_CE_13_MAR_25.csv,2025-03-12T15:20:00+05:30,23.45,2025-03-13T09:20:00+05:30,11.4,11.05,828.75,50.00,778.75,22350,NIFTY_22350_PE_13_MAR_25.csv,2025-03-12T15:20:00+05:30,27.85,2025-03-13T09:20:00+05:30,13.85,13.00,975.00,50.00,925.00,1803.75,100.00,1703.75,
2025-03-13,Thursday,TRADED,,2025-03-20,next_week,2025-03-17,2025-03-13T15:20:00+05:30,22407.85,22400,CE:15.00-20.00 PE:15.00-20.00,22800,NIFTY_22800_CE_20_MAR_25.csv,2025-03-13T15:20:00+05:30,18.1,2025-03-17T09:20:00+05:30,29.4,-12.30,-922.50,50.00,-972.50,21950,NIFTY_21950_PE_20_MAR_25.csv,2025-03-13T15:20:00+05:30,18.55,2025-03-17T09:20:00+05:30,8.6,8.95,671.25,50.00,621.25,-251.25,100.00,-351.25,
2025-03-17,Monday,TRADED,,2025-03-20,current_week,2025-03-18,2025-03-17T15:20:00+05:30,22510.15,22500,CE:5.00-10.00 PE:5.00-10.00,22900,NIFTY_22900_CE_20_MAR_25.csv,2025-03-17T15:20:00+05:30,9.9,2025-03-18T09:20:00+05:30,18.55,-9.65,-723.75,50.00,-773.75,22000,NIFTY_22000_PE_20_MAR_25.csv,2025-03-17T15:20:00+05:30,7.9,2025-03-18T09:20:00+05:30,5.15,1.75,131.25,50.00,81.25,-592.50,100.00,-692.50,
2025-03-18,Tuesday,SKIPPED,no_valid_strangle,2025-03-20,current_week,2025-03-19,2025-03-18T15:20:00+05:30,22848.65,22850,20.00-25.00,,,,,,,0.00,0.00,0.00,0.00,,,,,,,0.00,0.00,0.00,0.00,0.00,0.00,0.00,"No OTM CE contract with premium in [20.00, 30.00] having both entry 2025-03-18T15:20:00+05:30 and exit 2025-03-19T09:20:00+05:30."
2025-03-19,Wednesday,SKIPPED,no_valid_strangle,2025-03-20,current_week,2025-03-20,2025-03-19T15:20:00+05:30,22900.6,22900,20.00-25.00,,,,,,,0.00,0.00,0.00,0.00,,,,,,,0.00,0.00,0.00,0.00,0.00,0.00,0.00,"No OTM CE contract with premium in [20.00, 30.00] having both entry 2025-03-19T15:20:00+05:30 and exit 2025-03-20T09:20:00+05:30."
2025-03-20,Thursday,TRADED,,2025-03-27,next_week,2025-03-21,2025-03-20T15:20:00+05:30,23187.7,23200,CE:15.00-20.00 PE:15.00-20.00,23600,NIFTY_23600_CE_27_MAR_25.csv,2025-03-20T15:20:00+05:30,17.85,2025-03-21T09:20:00+05:30,20.1,-3.25,-243.75,50.00,-293.75,22700,NIFTY_22700_PE_27_MAR_25.csv,2025-03-20T15:20:00+05:30,20.0,2025-03-21T09:20:00+05:30,17.0,2.00,150.00,50.00,100.00,-93.75,100.00,-193.75,
2025-03-21,Friday,TRADED,,2025-03-27,current_week,2025-03-24,2025-03-21T15:20:00+05:30,23347.3,23350,CE:10.00-15.00 PE:10.00-15.00,23800,NIFTY_23800_CE_27_MAR_25.csv,2025-03-21T15:20:00+05:30,13.55,2025-03-24T09:20:00+05:30,31.25,-18.70,-1402.50,50.00,-1452.50,22800,NIFTY_22800_PE_27_MAR_25.csv,2025-03-21T15:20:00+05:30,13.65,2025-03-24T09:20:00+05:30,7.55,5.10,382.50,50.00,332.50,-1020.00,100.00,-1120.00,
2025-03-24,Monday,TRADED,,2025-03-27,current_week,2025-03-25,2025-03-24T15:20:00+05:30,23661.2,23650,CE:5.00-10.00 PE:5.00-10.00,24250,NIFTY_24250_CE_27_MAR_25.csv,2025-03-24T15:20:00+05:30,9.94,2025-03-25T09:20:00+05:30,17.8,-8.86,-664.50,50.00,-714.50,22900,NIFTY_22900_PE_27_MAR_25.csv,2025-03-24T15:20:00+05:30,9.35,2025-03-25T09:20:00+05:30,7.3,1.05,78.75,50.00,28.75,-585.75,100.00,-685.75,
2025-03-25,Tuesday,SKIPPED,no_valid_strangle,2025-03-27,current_week,2025-03-26,2025-03-25T15:20:00+05:30,23669.3,23650,20.00-25.00,,,,,,,0.00,0.00,0.00,0.00,,,,,,,0.00,0.00,0.00,0.00,0.00,0.00,0.00,"No OTM CE contract with premium in [20.00, 30.00] having both entry 2025-03-25T15:20:00+05:30 and exit 2025-03-26T09:20:00+05:30."
2025-03-26,Wednesday,TRADED,,2025-03-27,current_week,2025-03-27,2025-03-26T15:20:00+05:30,23479.4,23500,CE:20.00-25.00 PE:20.00-25.00,23700,NIFTY_23700_CE_27_MAR_25.csv,2025-03-26T15:20:00+05:30,22.7,2025-03-27T09:20:00+05:30,17.7,4.00,300.00,50.00,250.00,23300,NIFTY_23300_PE_27_MAR_25.csv,2025-03-26T15:20:00+05:30,20.1,2025-03-27T09:20:00+05:30,16.95,2.15,161.25,50.00,111.25,461.25,100.00,361.25,
2025-03-27,Thursday,TRADED,,2025-04-03,next_week,2025-03-28,2025-03-27T15:20:00+05:30,23588.0,23600,CE:15.00-20.00 PE:15.00-20.00,24300,NIFTY_24300_CE_03_APR_25.csv,2025-03-27T15:20:00+05:30,18.6,2025-03-28T09:20:00+05:30,16.45,1.15,86.25,50.00,36.25,23000,NIFTY_23000_PE_03_APR_25.csv,2025-03-27T15:20:00+05:30,19.64,2025-03-28T09:20:00+05:30,17.35,1.29,96.75,50.00,46.75,183.00,100.00,83.00,
2025-03-28,Friday,TRADED,,2025-04-03,current_week,2025-04-01,2025-03-28T15:20:00+05:30,23497.4,23500,CE:10.00-15.00 PE:10.00-15.00,23950,NIFTY_23950_CE_03_APR_25.csv,2025-03-28T15:20:00+05:30,14.95,2025-04-01T09:20:00+05:30,7.25,6.70,502.50,50.00,452.50,22950,NIFTY_22950_PE_03_APR_25.csv,2025-03-28T15:20:00+05:30,13.25,2025-04-01T09:20:00+05:30,15.3,-3.05,-228.75,50.00,-278.75,273.75,100.00,173.75,
2025-04-01,Tuesday,TRADED,,2025-04-03,current_week,2025-04-02,2025-04-01T15:20:00+05:30,23171.65,23150,CE:20.00-25.00 PE:20.00-25.00,23450,NIFTY_23450_CE_03_APR_25.csv,2025-04-01T15:20:00+05:30,23.0,2025-04-02T09:20:00+05:30,22.8,-0.80,-60.00,50.00,-110.00,22900,NIFTY_22900_PE_03_APR_25.csv,2025-04-01T15:20:00+05:30,23.5,2025-04-02T09:20:00+05:30,21.2,1.30,97.50,50.00,47.50,37.50,100.00,-62.50,
2025-04-02,Wednesday,TRADED,,2025-04-03,current_week,2025-04-03,2025-04-02T15:20:00+05:30,23328.6,23350,CE:20.00-30.00(fallback) PE:20.00-25.00,23450,NIFTY_23450_CE_03_APR_25.csv,2025-04-02T15:20:00+05:30,27.65,2025-04-03T09:20:00+05:30,3.9,22.75,1706.25,50.00,1656.25,23100,NIFTY_23100_PE_03_APR_25.csv,2025-04-02T15:20:00+05:30,22.15,2025-04-03T09:20:00+05:30,25.9,-4.75,-356.25,50.00,-406.25,1350.00,100.00,1250.00,
2025-04-03,Thursday,TRADED,,2025-04-09,next_week,2025-04-04,2025-04-03T15:20:00+05:30,23243.55,23250,CE:15.00-20.00 PE:15.00-20.00,23750,NIFTY_23750_CE_09_APR_25.csv,2025-04-03T15:20:00+05:30,15.5,2025-04-04T09:20:00+05:30,8.55,5.95,446.25,50.00,396.25,22600,NIFTY_22600_PE_09_APR_25.csv,2025-04-03T15:20:00+05:30,16.95,2025-04-04T09:20:00+05:30,30.35,-14.40,-1080.00,50.00,-1130.00,-633.75,100.00,-733.75,
2025-04-04,Friday,TRADED,,2025-04-09,current_week,2025-04-07,2025-04-04T15:20:00+05:30,22902.65,22900,CE:10.00-15.00 PE:10.00-15.00,23300,NIFTY_23300_CE_09_APR_25.csv,2025-04-04T15:20:00+05:30,14.75,2025-04-07T09:20:00+05:30,6.85,6.90,517.50,50.00,467.50,22400,NIFTY_22400_PE_09_APR_25.csv,2025-04-04T15:20:00+05:30,14.6,2025-04-07T09:20:00+05:30,562.79,-549.19,-41189.25,50.00,-41239.25,-40671.75,100.00,-40771.75,
2025-04-07,Monday,SKIPPED,no_valid_strangle,2025-04-09,current_week,2025-04-08,2025-04-07T15:20:00+05:30,22172.45,22150,5.00-10.00,,,,,,,0.00,0.00,0.00,0.00,,,,,,,0.00,0.00,0.00,0.00,0.00,0.00,0.00,"No OTM PE contract with premium in [5.00, 15.00] having both entry 2025-04-07T15:20:00+05:30 and exit 2025-04-08T09:20:00+05:30."
2025-04-08,Tuesday,TRADED,,2025-04-09,current_week,2025-04-09,2025-04-08T15:20:00+05:30,22525.65,22550,CE:20.00-25.00 PE:20.00-25.00,23000,NIFTY_23000_CE_09_APR_25.csv,2025-04-08T15:20:00+05:30,21.8,2025-04-09T09:20:00+05:30,4.45,16.35,1226.25,50.00,1176.25,21750,NIFTY_21750_PE_09_APR_25.csv,2025-04-08T15:20:00+05:30,23.7,2025-04-09T09:20:00+05:30,6.1,16.60,1245.00,50.00,1195.00,2471.25,100.00,2371.25,
2025-04-09,Wednesday,TRADED,,2025-04-17,next_week,2025-04-11,2025-04-09T15:20:00+05:30,22396.5,22400,CE:20.00-25.00 PE:20.00-25.00,23450,NIFTY_23450_CE_17_APR_25.csv,2025-04-09T15:20:00+05:30,23.25,2025-04-11T09:20:00+05:30,44.3,-22.05,-1653.75,50.00,-1703.75,20400,NIFTY_20400_PE_17_APR_25.csv,2025-04-09T15:20:00+05:30,24.75,2025-04-11T09:20:00+05:30,7.15,16.60,1245.00,50.00,1195.00,-408.75,100.00,-508.75,
2025-04-11,Friday,TRADED,,2025-04-17,current_week,2025-04-15,2025-04-11T15:20:00+05:30,22818.15,22800,CE:10.00-15.00 PE:10.00-15.00,23950,NIFTY_23950_CE_17_APR_25.csv,2025-04-11T15:20:00+05:30,14.6,2025-04-15T09:20:00+05:30,12.45,1.15,86.25,50.00,36.25,20800,NIFTY_20800_PE_17_APR_25.csv,2025-04-11T15:20:00+05:30,14.7,2025-04-15T09:20:00+05:30,3.4,10.30,772.50,50.00,722.50,858.75,100.00,758.75,
2025-04-15,Tuesday,TRADED,,2025-04-17,current_week,2025-04-16,2025-04-15T15:20:00+05:30,23327.2,23350,CE:20.00-25.00 PE:20.00-25.00,23600,NIFTY_23600_CE_17_APR_25.csv,2025-04-15T15:20:00+05:30,21.8,2025-04-16T09:20:00+05:30,6.05,14.75,1106.25,50.00,1056.25,23000,NIFTY_23000_PE_17_APR_25.csv,2025-04-15T15:20:00+05:30,24.8,2025-04-16T09:20:00+05:30,11.1,12.70,952.50,50.00,902.50,2058.75,100.00,1958.75,
2025-04-16,Wednesday,TRADED,,2025-04-17,current_week,2025-04-17,2025-04-16T15:20:00+05:30,23439.25,23450,CE:20.00-30.00(fallback) PE:20.00-25.00,23600,NIFTY_23600_CE_17_APR_25.csv,2025-04-16T15:20:00+05:30,25.7,2025-04-17T09:20:00+05:30,5.45,19.25,1443.75,50.00,1393.75,23200,NIFTY_23200_PE_17_APR_25.csv,2025-04-16T15:20:00+05:30,24.3,2025-04-17T09:20:00+05:30,11.65,11.65,873.75,50.00,823.75,2317.50,100.00,2217.50,
2025-04-17,Thursday,TRADED,,2025-04-24,next_week,2025-04-21,2025-04-17T15:20:00+05:30,23848.95,23850,CE:15.00-20.00 PE:15.00-20.00,24550,NIFTY_24550_CE_24_APR_25.csv,2025-04-17T15:20:00+05:30,17.2,2025-04-21T09:20:00+05:30,18.05,-1.85,-138.75,50.00,-188.75,22650,NIFTY_22650_PE_24_APR_25.csv,2025-04-17T15:20:00+05:30,19.35,2025-04-21T09:20:00+05:30,6.95,11.40,855.00,50.00,805.00,716.25,100.00,616.25,
2025-04-21,Monday,TRADED,,2025-04-24,current_week,2025-04-22,2025-04-21T15:20:00+05:30,24131.25,24150,CE:5.00-10.00 PE:5.00-10.00,24800,NIFTY_24800_CE_24_APR_25.csv,2025-04-21T15:20:00+05:30,8.5,2025-04-22T09:20:00+05:30,6.05,1.45,108.75,50.00,58.75,22900,NIFTY_22900_PE_24_APR_25.csv,2025-04-21T15:20:00+05:30,9.69,2025-04-22T09:20:00+05:30,7.95,0.74,55.50,50.00,5.50,164.25,100.00,64.25,
2025-04-22,Tuesday,TRADED,,2025-04-24,current_week,2025-04-23,2025-04-22T15:20:00+05:30,24165.0,24150,CE:20.00-25.00 PE:20.00-25.00,24450,NIFTY_24450_CE_24_APR_25.csv,2025-04-22T15:20:00+05:30,20.3,2025-04-23T09:20:00+05:30,36.29,-16.99,-1274.25,50.00,-1324.25,23900,NIFTY_23900_PE_24_APR_25.csv,2025-04-22T15:20:00+05:30,22.0,2025-04-23T09:20:00+05:30,9.5,11.50,862.50,50.00,812.50,-411.75,100.00,-511.75,
2025-04-23,Wednesday,TRADED,,2025-04-24,current_week,2025-04-24,2025-04-23T15:20:00+05:30,24328.15,24350,CE:20.00-25.00 PE:20.00-30.00(fallback),24500,NIFTY_24500_CE_24_APR_25.csv,2025-04-23T15:20:00+05:30,23.65,2025-04-24T09:20:00+05:30,8.35,14.30,1072.50,50.00,1022.50,24200,NIFTY_24200_PE_24_APR_25.csv,2025-04-23T15:20:00+05:30,25.1,2025-04-24T09:20:00+05:30,17.1,7.00,525.00,50.00,475.00,1597.50,100.00,1497.50,
2025-04-24,Thursday,TRADED,,2025-04-30,next_week,2025-04-25,2025-04-24T15:20:00+05:30,24253.4,24250,CE:15.00-20.00 PE:15.00-20.00,24950,NIFTY_24950_CE_30_APR_25.csv,2025-04-24T15:20:00+05:30,18.35,2025-04-25T09:20:00+05:30,18.25,-0.90,-67.50,50.00,-117.50,23250,NIFTY_23250_PE_30_APR_25.csv,2025-04-24T15:20:00+05:30,20.0,2025-04-25T09:20:00+05:30,14.6,4.40,330.00,50.00,280.00,262.50,100.00,162.50,
2025-04-25,Friday,TRADED,,2025-04-30,current_week,2025-04-28,2025-04-25T15:20:00+05:30,24034.8,24050,CE:10.00-15.00 PE:10.00-15.00,24750,NIFTY_24750_CE_30_APR_25.csv,2025-04-25T15:20:00+05:30,14.35,2025-04-28T09:20:00+05:30,11.0,2.35,176.25,50.00,126.25,22700,NIFTY_22700_PE_30_APR_25.csv,2025-04-25T15:20:00+05:30,14.1,2025-04-28T09:20:00+05:30,7.65,5.45,408.75,50.00,358.75,585.00,100.00,485.00,
2025-04-28,Monday,TRADED,,2025-04-30,current_week,2025-04-29,2025-04-28T15:20:00+05:30,24336.5,24350,CE:5.00-10.00 PE:5.00-10.00,24750,NIFTY_24750_CE_30_APR_25.csv,2025-04-28T15:20:00+05:30,9.85,2025-04-29T09:20:00+05:30,11.35,-2.50,-187.50,50.00,-237.50,23050,NIFTY_23050_PE_30_APR_25.csv,2025-04-28T15:20:00+05:30,10.0,2025-04-29T09:20:00+05:30,4.55,4.45,333.75,50.00,283.75,146.25,100.00,46.25,
2025-04-29,Tuesday,TRADED,,2025-04-30,current_week,2025-04-30,2025-04-29T15:20:00+05:30,24338.85,24350,CE:20.00-30.00(fallback) PE:20.00-25.00,24400,NIFTY_24400_CE_30_APR_25.csv,2025-04-29T15:20:00+05:30,28.35,2025-04-30T09:20:00+05:30,14.1,13.25,993.75,50.00,943.75,24200,NIFTY_24200_PE_30_APR_25.csv,2025-04-29T15:20:00+05:30,23.85,2025-04-30T09:20:00+05:30,12.45,10.40,780.00,50.00,730.00,1773.75,100.00,1673.75,
2025-04-30,Wednesday,TRADED,,2025-05-08,next_week,2025-05-02,2025-04-30T15:20:00+05:30,24323.75,24300,CE:20.00-25.00 PE:20.00-25.00,25050,NIFTY_25050_CE_08_MAY_25.csv,2025-04-30T15:20:00+05:30,20.39,2025-05-02T09:20:00+05:30,19.64,-0.25,-18.75,50.00,-68.75,22900,NIFTY_22900_PE_08_MAY_25.csv,2025-04-30T15:20:00+05:30,24.2,2025-05-02T09:20:00+05:30,14.8,8.40,630.00,50.00,580.00,611.25,100.00,511.25,
2025-05-02,Friday,TRADED,,2025-05-08,current_week,2025-05-05,2025-05-02T15:20:00+05:30,24329.05,24350,CE:10.00-15.00 PE:10.00-15.00,25000,NIFTY_25000_CE_08_MAY_25.csv,2025-05-02T15:20:00+05:30,12.45,2025-05-05T09:20:00+05:30,12.5,-1.05,-78.75,50.00,-128.75,22850,NIFTY_22850_PE_08_MAY_25.csv,2025-05-02T15:20:00+05:30,14.95,2025-05-05T09:20:00+05:30,6.55,7.40,555.00,50.00,505.00,476.25,100.00,376.25,
2025-05-05,Monday,TRADED,,2025-05-08,current_week,2025-05-06,2025-05-05T15:20:00+05:30,24470.15,24450,CE:5.00-10.00 PE:5.00-10.00,24900,NIFTY_24900_CE_08_MAY_25.csv,2025-05-05T15:20:00+05:30,9.85,2025-05-06T09:20:00+05:30,8.0,0.85,63.75,50.00,13.75,23200,NIFTY_23200_PE_08_MAY_25.csv,2025-05-05T15:20:00+05:30,9.94,2025-05-06T09:20:00+05:30,6.55,2.39,179.25,50.00,129.25,243.00,100.00,143.00,
2025-05-06,Tuesday,TRADED,,2025-05-08,current_week,2025-05-07,2025-05-06T15:20:00+05:30,24364.6,24350,CE:20.00-25.00 PE:20.00-25.00,24500,NIFTY_24500_CE_08_MAY_25.csv,2025-05-06T15:20:00+05:30,23.1,2025-05-07T09:20:00+05:30,31.7,-9.60,-720.00,50.00,-770.00,23900,NIFTY_23900_PE_08_MAY_25.csv,2025-05-06T15:20:00+05:30,24.0,2025-05-07T09:20:00+05:30,27.85,-4.85,-363.75,50.00,-413.75,-1083.75,100.00,-1183.75,
2025-05-07,Wednesday,TRADED,,2025-05-08,current_week,2025-05-08,2025-05-07T15:20:00+05:30,24409.75,24400,CE:20.00-30.00(fallback) PE:20.00-25.00,24450,NIFTY_24450_CE_08_MAY_25.csv,2025-05-07T15:20:00+05:30,27.65,2025-05-08T09:20:00+05:30,15.65,11.00,825.00,50.00,775.00,24000,NIFTY_24000_PE_08_MAY_25.csv,2025-05-07T15:20:00+05:30,23.2,2025-05-08T09:20:00+05:30,3.15,19.05,1428.75,50.00,1378.75,2253.75,100.00,2153.75,
2025-05-08,Thursday,TRADED,,2025-05-15,next_week,2025-05-09,2025-05-08T15:20:00+05:30,24266.1,24250,CE:15.00-20.00 PE:15.00-20.00,25000,NIFTY_25000_CE_15_MAY_25.csv,2025-05-08T15:20:00+05:30,17.45,2025-05-09T09:20:00+05:30,12.45,4.00,300.00,50.00,250.00,20900,NIFTY_20900_PE_15_MAY_25.csv,2025-05-08T15:20:00+05:30,19.8,2025-05-09T09:20:00+05:30,21.0,-2.20,-165.00,50.00,-215.00,135.00,100.00,35.00,
2025-05-09,Friday,TRADED,,2025-05-15,current_week,2025-05-12,2025-05-09T15:20:00+05:30,24017.6,24000,CE:10.00-15.00 PE:10.00-15.00,24800,NIFTY_24800_CE_15_MAY_25.csv,2025-05-09T15:20:00+05:30,12.75,2025-05-12T09:20:00+05:30,54.25,-42.50,-3187.50,50.00,-3237.50,21300,NIFTY_21300_PE_15_MAY_25.csv,2025-05-09T15:20:00+05:30,14.8,2025-05-12T09:20:00+05:30,2.6,11.20,840.00,50.00,790.00,-2347.50,100.00,-2447.50,
2025-05-12,Monday,TRADED,,2025-05-15,current_week,2025-05-13,2025-05-12T15:20:00+05:30,24941.45,24950,CE:5.00-10.00 PE:5.00-10.00,25800,NIFTY_25800_CE_15_MAY_25.csv,2025-05-12T15:20:00+05:30,9.69,2025-05-13T09:20:00+05:30,7.25,1.44,108.00,50.00,58.00,23450,NIFTY_23450_PE_15_MAY_25.csv,2025-05-12T15:20:00+05:30,9.8,2025-05-13T09:20:00+05:30,7.3,1.50,112.50,50.00,62.50,220.50,100.00,120.50,
2025-05-13,Tuesday,TRADED,,2025-05-15,current_week,2025-05-14,2025-05-13T15:20:00+05:30,24580.05,24600,CE:20.00-25.00 PE:20.00-25.00,25050,NIFTY_25050_CE_15_MAY_25.csv,2025-05-13T15:20:00+05:30,23.9,2025-05-14T09:20:00+05:30,18.45,4.45,333.75,50.00,283.75,24150,NIFTY_24150_PE_15_MAY_25.csv,2025-05-13T15:20:00+05:30,22.5,2025-05-14T09:20:00+05:30,12.1,9.40,705.00,50.00,655.00,1038.75,100.00,938.75,
2025-05-14,Wednesday,TRADED,,2025-05-15,current_week,2025-05-15,2025-05-14T15:20:00+05:30,24658.15,24650,CE:20.00-30.00(fallback) PE:20.00-25.00,24850,NIFTY_24850_CE_15_MAY_25.csv,2025-05-14T15:20:00+05:30,27.0,2025-05-15T09:20:00+05:30,13.1,12.90,967.50,50.00,917.50,24400,NIFTY_24400_PE_15_MAY_25.csv,2025-05-14T15:20:00+05:30,24.35,2025-05-15T09:20:00+05:30,17.39,5.96,447.00,50.00,397.00,1414.50,100.00,1314.50,
2025-05-15,Thursday,TRADED,,2025-05-22,next_week,2025-05-16,2025-05-15T15:20:00+05:30,25050.45,25050,CE:15.00-20.00 PE:15.00-20.00,25700,NIFTY_25700_CE_22_MAY_25.csv,2025-05-15T15:20:00+05:30,19.89,2025-05-16T09:20:00+05:30,23.3,-4.41,-330.75,50.00,-380.75,23900,NIFTY_23900_PE_22_MAY_25.csv,2025-05-15T15:20:00+05:30,20.0,2025-05-16T09:20:00+05:30,15.25,3.75,281.25,50.00,231.25,-49.50,100.00,-149.50,
2025-05-16,Friday,TRADED,,2025-05-22,current_week,2025-05-19,2025-05-16T15:20:00+05:30,25017.5,25000,CE:10.00-15.00 PE:10.00-15.00,25800,NIFTY_25800_CE_22_MAY_25.csv,2025-05-16T15:20:00+05:30,13.05,2025-05-19T09:20:00+05:30,11.4,0.65,48.75,50.00,-1.25,24000,NIFTY_24000_PE_22_MAY_25.csv,2025-05-16T15:20:00+05:30,14.15,2025-05-19T09:20:00+05:30,10.05,3.10,232.50,50.00,182.50,281.25,100.00,181.25,
2025-05-19,Monday,TRADED,,2025-05-22,current_week,2025-05-20,2025-05-19T15:20:00+05:30,24944.85,24950,CE:5.00-10.00 PE:5.00-10.00,25700,NIFTY_25700_CE_22_MAY_25.csv,2025-05-19T15:20:00+05:30,9.5,2025-05-20T09:20:00+05:30,8.4,0.10,7.50,50.00,-42.50,24050,NIFTY_24050_PE_22_MAY_25.csv,2025-05-19T15:20:00+05:30,9.19,2025-05-20T09:20:00+05:30,5.15,3.04,228.00,50.00,178.00,235.50,100.00,135.50,
2025-05-20,Tuesday,TRADED,,2025-05-22,current_week,2025-05-21,2025-05-20T15:20:00+05:30,24676.6,24700,CE:20.00-25.00 PE:20.00-25.00,25150,NIFTY_25150_CE_22_MAY_25.csv,2025-05-20T15:20:00+05:30,23.15,2025-05-21T09:20:00+05:30,16.7,5.45,408.75,50.00,358.75,24350,NIFTY_24350_PE_22_MAY_25.csv,2025-05-20T15:20:00+05:30,20.85,2025-05-21T09:20:00+05:30,16.89,2.96,222.00,50.00,172.00,630.75,100.00,530.75,
2025-05-21,Wednesday,TRADED,,2025-05-22,current_week,2025-05-22,2025-05-21T15:20:00+05:30,24811.05,24800,CE:20.00-25.00 PE:20.00-25.00,25100,NIFTY_25100_CE_22_MAY_25.csv,2025-05-21T15:20:00+05:30,22.85,2025-05-22T09:20:00+05:30,10.65,11.20,840.00,50.00,790.00,24500,NIFTY_24500_PE_22_MAY_25.csv,2025-05-21T15:20:00+05:30,22.55,2025-05-22T09:20:00+05:30,50.45,-28.90,-2167.50,50.00,-2217.50,-1327.50,100.00,-1427.50,
2025-05-22,Thursday,TRADED,,2025-05-29,next_week,2025-05-23,2025-05-22T15:20:00+05:30,24615.1,24600,CE:15.00-20.00 PE:15.00-20.00,25400,NIFTY_25400_CE_29_MAY_25.csv,2025-05-22T15:20:00+05:30,19.64,2025-05-23T09:20:00+05:30,15.9,2.74,205.50,50.00,155.50,23800,NIFTY_23800_PE_29_MAY_25.csv,2025-05-22T15:20:00+05:30,19.39,2025-05-23T09:20:00+05:30,18.5,-0.11,-8.25,50.00,-58.25,197.25,100.00,97.25,
2025-05-23,Friday,TRADED,,2025-05-29,current_week,2025-05-26,2025-05-23T15:20:00+05:30,24856.45,24850,CE:10.00-15.00 PE:10.00-15.00,25600,NIFTY_25600_CE_29_MAY_25.csv,2025-05-23T15:20:00+05:30,14.7,2025-05-26T09:20:00+05:30,30.95,-17.25,-1293.75,50.00,-1343.75,23850,NIFTY_23850_PE_29_MAY_25.csv,2025-05-23T15:20:00+05:30,14.15,2025-05-26T09:20:00+05:30,8.5,4.65,348.75,50.00,298.75,-945.00,100.00,-1045.00,
2025-05-26,Monday,TRADED,,2025-05-29,current_week,2025-05-27,2025-05-26T15:20:00+05:30,25002.05,25000,CE:5.00-10.00 PE:5.00-10.00,25850,NIFTY_25850_CE_29_MAY_25.csv,2025-05-26T15:20:00+05:30,8.05,2025-05-27T09:20:00+05:30,6.25,0.80,60.00,50.00,10.00,23950,NIFTY_23950_PE_29_MAY_25.csv,2025-05-26T15:20:00+05:30,10.0,2025-05-27T09:20:00+05:30,13.5,-4.50,-337.50,50.00,-387.50,-277.50,100.00,-377.50,
2025-05-27,Tuesday,TRADED,,2025-05-29,current_week,2025-05-28,2025-05-27T15:20:00+05:30,24825.6,24850,CE:20.00-25.00 PE:20.00-25.00,25450,NIFTY_25450_CE_29_MAY_25.csv,2025-05-27T15:20:00+05:30,22.4,2025-05-28T09:20:00+05:30,24.1,-2.70,-202.50,50.00,-252.50,24250,NIFTY_24250_PE_29_MAY_25.csv,2025-05-27T15:20:00+05:30,20.65,2025-05-28T09:20:00+05:30,23.5,-3.85,-288.75,50.00,-338.75,-491.25,100.00,-591.25,
2025-05-28,Wednesday,TRADED,,2025-05-29,current_week,2025-05-29,2025-05-28T15:20:00+05:30,24747.7,24750,CE:20.00-25.00 PE:20.00-25.00,25100,NIFTY_25100_CE_29_MAY_25.csv,2025-05-28T15:20:00+05:30,24.35,2025-05-29T09:20:00+05:30,14.25,9.10,682.50,50.00,632.50,24450,NIFTY_24450_PE_29_MAY_25.csv,2025-05-28T15:20:00+05:30,20.9,2025-05-29T09:20:00+05:30,5.2,14.70,1102.50,50.00,1052.50,1785.00,100.00,1685.00,
2025-05-29,Thursday,TRADED,,2025-06-05,next_week,2025-05-30,2025-05-29T15:20:00+05:30,24854.1,24850,CE:15.00-20.00 PE:15.00-20.00,25700,NIFTY_25700_CE_05_JUN_25.csv,2025-05-29T15:20:00+05:30,17.1,2025-05-30T09:20:00+05:30,12.25,3.85,288.75,50.00,238.75,24100,NIFTY_24100_PE_05_JUN_25.csv,2025-05-29T15:20:00+05:30,17.85,2025-05-30T09:20:00+05:30,20.55,-3.70,-277.50,50.00,-327.50,11.25,100.00,-88.75,
2025-05-30,Friday,TRADED,,2025-06-05,current_week,2025-06-02,2025-05-30T15:20:00+05:30,24746.95,24750,CE:10.00-15.00 PE:10.00-15.00,25600,NIFTY_25600_CE_05_JUN_25.csv,2025-05-30T15:20:00+05:30,14.45,2025-06-02T09:20:00+05:30,8.15,5.30,397.50,50.00,347.50,23950,NIFTY_23950_PE_05_JUN_25.csv,2025-05-30T15:20:00+05:30,13.8,2025-06-02T09:20:00+05:30,35.4,-22.60,-1695.00,50.00,-1745.00,-1297.50,100.00,-1397.50,
2025-06-02,Monday,TRADED,,2025-06-05,current_week,2025-06-03,2025-06-02T15:20:00+05:30,24716.45,24700,CE:5.00-10.00 PE:5.00-10.00,25650,NIFTY_25650_CE_05_JUN_25.csv,2025-06-02T15:20:00+05:30,8.1,2025-06-03T09:20:00+05:30,8.9,-1.80,-135.00,50.00,-185.00,23750,NIFTY_23750_PE_05_JUN_25.csv,2025-06-02T15:20:00+05:30,8.5,2025-06-03T09:20:00+05:30,10.15,-2.65,-198.75,50.00,-248.75,-333.75,100.00,-433.75,
2025-06-03,Tuesday,TRADED,,2025-06-05,current_week,2025-06-04,2025-06-03T15:20:00+05:30,24544.35,24550,CE:20.00-25.00 PE:20.00-25.00,25050,NIFTY_25050_CE_05_JUN_25.csv,2025-06-03T15:20:00+05:30,24.35,2025-06-04T09:20:00+05:30,14.75,8.60,645.00,50.00,595.00,24200,NIFTY_24200_PE_05_JUN_25.csv,2025-06-03T15:20:00+05:30,23.8,2025-06-04T09:20:00+05:30,15.95,6.85,513.75,50.00,463.75,1158.75,100.00,1058.75,
2025-06-04,Wednesday,TRADED,,2025-06-05,current_week,2025-06-05,2025-06-04T15:20:00+05:30,24608.75,24600,CE:20.00-25.00 PE:20.00-30.00(fallback),24850,NIFTY_24850_CE_05_JUN_25.csv,2025-06-04T15:20:00+05:30,24.25,2025-06-05T09:20:00+05:30,9.45,13.80,1035.00,50.00,985.00,24450,NIFTY_24450_PE_05_JUN_25.csv,2025-06-04T15:20:00+05:30,26.3,2025-06-05T09:20:00+05:30,11.45,13.85,1038.75,50.00,988.75,2073.75,100.00,1973.75,
2025-06-05,Thursday,TRADED,,2025-06-12,next_week,2025-06-06,2025-06-05T15:20:00+05:30,24767.95,24750,CE:15.00-20.00 PE:15.00-20.00,25450,NIFTY_25450_CE_12_JUN_25.csv,2025-06-05T15:20:00+05:30,19.35,2025-06-06T09:20:00+05:30,16.3,2.05,153.75,50.00,103.75,24000,NIFTY_24000_PE_12_JUN_25.csv,2025-06-05T15:20:00+05:30,18.35,2025-06-06T09:20:00+05:30,15.35,2.00,150.00,50.00,100.00,303.75,100.00,203.75,
2025-06-06,Friday,TRADED,,2025-06-12,current_week,2025-06-09,2025-06-06T15:20:00+05:30,25000.05,25000,CE:10.00-15.00 PE:10.00-15.00,25600,NIFTY_25600_CE_12_JUN_25.csv,2025-06-06T15:20:00+05:30,13.25,2025-06-09T09:20:00+05:30,20.4,-8.15,-611.25,50.00,-661.25,24250,NIFTY_24250_PE_12_JUN_25.csv,2025-06-06T15:20:00+05:30,13.95,2025-06-09T09:20:00+05:30,8.25,4.70,352.50,50.00,302.50,-258.75,100.00,-358.75,
2025-06-09,Monday,TRADED,,2025-06-12,current_week,2025-06-10,2025-06-09T15:20:00+05:30,25103.35,25100,CE:5.00-10.00 PE:5.00-10.00,25650,NIFTY_25650_CE_12_JUN_25.csv,2025-06-09T15:20:00+05:30,9.6,2025-06-10T09:20:00+05:30,8.35,0.25,18.75,50.00,-31.25,24400,NIFTY_24400_PE_12_JUN_25.csv,2025-06-09T15:20:00+05:30,8.8,2025-06-10T09:20:00+05:30,6.65,1.15,86.25,50.00,36.25,105.00,100.00,5.00,
2025-06-10,Tuesday,TRADED,,2025-06-12,current_week,2025-06-11,2025-06-10T15:20:00+05:30,25108.85,25100,CE:20.00-30.00(fallback) PE:20.00-25.00,25300,NIFTY_25300_CE_12_JUN_25.csv,2025-06-10T15:20:00+05:30,26.5,2025-06-11T09:20:00+05:30,23.5,2.00,150.00,50.00,100.00,24800,NIFTY_24800_PE_12_JUN_25.csv,2025-06-10T15:20:00+05:30,21.05,2025-06-11T09:20:00+05:30,12.5,7.55,566.25,50.00,516.25,716.25,100.00,616.25,
2025-06-11,Wednesday,TRADED,,2025-06-12,current_week,2025-06-12,2025-06-11T15:20:00+05:30,25136.8,25150,CE:20.00-25.00 PE:20.00-25.00,25300,NIFTY_25300_CE_12_JUN_25.csv,2025-06-11T15:20:00+05:30,22.0,2025-06-12T09:20:00+05:30,15.45,5.55,416.25,50.00,366.25,24950,NIFTY_24950_PE_12_JUN_25.csv,2025-06-11T15:20:00+05:30,22.75,2025-06-12T09:20:00+05:30,8.75,13.00,975.00,50.00,925.00,1391.25,100.00,1291.25,
2025-06-12,Thursday,TRADED,,2025-06-19,next_week,2025-06-13,2025-06-12T15:20:00+05:30,24876.6,24900,CE:15.00-20.00 PE:15.00-20.00,25500,NIFTY_25500_CE_19_JUN_25.csv,2025-06-12T15:20:00+05:30,18.6,2025-06-13T09:20:00+05:30,9.6,8.00,600.00,50.00,550.00,24200,NIFTY_24200_PE_19_JUN_25.csv,2025-06-12T15:20:00+05:30,19.6,2025-06-13T09:20:00+05:30,69.75,-51.15,-3836.25,50.00,-3886.25,-3236.25,100.00,-3336.25,
2025-06-13,Friday,TRADED,,2025-06-19,current_week,2025-06-16,2025-06-13T15:20:00+05:30,24718.7,24700,CE:10.00-15.00 PE:10.00-15.00,25350,NIFTY_25350_CE_19_JUN_25.csv,2025-06-13T15:20:00+05:30,13.65,2025-06-16T09:20:00+05:30,12.5,0.15,11.25,50.00,-38.75,23500,NIFTY_23500_PE_19_JUN_25.csv,2025-06-13T15:20:00+05:30,14.95,2025-06-16T09:20:00+05:30,6.35,7.60,570.00,50.00,520.00,581.25,100.00,481.25,
2025-06-16,Monday,TRADED,,2025-06-19,current_week,2025-06-17,2025-06-16T15:20:00+05:30,24954.75,24950,CE:5.00-10.00 PE:5.00-10.00,25500,NIFTY_25500_CE_19_JUN_25.csv,2025-06-16T15:20:00+05:30,8.55,2025-06-17T09:20:00+05:30,7.15,0.40,30.00,50.00,-20.00,23800,NIFTY_23800_PE_19_JUN_25.csv,2025-06-16T15:20:00+05:30,9.6,2025-06-17T09:20:00+05:30,6.9,1.70,127.50,50.00,77.50,157.50,100.00,57.50,
2025-06-17,Tuesday,TRADED,,2025-06-19,current_week,2025-06-18,2025-06-17T15:20:00+05:30,24844.8,24850,CE:20.00-25.00 PE:20.00-25.00,25100,NIFTY_25100_CE_19_JUN_25.csv,2025-06-17T15:20:00+05:30,22.3,2025-06-18T09:20:00+05:30,17.15,4.15,311.25,50.00,261.25,24450,NIFTY_24450_PE_19_JUN_25.csv,2025-06-17T15:20:00+05:30,24.0,2025-06-18T09:20:00+05:30,15.25,7.75,581.25,50.00,531.25,892.50,100.00,792.50,
2025-06-18,Wednesday,TRADED,,2025-06-19,current_week,2025-06-19,2025-06-18T15:20:00+05:30,24810.75,24800,CE:20.00-25.00 PE:20.00-25.00,25000,NIFTY_25000_CE_19_JUN_25.csv,2025-06-18T15:20:00+05:30,21.7,2025-06-19T09:20:00+05:30,8.0,12.70,952.50,50.00,902.50,24550,NIFTY_24550_PE_19_JUN_25.csv,2025-06-18T15:20:00+05:30,21.35,2025-06-19T09:20:00+05:30,10.55,9.80,735.00,50.00,685.00,1687.50,100.00,1587.50,
2025-06-19,Thursday,TRADED,,2025-06-26,next_week,2025-06-20,2025-06-19T15:20:00+05:30,24789.15,24800,CE:15.00-20.00 PE:15.00-20.00,25450,NIFTY_25450_CE_26_JUN_25.csv,2025-06-19T15:20:00+05:30,16.5,2025-06-20T09:20:00+05:30,15.15,0.35,26.25,50.00,-23.75,23750,NIFTY_23750_PE_26_JUN_25.csv,2025-06-19T15:20:00+05:30,19.45,2025-06-20T09:20:00+05:30,9.1,9.35,701.25,50.00,651.25,727.50,100.00,627.50,
2025-06-20,Friday,TRADED,,2025-06-26,current_week,2025-06-23,2025-06-20T15:20:00+05:30,25125.5,25150,CE:10.00-15.00 PE:10.00-15.00,25650,NIFTY_25650_CE_26_JUN_25.csv,2025-06-20T15:20:00+05:30,11.6,2025-06-23T09:20:00+05:30,5.0,5.60,420.00,50.00,370.00,24000,NIFTY_24000_PE_26_JUN_25.csv,2025-06-20T15:20:00+05:30,14.5,2025-06-23T09:20:00+05:30,11.6,1.90,142.50,50.00,92.50,562.50,100.00,462.50,
2025-06-23,Monday,TRADED,,2025-06-26,current_week,2025-06-24,2025-06-23T15:20:00+05:30,24975.9,25000,CE:5.00-10.00 PE:5.00-10.00,25450,NIFTY_25450_CE_26_JUN_25.csv,2025-06-23T15:20:00+05:30,9.65,2025-06-24T09:20:00+05:30,42.25,-33.60,-2520.00,50.00,-2570.00,24050,NIFTY_24050_PE_26_JUN_25.csv,2025-06-23T15:20:00+05:30,9.55,2025-06-24T09:20:00+05:30,3.4,5.15,386.25,50.00,336.25,-2133.75,100.00,-2233.75,
2025-06-24,Tuesday,TRADED,,2025-06-26,current_week,2025-06-25,2025-06-24T15:20:00+05:30,25054.65,25050,CE:20.00-30.00(fallback) PE:20.00-25.00,25350,NIFTY_25350_CE_26_JUN_25.csv,2025-06-24T15:20:00+05:30,25.2,2025-06-25T09:20:00+05:30,29.4,-5.20,-390.00,50.00,-440.00,24750,NIFTY_24750_PE_26_JUN_25.csv,2025-06-24T15:20:00+05:30,20.65,2025-06-25T09:20:00+05:30,8.85,10.80,810.00,50.00,760.00,420.00,100.00,320.00,
2025-06-25,Wednesday,TRADED,,2025-06-26,current_week,2025-06-26,2025-06-25T15:20:00+05:30,25246.4,25250,CE:20.00-25.00 PE:20.00-25.00,25400,NIFTY_25400_CE_26_JUN_25.csv,2025-06-25T15:20:00+05:30,20.4,2025-06-26T09:20:00+05:30,20.2,-0.80,-60.00,50.00,-110.00,25050,NIFTY_25050_PE_26_JUN_25.csv,2025-06-25T15:20:00+05:30,22.9,2025-06-26T09:20:00+05:30,9.6,12.30,922.50,50.00,872.50,862.50,100.00,762.50,
2025-06-26,Thursday,TRADED,,2025-07-03,next_week,2025-06-27,2025-06-26T15:20:00+05:30,25540.8,25550,CE:15.00-20.00 PE:15.00-20.00,26050,NIFTY_26050_CE_03_JUL_25.csv,2025-06-26T15:20:00+05:30,18.4,2025-06-27T09:20:00+05:30,28.8,-11.40,-855.00,50.00,-905.00,24700,NIFTY_24700_PE_03_JUL_25.csv,2025-06-26T15:20:00+05:30,18.9,2025-06-27T09:20:00+05:30,10.9,7.00,525.00,50.00,475.00,-330.00,100.00,-430.00,
2025-06-27,Friday,TRADED,,2025-07-03,current_week,2025-06-30,2025-06-27T15:20:00+05:30,25646.1,25650,CE:10.00-15.00 PE:10.00-15.00,26150,NIFTY_26150_CE_03_JUL_25.csv,2025-06-27T15:20:00+05:30,13.15,2025-06-30T09:20:00+05:30,11.6,0.55,41.25,50.00,-8.75,24950,NIFTY_24950_PE_03_JUL_25.csv,2025-06-27T15:20:00+05:30,14.0,2025-06-30T09:20:00+05:30,11.85,1.15,86.25,50.00,36.25,127.50,100.00,27.50,
2025-06-30,Monday,TRADED,,2025-07-03,current_week,2025-07-01,2025-06-30T15:20:00+05:30,25516.35,25500,CE:5.00-10.00 PE:5.00-10.00,26100,NIFTY_26100_CE_03_JUL_25.csv,2025-06-30T15:20:00+05:30,8.95,2025-07-01T09:20:00+05:30,8.2,-0.25,-18.75,50.00,-68.75,24900,NIFTY_24900_PE_03_JUL_25.csv,2025-06-30T15:20:00+05:30,8.6,2025-07-01T09:20:00+05:30,7.55,0.05,3.75,50.00,-46.25,-15.00,100.00,-115.00,
2025-07-01,Tuesday,TRADED,,2025-07-03,current_week,2025-07-02,2025-07-01T15:20:00+05:30,25549.65,25550,CE:20.00-25.00 PE:20.00-25.00,25800,NIFTY_25800_CE_03_JUL_25.csv,2025-07-01T15:20:00+05:30,20.55,2025-07-02T09:20:00+05:30,19.25,0.30,22.50,50.00,-27.50,25350,NIFTY_25350_PE_03_JUL_25.csv,2025-07-01T15:20:00+05:30,23.55,2025-07-02T09:20:00+05:30,15.0,7.55,566.25,50.00,516.25,588.75,100.00,488.75,
2025-07-02,Wednesday,TRADED,,2025-07-03,current_week,2025-07-03,2025-07-02T15:20:00+05:30,25443.55,25450,CE:20.00-25.00 PE:20.00-25.00,25600,NIFTY_25600_CE_03_JUL_25.csv,2025-07-02T15:20:00+05:30,23.9,2025-07-03T09:20:00+05:30,25.15,-2.25,-168.75,50.00,-218.75,25300,NIFTY_25300_PE_03_JUL_25.csv,2025-07-02T15:20:00+05:30,21.7,2025-07-03T09:20:00+05:30,6.55,14.15,1061.25,50.00,1011.25,892.50,100.00,792.50,
2025-07-03,Thursday,TRADED,,2025-07-10,next_week,2025-07-04,2025-07-03T15:20:00+05:30,25415.35,25400,CE:15.00-20.00 PE:15.00-20.00,26000,NIFTY_26000_CE_10_JUL_25.csv,2025-07-03T15:20:00+05:30,16.35,2025-07-04T09:20:00+05:30,13.45,1.90,142.50,50.00,92.50,24850,NIFTY_24850_PE_10_JUL_25.csv,2025-07-03T15:20:00+05:30,17.7,2025-07-04T09:20:00+05:30,18.8,-2.10,-157.50,50.00,-207.50,-15.00,100.00,-115.00,
2025-07-04,Friday,TRADED,,2025-07-10,current_week,2025-07-07,2025-07-04T15:20:00+05:30,25457.1,25450,CE:10.00-15.00 PE:10.00-15.00,25950,NIFTY_25950_CE_10_JUL_25.csv,2025-07-04T15:20:00+05:30,14.55,2025-07-07T09:20:00+05:30,10.6,2.95,221.25,50.00,171.25,24850,NIFTY_24850_PE_10_JUL_25.csv,2025-07-04T15:20:00+05:30,13.2,2025-07-07T09:20:00+05:30,9.85,2.35,176.25,50.00,126.25,397.50,100.00,297.50,
2025-07-07,Monday,TRADED,,2025-07-10,current_week,2025-07-08,2025-07-07T15:20:00+05:30,25458.45,25450,CE:5.00-10.00 PE:5.00-10.00,25950,NIFTY_25950_CE_10_JUL_25.csv,2025-07-07T15:20:00+05:30,9.2,2025-07-08T09:20:00+05:30,7.75,0.45,33.75,50.00,-16.25,24850,NIFTY_24850_PE_10_JUL_25.csv,2025-07-07T15:20:00+05:30,8.6,2025-07-08T09:20:00+05:30,6.45,1.15,86.25,50.00,36.25,120.00,100.00,20.00,
2025-07-08,Tuesday,TRADED,,2025-07-10,current_week,2025-07-09,2025-07-08T15:20:00+05:30,25522.35,25500,CE:20.00-25.00 PE:20.00-25.00,25750,NIFTY_25750_CE_10_JUL_25.csv,2025-07-08T15:20:00+05:30,23.45,2025-07-09T09:20:00+05:30,11.75,10.70,802.50,50.00,752.50,25300,NIFTY_25300_PE_10_JUL_25.csv,2025-07-08T15:20:00+05:30,20.15,2025-07-09T09:20:00+05:30,17.55,1.60,120.00,50.00,70.00,922.50,100.00,822.50,
2025-07-09,Wednesday,TRADED,,2025-07-10,current_week,2025-07-10,2025-07-09T15:20:00+05:30,25471.1,25450,CE:20.00-30.00(fallback) PE:20.00-25.00,25600,NIFTY_25600_CE_10_JUL_25.csv,2025-07-09T15:20:00+05:30,27.0,2025-07-10T09:20:00+05:30,12.3,13.70,1027.50,50.00,977.50,25350,NIFTY_25350_PE_10_JUL_25.csv,2025-07-09T15:20:00+05:30,23.7,2025-07-10T09:20:00+05:30,10.7,12.00,900.00,50.00,850.00,1927.50,100.00,1827.50,
2025-07-10,Thursday,TRADED,,2025-07-17,next_week,2025-07-11,2025-07-10T15:20:00+05:30,25370.45,25350,CE:15.00-20.00 PE:15.00-20.00,25850,NIFTY_25850_CE_17_JUL_25.csv,2025-07-10T15:20:00+05:30,17.95,2025-07-11T09:20:00+05:30,9.7,7.25,543.75,50.00,493.75,24850,NIFTY_24850_PE_17_JUL_25.csv,2025-07-10T15:20:00+05:30,17.95,2025-07-11T09:20:00+05:30,19.85,-2.90,-217.50,50.00,-267.50,326.25,100.00,226.25,
2025-07-11,Friday,TRADED,,2025-07-17,current_week,2025-07-14,2025-07-11T15:20:00+05:30,25138.55,25150,CE:10.00-15.00 PE:10.00-15.00,25700,NIFTY_25700_CE_17_JUL_25.csv,2025-07-11T15:20:00+05:30,12.1,2025-07-14T09:20:00+05:30,7.5,3.60,270.00,50.00,220.00,24650,NIFTY_24650_PE_17_JUL_25.csv,2025-07-11T15:20:00+05:30,14.8,2025-07-14T09:20:00+05:30,13.0,0.80,60.00,50.00,10.00,330.00,100.00,230.00,
2025-07-14,Monday,TRADED,,2025-07-17,current_week,2025-07-15,2025-07-14T15:20:00+05:30,25080.3,25100,CE:5.00-10.00 PE:5.00-10.00,25650,NIFTY_25650_CE_17_JUL_25.csv,2025-07-14T15:20:00+05:30,8.4,2025-07-15T09:20:00+05:30,7.25,0.15,11.25,50.00,-38.75,24650,NIFTY_24650_PE_17_JUL_25.csv,2025-07-14T15:20:00+05:30,10.0,2025-07-15T09:20:00+05:30,6.55,2.45,183.75,50.00,133.75,195.00,100.00,95.00,
2025-07-15,Tuesday,TRADED,,2025-07-17,current_week,2025-07-16,2025-07-15T15:20:00+05:30,25205.15,25200,CE:20.00-25.00 PE:20.00-25.00,25400,NIFTY_25400_CE_17_JUL_25.csv,2025-07-15T15:20:00+05:30,21.9,2025-07-16T09:20:00+05:30,11.55,9.35,701.25,50.00,651.25,25050,NIFTY_25050_PE_17_JUL_25.csv,2025-07-15T15:20:00+05:30,21.25,2025-07-16T09:20:00+05:30,26.05,-5.80,-435.00,50.00,-485.00,266.25,100.00,166.25,
2025-07-16,Wednesday,TRADED,,2025-07-17,current_week,2025-07-17,2025-07-16T15:20:00+05:30,25209.5,25200,CE:20.00-30.00(fallback) PE:20.00-30.00(fallback),25300,NIFTY_25300_CE_17_JUL_25.csv,2025-07-16T15:20:00+05:30,27.1,2025-07-17T09:20:00+05:30,16.75,9.35,701.25,50.00,651.25,25150,NIFTY_25150_PE_17_JUL_25.csv,2025-07-16T15:20:00+05:30,26.4,2025-07-17T09:20:00+05:30,16.65,8.75,656.25,50.00,606.25,1357.50,100.00,1257.50,
2025-07-17,Thursday,TRADED,,2025-07-24,next_week,2025-07-18,2025-07-17T15:20:00+05:30,25113.65,25100,CE:15.00-20.00 PE:15.00-20.00,25550,NIFTY_25550_CE_24_JUL_25.csv,2025-07-17T15:20:00+05:30,19.05,2025-07-18T09:20:00+05:30,15.4,2.65,198.75,50.00,148.75,24650,NIFTY_24650_PE_24_JUL_25.csv,2025-07-17T15:20:00+05:30,17.1,2025-07-18T09:20:00+05:30,17.65,-1.55,-116.25,50.00,-166.25,82.50,100.00,-17.50,
2025-07-18,Friday,TRADED,,2025-07-24,current_week,2025-07-21,2025-07-18T15:20:00+05:30,24966.0,24950,CE:10.00-15.00 PE:10.00-15.00,25500,NIFTY_25500_CE_24_JUL_25.csv,2025-07-18T15:20:00+05:30,13.65,2025-07-21T09:20:00+05:30,8.5,4.15,311.25,50.00,261.25,24450,NIFTY_24450_PE_24_JUL_25.csv,2025-07-18T15:20:00+05:30,13.45,2025-07-21T09:20:00+05:30,7.6,4.85,363.75,50.00,313.75,675.00,100.00,575.00,
2025-07-21,Monday,TRADED,,2025-07-24,current_week,2025-07-22,2025-07-21T15:20:00+05:30,25096.4,25100,CE:5.00-10.00 PE:5.00-10.00,25550,NIFTY_25550_CE_24_JUL_25.csv,2025-07-21T15:20:00+05:30,7.5,2025-07-22T09:20:00+05:30,6.5,0.00,0.00,50.00,-50.00,24650,NIFTY_24650_PE_24_JUL_25.csv,2025-07-21T15:20:00+05:30,9.1,2025-07-22T09:20:00+05:30,6.8,1.30,97.50,50.00,47.50,97.50,100.00,-2.50,
2025-07-22,Tuesday,TRADED,,2025-07-24,current_week,2025-07-23,2025-07-22T15:20:00+05:30,25063.4,25050,CE:20.00-25.00 PE:20.00-30.00(fallback),25250,NIFTY_25250_CE_24_JUL_25.csv,2025-07-22T15:20:00+05:30,20.3,2025-07-23T09:20:00+05:30,23.3,-4.00,-300.00,50.00,-350.00,24950,NIFTY_24950_PE_24_JUL_25.csv,2025-07-22T15:20:00+05:30,26.4,2025-07-23T09:20:00+05:30,13.85,11.55,866.25,50.00,816.25,566.25,100.00,466.25,
2025-07-23,Wednesday,TRADED,,2025-07-24,current_week,2025-07-24,2025-07-23T15:20:00+05:30,25219.0,25200,CE:20.00-25.00 PE:20.00-25.00,25300,NIFTY_25300_CE_24_JUL_25.csv,2025-07-23T15:20:00+05:30,22.7,2025-07-24T09:20:00+05:30,11.85,9.85,738.75,50.00,688.75,25150,NIFTY_25150_PE_24_JUL_25.csv,2025-07-23T15:20:00+05:30,21.45,2025-07-24T09:20:00+05:30,17.6,2.85,213.75,50.00,163.75,952.50,100.00,852.50,
2025-07-24,Thursday,TRADED,,2025-07-31,next_week,2025-07-25,2025-07-24T15:20:00+05:30,25058.3,25050,CE:15.00-20.00 PE:15.00-20.00,25500,NIFTY_25500_CE_31_JUL_25.csv,2025-07-24T15:20:00+05:30,18.45,2025-07-25T09:20:00+05:30,10.95,6.50,487.50,50.00,437.50,24600,NIFTY_24600_PE_31_JUL_25.csv,2025-07-24T15:20:00+05:30,17.4,2025-07-25T09:20:00+05:30,30.6,-14.20,-1065.00,50.00,-1115.00,-577.50,100.00,-677.50,
2025-07-25,Friday,TRADED,,2025-07-31,current_week,2025-07-28,2025-07-25T15:20:00+05:30,24832.75,24850,CE:10.00-15.00 PE:10.00-15.00,25350,NIFTY_25350_CE_31_JUL_25.csv,2025-07-25T15:20:00+05:30,14.4,2025-07-28T09:20:00+05:30,10.4,3.00,225.00,50.00,175.00,24350,NIFTY_24350_PE_31_JUL_25.csv,2025-07-25T15:20:00+05:30,14.55,2025-07-28T09:20:00+05:30,14.7,-1.15,-86.25,50.00,-136.25,138.75,100.00,38.75,
2025-07-28,Monday,TRADED,,2025-07-31,current_week,2025-07-29,2025-07-28T15:20:00+05:30,24682.75,24700,CE:5.00-10.00 PE:5.00-10.00,25300,NIFTY_25300_CE_31_JUL_25.csv,2025-07-28T15:20:00+05:30,8.6,2025-07-29T09:20:00+05:30,7.5,0.10,7.50,50.00,-42.50,24200,NIFTY_24200_PE_31_JUL_25.csv,2025-07-28T15:20:00+05:30,9.6,2025-07-29T09:20:00+05:30,9.75,-1.15,-86.25,50.00,-136.25,-78.75,100.00,-178.75,
2025-07-29,Tuesday,TRADED,,2025-07-31,current_week,2025-07-30,2025-07-29T15:20:00+05:30,24829.1,24850,CE:20.00-25.00 PE:20.00-25.00,25050,NIFTY_25050_CE_31_JUL_25.csv,2025-07-29T15:20:00+05:30,23.0,2025-07-30T09:20:00+05:30,19.15,2.85,213.75,50.00,163.75,24650,NIFTY_24650_PE_31_JUL_25.csv,2025-07-29T15:20:00+05:30,21.2,2025-07-30T09:20:00+05:30,16.85,3.35,251.25,50.00,201.25,465.00,100.00,365.00,
2025-07-30,Wednesday,TRADED,,2025-07-31,current_week,2025-07-31,2025-07-30T15:20:00+05:30,24854.15,24850,CE:20.00-25.00 PE:20.00-25.00,25000,NIFTY_25000_CE_31_JUL_25.csv,2025-07-30T15:20:00+05:30,20.1,2025-07-31T09:20:00+05:30,4.05,15.05,1128.75,50.00,1078.75,24750,NIFTY_24750_PE_31_JUL_25.csv,2025-07-30T15:20:00+05:30,22.25,2025-07-31T09:20:00+05:30,113.4,-92.15,-6911.25,50.00,-6961.25,-5782.50,100.00,-5882.50,
2025-07-31,Thursday,TRADED,,2025-08-07,next_week,2025-08-01,2025-07-31T15:20:00+05:30,24754.2,24750,CE:15.00-20.00 PE:15.00-20.00,25300,NIFTY_25300_CE_07_AUG_25.csv,2025-07-31T15:20:00+05:30,18.95,2025-08-01T09:20:00+05:30,13.55,4.40,330.00,50.00,280.00,24100,NIFTY_24100_PE_07_AUG_25.csv,2025-07-31T15:20:00+05:30,17.45,2025-08-01T09:20:00+05:30,16.15,0.30,22.50,50.00,-27.50,352.50,100.00,252.50,
2025-08-01,Friday,TRADED,,2025-08-07,current_week,2025-08-04,2025-08-01T15:20:00+05:30,24551.1,24550,CE:10.00-15.00 PE:10.00-15.00,25150,NIFTY_25150_CE_07_AUG_25.csv,2025-08-01T15:20:00+05:30,13.1,2025-08-04T09:20:00+05:30,13.95,-1.85,-138.75,50.00,-188.75,23850,NIFTY_23850_PE_07_AUG_25.csv,2025-08-01T15:20:00+05:30,13.1,2025-08-04T09:20:00+05:30,6.55,5.55,416.25,50.00,366.25,277.50,100.00,177.50,
2025-08-04,Monday,TRADED,,2025-08-07,current_week,2025-08-05,2025-08-04T15:20:00+05:30,24723.35,24700,CE:5.00-10.00 PE:5.00-10.00,25200,NIFTY_25200_CE_07_AUG_25.csv,2025-08-04T15:20:00+05:30,9.25,2025-08-05T09:20:00+05:30,5.95,2.30,172.50,50.00,122.50,24100,NIFTY_24100_PE_07_AUG_25.csv,2025-08-04T15:20:00+05:30,8.55,2025-08-05T09:20:00+05:30,6.6,0.95,71.25,50.00,21.25,243.75,100.00,143.75,
2025-08-05,Tuesday,TRADED,,2025-08-07,current_week,2025-08-06,2025-08-05T15:20:00+05:30,24662.6,24650,CE:20.00-30.00(fallback) PE:20.00-30.00(fallback),24850,NIFTY_24850_CE_07_AUG_25.csv,2025-08-05T15:20:00+05:30,27.8,2025-08-06T09:20:00+05:30,24.45,2.35,176.25,50.00,126.25,24450,NIFTY_24450_PE_07_AUG_25.csv,2025-08-05T15:20:00+05:30,26.5,2025-08-06T09:20:00+05:30,24.4,1.10,82.50,50.00,32.50,258.75,100.00,158.75,
2025-08-06,Wednesday,TRADED,,2025-08-07,current_week,2025-08-07,2025-08-06T15:20:00+05:30,24575.55,24600,CE:20.00-30.00(fallback) PE:20.00-25.00,24700,NIFTY_24700_CE_07_AUG_25.csv,2025-08-06T15:20:00+05:30,28.85,2025-08-07T09:20:00+05:30,9.8,18.05,1353.75,50.00,1303.75,24400,NIFTY_24400_PE_07_AUG_25.csv,2025-08-06T15:20:00+05:30,20.2,2025-08-07T09:20:00+05:30,19.65,-0.45,-33.75,50.00,-83.75,1320.00,100.00,1220.00,
2025-08-07,Thursday,TRADED,,2025-08-14,next_week,2025-08-08,2025-08-07T15:20:00+05:30,24604.2,24600,CE:15.00-20.00 PE:15.00-20.00,25050,NIFTY_25050_CE_14_AUG_25.csv,2025-08-07T15:20:00+05:30,19.55,2025-08-08T09:20:00+05:30,15.65,2.90,217.50,50.00,167.50,24150,NIFTY_24150_PE_14_AUG_25.csv,2025-08-07T15:20:00+05:30,19.65,2025-08-08T09:20:00+05:30,21.35,-2.70,-202.50,50.00,-252.50,15.00,100.00,-85.00,
2025-08-08,Friday,TRADED,,2025-08-14,current_week,2025-08-11,2025-08-08T15:20:00+05:30,24345.45,24350,CE:10.00-15.00 PE:10.00-15.00,24900,NIFTY_24900_CE_14_AUG_25.csv,2025-08-08T15:20:00+05:30,14.25,2025-08-11T09:20:00+05:30,12.75,0.50,37.50,50.00,-12.50,23800,NIFTY_23800_PE_14_AUG_25.csv,2025-08-08T15:20:00+05:30,13.7,2025-08-11T09:20:00+05:30,7.65,5.05,378.75,50.00,328.75,416.25,100.00,316.25,
2025-08-11,Monday,TRADED,,2025-08-14,current_week,2025-08-12,2025-08-11T15:20:00+05:30,24574.4,24550,CE:5.00-10.00 PE:5.00-10.00,25000,NIFTY_25000_CE_14_AUG_25.csv,2025-08-11T15:20:00+05:30,8.05,2025-08-12T09:20:00+05:30,6.45,0.60,45.00,50.00,-5.00,24050,NIFTY_24050_PE_14_AUG_25.csv,2025-08-11T15:20:00+05:30,9.95,2025-08-12T09:20:00+05:30,6.65,2.30,172.50,50.00,122.50,217.50,100.00,117.50,
2025-08-12,Tuesday,TRADED,,2025-08-14,current_week,2025-08-13,2025-08-12T15:20:00+05:30,24490.75,24500,CE:20.00-25.00 PE:20.00-25.00,24700,NIFTY_24700_CE_14_AUG_25.csv,2025-08-12T15:20:00+05:30,23.5,2025-08-13T09:20:00+05:30,33.75,-11.25,-843.75,50.00,-893.75,24300,NIFTY_24300_PE_14_AUG_25.csv,2025-08-12T15:20:00+05:30,21.6,2025-08-13T09:20:00+05:30,10.45,10.15,761.25,50.00,711.25,-82.50,100.00,-182.50,
2025-08-13,Wednesday,TRADED,,2025-08-14,current_week,2025-08-14,2025-08-13T15:20:00+05:30,24617.3,24600,CE:20.00-25.00 PE:20.00-30.00(fallback),24750,NIFTY_24750_CE_14_AUG_25.csv,2025-08-13T15:20:00+05:30,21.55,2025-08-14T09:20:00+05:30,14.75,5.80,435.00,50.00,385.00,24550,NIFTY_24550_PE_14_AUG_25.csv,2025-08-13T15:20:00+05:30,28.25,2025-08-14T09:20:00+05:30,22.1,5.15,386.25,50.00,336.25,821.25,100.00,721.25,
2025-08-14,Thursday,TRADED,,2025-08-21,next_week,2025-08-18,2025-08-14T15:20:00+05:30,24627.7,24650,CE:15.00-20.00 PE:15.00-20.00,25100,NIFTY_25100_CE_21_AUG_25.csv,2025-08-14T15:20:00+05:30,19.4,2025-08-18T09:20:00+05:30,82.9,-64.50,-4837.50,50.00,-4887.50,24100,NIFTY_24100_PE_21_AUG_25.csv,2025-08-14T15:20:00+05:30,18.85,2025-08-18T09:20:00+05:30,4.75,13.10,982.50,50.00,932.50,-3855.00,100.00,-3955.00,
2025-08-18,Monday,TRADED,,2025-08-21,current_week,2025-08-19,2025-08-18T15:20:00+05:30,24876.2,24900,CE:5.00-10.00 PE:5.00-10.00,25400,NIFTY_25400_CE_21_AUG_25.csv,2025-08-18T15:20:00+05:30,7.6,2025-08-19T09:20:00+05:30,5.0,1.60,120.00,50.00,70.00,24450,NIFTY_24450_PE_21_AUG_25.csv,2025-08-18T15:20:00+05:30,9.65,2025-08-19T09:20:00+05:30,7.0,1.65,123.75,50.00,73.75,243.75,100.00,143.75,
2025-08-19,Tuesday,TRADED,,2025-08-21,current_week,2025-08-20,2025-08-19T15:20:00+05:30,24985.85,25000,CE:20.00-30.00(fallback) PE:20.00-30.00(fallback),25150,NIFTY_25150_CE_21_AUG_25.csv,2025-08-19T15:20:00+05:30,25.35,2025-08-20T09:20:00+05:30,13.4,10.95,821.25,50.00,771.25,24850,NIFTY_24850_PE_21_AUG_25.csv,2025-08-19T15:20:00+05:30,28.1,2025-08-20T09:20:00+05:30,35.8,-8.70,-652.50,50.00,-702.50,168.75,100.00,68.75,
2025-08-20,Wednesday,SKIPPED,no_valid_strangle,2025-08-21,current_week,2025-08-21,2025-08-20T15:20:00+05:30,25041.05,25050,20.00-25.00,,,,,,,0.00,0.00,0.00,0.00,,,,,,,0.00,0.00,0.00,0.00,0.00,0.00,0.00,"No OTM CE contract with premium in [20.00, 30.00] having both entry 2025-08-20T15:20:00+05:30 and exit 2025-08-21T09:20:00+05:30."
2025-08-21,Thursday,TRADED,,2025-08-28,next_week,2025-08-22,2025-08-21T15:20:00+05:30,25078.5,25100,CE:15.00-25.00(fallback) PE:15.00-20.00,25450,NIFTY_25450_CE_28_AUG_25.csv,2025-08-21T15:20:00+05:30,20.35,2025-08-22T09:20:00+05:30,11.7,7.65,573.75,50.00,523.75,24700,NIFTY_24700_PE_28_AUG_25.csv,2025-08-21T15:20:00+05:30,18.65,2025-08-22T09:20:00+05:30,23.55,-5.90,-442.50,50.00,-492.50,131.25,100.00,31.25,
2025-08-22,Friday,TRADED,,2025-08-28,current_week,2025-08-25,2025-08-22T15:20:00+05:30,24870.5,24850,CE:10.00-15.00 PE:10.00-15.00,25350,NIFTY_25350_CE_28_AUG_25.csv,2025-08-22T15:20:00+05:30,12.0,2025-08-25T09:20:00+05:30,8.6,2.40,180.00,50.00,130.00,24450,NIFTY_24450_PE_28_AUG_25.csv,2025-08-22T15:20:00+05:30,14.3,2025-08-25T09:20:00+05:30,7.85,5.45,408.75,50.00,358.75,588.75,100.00,488.75,
2025-08-25,Monday,TRADED,,2025-08-28,current_week,2025-08-26,2025-08-25T15:20:00+05:30,24969.15,24950,CE:5.00-10.00 PE:5.00-10.00,25300,NIFTY_25300_CE_28_AUG_25.csv,2025-08-25T15:20:00+05:30,8.1,2025-08-26T09:20:00+05:30,3.85,3.25,243.75,50.00,193.75,24650,NIFTY_24650_PE_28_AUG_25.csv,2025-08-25T15:20:00+05:30,8.05,2025-08-26T09:20:00+05:30,16.85,-9.80,-735.00,50.00,-785.00,-491.25,100.00,-591.25,
2025-08-26,Tuesday,TRADED,,2025-08-28,current_week,2025-08-28,2025-08-26T15:20:00+05:30,24695.8,24700,CE:20.00-25.00 PE:20.00-30.00(fallback),24900,NIFTY_24900_CE_28_AUG_25.csv,2025-08-26T15:20:00+05:30,22.4,2025-08-28T09:20:00+05:30,4.3,17.10,1282.50,50.00,1232.50,24600,NIFTY_24600_PE_28_AUG_25.csv,2025-08-26T15:20:00+05:30,26.55,2025-08-28T09:20:00+05:30,64.15,-38.60,-2895.00,50.00,-2945.00,-1612.50,100.00,-1712.50,
2025-08-28,Thursday,TRADED,,2025-09-02,next_week,2025-08-29,2025-08-28T15:20:00+05:30,24492.15,24500,CE:15.00-20.00 PE:15.00-20.00,24900,NIFTY_24900_CE_02_SEP_25.csv,2025-08-28T15:20:00+05:30,16.3,2025-08-29T09:20:00+05:30,14.05,1.25,93.75,50.00,43.75,24150,NIFTY_24150_PE_02_SEP_25.csv,2025-08-28T15:20:00+05:30,17.45,2025-08-29T09:20:00+05:30,15.95,0.50,37.50,50.00,-12.50,131.25,100.00,31.25,
2025-08-29,Friday,TRADED,,2025-09-02,current_week,2025-09-01,2025-08-29T15:20:00+05:30,24412.2,24400,CE:10.00-15.00 PE:10.00-15.00,24750,NIFTY_24750_CE_02_SEP_25.csv,2025-08-29T15:20:00+05:30,14.1,2025-09-01T09:20:00+05:30,13.45,-0.35,-26.25,50.00,-76.25,24150,NIFTY_24150_PE_02_SEP_25.csv,2025-08-29T15:20:00+05:30,13.65,2025-09-01T09:20:00+05:30,3.95,8.70,652.50,50.00,602.50,626.25,100.00,526.25,
2025-09-01,Monday,TRADED,,2025-09-02,current_week,2025-09-02,2025-09-01T15:20:00+05:30,24628.05,24650,CE:5.00-10.00 PE:5.00-10.00,24800,NIFTY_24800_CE_02_SEP_25.csv,2025-09-01T15:20:00+05:30,9.0,2025-09-02T09:20:00+05:30,6.6,1.40,105.00,50.00,55.00,24400,NIFTY_24400_PE_02_SEP_25.csv,2025-09-01T15:20:00+05:30,8.45,2025-09-02T09:20:00+05:30,2.5,4.95,371.25,50.00,321.25,476.25,100.00,376.25,
2025-09-02,Tuesday,TRADED,,2025-09-09,next_week,2025-09-03,2025-09-02T15:20:00+05:30,24586.3,24600,CE:20.00-25.00 PE:20.00-25.00,25000,NIFTY_25000_CE_09_SEP_25.csv,2025-09-02T15:20:00+05:30,21.3,2025-09-03T09:20:00+05:30,15.1,5.20,390.00,50.00,340.00,24150,NIFTY_24150_PE_09_SEP_25.csv,2025-09-02T15:20:00+05:30,21.25,2025-09-03T09:20:00+05:30,23.55,-3.30,-247.50,50.00,-297.50,142.50,100.00,42.50,
2025-09-03,Wednesday,TRADED,,2025-09-09,current_week,2025-09-04,2025-09-03T15:20:00+05:30,24727.8,24750,CE:20.00-25.00 PE:20.00-25.00,25050,NIFTY_25050_CE_09_SEP_25.csv,2025-09-03T15:20:00+05:30,20.45,2025-09-04T09:20:00+05:30,45.8,-26.35,-1976.25,50.00,-2026.25,24400,NIFTY_24400_PE_09_SEP_25.csv,2025-09-03T15:20:00+05:30,24.55,2025-09-04T09:20:00+05:30,12.15,11.40,855.00,50.00,805.00,-1121.25,100.00,-1221.25,
2025-09-04,Thursday,TRADED,,2025-09-09,current_week,2025-09-05,2025-09-04T15:20:00+05:30,24728.9,24750,CE:15.00-20.00 PE:15.00-20.00,25050,NIFTY_25050_CE_09_SEP_25.csv,2025-09-04T15:20:00+05:30,18.25,2025-09-05T09:20:00+05:30,22.1,-4.85,-363.75,50.00,-413.75,24450,NIFTY_24450_PE_09_SEP_25.csv,2025-09-04T15:20:00+05:30,18.9,2025-09-05T09:20:00+05:30,8.0,9.90,742.50,50.00,692.50,378.75,100.00,278.75,
2025-09-05,Friday,TRADED,,2025-09-09,current_week,2025-09-08,2025-09-05T15:20:00+05:30,24739.1,24750,CE:10.00-15.00 PE:10.00-15.00,25050,NIFTY_25050_CE_09_SEP_25.csv,2025-09-05T15:20:00+05:30,12.85,2025-09-08T09:20:00+05:30,7.9,3.95,296.25,50.00,246.25,24450,NIFTY_24450_PE_09_SEP_25.csv,2025-09-05T15:20:00+05:30,12.2,2025-09-08T09:20:00+05:30,5.85,5.35,401.25,50.00,351.25,697.50,100.00,597.50,
2025-09-08,Monday,TRADED,,2025-09-09,current_week,2025-09-09,2025-09-08T15:20:00+05:30,24773.75,24750,CE:5.00-10.00 PE:5.00-10.00,25000,NIFTY_25000_CE_09_SEP_25.csv,2025-09-08T15:20:00+05:30,9.15,2025-09-09T09:20:00+05:30,8.4,-0.25,-18.75,50.00,-68.75,24550,NIFTY_24550_PE_09_SEP_25.csv,2025-09-08T15:20:00+05:30,8.6,2025-09-09T09:20:00+05:30,3.05,4.55,341.25,50.00,291.25,322.50,100.00,222.50,
2025-09-09,Tuesday,TRADED,,2025-09-16,next_week,2025-09-10,2025-09-09T15:20:00+05:30,24868.0,24850,CE:20.00-30.00(fallback) PE:20.00-25.00,25200,NIFTY_25200_CE_16_SEP_25.csv,2025-09-09T15:20:00+05:30,25.8,2025-09-10T09:20:00+05:30,38.9,-14.10,-1057.50,50.00,-1107.50,24500,NIFTY_24500_PE_16_SEP_25.csv,2025-09-09T15:20:00+05:30,23.75,2025-09-10T09:20:00+05:30,14.4,8.35,626.25,50.00,576.25,-431.25,100.00,-531.25,
2025-09-10,Wednesday,TRADED,,2025-09-16,current_week,2025-09-11,2025-09-10T15:20:00+05:30,24981.3,25000,CE:20.00-25.00 PE:20.00-25.00,25300,NIFTY_25300_CE_16_SEP_25.csv,2025-09-10T15:20:00+05:30,22.3,2025-09-11T09:20:00+05:30,22.55,-1.25,-93.75,50.00,-143.75,24700,NIFTY_24700_PE_16_SEP_25.csv,2025-09-10T15:20:00+05:30,24.2,2025-09-11T09:20:00+05:30,18.6,4.60,345.00,50.00,295.00,251.25,100.00,151.25,
2025-09-11,Thursday,TRADED,,2025-09-16,current_week,2025-09-12,2025-09-11T15:20:00+05:30,25004.0,25000,CE:15.00-20.00 PE:15.00-20.00,25300,NIFTY_25300_CE_16_SEP_25.csv,2025-09-11T15:20:00+05:30,16.05,2025-09-12T09:20:00+05:30,16.1,-1.05,-78.75,50.00,-128.75,24750,NIFTY_24750_PE_16_SEP_25.csv,2025-09-11T15:20:00+05:30,18.45,2025-09-12T09:20:00+05:30,10.15,7.30,547.50,50.00,497.50,468.75,100.00,368.75,
2025-09-12,Friday,TRADED,,2025-09-16,current_week,2025-09-15,2025-09-12T15:20:00+05:30,25115.55,25100,CE:10.00-15.00 PE:10.00-15.00,25350,NIFTY_25350_CE_16_SEP_25.csv,2025-09-12T15:20:00+05:30,11.7,2025-09-15T09:20:00+05:30,5.55,5.15,386.25,50.00,336.25,24850,NIFTY_24850_PE_16_SEP_25.csv,2025-09-12T15:20:00+05:30,12.95,2025-09-15T09:20:00+05:30,8.45,3.50,262.50,50.00,212.50,648.75,100.00,548.75,
2025-09-15,Monday,TRADED,,2025-09-16,current_week,2025-09-16,2025-09-15T15:20:00+05:30,25065.05,25050,CE:5.00-10.00 PE:5.00-10.00,25250,NIFTY_25250_CE_16_SEP_25.csv,2025-09-15T15:20:00+05:30,8.4,2025-09-16T09:20:00+05:30,5.05,2.35,176.25,50.00,126.25,24900,NIFTY_24900_PE_16_SEP_25.csv,2025-09-15T15:20:00+05:30,8.6,2025-09-16T09:20:00+05:30,4.0,3.60,270.00,50.00,220.00,446.25,100.00,346.25,
2025-09-16,Tuesday,TRADED,,2025-09-23,next_week,2025-09-17,2025-09-16T15:20:00+05:30,25244.65,25250,CE:20.00-30.00(fallback) PE:20.00-25.00,25600,NIFTY_25600_CE_23_SEP_25.csv,2025-09-16T15:20:00+05:30,25.5,2025-09-17T09:20:00+05:30,28.0,-3.50,-262.50,50.00,-312.50,24900,NIFTY_24900_PE_23_SEP_25.csv,2025-09-16T15:20:00+05:30,23.5,2025-09-17T09:20:00+05:30,16.6,5.90,442.50,50.00,392.50,180.00,100.00,80.00,
2025-09-17,Wednesday,TRADED,,2025-09-23,current_week,2025-09-18,2025-09-17T15:20:00+05:30,25326.2,25350,CE:20.00-25.00 PE:20.00-25.00,25650,NIFTY_25650_CE_23_SEP_25.csv,2025-09-17T15:20:00+05:30,22.7,2025-09-18T09:20:00+05:30,23.15,-1.45,-108.75,50.00,-158.75,25050,NIFTY_25050_PE_23_SEP_25.csv,2025-09-17T15:20:00+05:30,22.85,2025-09-18T09:20:00+05:30,11.25,10.60,795.00,50.00,745.00,686.25,100.00,586.25,
2025-09-18,Thursday,TRADED,,2025-09-23,current_week,2025-09-19,2025-09-18T15:20:00+05:30,25434.3,25450,CE:15.00-25.00(fallback) PE:15.00-20.00,25650,NIFTY_25650_CE_23_SEP_25.csv,2025-09-18T15:20:00+05:30,20.45,2025-09-19T09:20:00+05:30,9.05,10.40,780.00,50.00,730.00,25200,NIFTY_25200_PE_23_SEP_25.csv,2025-09-18T15:20:00+05:30,15.55,2025-09-19T09:20:00+05:30,20.2,-5.65,-423.75,50.00,-473.75,356.25,100.00,256.25,
2025-09-19,Friday,TRADED,,2025-09-23,current_week,2025-09-22,2025-09-19T15:20:00+05:30,25333.95,25350,CE:10.00-15.00 PE:10.00-15.00,25600,NIFTY_25600_CE_23_SEP_25.csv,2025-09-19T15:20:00+05:30,10.85,2025-09-22T09:20:00+05:30,3.85,6.00,450.00,50.00,400.00,25150,NIFTY_25150_PE_23_SEP_25.csv,2025-09-19T15:20:00+05:30,13.25,2025-09-22T09:20:00+05:30,20.6,-8.35,-626.25,50.00,-676.25,-176.25,100.00,-276.25,
2025-09-22,Monday,TRADED,,2025-09-23,current_week,2025-09-23,2025-09-22T15:20:00+05:30,25202.15,25200,CE:5.00-10.00 PE:5.00-10.00,25450,NIFTY_25450_CE_23_SEP_25.csv,2025-09-22T15:20:00+05:30,8.25,2025-09-23T09:20:00+05:30,3.85,3.40,255.00,50.00,205.00,25000,NIFTY_25000_PE_23_SEP_25.csv,2025-09-22T15:20:00+05:30,7.55,2025-09-23T09:20:00+05:30,2.75,3.80,285.00,50.00,235.00,540.00,100.00,440.00,
2025-09-23,Tuesday,TRADED,,2025-09-30,next_week,2025-09-24,2025-09-23T15:20:00+05:30,25168.15,25150,CE:20.00-25.00 PE:20.00-25.00,25600,NIFTY_25600_CE_30_SEP_25.csv,2025-09-23T15:20:00+05:30,21.6,2025-09-24T09:20:00+05:30,11.2,9.40,705.00,50.00,655.00,24850,NIFTY_24850_PE_30_SEP_25.csv,2025-09-23T15:20:00+05:30,22.15,2025-09-24T09:20:00+05:30,31.9,-10.75,-806.25,50.00,-856.25,-101.25,100.00,-201.25,
2025-09-24,Wednesday,TRADED,,2025-09-30,current_week,2025-09-25,2025-09-24T15:20:00+05:30,25057.65,25050,CE:20.00-25.00 PE:20.00-25.00,25400,NIFTY_25400_CE_30_SEP_25.csv,2025-09-24T15:20:00+05:30,20.45,2025-09-25T09:20:00+05:30,16.4,3.05,228.75,50.00,178.75,24800,NIFTY_24800_PE_30_SEP_25.csv,2025-09-24T15:20:00+05:30,21.75,2025-09-25T09:20:00+05:30,20.55,0.20,15.00,50.00,-35.00,243.75,100.00,143.75,
2025-09-25,Thursday,TRADED,,2025-09-30,current_week,2025-09-26,2025-09-25T15:20:00+05:30,24900.45,24900,CE:15.00-20.00 PE:15.00-20.00,25300,NIFTY_25300_CE_30_SEP_25.csv,2025-09-25T15:20:00+05:30,15.85,2025-09-26T09:20:00+05:30,7.0,7.85,588.75,50.00,538.75,24650,NIFTY_24650_PE_30_SEP_25.csv,2025-09-25T15:20:00+05:30,15.8,2025-09-26T09:20:00+05:30,25.05,-10.25,-768.75,50.00,-818.75,-180.00,100.00,-280.00,
2025-09-26,Friday,TRADED,,2025-09-30,current_week,2025-09-29,2025-09-26T15:20:00+05:30,24651.85,24650,CE:10.00-15.00 PE:10.00-15.00,25050,NIFTY_25050_CE_30_SEP_25.csv,2025-09-26T15:20:00+05:30,12.3,2025-09-29T09:20:00+05:30,7.95,3.35,251.25,50.00,201.25,24350,NIFTY_24350_PE_30_SEP_25.csv,2025-09-26T15:20:00+05:30,13.3,2025-09-29T09:20:00+05:30,6.7,5.60,420.00,50.00,370.00,671.25,100.00,571.25,
2025-09-29,Monday,TRADED,,2025-09-30,current_week,2025-09-30,2025-09-29T15:20:00+05:30,24629.0,24650,CE:5.00-10.00 PE:5.00-10.00,24900,NIFTY_24900_CE_30_SEP_25.csv,2025-09-29T15:20:00+05:30,7.8,2025-09-30T09:20:00+05:30,8.55,-1.75,-131.25,50.00,-181.25,24400,NIFTY_24400_PE_30_SEP_25.csv,2025-09-29T15:20:00+05:30,8.05,2025-09-30T09:20:00+05:30,2.8,4.25,318.75,50.00,268.75,187.50,100.00,87.50,
2025-09-30,Tuesday,TRADED,,2025-10-07,next_week,2025-10-01,2025-09-30T15:20:00+05:30,24606.95,24600,CE:20.00-25.00 PE:20.00-25.00,25000,NIFTY_25000_CE_07_OCT_25.csv,2025-09-30T15:20:00+05:30,24.9,2025-10-01T09:20:00+05:30,20.35,3.55,266.25,50.00,216.25,24250,NIFTY_24250_PE_07_OCT_25.csv,2025-09-30T15:20:00+05:30,22.4,2025-10-01T09:20:00+05:30,21.6,-0.20,-15.00,50.00,-65.00,251.25,100.00,151.25,
2025-10-01,Wednesday,TRADED,,2025-10-07,current_week,2025-10-03,2025-10-01T15:20:00+05:30,24840.45,24850,CE:20.00-30.00(fallback) PE:20.00-25.00,25050,NIFTY_25050_CE_07_OCT_25.csv,2025-10-01T15:20:00+05:30,28.85,2025-10-03T09:20:00+05:30,15.9,11.95,896.25,50.00,846.25,24600,NIFTY_24600_PE_07_OCT_25.csv,2025-10-01T15:20:00+05:30,24.0,2025-10-03T09:20:00+05:30,25.0,-2.00,-150.00,50.00,-200.00,746.25,100.00,646.25,
2025-10-03,Friday,TRADED,,2025-10-07,current_week,2025-10-06,2025-10-03T15:20:00+05:30,24886.05,24900,CE:10.00-15.00 PE:10.00-15.00,25100,NIFTY_25100_CE_07_OCT_25.csv,2025-10-03T15:20:00+05:30,10.65,2025-10-06T09:20:00+05:30,11.25,-1.60,-120.00,50.00,-170.00,24600,NIFTY_24600_PE_07_OCT_25.csv,2025-10-03T15:20:00+05:30,12.2,2025-10-06T09:20:00+05:30,5.35,5.85,438.75,50.00,388.75,318.75,100.00,218.75,
2025-10-06,Monday,TRADED,,2025-10-07,current_week,2025-10-07,2025-10-06T15:20:00+05:30,25081.6,25100,CE:5.00-10.00 PE:5.00-10.00,25250,NIFTY_25250_CE_07_OCT_25.csv,2025-10-06T15:20:00+05:30,7.6,2025-10-07T09:20:00+05:30,7.55,-0.95,-71.25,50.00,-121.25,24900,NIFTY_24900_PE_07_OCT_25.csv,2025-10-06T15:20:00+05:30,8.75,2025-10-07T09:20:00+05:30,7.25,0.50,37.50,50.00,-12.50,-33.75,100.00,-133.75,
2025-10-07,Tuesday,TRADED,,2025-10-14,next_week,2025-10-08,2025-10-07T15:20:00+05:30,25103.75,25100,CE:20.00-25.00 PE:20.00-25.00,25450,NIFTY_25450_CE_14_OCT_25.csv,2025-10-07T15:20:00+05:30,22.5,2025-10-08T09:20:00+05:30,26.55,-5.05,-378.75,50.00,-428.75,24850,NIFTY_24850_PE_14_OCT_25.csv,2025-10-07T15:20:00+05:30,24.85,2025-10-08T09:20:00+05:30,22.35,1.50,112.50,50.00,62.50,-266.25,100.00,-366.25,
2025-10-08,Wednesday,TRADED,,2025-10-14,current_week,2025-10-09,2025-10-08T15:20:00+05:30,25043.35,25050,CE:20.00-30.00(fallback) PE:20.00-25.00,25300,NIFTY_25300_CE_14_OCT_25.csv,2025-10-08T15:20:00+05:30,26.9,2025-10-09T09:20:00+05:30,29.1,-3.20,-240.00,50.00,-290.00,24800,NIFTY_24800_PE_14_OCT_25.csv,2025-10-08T15:20:00+05:30,22.95,2025-10-09T09:20:00+05:30,23.05,-1.10,-82.50,50.00,-132.50,-322.50,100.00,-422.50,
2025-10-09,Thursday,TRADED,,2025-10-14,current_week,2025-10-10,2025-10-09T15:20:00+05:30,25187.5,25200,CE:15.00-25.00(fallback) PE:15.00-20.00,25400,NIFTY_25400_CE_14_OCT_25.csv,2025-10-09T15:20:00+05:30,21.55,2025-10-10T09:20:00+05:30,30.4,-9.85,-738.75,50.00,-788.75,24950,NIFTY_24950_PE_14_OCT_25.csv,2025-10-09T15:20:00+05:30,17.4,2025-10-10T09:20:00+05:30,13.85,2.55,191.25,50.00,141.25,-547.50,100.00,-647.50,
2025-10-10,Friday,TRADED,,2025-10-14,current_week,2025-10-13,2025-10-10T15:20:00+05:30,25284.75,25300,CE:10.00-20.00(fallback) PE:10.00-15.00,25500,NIFTY_25500_CE_14_OCT_25.csv,2025-10-10T15:20:00+05:30,16.5,2025-10-13T09:20:00+05:30,7.65,7.85,588.75,50.00,538.75,25050,NIFTY_25050_PE_14_OCT_25.csv,2025-10-10T15:20:00+05:30,12.55,2025-10-13T09:20:00+05:30,25.75,-14.20,-1065.00,50.00,-1115.00,-476.25,100.00,-576.25,
2025-10-13,Monday,TRADED,,2025-10-14,current_week,2025-10-14,2025-10-13T15:20:00+05:30,25227.95,25250,CE:5.00-10.00 PE:5.00-10.00,25450,NIFTY_25450_CE_14_OCT_25.csv,2025-10-13T15:20:00+05:30,7.9,2025-10-14T09:20:00+05:30,8.7,-1.80,-135.00,50.00,-185.00,25000,NIFTY_25000_PE_14_OCT_25.csv,2025-10-13T15:20:00+05:30,8.6,2025-10-14T09:20:00+05:30,3.45,4.15,311.25,50.00,261.25,176.25,100.00,76.25,
2025-10-14,Tuesday,TRADED,,2025-10-20,next_week,2025-10-15,2025-10-14T15:20:00+05:30,25144.45,25150,CE:20.00-25.00 PE:20.00-25.00,25550,NIFTY_25550_CE_20_OCT_25.csv,2025-10-14T15:20:00+05:30,21.35,2025-10-15T09:20:00+05:30,33.0,-12.65,-948.75,50.00,-998.75,24750,NIFTY_24750_PE_20_OCT_25.csv,2025-10-14T15:20:00+05:30,24.25,2025-10-15T09:20:00+05:30,11.8,11.45,858.75,50.00,808.75,-90.00,100.00,-190.00,
2025-10-15,Wednesday,TRADED,,2025-10-20,current_week,2025-10-16,2025-10-15T15:20:00+05:30,25329.25,25350,CE:20.00-30.00(fallback) PE:20.00-25.00,25600,NIFTY_25600_CE_20_OCT_25.csv,2025-10-15T15:20:00+05:30,25.55,2025-10-16T09:20:00+05:30,41.5,-16.95,-1271.25,50.00,-1321.25,25050,NIFTY_25050_PE_20_OCT_25.csv,2025-10-15T15:20:00+05:30,23.9,2025-10-16T09:20:00+05:30,14.4,8.50,637.50,50.00,587.50,-633.75,100.00,-733.75,
2025-10-16,Thursday,TRADED,,2025-10-20,current_week,2025-10-17,2025-10-16T15:20:00+05:30,25572.75,25550,CE:15.00-25.00(fallback) PE:15.00-20.00,25800,NIFTY_25800_CE_20_OCT_25.csv,2025-10-16T15:20:00+05:30,22.2,2025-10-17T09:20:00+05:30,15.1,6.10,457.50,50.00,407.50,25250,NIFTY_25250_PE_20_OCT_25.csv,2025-10-16T15:20:00+05:30,17.4,2025-10-17T09:20:00+05:30,16.2,0.20,15.00,50.00,-35.00,472.50,100.00,372.50,
2025-10-17,Friday,TRADED,,2025-10-20,current_week,2025-10-20,2025-10-17T15:20:00+05:30,25711.5,25700,CE:10.00-15.00 PE:10.00-15.00,25950,NIFTY_25950_CE_20_OCT_25.csv,2025-10-17T15:20:00+05:30,12.4,2025-10-20T09:20:00+05:30,43.15,-31.75,-2381.25,50.00,-2431.25,25400,NIFTY_25400_PE_20_OCT_25.csv,2025-10-17T15:20:00+05:30,13.7,2025-10-20T09:20:00+05:30,2.6,10.10,757.50,50.00,707.50,-1623.75,100.00,-1723.75,
2025-10-20,Monday,SKIPPED,no_valid_strangle,2025-10-28,next_week,2025-10-21,2025-10-20T15:20:00+05:30,25841.25,25850,5.00-10.00,,,,,,,0.00,0.00,0.00,0.00,,,,,,,0.00,0.00,0.00,0.00,0.00,0.00,0.00,"No OTM CE contract with premium in [5.00, 15.00] having both entry 2025-10-20T15:20:00+05:30 and exit 2025-10-21T09:20:00+05:30.; No OTM PE contract with premium in [5.00, 15.00] having both entry 2025-10-20T15:20:00+05:30 and exit 2025-10-21T09:20:00+05:30."
2025-10-21,Tuesday,SKIPPED,missing_spot_entry,,,,2025-10-21T15:20:00+05:30,,,20.00-25.00,,,,,,,0.00,0.00,0.00,0.00,,,,,,,0.00,0.00,0.00,0.00,0.00,0.00,0.00,No spot candle at 2025-10-21T15:20:00+05:30.
2025-10-23,Thursday,TRADED,,2025-10-28,current_week,2025-10-24,2025-10-23T15:20:00+05:30,25900.3,25900,CE:15.00-20.00 PE:15.00-20.00,26300,NIFTY_26300_CE_28_OCT_25.csv,2025-10-23T15:20:00+05:30,19.8,2025-10-24T09:20:00+05:30,10.5,8.30,622.50,50.00,572.50,25550,NIFTY_25550_PE_28_OCT_25.csv,2025-10-23T15:20:00+05:30,17.1,2025-10-24T09:20:00+05:30,17.85,-1.75,-131.25,50.00,-181.25,491.25,100.00,391.25,
2025-10-24,Friday,TRADED,,2025-10-28,current_week,2025-10-27,2025-10-24T15:20:00+05:30,25804.65,25800,CE:10.00-15.00 PE:10.00-15.00,26200,NIFTY_26200_CE_28_OCT_25.csv,2025-10-24T15:20:00+05:30,13.75,2025-10-27T09:20:00+05:30,11.2,1.55,116.25,50.00,66.25,25500,NIFTY_25500_PE_28_OCT_25.csv,2025-10-24T15:20:00+05:30,13.2,2025-10-27T09:20:00+05:30,5.45,6.75,506.25,50.00,456.25,622.50,100.00,522.50,
2025-10-27,Monday,TRADED,,2025-10-28,current_week,2025-10-28,2025-10-27T15:20:00+05:30,25968.65,25950,CE:5.00-10.00 PE:5.00-10.00,26300,NIFTY_26300_CE_28_OCT_25.csv,2025-10-27T15:20:00+05:30,7.4,2025-10-28T09:20:00+05:30,4.3,2.10,157.50,50.00,107.50,25700,NIFTY_25700_PE_28_OCT_25.csv,2025-10-27T15:20:00+05:30,9.05,2025-10-28T09:20:00+05:30,7.15,0.90,67.50,50.00,17.50,225.00,100.00,125.00,
2025-10-28,Tuesday,TRADED,,2025-11-04,next_week,2025-10-29,2025-10-28T15:20:00+05:30,25959.65,25950,CE:20.00-25.00 PE:20.00-25.00,26550,NIFTY_26550_CE_04_NOV_25.csv,2025-10-28T15:20:00+05:30,22.25,2025-10-29T09:20:00+05:30,21.75,-0.50,-37.50,50.00,-87.50,25450,NIFTY_25450_PE_04_NOV_25.csv,2025-10-28T15:20:00+05:30,21.7,2025-10-29T09:20:00+05:30,16.15,4.55,341.25,50.00,291.25,303.75,100.00,203.75,
2025-10-29,Wednesday,TRADED,,2025-11-04,current_week,2025-10-30,2025-10-29T15:20:00+05:30,26054.9,26050,CE:20.00-25.00 PE:20.00-25.00,26550,NIFTY_26550_CE_04_NOV_25.csv,2025-10-29T15:20:00+05:30,22.85,2025-10-30T09:20:00+05:30,13.05,8.80,660.00,50.00,610.00,25650,NIFTY_25650_PE_04_NOV_25.csv,2025-10-29T15:20:00+05:30,23.25,2025-10-30T09:20:00+05:30,25.75,-3.50,-262.50,50.00,-312.50,397.50,100.00,297.50,
2025-10-30,Thursday,TRADED,,2025-11-04,current_week,2025-10-31,2025-10-30T15:20:00+05:30,25887.7,25900,CE:15.00-20.00 PE:15.00-20.00,26350,NIFTY_26350_CE_04_NOV_25.csv,2025-10-30T15:20:00+05:30,15.9,2025-10-31T09:20:00+05:30,10.45,4.45,333.75,50.00,283.75,25550,NIFTY_25550_PE_04_NOV_25.csv,2025-10-30T15:20:00+05:30,16.25,2025-10-31T09:20:00+05:30,17.7,-2.45,-183.75,50.00,-233.75,150.00,100.00,50.00,
2025-10-31,Friday,TRADED,,2025-11-04,current_week,2025-11-03,2025-10-31T15:20:00+05:30,25713.35,25700,CE:10.00-15.00 PE:10.00-15.00,26200,NIFTY_26200_CE_04_NOV_25.csv,2025-10-31T15:20:00+05:30,14.05,2025-11-03T09:20:00+05:30,6.6,6.45,483.75,50.00,433.75,25500,NIFTY_25500_PE_04_NOV_25.csv,2025-10-31T15:20:00+05:30,15.0,2025-11-03T09:20:00+05:30,22.4,-8.40,-630.00,50.00,-680.00,-146.25,100.00,-246.25,
2025-11-03,Monday,TRADED,,2025-11-04,current_week,2025-11-04,2025-11-03T15:20:00+05:30,25769.4,25750,CE:5.00-10.00 PE:5.00-10.00,26050,NIFTY_26050_CE_04_NOV_25.csv,2025-11-03T15:20:00+05:30,9.5,2025-11-04T09:20:00+05:30,4.2,4.30,322.50,50.00,272.50,25500,NIFTY_25500_PE_04_NOV_25.csv,2025-11-03T15:20:00+05:30,7.6,2025-11-04T09:20:00+05:30,4.55,2.05,153.75,50.00,103.75,476.25,100.00,376.25,
2025-11-04,Tuesday,TRADED,,2025-11-11,next_week,2025-11-06,2025-11-04T15:20:00+05:30,25593.3,25600,CE:20.00-25.00 PE:20.00-25.00,26050,NIFTY_26050_CE_11_NOV_25.csv,2025-11-04T15:20:00+05:30,21.85,2025-11-06T09:20:00+05:30,23.75,-2.90,-217.50,50.00,-267.50,25150,NIFTY_25150_PE_11_NOV_25.csv,2025-11-04T15:20:00+05:30,20.75,2025-11-06T09:20:00+05:30,11.85,7.90,592.50,50.00,542.50,375.00,100.00,275.00,
2025-11-06,Thursday,TRADED,,2025-11-11,current_week,2025-11-07,2025-11-06T15:20:00+05:30,25513.8,25500,CE:15.00-20.00 PE:15.00-20.00,25850,NIFTY_25850_CE_11_NOV_25.csv,2025-11-06T15:20:00+05:30,19.25,2025-11-07T09:20:00+05:30,8.55,9.70,727.50,50.00,677.50,25250,NIFTY_25250_PE_11_NOV_25.csv,2025-11-06T15:20:00+05:30,19.45,2025-11-07T09:20:00+05:30,41.35,-22.90,-1717.50,50.00,-1767.50,-990.00,100.00,-1090.00,
2025-11-07,Friday,TRADED,,2025-11-11,current_week,2025-11-10,2025-11-07T15:20:00+05:30,25500.6,25500,CE:10.00-15.00 PE:10.00-15.00,25800,NIFTY_25800_CE_11_NOV_25.csv,2025-11-07T15:20:00+05:30,13.4,2025-11-10T09:20:00+05:30,12.6,-0.20,-15.00,50.00,-65.00,25200,NIFTY_25200_PE_11_NOV_25.csv,2025-11-07T15:20:00+05:30,12.55,2025-11-10T09:20:00+05:30,5.6,5.95,446.25,50.00,396.25,431.25,100.00,331.25,
2025-11-10,Monday,TRADED,,2025-11-11,current_week,2025-11-11,2025-11-10T15:20:00+05:30,25568.6,25550,CE:5.00-10.00 PE:5.00-10.00,25800,NIFTY_25800_CE_11_NOV_25.csv,2025-11-10T15:20:00+05:30,8.75,2025-11-11T09:20:00+05:30,4.3,3.45,258.75,50.00,208.75,25350,NIFTY_25350_PE_11_NOV_25.csv,2025-11-10T15:20:00+05:30,7.3,2025-11-11T09:20:00+05:30,7.3,-1.00,-75.00,50.00,-125.00,183.75,100.00,83.75,
2025-11-11,Tuesday,TRADED,,2025-11-18,next_week,2025-11-12,2025-11-11T15:20:00+05:30,25699.3,25700,CE:20.00-25.00 PE:20.00-25.00,26200,NIFTY_26200_CE_18_NOV_25.csv,2025-11-11T15:20:00+05:30,21.45,2025-11-12T09:20:00+05:30,33.4,-12.95,-971.25,50.00,-1021.25,25250,NIFTY_25250_PE_18_NOV_25.csv,2025-11-11T15:20:00+05:30,24.1,2025-11-12T09:20:00+05:30,14.55,8.55,641.25,50.00,591.25,-330.00,100.00,-430.00,
2025-11-12,Wednesday,TRADED,,2025-11-18,current_week,2025-11-13,2025-11-12T15:20:00+05:30,25872.2,25850,CE:20.00-25.00 PE:20.00-25.00,26300,NIFTY_26300_CE_18_NOV_25.csv,2025-11-12T15:20:00+05:30,21.25,2025-11-13T09:20:00+05:30,14.85,5.40,405.00,50.00,355.00,25450,NIFTY_25450_PE_18_NOV_25.csv,2025-11-12T15:20:00+05:30,21.2,2025-11-13T09:20:00+05:30,22.8,-2.60,-195.00,50.00,-245.00,210.00,100.00,110.00,
2025-11-13,Thursday,TRADED,,2025-11-18,current_week,2025-11-14,2025-11-13T15:20:00+05:30,25873.5,25850,CE:15.00-20.00 PE:15.00-20.00,26350,NIFTY_26350_CE_18_NOV_25.csv,2025-11-13T15:20:00+05:30,16.75,2025-11-14T09:20:00+05:30,12.25,3.50,262.50,50.00,212.50,25350,NIFTY_25350_PE_18_NOV_25.csv,2025-11-13T15:20:00+05:30,18.35,2025-11-14T09:20:00+05:30,14.8,2.55,191.25,50.00,141.25,453.75,100.00,353.75,
2025-11-14,Friday,TRADED,,2025-11-18,current_week,2025-11-17,2025-11-14T15:20:00+05:30,25917.25,25900,CE:10.00-15.00 PE:10.00-15.00,26300,NIFTY_26300_CE_18_NOV_25.csv,2025-11-14T15:20:00+05:30,12.0,2025-11-17T09:20:00+05:30,6.65,4.35,326.25,50.00,276.25,25550,NIFTY_25550_PE_18_NOV_25.csv,2025-11-14T15:20:00+05:30,14.75,2025-11-17T09:20:00+05:30,6.2,7.55,566.25,50.00,516.25,892.50,100.00,792.50,
2025-11-17,Monday,TRADED,,2025-11-18,current_week,2025-11-18,2025-11-17T15:20:00+05:30,26017.85,26000,CE:5.00-10.00 PE:5.00-10.00,26250,NIFTY_26250_CE_18_NOV_25.csv,2025-11-17T15:20:00+05:30,7.15,2025-11-18T09:20:00+05:30,2.55,3.60,270.00,50.00,220.00,25750,NIFTY_25750_PE_18_NOV_25.csv,2025-11-17T15:20:00+05:30,8.15,2025-11-18T09:20:00+05:30,7.45,-0.30,-22.50,50.00,-72.50,247.50,100.00,147.50,
2025-11-18,Tuesday,TRADED,,2025-11-25,next_week,2025-11-19,2025-11-18T15:20:00+05:30,25893.9,25900,CE:20.00-25.00 PE:20.00-25.00,26400,NIFTY_26400_CE_25_NOV_25.csv,2025-11-18T15:20:00+05:30,24.2,2025-11-19T09:20:00+05:30,16.6,6.60,495.00,50.00,445.00,25400,NIFTY_25400_PE_25_NOV_25.csv,2025-11-18T15:20:00+05:30,24.05,2025-11-19T09:20:00+05:30,24.0,-0.95,-71.25,50.00,-121.25,423.75,100.00,323.75,
2025-11-19,Wednesday,TRADED,,2025-11-25,current_week,2025-11-20,2025-11-19T15:20:00+05:30,26052.25,26050,CE:20.00-25.00 PE:20.00-25.00,26450,NIFTY_26450_CE_25_NOV_25.csv,2025-11-19T15:20:00+05:30,23.5,2025-11-20T09:20:00+05:30,22.9,-0.40,-30.00,50.00,-80.00,25600,NIFTY_25600_PE_25_NOV_25.csv,2025-11-19T15:20:00+05:30,24.5,2025-11-20T09:20:00+05:30,15.2,8.30,622.50,50.00,572.50,592.50,100.00,492.50,
2025-11-20,Thursday,TRADED,,2025-11-25,current_week,2025-11-21,2025-11-20T15:20:00+05:30,26191.2,26200,CE:15.00-20.00 PE:15.00-20.00,26550,NIFTY_26550_CE_25_NOV_25.csv,2025-11-20T15:20:00+05:30,19.9,2025-11-21T09:20:00+05:30,11.3,7.60,570.00,50.00,520.00,25800,NIFTY_25800_PE_25_NOV_25.csv,2025-11-20T15:20:00+05:30,18.05,2025-11-21T09:20:00+05:30,20.35,-3.30,-247.50,50.00,-297.50,322.50,100.00,222.50,
2025-11-21,Friday,TRADED,,2025-11-25,current_week,2025-11-24,2025-11-21T15:20:00+05:30,26064.9,26050,CE:10.00-15.00 PE:10.00-15.00,26400,NIFTY_26400_CE_25_NOV_25.csv,2025-11-21T15:20:00+05:30,13.25,2025-11-24T09:20:00+05:30,8.15,4.10,307.50,50.00,257.50,25700,NIFTY_25700_PE_25_NOV_25.csv,2025-11-21T15:20:00+05:30,13.6,2025-11-24T09:20:00+05:30,4.75,7.85,588.75,50.00,538.75,896.25,100.00,796.25,
2025-11-24,Monday,TRADED,,2025-11-25,current_week,2025-11-25,2025-11-24T15:20:00+05:30,25951.4,25950,CE:5.00-10.00 PE:5.00-10.00,26250,NIFTY_26250_CE_25_NOV_25.csv,2025-11-24T15:20:00+05:30,7.55,2025-11-25T09:20:00+05:30,3.95,2.60,195.00,50.00,145.00,25750,NIFTY_25750_PE_25_NOV_25.csv,2025-11-24T15:20:00+05:30,9.65,2025-11-25T09:20:00+05:30,4.8,3.85,288.75,50.00,238.75,483.75,100.00,383.75,
2025-11-25,Tuesday,TRADED,,2025-12-02,next_week,2025-11-26,2025-11-25T15:20:00+05:30,25880.0,25900,CE:20.00-25.00 PE:20.00-25.00,26350,NIFTY_26350_CE_02_DEC_25.csv,2025-11-25T15:20:00+05:30,22.15,2025-11-26T09:20:00+05:30,29.4,-8.25,-618.75,50.00,-668.75,25500,NIFTY_25500_PE_02_DEC_25.csv,2025-11-25T15:20:00+05:30,23.2,2025-11-26T09:20:00+05:30,13.9,8.30,622.50,50.00,572.50,3.75,100.00,-96.25,
2025-11-26,Wednesday,TRADED,,2025-12-02,current_week,2025-11-27,2025-11-26T15:20:00+05:30,26205.5,26200,CE:20.00-25.00 PE:20.00-25.00,26550,NIFTY_26550_CE_02_DEC_25.csv,2025-11-26T15:20:00+05:30,24.6,2025-11-27T09:20:00+05:30,31.7,-8.10,-607.50,50.00,-657.50,25750,NIFTY_25750_PE_02_DEC_25.csv,2025-11-26T15:20:00+05:30,22.4,2025-11-27T09:20:00+05:30,13.25,8.15,611.25,50.00,561.25,3.75,100.00,-96.25,
2025-11-27,Thursday,TRADED,,2025-12-02,current_week,2025-11-28,2025-11-27T15:20:00+05:30,26224.15,26200,CE:15.00-25.00(fallback) PE:15.00-20.00,26500,NIFTY_26500_CE_02_DEC_25.csv,2025-11-27T15:20:00+05:30,21.5,2025-11-28T09:20:00+05:30,22.85,-2.35,-176.25,50.00,-226.25,25900,NIFTY_25900_PE_02_DEC_25.csv,2025-11-27T15:20:00+05:30,17.15,2025-11-28T09:20:00+05:30,15.15,1.00,75.00,50.00,25.00,-101.25,100.00,-201.25,
2025-11-28,Friday,TRADED,,2025-12-02,current_week,2025-12-01,2025-11-28T15:20:00+05:30,26199.25,26200,CE:10.00-15.00 PE:10.00-15.00,26500,NIFTY_26500_CE_02_DEC_25.csv,2025-11-28T15:20:00+05:30,12.55,2025-12-01T09:20:00+05:30,14.4,-2.85,-213.75,50.00,-263.75,25900,NIFTY_25900_PE_02_DEC_25.csv,2025-11-28T15:20:00+05:30,11.35,2025-12-01T09:20:00+05:30,5.65,4.70,352.50,50.00,302.50,138.75,100.00,38.75,
2025-12-01,Monday,TRADED,,2025-12-02,current_week,2025-12-02,2025-12-01T15:20:00+05:30,26178.85,26200,CE:5.00-10.00 PE:5.00-10.00,26400,NIFTY_26400_CE_02_DEC_25.csv,2025-12-01T15:20:00+05:30,8.3,2025-12-02T09:20:00+05:30,3.15,4.15,311.25,50.00,261.25,25950,NIFTY_25950_PE_02_DEC_25.csv,2025-12-01T15:20:00+05:30,8.8,2025-12-02T09:20:00+05:30,5.55,2.25,168.75,50.00,118.75,480.00,100.00,380.00,
2025-12-02,Tuesday,TRADED,,2025-12-09,next_week,2025-12-03,2025-12-02T15:20:00+05:30,26038.45,26050,CE:20.00-25.00 PE:20.00-25.00,26500,NIFTY_26500_CE_09_DEC_25.csv,2025-12-02T15:20:00+05:30,22.15,2025-12-03T09:20:00+05:30,16.2,4.95,371.25,50.00,321.25,25700,NIFTY_25700_PE_09_DEC_25.csv,2025-12-02T15:20:00+05:30,24.05,2025-12-03T09:20:00+05:30,27.25,-4.20,-315.00,50.00,-365.00,56.25,100.00,-43.75,
2025-12-03,Wednesday,TRADED,,2025-12-09,current_week,2025-12-04,2025-12-03T15:20:00+05:30,25983.45,26000,CE:20.00-30.00(fallback) PE:20.00-30.00(fallback),26350,NIFTY_26350_CE_09_DEC_25.csv,2025-12-03T15:20:00+05:30,25.65,2025-12-04T09:20:00+05:30,16.5,8.15,611.25,50.00,561.25,25700,NIFTY_25700_PE_09_DEC_25.csv,2025-12-03T15:20:00+05:30,25.75,2025-12-04T09:20:00+05:30,30.4,-5.65,-423.75,50.00,-473.75,187.50,100.00,87.50,
2025-12-04,Thursday,TRADED,,2025-12-09,current_week,2025-12-05,2025-12-04T15:20:00+05:30,26040.1,26050,CE:15.00-20.00 PE:15.00-25.00(fallback),26350,NIFTY_26350_CE_09_DEC_25.csv,2025-12-04T15:20:00+05:30,19.35,2025-12-05T09:20:00+05:30,20.15,-1.80,-135.00,50.00,-185.00,25800,NIFTY_25800_PE_09_DEC_25.csv,2025-12-04T15:20:00+05:30,20.45,2025-12-05T09:20:00+05:30,20.3,-0.85,-63.75,50.00,-113.75,-198.75,100.00,-298.75,
2025-12-05,Friday,TRADED,,2025-12-09,current_week,2025-12-08,2025-12-05T15:20:00+05:30,26193.25,26200,CE:10.00-15.00 PE:10.00-15.00,26400,NIFTY_26400_CE_09_DEC_25.csv,2025-12-05T15:20:00+05:30,13.6,2025-12-08T09:20:00+05:30,8.05,4.55,341.25,50.00,291.25,25950,NIFTY_25950_PE_09_DEC_25.csv,2025-12-05T15:20:00+05:30,13.8,2025-12-08T09:20:00+05:30,10.9,1.90,142.50,50.00,92.50,483.75,100.00,383.75,
2025-12-08,Monday,TRADED,,2025-12-09,current_week,2025-12-09,2025-12-08T15:20:00+05:30,25946.0,25950,CE:5.00-10.00 PE:5.00-10.00,26200,NIFTY_26200_CE_09_DEC_25.csv,2025-12-08T15:20:00+05:30,7.65,2025-12-09T09:20:00+05:30,3.2,3.45,258.75,50.00,208.75,25750,NIFTY_25750_PE_09_DEC_25.csv,2025-12-08T15:20:00+05:30,9.2,2025-12-09T09:20:00+05:30,23.05,-14.85,-1113.75,50.00,-1163.75,-855.00,100.00,-955.00,
2025-12-09,Tuesday,TRADED,,2025-12-16,next_week,2025-12-10,2025-12-09T15:20:00+05:30,25836.5,25850,CE:20.00-25.00 PE:20.00-30.00(fallback),26250,NIFTY_26250_CE_16_DEC_25.csv,2025-12-09T15:20:00+05:30,23.4,2025-12-10T09:20:00+05:30,27.15,-4.75,-356.25,50.00,-406.25,25500,NIFTY_25500_PE_16_DEC_25.csv,2025-12-09T15:20:00+05:30,25.2,2025-12-10T09:20:00+05:30,22.15,2.05,153.75,50.00,103.75,-202.50,100.00,-302.50,
2025-12-10,Wednesday,TRADED,,2025-12-16,current_week,2025-12-11,2025-12-10T15:20:00+05:30,25757.1,25750,CE:20.00-30.00(fallback) PE:20.00-25.00,26150,NIFTY_26150_CE_16_DEC_25.csv,2025-12-10T15:20:00+05:30,25.55,2025-12-11T09:20:00+05:30,22.85,1.70,127.50,50.00,77.50,25400,NIFTY_25400_PE_16_DEC_25.csv,2025-12-10T15:20:00+05:30,21.65,2025-12-11T09:20:00+05:30,18.8,1.85,138.75,50.00,88.75,266.25,100.00,166.25,
2025-12-11,Thursday,TRADED,,2025-12-16,current_week,2025-12-12,2025-12-11T15:20:00+05:30,25901.5,25900,CE:15.00-20.00 PE:15.00-20.00,26200,NIFTY_26200_CE_16_DEC_25.csv,2025-12-11T15:20:00+05:30,19.1,2025-12-12T09:20:00+05:30,30.4,-12.30,-922.50,50.00,-972.50,25600,NIFTY_25600_PE_16_DEC_25.csv,2025-12-11T15:20:00+05:30,15.1,2025-12-12T09:20:00+05:30,8.45,5.65,423.75,50.00,373.75,-498.75,100.00,-598.75,
2025-12-12,Friday,TRADED,,2025-12-16,current_week,2025-12-15,2025-12-12T15:20:00+05:30,26046.65,26050,CE:10.00-15.00 PE:10.00-15.00,26300,NIFTY_26300_CE_16_DEC_25.csv,2025-12-12T15:20:00+05:30,10.2,2025-12-15T09:20:00+05:30,3.75,5.45,408.75,50.00,358.75,25800,NIFTY_25800_PE_16_DEC_25.csv,2025-12-12T15:20:00+05:30,14.7,2025-12-15T09:20:00+05:30,23.75,-10.05,-753.75,50.00,-803.75,-345.00,100.00,-445.00,
2025-12-15,Monday,TRADED,,2025-12-16,current_week,2025-12-16,2025-12-15T15:20:00+05:30,26023.45,26000,CE:5.00-10.00 PE:5.00-10.00,26200,NIFTY_26200_CE_16_DEC_25.csv,2025-12-15T15:20:00+05:30,9.3,2025-12-16T09:20:00+05:30,2.5,5.80,435.00,50.00,385.00,25800,NIFTY_25800_PE_16_DEC_25.csv,2025-12-15T15:20:00+05:30,7.6,2025-12-16T09:20:00+05:30,10.45,-3.85,-288.75,50.00,-338.75,146.25,100.00,46.25,
2025-12-16,Tuesday,TRADED,,2025-12-23,next_week,2025-12-17,2025-12-16T15:20:00+05:30,25841.05,25850,CE:20.00-25.00 PE:20.00-25.00,26250,NIFTY_26250_CE_23_DEC_25.csv,2025-12-16T15:20:00+05:30,21.2,2025-12-17T09:20:00+05:30,21.05,-0.85,-63.75,50.00,-113.75,25500,NIFTY_25500_PE_23_DEC_25.csv,2025-12-16T15:20:00+05:30,21.9,2025-12-17T09:20:00+05:30,19.1,1.80,135.00,50.00,85.00,71.25,100.00,-28.75,
2025-12-17,Wednesday,TRADED,,2025-12-23,current_week,2025-12-18,2025-12-17T15:20:00+05:30,25813.65,25800,CE:20.00-30.00(fallback) PE:20.00-25.00,26150,NIFTY_26150_CE_23_DEC_25.csv,2025-12-17T15:20:00+05:30,25.15,2025-12-18T09:20:00+05:30,16.95,7.20,540.00,50.00,490.00,25550,NIFTY_25550_PE_23_DEC_25.csv,2025-12-17T15:20:00+05:30,23.75,2025-12-18T09:20:00+05:30,27.85,-5.10,-382.50,50.00,-432.50,157.50,100.00,57.50,
2025-12-18,Thursday,TRADED,,2025-12-23,current_week,2025-12-19,2025-12-18T15:20:00+05:30,25819.4,25800,CE:15.00-20.00 PE:15.00-20.00,26150,NIFTY_26150_CE_23_DEC_25.csv,2025-12-18T15:20:00+05:30,15.15,2025-12-19T09:20:00+05:30,23.55,-9.40,-705.00,50.00,-755.00,25550,NIFTY_25550_PE_23_DEC_25.csv,2025-12-18T15:20:00+05:30,18.95,2025-12-19T09:20:00+05:30,8.55,9.40,705.00,50.00,655.00,-0.00,100.00,-100.00,
2025-12-19,Friday,TRADED,,2025-12-23,current_week,2025-12-22,2025-12-19T15:20:00+05:30,25970.6,25950,CE:10.00-15.00 PE:10.00-15.00,26200,NIFTY_26200_CE_23_DEC_25.csv,2025-12-19T15:20:00+05:30,12.1,2025-12-22T09:20:00+05:30,32.35,-21.25,-1593.75,50.00,-1643.75,25700,NIFTY_25700_PE_23_DEC_25.csv,2025-12-19T15:20:00+05:30,11.15,2025-12-22T09:20:00+05:30,4.3,5.85,438.75,50.00,388.75,-1155.00,100.00,-1255.00,
2025-12-22,Monday,TRADED,,2025-12-23,current_week,2025-12-23,2025-12-22T15:20:00+05:30,26168.95,26150,CE:5.00-10.00 PE:5.00-10.00,26350,NIFTY_26350_CE_23_DEC_25.csv,2025-12-22T15:20:00+05:30,5.55,2025-12-23T09:20:00+05:30,3.55,1.00,75.00,50.00,25.00,25950,NIFTY_25950_PE_23_DEC_25.csv,2025-12-22T15:20:00+05:30,9.1,2025-12-23T09:20:00+05:30,4.3,3.80,285.00,50.00,235.00,360.00,100.00,260.00,
2025-12-23,Tuesday,TRADED,,2025-12-30,next_week,2025-12-24,2025-12-23T15:20:00+05:30,26169.95,26150,CE:20.00-30.00(fallback) PE:20.00-25.00,26450,NIFTY_26450_CE_30_DEC_25.csv,2025-12-23T15:20:00+05:30,25.35,2025-12-24T09:20:00+05:30,28.85,-4.50,-337.50,50.00,-387.50,25900,NIFTY_25900_PE_30_DEC_25.csv,2025-12-23T15:20:00+05:30,24.95,2025-12-24T09:20:00+05:30,19.8,4.15,311.25,50.00,261.25,-26.25,100.00,-126.25,
2025-12-24,Wednesday,TRADED,,2025-12-30,current_week,2025-12-26,2025-12-24T15:20:00+05:30,26140.35,26150,CE:20.00-25.00 PE:20.00-25.00,26350,NIFTY_26350_CE_30_DEC_25.csv,2025-12-24T15:20:00+05:30,23.2,2025-12-26T09:20:00+05:30,13.85,8.35,626.25,50.00,576.25,25950,NIFTY_25950_PE_30_DEC_25.csv,2025-12-24T15:20:00+05:30,20.35,2025-12-26T09:20:00+05:30,20.75,-1.40,-105.00,50.00,-155.00,521.25,100.00,421.25,
2025-12-26,Friday,TRADED,,2025-12-30,current_week,2025-12-29,2025-12-26T15:20:00+05:30,26040.75,26050,CE:10.00-15.00 PE:10.00-15.00,26250,NIFTY_26250_CE_30_DEC_25.csv,2025-12-26T15:20:00+05:30,13.95,2025-12-29T09:20:00+05:30,8.15,4.80,360.00,50.00,310.00,25850,NIFTY_25850_PE_30_DEC_25.csv,2025-12-26T15:20:00+05:30,10.85,2025-12-29T09:20:00+05:30,6.55,3.30,247.50,50.00,197.50,607.50,100.00,507.50,
2025-12-29,Monday,TRADED,,2025-12-30,current_week,2025-12-30,2025-12-29T15:20:00+05:30,25938.75,25950,CE:5.00-10.00 PE:5.00-10.00,26150,NIFTY_26150_CE_30_DEC_25.csv,2025-12-29T15:20:00+05:30,7.45,2025-12-30T09:20:00+05:30,2.6,3.85,288.75,50.00,238.75,25800,NIFTY_25800_PE_30_DEC_25.csv,2025-12-29T15:20:00+05:30,8.3,2025-12-30T09:20:00+05:30,7.95,-0.65,-48.75,50.00,-98.75,240.00,100.00,140.00,
2025-12-30,Tuesday,SKIPPED,no_expiry_found,,next_week,2025-12-31,2025-12-30T15:20:00+05:30,25940.2,,20.00-25.00,,,,,,,0.00,0.00,0.00,0.00,,,,,,,0.00,0.00,0.00,0.00,0.00,0.00,0.00,No suitable expiry folder found.
2025-12-31,Wednesday,SKIPPED,no_next_trading_day,,,,2025-12-31T15:20:00+05:30,26130.25,,20.00-25.00,,,,,,,0.00,0.00,0.00,0.00,,,,,,,0.00,0.00,0.00,0.00,0.00,0.00,0.00,No next trading day in dataset.
