entry_date,status,skip_reason,expiry_date,next_trading_day,spot_entry_timestamp,spot_entry_open,atm_strike,ce_entry_timestamp,ce_entry_open,ce_exit_timestamp,ce_exit_open,pe_entry_timestamp,pe_entry_open,pe_exit_timestamp,pe_exit_open,gross_pnl,brokerage,net_pnl,adjustments,remarks
2025-01-01,TRADED,,2025-01-02,2025-01-02,2025-01-01T15:20:00+05:30,23745.95,23750,2025-01-01T15:20:00+05:30,141.65,2025-01-02T09:16:00+05:30,136.69,2025-01-01T15:20:00+05:30,101.9,2025-01-02T09:16:00+05:30,85.45,21.41,100.00,-78.59,0,
2025-01-02,TRADED,,2025-01-09,2025-01-03,2025-01-02T15:20:00+05:30,24189.45,24200,2025-01-02T15:20:00+05:30,179.65,2025-01-03T09:16:00+05:30,158.65,2025-01-02T15:20:00+05:30,190.0,2025-01-03T09:16:00+05:30,211.2,-0.20,100.00,-100.20,0,
2025-01-03,TRADED,,2025-01-09,2025-01-06,2025-01-03T15:20:00+05:30,24000.3,24000,2025-01-03T15:20:00+05:30,158.0,2025-01-06T09:16:00+05:30,165.9,2025-01-03T15:20:00+05:30,156.6,2025-01-06T09:16:00+05:30,138.25,10.45,100.00,-89.55,0,
2025-01-06,TRADED,,2025-01-09,2025-01-07,2025-01-06T15:20:00+05:30,23600.6,23600,2025-01-06T15:20:00+05:30,202.65,2025-01-07T09:16:00+05:30,254.9,2025-01-06T15:20:00+05:30,184.5,2025-01-07T09:16:00+05:30,107.15,25.10,100.00,-74.90,0,
2025-01-07,TRADED,,2025-01-09,2025-01-08,2025-01-07T15:20:00+05:30,23707.3,23700,2025-01-07T15:20:00+05:30,121.9,2025-01-08T09:16:00+05:30,103.7,2025-01-07T15:20:00+05:30,120.9,2025-01-08T09:16:00+05:30,120.25,18.85,100.00,-81.15,0,
2025-01-08,TRADED,,2025-01-09,2025-01-09,2025-01-08T15:20:00+05:30,23687.4,23700,2025-01-08T15:20:00+05:30,66.15,2025-01-09T09:16:00+05:30,25.25,2025-01-08T15:20:00+05:30,77.59,2025-01-09T09:16:00+05:30,103.65,14.84,100.00,-85.16,0,
2025-01-09,TRADED,,2025-01-16,2025-01-10,2025-01-09T15:20:00+05:30,23525.85,23550,2025-01-09T15:20:00+05:30,202.85,2025-01-10T09:16:00+05:30,188.85,2025-01-09T15:20:00+05:30,161.25,2025-01-10T09:16:00+05:30,163.8,11.45,100.00,-88.55,0,
2025-01-10,TRADED,,2025-01-16,2025-01-13,2025-01-10T15:20:00+05:30,23445.65,23450,2025-01-10T15:20:00+05:30,168.2,2025-01-13T09:16:00+05:30,81.15,2025-01-10T15:20:00+05:30,148.9,2025-01-13T09:16:00+05:30,272.14,-36.19,100.00,-136.19,0,
2025-01-13,TRADED,,2025-01-16,2025-01-14,2025-01-13T15:20:00+05:30,23098.4,23100,2025-01-13T15:20:00+05:30,157.75,2025-01-14T09:16:00+05:30,195.3,2025-01-13T15:20:00+05:30,114.5,2025-01-14T09:16:00+05:30,68.4,8.55,100.00,-91.45,0,
2025-01-14,TRADED,,2025-01-16,2025-01-15,2025-01-14T15:20:00+05:30,23183.35,23200,2025-01-14T15:20:00+05:30,107.35,2025-01-15T09:16:00+05:30,114.2,2025-01-14T15:20:00+05:30,70.55,2025-01-15T09:16:00+05:30,57.95,5.75,100.00,-94.25,0,
2025-01-15,TRADED,,2025-01-16,2025-01-16,2025-01-15T15:20:00+05:30,23206.55,23200,2025-01-15T15:20:00+05:30,62.55,2025-01-16T09:16:00+05:30,129.65,2025-01-15T15:20:00+05:30,50.85,2025-01-16T09:16:00+05:30,10.65,-26.90,100.00,-126.90,0,
2025-01-16,TRADED,,2025-01-23,2025-01-17,2025-01-16T15:20:00+05:30,23315.9,23300,2025-01-16T15:20:00+05:30,202.15,2025-01-17T09:16:00+05:30,144.44,2025-01-16T15:20:00+05:30,170.0,2025-01-17T09:16:00+05:30,210.35,17.36,100.00,-82.64,0,
2025-01-17,TRADED,,2025-01-23,2025-01-20,2025-01-17T15:20:00+05:30,23206.65,23200,2025-01-17T15:20:00+05:30,183.1,2025-01-20T09:16:00+05:30,198.9,2025-01-17T15:20:00+05:30,145.8,2025-01-20T09:16:00+05:30,120.75,9.25,100.00,-90.75,0,
2025-01-20,TRADED,,2025-01-23,2025-01-21,2025-01-20T15:20:00+05:30,23342.8,23350,2025-01-20T15:20:00+05:30,150.35,2025-01-21T09:16:00+05:30,153.0,2025-01-20T15:20:00+05:30,132.55,2025-01-21T09:16:00+05:30,111.6,18.30,100.00,-81.70,0,
2025-01-21,TRADED,,2025-01-23,2025-01-22,2025-01-21T15:20:00+05:30,23036.6,23050,2025-01-21T15:20:00+05:30,147.85,2025-01-22T09:16:00+05:30,134.75,2025-01-21T15:20:00+05:30,102.15,2025-01-22T09:16:00+05:30,88.7,26.55,100.00,-73.45,0,
2025-01-22,TRADED,,2025-01-23,2025-01-23,2025-01-22T15:20:00+05:30,23155.6,23150,2025-01-22T15:20:00+05:30,68.4,2025-01-23T09:16:00+05:30,28.85,2025-01-22T15:20:00+05:30,55.3,2025-01-23T09:16:00+05:30,65.25,29.60,100.00,-70.40,0,
2025-01-23,TRADED,,2025-01-30,2025-01-24,2025-01-23T15:20:00+05:30,23200.4,23200,2025-01-23T15:20:00+05:30,222.6,2025-01-24T09:16:00+05:30,230.15,2025-01-23T15:20:00+05:30,157.0,2025-01-24T09:16:00+05:30,155.1,-5.65,100.00,-105.65,0,
2025-01-24,TRADED,,2025-01-30,2025-01-27,2025-01-24T15:20:00+05:30,23098.6,23100,2025-01-24T15:20:00+05:30,184.45,2025-01-27T09:16:00+05:30,112.3,2025-01-24T15:20:00+05:30,151.55,2025-01-27T09:16:00+05:30,250.9,-27.20,100.00,-127.20,0,
2025-01-27,TRADED,,2025-01-30,2025-01-28,2025-01-27T15:20:00+05:30,22829.15,22850,2025-01-27T15:20:00+05:30,155.55,2025-01-28T09:16:00+05:30,196.8,2025-01-27T15:20:00+05:30,152.19,2025-01-28T09:16:00+05:30,96.8,14.14,100.00,-85.86,0,
2025-01-28,TRADED,,2025-01-30,2025-01-29,2025-01-28T15:20:00+05:30,22971.95,22950,2025-01-28T15:20:00+05:30,160.75,2025-01-29T09:16:00+05:30,175.0,2025-01-28T15:20:00+05:30,119.95,2025-01-29T09:16:00+05:30,96.8,8.90,100.00,-91.10,0,
2025-01-29,TRADED,,2025-01-30,2025-01-30,2025-01-29T15:20:00+05:30,23162.5,23150,2025-01-29T15:20:00+05:30,143.85,2025-01-30T09:16:00+05:30,133.4,2025-01-29T15:20:00+05:30,148.25,2025-01-30T09:16:00+05:30,153.0,5.70,100.00,-94.30,0,
2025-01-30,TRADED,,2025-02-06,2025-01-31,2025-01-30T15:20:00+05:30,23267.4,23250,2025-01-30T15:20:00+05:30,354.6,2025-01-31T09:16:00+05:30,370.05,2025-01-30T15:20:00+05:30,262.64,2025-01-31T09:16:00+05:30,272.7,-25.51,100.00,-125.51,0,
2025-01-31,TRADED,,2025-02-06,2025-02-01,2025-01-31T15:20:00+05:30,23516.05,23500,2025-01-31T15:20:00+05:30,284.6,2025-02-01T09:16:00+05:30,275.39,2025-01-31T15:20:00+05:30,215.0,2025-02-01T09:16:00+05:30,209.25,14.96,100.00,-85.04,0,
2025-02-01,TRADED,,2025-02-06,2025-02-03,2025-02-01T15:20:00+05:30,23476.95,23500,2025-02-01T15:20:00+05:30,145.44,2025-02-03T09:16:00+05:30,68.45,2025-02-01T15:20:00+05:30,146.19,2025-02-03T09:16:00+05:30,246.85,-23.67,100.00,-123.67,0,
2025-02-03,TRADED,,2025-02-06,2025-02-04,2025-02-03T15:20:00+05:30,23357.7,23350,2025-02-03T15:20:00+05:30,134.6,2025-02-04T09:16:00+05:30,191.65,2025-02-03T15:20:00+05:30,99.35,2025-02-04T09:16:00+05:30,48.4,-6.10,100.00,-106.10,0,
2025-02-04,TRADED,,2025-02-06,2025-02-05,2025-02-04T15:20:00+05:30,23738.35,23750,2025-02-04T15:20:00+05:30,70.0,2025-02-05T09:16:00+05:30,88.1,2025-02-04T15:20:00+05:30,122.7,2025-02-05T09:16:00+05:30,95.05,9.55,100.00,-90.45,0,
2025-02-05,TRADED,,2025-02-06,2025-02-06,2025-02-05T15:20:00+05:30,23699.05,23700,2025-02-05T15:20:00+05:30,65.3,2025-02-06T09:16:00+05:30,63.2,2025-02-05T15:20:00+05:30,78.95,2025-02-06T09:16:00+05:30,59.45,21.60,100.00,-78.40,0,
2025-02-06,TRADED,,2025-02-13,2025-02-07,2025-02-06T15:20:00+05:30,23614.85,23600,2025-02-06T15:20:00+05:30,216.5,2025-02-07T09:16:00+05:30,221.4,2025-02-06T15:20:00+05:30,160.4,2025-02-07T09:16:00+05:30,164.15,-8.65,100.00,-108.65,0,
2025-02-07,TRADED,,2025-02-13,2025-02-10,2025-02-07T15:20:00+05:30,23576.9,23600,2025-02-07T15:20:00+05:30,143.3,2025-02-10T09:16:00+05:30,113.7,2025-02-07T15:20:00+05:30,159.25,2025-02-10T09:16:00+05:30,200.9,-12.05,100.00,-112.05,0,
2025-02-10,TRADED,,2025-02-13,2025-02-11,2025-02-10T15:20:00+05:30,23379.3,23400,2025-02-10T15:20:00+05:30,145.44,2025-02-11T09:16:00+05:30,127.0,2025-02-10T15:20:00+05:30,130.0,2025-02-11T09:16:00+05:30,155.4,-6.96,100.00,-106.96,0,
2025-02-11,TRADED,,2025-02-13,2025-02-12,2025-02-11T15:20:00+05:30,23075.95,23100,2025-02-11T15:20:00+05:30,118.9,2025-02-12T09:16:00+05:30,99.55,2025-02-11T15:20:00+05:30,112.0,2025-02-12T09:16:00+05:30,123.0,8.35,100.00,-91.65,0,
2025-02-12,TRADED,,2025-02-13,2025-02-13,2025-02-12T15:20:00+05:30,23045.75,23050,2025-02-12T15:20:00+05:30,87.35,2025-02-13T09:16:00+05:30,109.15,2025-02-12T15:20:00+05:30,87.1,2025-02-13T09:16:00+05:30,55.9,9.40,100.00,-90.60,0,
2025-02-13,TRADED,,2025-02-20,2025-02-14,2025-02-13T15:20:00+05:30,23030.05,23050,2025-02-13T15:20:00+05:30,194.85,2025-02-14T09:16:00+05:30,230.0,2025-02-13T15:20:00+05:30,169.6,2025-02-14T09:16:00+05:30,128.55,5.90,100.00,-94.10,0,
2025-02-14,TRADED,,2025-02-20,2025-02-17,2025-02-14T15:20:00+05:30,22932.9,22950,2025-02-14T15:20:00+05:30,175.5,2025-02-17T09:16:00+05:30,109.2,2025-02-14T15:20:00+05:30,159.25,2025-02-17T09:16:00+05:30,252.0,-26.45,100.00,-126.45,0,
2025-02-17,TRADED,,2025-02-20,2025-02-18,2025-02-17T15:20:00+05:30,22961.65,22950,2025-02-17T15:20:00+05:30,171.9,2025-02-18T09:16:00+05:30,165.45,2025-02-17T15:20:00+05:30,135.1,2025-02-18T09:16:00+05:30,140.0,1.55,100.00,-98.45,0,
2025-02-18,TRADED,,2025-02-20,2025-02-19,2025-02-18T15:20:00+05:30,22940.2,22950,2025-02-18T15:20:00+05:30,112.9,2025-02-19T09:16:00+05:30,76.7,2025-02-18T15:20:00+05:30,124.95,2025-02-19T09:16:00+05:30,165.55,-4.40,100.00,-104.40,0,
2025-02-19,TRADED,,2025-02-20,2025-02-20,2025-02-19T15:20:00+05:30,22931.25,22950,2025-02-19T15:20:00+05:30,74.59,2025-02-20T09:16:00+05:30,45.35,2025-02-19T15:20:00+05:30,88.8,2025-02-20T09:16:00+05:30,121.45,-3.41,100.00,-103.41,0,
2025-02-20,TRADED,,2025-02-27,2025-02-21,2025-02-20T15:20:00+05:30,22919.1,22900,2025-02-20T15:20:00+05:30,185.5,2025-02-21T09:16:00+05:30,164.05,2025-02-20T15:20:00+05:30,143.35,2025-02-21T09:16:00+05:30,154.85,9.95,100.00,-90.05,0,
2025-02-21,TRADED,,2025-02-27,2025-02-24,2025-02-21T15:20:00+05:30,22793.25,22800,2025-02-21T15:20:00+05:30,151.65,2025-02-24T09:16:00+05:30,94.9,2025-02-21T15:20:00+05:30,133.8,2025-02-24T09:16:00+05:30,186.1,4.45,100.00,-95.55,0,
2025-02-24,TRADED,,2025-02-27,2025-02-25,2025-02-24T15:20:00+05:30,22549.9,22550,2025-02-24T15:20:00+05:30,139.55,2025-02-25T09:16:00+05:30,122.1,2025-02-24T15:20:00+05:30,76.05,2025-02-25T09:16:00+05:30,78.3,15.20,100.00,-84.80,0,
2025-02-25,TRADED,,2025-02-27,2025-02-27,2025-02-25T15:20:00+05:30,22545.05,22550,2025-02-25T15:20:00+05:30,81.0,2025-02-27T09:16:00+05:30,60.8,2025-02-25T15:20:00+05:30,46.1,2025-02-27T09:16:00+05:30,26.35,39.95,100.00,-60.05,0,
2025-02-27,TRADED,,2025-03-06,2025-02-28,2025-02-27T15:20:00+05:30,22540.15,22550,2025-02-27T15:20:00+05:30,170.3,2025-02-28T09:16:00+05:30,88.7,2025-02-27T15:20:00+05:30,119.0,2025-02-28T09:16:00+05:30,229.4,-28.80,100.00,-128.80,0,
2025-02-28,TRADED,,2025-03-06,2025-03-03,2025-02-28T15:20:00+05:30,22123.05,22100,2025-02-28T15:20:00+05:30,201.25,2025-03-03T09:16:00+05:30,217.8,2025-02-28T15:20:00+05:30,109.05,2025-03-03T09:16:00+05:30,76.9,15.60,100.00,-84.40,0,
2025-03-03,TRADED,,2025-03-06,2025-03-04,2025-03-03T15:20:00+05:30,22119.55,22100,2025-03-03T15:20:00+05:30,145.69,2025-03-04T09:16:00+05:30,69.59,2025-03-03T15:20:00+05:30,94.25,2025-03-04T09:16:00+05:30,157.9,12.45,100.00,-87.55,0,
2025-03-04,TRADED,,2025-03-06,2025-03-05,2025-03-04T15:20:00+05:30,22087.75,22100,2025-03-04T15:20:00+05:30,86.55,2025-03-05T09:16:00+05:30,88.05,2025-03-04T15:20:00+05:30,103.75,2025-03-05T09:16:00+05:30,80.25,22.00,100.00,-78.00,0,
2025-03-05,TRADED,,2025-03-06,2025-03-06,2025-03-05T15:20:00+05:30,22334.4,22350,2025-03-05T15:20:00+05:30,69.4,2025-03-06T09:16:00+05:30,112.5,2025-03-05T15:20:00+05:30,85.15,2025-03-06T09:16:00+05:30,23.2,18.85,100.00,-81.15,0,
2025-03-06,TRADED,,2025-03-13,2025-03-07,2025-03-06T15:20:00+05:30,22544.8,22550,2025-03-06T15:20:00+05:30,159.69,2025-03-07T09:16:00+05:30,132.0,2025-03-06T15:20:00+05:30,155.65,2025-03-07T09:16:00+05:30,176.85,6.49,100.00,-93.51,0,
2025-03-07,TRADED,,2025-03-13,2025-03-10,2025-03-07T15:20:00+05:30,22544.05,22550,2025-03-07T15:20:00+05:30,152.8,2025-03-10T09:16:00+05:30,136.3,2025-03-07T15:20:00+05:30,127.0,2025-03-10T09:16:00+05:30,130.1,13.40,100.00,-86.60,0,
2025-03-10,TRADED,,2025-03-13,2025-03-11,2025-03-10T15:20:00+05:30,22452.8,22450,2025-03-10T15:20:00+05:30,128.2,2025-03-11T09:16:00+05:30,70.35,2025-03-10T15:20:00+05:30,114.85,2025-03-11T09:16:00+05:30,177.35,-4.65,100.00,-104.65,0,
2025-03-11,TRADED,,2025-03-13,2025-03-12,2025-03-11T15:20:00+05:30,22503.25,22500,2025-03-11T15:20:00+05:30,107.85,2025-03-12T09:16:00+05:30,118.8,2025-03-11T15:20:00+05:30,100.75,2025-03-12T09:16:00+05:30,68.05,21.75,100.00,-78.25,0,
2025-03-12,TRADED,,2025-03-13,2025-03-13,2025-03-12T15:20:00+05:30,22460.45,22450,2025-03-12T15:20:00+05:30,81.25,2025-03-13T09:16:00+05:30,74.0,2025-03-12T15:20:00+05:30,57.75,2025-03-13T09:16:00+05:30,34.95,30.05,100.00,-69.95,0,
2025-03-13,TRADED,,2025-03-20,2025-03-17,2025-03-13T15:20:00+05:30,22407.85,22400,2025-03-13T15:20:00+05:30,143.85,2025-03-17T09:16:00+05:30,199.95,2025-03-13T15:20:00+05:30,124.85,2025-03-17T09:16:00+05:30,75.55,-6.80,100.00,-106.80,0,
2025-03-17,TRADED,,2025-03-20,2025-03-18,2025-03-17T15:20:00+05:30,22510.15,22500,2025-03-17T15:20:00+05:30,131.0,2025-03-18T09:16:00+05:30,189.0,2025-03-17T15:20:00+05:30,99.7,2025-03-18T09:16:00+05:30,61.8,-20.10,100.00,-120.10,0,
2025-03-18,TRADED,,2025-03-20,2025-03-19,2025-03-18T15:20:00+05:30,22848.65,22850,2025-03-18T15:20:00+05:30,97.95,2025-03-19T09:16:00+05:30,97.5,2025-03-18T15:20:00+05:30,87.2,2025-03-19T09:16:00+05:30,80.5,7.15,100.00,-92.85,0,
2025-03-19,TRADED,,2025-03-20,2025-03-20,2025-03-19T15:20:00+05:30,22900.6,22900,2025-03-19T15:20:00+05:30,97.15,2025-03-20T09:16:00+05:30,127.75,2025-03-19T15:20:00+05:30,67.59,2025-03-20T09:16:00+05:30,31.2,5.79,100.00,-94.21,0,
2025-03-20,TRADED,,2025-03-27,2025-03-21,2025-03-20T15:20:00+05:30,23187.7,23200,2025-03-20T15:20:00+05:30,134.8,2025-03-21T09:16:00+05:30,129.65,2025-03-20T15:20:00+05:30,138.05,2025-03-21T09:16:00+05:30,138.4,4.80,100.00,-95.20,0,
2025-03-21,TRADED,,2025-03-27,2025-03-24,2025-03-21T15:20:00+05:30,23347.3,23350,2025-03-21T15:20:00+05:30,140.6,2025-03-24T09:16:00+05:30,207.9,2025-03-21T15:20:00+05:30,117.6,2025-03-24T09:16:00+05:30,70.09,-19.79,100.00,-119.79,0,
2025-03-24,TRADED,,2025-03-27,2025-03-25,2025-03-24T15:20:00+05:30,23661.2,23650,2025-03-24T15:20:00+05:30,162.55,2025-03-25T09:16:00+05:30,211.9,2025-03-24T15:20:00+05:30,111.4,2025-03-25T09:16:00+05:30,84.75,-22.70,100.00,-122.70,0,
2025-03-25,TRADED,,2025-03-27,2025-03-26,2025-03-25T15:20:00+05:30,23669.3,23650,2025-03-25T15:20:00+05:30,147.65,2025-03-26T09:16:00+05:30,128.05,2025-03-25T15:20:00+05:30,75.59,2025-03-26T09:16:00+05:30,85.3,9.89,100.00,-90.11,0,
2025-03-26,TRADED,,2025-03-27,2025-03-27,2025-03-26T15:20:00+05:30,23479.4,23500,2025-03-26T15:20:00+05:30,87.9,2025-03-27T09:16:00+05:30,44.45,2025-03-26T15:20:00+05:30,72.15,2025-03-27T09:16:00+05:30,85.95,29.65,100.00,-70.35,0,
2025-03-27,TRADED,,2025-04-03,2025-03-28,2025-03-27T15:20:00+05:30,23588.0,23600,2025-03-27T15:20:00+05:30,199.1,2025-03-28T09:16:00+05:30,188.7,2025-03-27T15:20:00+05:30,124.6,2025-03-28T09:16:00+05:30,135.0,0.00,100.00,-100.00,0,
2025-03-28,TRADED,,2025-04-03,2025-04-01,2025-03-28T15:20:00+05:30,23497.4,23500,2025-03-28T15:20:00+05:30,127.9,2025-04-01T09:16:00+05:30,79.15,2025-03-28T15:20:00+05:30,107.3,2025-04-01T09:16:00+05:30,145.5,10.55,100.00,-89.45,0,
2025-04-01,TRADED,,2025-04-03,2025-04-02,2025-04-01T15:20:00+05:30,23171.65,23150,2025-04-01T15:20:00+05:30,140.4,2025-04-02T09:16:00+05:30,138.85,2025-04-01T15:20:00+05:30,74.4,2025-04-02T09:16:00+05:30,68.5,7.45,100.00,-92.55,0,
2025-04-02,TRADED,,2025-04-03,2025-04-03,2025-04-02T15:20:00+05:30,23328.6,23350,2025-04-02T15:20:00+05:30,55.3,2025-04-03T09:16:00+05:30,7.85,2025-04-02T15:20:00+05:30,99.25,2025-04-03T09:16:00+05:30,181.5,-34.80,100.00,-134.80,0,
2025-04-03,TRADED,,2025-04-09,2025-04-04,2025-04-03T15:20:00+05:30,23243.55,23250,2025-04-03T15:20:00+05:30,148.5,2025-04-04T09:16:00+05:30,99.05,2025-04-03T15:20:00+05:30,165.35,2025-04-04T09:16:00+05:30,244.9,-30.10,100.00,-130.10,0,
2025-04-04,TRADED,,2025-04-09,2025-04-07,2025-04-04T15:20:00+05:30,22902.65,22900,2025-04-04T15:20:00+05:30,112.8,2025-04-07T09:16:00+05:30,20.95,2025-04-04T15:20:00+05:30,128.69,2025-04-07T09:16:00+05:30,686.7,-466.16,100.00,-566.16,0,
2025-04-07,TRADED,,2025-04-09,2025-04-08,2025-04-07T15:20:00+05:30,22172.45,22150,2025-04-07T15:20:00+05:30,337.9,2025-04-08T09:16:00+05:30,494.7,2025-04-07T15:20:00+05:30,291.5,2025-04-08T09:16:00+05:30,81.3,53.40,100.00,-46.60,0,
2025-04-08,TRADED,,2025-04-09,2025-04-09,2025-04-08T15:20:00+05:30,22525.65,22550,2025-04-08T15:20:00+05:30,173.5,2025-04-09T09:16:00+05:30,78.65,2025-04-08T15:20:00+05:30,174.05,2025-04-09T09:16:00+05:30,233.8,35.10,100.00,-64.90,0,
2025-04-09,TRADED,,2025-04-17,2025-04-11,2025-04-09T15:20:00+05:30,22396.5,22400,2025-04-09T15:20:00+05:30,324.8,2025-04-11T09:16:00+05:30,502.0,2025-04-09T15:20:00+05:30,287.6,2025-04-11T09:16:00+05:30,113.45,-3.05,100.00,-103.05,0,
2025-04-11,TRADED,,2025-04-17,2025-04-15,2025-04-11T15:20:00+05:30,22818.15,22800,2025-04-11T15:20:00+05:30,277.55,2025-04-15T09:16:00+05:30,531.7,2025-04-11T15:20:00+05:30,231.9,2025-04-15T09:16:00+05:30,33.0,-55.25,100.00,-155.25,0,
2025-04-15,TRADED,,2025-04-17,2025-04-16,2025-04-15T15:20:00+05:30,23327.2,23350,2025-04-15T15:20:00+05:30,79.25,2025-04-16T09:16:00+05:30,34.9,2025-04-15T15:20:00+05:30,126.7,2025-04-16T09:16:00+05:30,125.55,45.50,100.00,-54.50,0,
2025-04-16,TRADED,,2025-04-17,2025-04-17,2025-04-16T15:20:00+05:30,23439.25,23450,2025-04-16T15:20:00+05:30,58.55,2025-04-17T09:16:00+05:30,20.8,2025-04-16T15:20:00+05:30,119.65,2025-04-17T09:16:00+05:30,109.3,48.10,100.00,-51.90,0,
2025-04-17,TRADED,,2025-04-24,2025-04-21,2025-04-17T15:20:00+05:30,23848.95,23850,2025-04-17T15:20:00+05:30,190.3,2025-04-21T09:16:00+05:30,226.9,2025-04-17T15:20:00+05:30,189.9,2025-04-21T09:16:00+05:30,114.6,38.70,100.00,-61.30,0,
2025-04-21,TRADED,,2025-04-24,2025-04-22,2025-04-21T15:20:00+05:30,24131.25,24150,2025-04-21T15:20:00+05:30,122.7,2025-04-22T09:16:00+05:30,98.4,2025-04-21T15:20:00+05:30,121.6,2025-04-22T09:16:00+05:30,115.95,29.95,100.00,-70.05,0,
2025-04-22,TRADED,,2025-04-24,2025-04-23,2025-04-22T15:20:00+05:30,24165.0,24150,2025-04-22T15:20:00+05:30,107.3,2025-04-23T09:16:00+05:30,170.8,2025-04-22T15:20:00+05:30,82.05,2025-04-23T09:16:00+05:30,36.54,-17.99,100.00,-117.99,0,
2025-04-23,TRADED,,2025-04-24,2025-04-24,2025-04-23T15:20:00+05:30,24328.15,24350,2025-04-23T15:20:00+05:30,49.6,2025-04-24T09:16:00+05:30,19.64,2025-04-23T15:20:00+05:30,94.55,2025-04-24T09:16:00+05:30,105.55,18.96,100.00,-81.04,0,
2025-04-24,TRADED,,2025-04-30,2025-04-25,2025-04-24T15:20:00+05:30,24253.4,24250,2025-04-24T15:20:00+05:30,207.4,2025-04-25T09:16:00+05:30,250.15,2025-04-24T15:20:00+05:30,181.8,2025-04-25T09:16:00+05:30,132.0,7.05,100.00,-92.95,0,
2025-04-25,TRADED,,2025-04-30,2025-04-28,2025-04-25T15:20:00+05:30,24034.8,24050,2025-04-25T15:20:00+05:30,171.15,2025-04-28T09:16:00+05:30,185.55,2025-04-25T15:20:00+05:30,174.6,2025-04-28T09:16:00+05:30,110.15,50.05,100.00,-49.95,0,
2025-04-28,TRADED,,2025-04-30,2025-04-29,2025-04-28T15:20:00+05:30,24336.5,24350,2025-04-28T15:20:00+05:30,101.6,2025-04-29T09:16:00+05:30,127.2,2025-04-28T15:20:00+05:30,101.25,2025-04-29T09:16:00+05:30,55.0,20.65,100.00,-79.35,0,
2025-04-29,TRADED,,2025-04-30,2025-04-30,2025-04-29T15:20:00+05:30,24338.85,24350,2025-04-29T15:20:00+05:30,43.7,2025-04-30T09:16:00+05:30,16.5,2025-04-29T15:20:00+05:30,69.8,2025-04-30T09:16:00+05:30,95.35,1.65,100.00,-98.35,0,
2025-04-30,TRADED,,2025-05-08,2025-05-02,2025-04-30T15:20:00+05:30,24323.75,24300,2025-04-30T15:20:00+05:30,271.5,2025-05-02T09:16:00+05:30,302.3,2025-04-30T15:20:00+05:30,211.85,2025-05-02T09:16:00+05:30,150.75,30.30,100.00,-69.70,0,
2025-05-02,TRADED,,2025-05-08,2025-05-05,2025-05-02T15:20:00+05:30,24329.05,24350,2025-05-02T15:20:00+05:30,149.75,2025-05-05T09:16:00+05:30,187.2,2025-05-02T15:20:00+05:30,191.95,2025-05-05T09:16:00+05:30,105.35,49.15,100.00,-50.85,0,
2025-05-05,TRADED,,2025-05-08,2025-05-06,2025-05-05T15:20:00+05:30,24470.15,24450,2025-05-05T15:20:00+05:30,110.1,2025-05-06T09:16:00+05:30,101.45,2025-05-05T15:20:00+05:30,99.15,2025-05-06T09:16:00+05:30,88.5,19.30,100.00,-80.70,0,
2025-05-06,TRADED,,2025-05-08,2025-05-07,2025-05-06T15:20:00+05:30,24364.6,24350,2025-05-06T15:20:00+05:30,73.8,2025-05-07T09:16:00+05:30,88.95,2025-05-06T15:20:00+05:30,85.75,2025-05-07T09:16:00+05:30,94.35,-23.75,100.00,-123.75,0,
2025-05-07,TRADED,,2025-05-08,2025-05-08,2025-05-07T15:20:00+05:30,24409.75,24400,2025-05-07T15:20:00+05:30,42.3,2025-05-08T09:16:00+05:30,41.8,2025-05-07T15:20:00+05:30,79.75,2025-05-08T09:16:00+05:30,29.25,51.00,100.00,-49.00,0,
2025-05-08,TRADED,,2025-05-15,2025-05-09,2025-05-08T15:20:00+05:30,24266.1,24250,2025-05-08T15:20:00+05:30,256.39,2025-05-09T09:16:00+05:30,194.45,2025-05-08T15:20:00+05:30,277.35,2025-05-09T09:16:00+05:30,346.55,-7.26,100.00,-107.26,0,
2025-05-09,TRADED,,2025-05-15,2025-05-12,2025-05-09T15:20:00+05:30,24017.6,24000,2025-05-09T15:20:00+05:30,233.6,2025-05-12T09:16:00+05:30,544.0,2025-05-09T15:20:00+05:30,237.55,2025-05-12T09:16:00+05:30,20.55,-93.40,100.00,-193.40,0,
2025-05-12,TRADED,,2025-05-15,2025-05-13,2025-05-12T15:20:00+05:30,24941.45,24950,2025-05-12T15:20:00+05:30,207.45,2025-05-13T09:16:00+05:30,189.2,2025-05-12T15:20:00+05:30,180.45,2025-05-13T09:16:00+05:30,180.1,18.60,100.00,-81.40,0,
2025-05-13,TRADED,,2025-05-15,2025-05-14,2025-05-13T15:20:00+05:30,24580.05,24600,2025-05-13T15:20:00+05:30,131.44,2025-05-14T09:16:00+05:30,115.0,2025-05-13T15:20:00+05:30,150.75,2025-05-14T09:16:00+05:30,135.15,32.04,100.00,-67.96,0,
2025-05-14,TRADED,,2025-05-15,2025-05-15,2025-05-14T15:20:00+05:30,24658.15,24650,2025-05-14T15:20:00+05:30,78.05,2025-05-15T09:16:00+05:30,65.3,2025-05-14T15:20:00+05:30,109.5,2025-05-15T09:16:00+05:30,75.65,46.60,100.00,-53.40,0,
2025-05-15,TRADED,,2025-05-22,2025-05-16,2025-05-15T15:20:00+05:30,25050.45,25050,2025-05-15T15:20:00+05:30,188.4,2025-05-16T09:16:00+05:30,189.5,2025-05-15T15:20:00+05:30,206.8,2025-05-16T09:16:00+05:30,205.65,0.05,100.00,-99.95,0,
2025-05-16,TRADED,,2025-05-22,2025-05-19,2025-05-16T15:20:00+05:30,25017.5,25000,2025-05-16T15:20:00+05:30,192.8,2025-05-19T09:16:00+05:30,163.35,2025-05-16T15:20:00+05:30,162.6,2025-05-19T09:16:00+05:30,179.5,12.55,100.00,-87.45,0,
2025-05-19,TRADED,,2025-05-22,2025-05-20,2025-05-19T15:20:00+05:30,24944.85,24950,2025-05-19T15:20:00+05:30,149.15,2025-05-20T09:16:00+05:30,162.3,2025-05-19T15:20:00+05:30,163.8,2025-05-20T09:16:00+05:30,114.35,36.30,100.00,-63.70,0,
2025-05-20,TRADED,,2025-05-22,2025-05-21,2025-05-20T15:20:00+05:30,24676.6,24700,2025-05-20T15:20:00+05:30,133.6,2025-05-21T09:16:00+05:30,130.9,2025-05-20T15:20:00+05:30,102.05,2025-05-21T09:16:00+05:30,85.05,19.70,100.00,-80.30,0,
2025-05-21,TRADED,,2025-05-22,2025-05-22,2025-05-21T15:20:00+05:30,24811.05,24800,2025-05-21T15:20:00+05:30,99.6,2025-05-22T09:16:00+05:30,56.0,2025-05-21T15:20:00+05:30,109.75,2025-05-22T09:16:00+05:30,173.95,-20.60,100.00,-120.60,0,
2025-05-22,TRADED,,2025-05-29,2025-05-23,2025-05-22T15:20:00+05:30,24615.1,24600,2025-05-22T15:20:00+05:30,230.55,2025-05-23T09:16:00+05:30,235.2,2025-05-22T15:20:00+05:30,181.2,2025-05-23T09:16:00+05:30,162.5,14.05,100.00,-85.95,0,
2025-05-23,TRADED,,2025-05-29,2025-05-26,2025-05-23T15:20:00+05:30,24856.45,24850,2025-05-23T15:20:00+05:30,218.95,2025-05-26T09:16:00+05:30,297.64,2025-05-23T15:20:00+05:30,188.55,2025-05-26T09:16:00+05:30,129.0,-19.14,100.00,-119.14,0,
2025-05-26,TRADED,,2025-05-29,2025-05-27,2025-05-26T15:20:00+05:30,25002.05,25000,2025-05-26T15:20:00+05:30,224.65,2025-05-27T09:16:00+05:30,189.85,2025-05-26T15:20:00+05:30,185.7,2025-05-27T09:16:00+05:30,234.3,-13.80,100.00,-113.80,0,
2025-05-27,TRADED,,2025-05-29,2025-05-28,2025-05-27T15:20:00+05:30,24825.6,24850,2025-05-27T15:20:00+05:30,191.7,2025-05-28T09:16:00+05:30,190.0,2025-05-27T15:20:00+05:30,178.65,2025-05-28T09:16:00+05:30,205.0,-24.65,100.00,-124.65,0,
2025-05-28,TRADED,,2025-05-29,2025-05-29,2025-05-28T15:20:00+05:30,24747.7,24750,2025-05-28T15:20:00+05:30,118.3,2025-05-29T09:16:00+05:30,177.8,2025-05-28T15:20:00+05:30,101.3,2025-05-29T09:16:00+05:30,29.8,12.00,100.00,-88.00,0,
2025-05-29,TRADED,,2025-06-05,2025-05-30,2025-05-29T15:20:00+05:30,24854.1,24850,2025-05-29T15:20:00+05:30,210.0,2025-05-30T09:16:00+05:30,195.6,2025-05-29T15:20:00+05:30,198.6,2025-05-30T09:16:00+05:30,205.4,7.60,100.00,-92.40,0,
2025-05-30,TRADED,,2025-06-05,2025-06-02,2025-05-30T15:20:00+05:30,24746.95,24750,2025-05-30T15:20:00+05:30,227.4,2025-06-02T09:16:00+05:30,151.35,2025-05-30T15:20:00+05:30,181.25,2025-06-02T09:16:00+05:30,298.75,-41.45,100.00,-141.45,0,
2025-06-02,TRADED,,2025-06-05,2025-06-03,2025-06-02T15:20:00+05:30,24716.45,24700,2025-06-02T15:20:00+05:30,231.1,2025-06-03T09:16:00+05:30,270.05,2025-06-02T15:20:00+05:30,202.35,2025-06-03T09:16:00+05:30,148.4,15.00,100.00,-85.00,0,
2025-06-03,TRADED,,2025-06-05,2025-06-04,2025-06-03T15:20:00+05:30,24544.35,24550,2025-06-03T15:20:00+05:30,153.45,2025-06-04T09:16:00+05:30,157.1,2025-06-03T15:20:00+05:30,116.0,2025-06-04T09:16:00+05:30,108.9,3.45,100.00,-96.55,0,
2025-06-04,TRADED,,2025-06-05,2025-06-05,2025-06-04T15:20:00+05:30,24608.75,24600,2025-06-04T15:20:00+05:30,87.0,2025-06-05T09:16:00+05:30,78.7,2025-06-04T15:20:00+05:30,74.75,2025-06-05T09:16:00+05:30,32.4,50.65,100.00,-49.35,0,
2025-06-05,TRADED,,2025-06-12,2025-06-06,2025-06-05T15:20:00+05:30,24767.95,24750,2025-06-05T15:20:00+05:30,207.5,2025-06-06T09:16:00+05:30,188.1,2025-06-05T15:20:00+05:30,166.35,2025-06-06T09:16:00+05:30,182.25,3.50,100.00,-96.50,0,
2025-06-06,TRADED,,2025-06-12,2025-06-09,2025-06-06T15:20:00+05:30,25000.05,25000,2025-06-06T15:20:00+05:30,178.25,2025-06-09T09:16:00+05:30,223.75,2025-06-06T15:20:00+05:30,154.75,2025-06-09T09:16:00+05:30,108.4,0.85,100.00,-99.15,0,
2025-06-09,TRADED,,2025-06-12,2025-06-10,2025-06-09T15:20:00+05:30,25103.35,25100,2025-06-09T15:20:00+05:30,136.6,2025-06-10T09:16:00+05:30,149.4,2025-06-09T15:20:00+05:30,129.65,2025-06-10T09:16:00+05:30,101.65,15.20,100.00,-84.80,0,
2025-06-10,TRADED,,2025-06-12,2025-06-11,2025-06-10T15:20:00+05:30,25108.85,25100,2025-06-10T15:20:00+05:30,86.5,2025-06-11T09:16:00+05:30,72.2,2025-06-10T15:20:00+05:30,95.9,2025-06-11T09:16:00+05:30,84.25,25.95,100.00,-74.05,0,
2025-06-11,TRADED,,2025-06-12,2025-06-12,2025-06-11T15:20:00+05:30,25136.8,25150,2025-06-11T15:20:00+05:30,64.15,2025-06-12T09:16:00+05:30,44.95,2025-06-11T15:20:00+05:30,85.0,2025-06-12T09:16:00+05:30,78.5,25.70,100.00,-74.30,0,
2025-06-12,TRADED,,2025-06-19,2025-06-13,2025-06-12T15:20:00+05:30,24876.6,24900,2025-06-12T15:20:00+05:30,178.1,2025-06-13T09:16:00+05:30,78.3,2025-06-12T15:20:00+05:30,177.45,2025-06-13T09:16:00+05:30,414.65,-137.40,100.00,-237.40,0,
2025-06-13,TRADED,,2025-06-19,2025-06-16,2025-06-13T15:20:00+05:30,24718.7,24700,2025-06-13T15:20:00+05:30,170.15,2025-06-16T09:16:00+05:30,190.0,2025-06-13T15:20:00+05:30,191.25,2025-06-16T09:16:00+05:30,120.8,50.60,100.00,-49.40,0,
2025-06-16,TRADED,,2025-06-19,2025-06-17,2025-06-16T15:20:00+05:30,24954.75,24950,2025-06-16T15:20:00+05:30,142.2,2025-06-17T09:16:00+05:30,112.85,2025-06-16T15:20:00+05:30,130.7,2025-06-17T09:16:00+05:30,137.95,22.10,100.00,-77.90,0,
2025-06-17,TRADED,,2025-06-19,2025-06-18,2025-06-17T15:20:00+05:30,24844.8,24850,2025-06-17T15:20:00+05:30,100.75,2025-06-18T09:16:00+05:30,71.55,2025-06-17T15:20:00+05:30,113.3,2025-06-18T09:16:00+05:30,120.95,21.55,100.00,-78.45,0,
2025-06-18,TRADED,,2025-06-19,2025-06-19,2025-06-18T15:20:00+05:30,24810.75,24800,2025-06-18T15:20:00+05:30,79.15,2025-06-19T09:16:00+05:30,42.35,2025-06-18T15:20:00+05:30,81.65,2025-06-19T09:16:00+05:30,70.25,48.20,100.00,-51.80,0,
2025-06-19,TRADED,,2025-06-26,2025-06-20,2025-06-19T15:20:00+05:30,24789.15,24800,2025-06-19T15:20:00+05:30,194.7,2025-06-20T09:16:00+05:30,219.35,2025-06-19T15:20:00+05:30,187.85,2025-06-20T09:16:00+05:30,134.75,28.45,100.00,-71.55,0,
2025-06-20,TRADED,,2025-06-26,2025-06-23,2025-06-20T15:20:00+05:30,25125.5,25150,2025-06-20T15:20:00+05:30,135.45,2025-06-23T09:16:00+05:30,74.15,2025-06-20T15:20:00+05:30,173.1,2025-06-23T09:16:00+05:30,238.1,-3.70,100.00,-103.70,0,
2025-06-23,TRADED,,2025-06-26,2025-06-24,2025-06-23T15:20:00+05:30,24975.9,25000,2025-06-23T15:20:00+05:30,126.7,2025-06-24T09:16:00+05:30,284.5,2025-06-23T15:20:00+05:30,137.0,2025-06-24T09:16:00+05:30,41.45,-62.25,100.00,-162.25,0,
2025-06-24,TRADED,,2025-06-26,2025-06-25,2025-06-24T15:20:00+05:30,25054.65,25050,2025-06-24T15:20:00+05:30,129.85,2025-06-25T09:16:00+05:30,150.4,2025-06-24T15:20:00+05:30,86.5,2025-06-25T09:16:00+05:30,51.3,14.65,100.00,-85.35,0,
2025-06-25,TRADED,,2025-06-26,2025-06-26,2025-06-25T15:20:00+05:30,25246.4,25250,2025-06-25T15:20:00+05:30,67.3,2025-06-26T09:16:00+05:30,77.45,2025-06-25T15:20:00+05:30,67.45,2025-06-26T09:16:00+05:30,35.05,22.25,100.00,-77.75,0,
2025-06-26,TRADED,,2025-07-03,2025-06-27,2025-06-26T15:20:00+05:30,25540.8,25550,2025-06-26T15:20:00+05:30,155.05,2025-06-27T09:16:00+05:30,214.55,2025-06-26T15:20:00+05:30,184.0,2025-06-27T09:16:00+05:30,127.35,-2.85,100.00,-102.85,0,
2025-06-27,TRADED,,2025-07-03,2025-06-30,2025-06-27T15:20:00+05:30,25646.1,25650,2025-06-27T15:20:00+05:30,143.8,2025-06-30T09:16:00+05:30,135.6,2025-06-27T15:20:00+05:30,133.75,2025-06-30T09:16:00+05:30,123.75,18.20,100.00,-81.80,0,
2025-06-30,TRADED,,2025-07-03,2025-07-01,2025-06-30T15:20:00+05:30,25516.35,25500,2025-06-30T15:20:00+05:30,140.2,2025-07-01T09:16:00+05:30,130.55,2025-06-30T15:20:00+05:30,112.1,2025-07-01T09:16:00+05:30,113.55,8.20,100.00,-91.80,0,
2025-07-01,TRADED,,2025-07-03,2025-07-02,2025-07-01T15:20:00+05:30,25549.65,25550,2025-07-01T15:20:00+05:30,96.7,2025-07-02T09:16:00+05:30,101.05,2025-07-01T15:20:00+05:30,83.2,2025-07-02T09:16:00+05:30,65.0,13.85,100.00,-86.15,0,
2025-07-02,TRADED,,2025-07-03,2025-07-03,2025-07-02T15:20:00+05:30,25443.55,25450,2025-07-02T15:20:00+05:30,65.15,2025-07-03T09:16:00+05:30,68.65,2025-07-02T15:20:00+05:30,68.95,2025-07-03T09:16:00+05:30,44.6,20.85,100.00,-79.15,0,
2025-07-03,TRADED,,2025-07-10,2025-07-04,2025-07-03T15:20:00+05:30,25415.35,25400,2025-07-03T15:20:00+05:30,181.4,2025-07-04T09:16:00+05:30,179.45,2025-07-03T15:20:00+05:30,133.3,2025-07-04T09:16:00+05:30,136.15,-0.90,100.00,-100.90,0,
2025-07-04,TRADED,,2025-07-10,2025-07-07,2025-07-04T15:20:00+05:30,25457.1,25450,2025-07-04T15:20:00+05:30,141.7,2025-07-07T09:16:00+05:30,110.95,2025-07-04T15:20:00+05:30,129.0,2025-07-07T09:16:00+05:30,140.9,18.85,100.00,-81.15,0,
2025-07-07,TRADED,,2025-07-10,2025-07-08,2025-07-07T15:20:00+05:30,25458.45,25450,2025-07-07T15:20:00+05:30,120.55,2025-07-08T09:16:00+05:30,111.6,2025-07-07T15:20:00+05:30,108.65,2025-07-08T09:16:00+05:30,107.1,10.50,100.00,-89.50,0,
2025-07-08,TRADED,,2025-07-10,2025-07-09,2025-07-08T15:20:00+05:30,25522.35,25500,2025-07-08T15:20:00+05:30,112.4,2025-07-09T09:16:00+05:30,87.65,2025-07-08T15:20:00+05:30,67.0,2025-07-09T09:16:00+05:30,65.65,26.10,100.00,-73.90,0,
2025-07-09,TRADED,,2025-07-10,2025-07-10,2025-07-09T15:20:00+05:30,25471.1,25450,2025-07-09T15:20:00+05:30,87.05,2025-07-10T09:16:00+05:30,71.85,2025-07-09T15:20:00+05:30,49.1,2025-07-10T09:16:00+05:30,33.65,30.65,100.00,-69.35,0,
2025-07-10,TRADED,,2025-07-17,2025-07-11,2025-07-10T15:20:00+05:30,25370.45,25350,2025-07-10T15:20:00+05:30,160.2,2025-07-11T09:16:00+05:30,101.35,2025-07-10T15:20:00+05:30,120.6,2025-07-11T09:16:00+05:30,165.45,14.00,100.00,-86.00,0,
2025-07-11,TRADED,,2025-07-17,2025-07-14,2025-07-11T15:20:00+05:30,25138.55,25150,2025-07-11T15:20:00+05:30,139.15,2025-07-14T09:16:00+05:30,106.6,2025-07-11T15:20:00+05:30,108.3,2025-07-14T09:16:00+05:30,123.75,17.10,100.00,-82.90,0,
2025-07-14,TRADED,,2025-07-17,2025-07-15,2025-07-14T15:20:00+05:30,25080.3,25100,2025-07-14T15:20:00+05:30,116.75,2025-07-15T09:16:00+05:30,131.4,2025-07-14T15:20:00+05:30,90.5,2025-07-15T09:16:00+05:30,64.7,11.15,100.00,-88.85,0,
2025-07-15,TRADED,,2025-07-17,2025-07-16,2025-07-15T15:20:00+05:30,25205.15,25200,2025-07-15T15:20:00+05:30,85.35,2025-07-16T09:16:00+05:30,55.5,2025-07-15T15:20:00+05:30,59.75,2025-07-16T09:16:00+05:30,73.45,16.15,100.00,-83.85,0,
2025-07-16,TRADED,,2025-07-17,2025-07-17,2025-07-16T15:20:00+05:30,25209.5,25200,2025-07-16T15:20:00+05:30,63.15,2025-07-17T09:16:00+05:30,55.2,2025-07-16T15:20:00+05:30,42.6,2025-07-17T09:16:00+05:30,30.05,20.50,100.00,-79.50,0,
2025-07-17,TRADED,,2025-07-24,2025-07-18,2025-07-17T15:20:00+05:30,25113.65,25100,2025-07-17T15:20:00+05:30,163.1,2025-07-18T09:16:00+05:30,148.6,2025-07-17T15:20:00+05:30,103.55,2025-07-18T09:16:00+05:30,106.0,12.05,100.00,-87.95,0,
2025-07-18,TRADED,,2025-07-24,2025-07-21,2025-07-18T15:20:00+05:30,24966.0,24950,2025-07-18T15:20:00+05:30,160.95,2025-07-21T09:16:00+05:30,126.15,2025-07-18T15:20:00+05:30,96.4,2025-07-21T09:16:00+05:30,100.45,30.75,100.00,-69.25,0,
2025-07-21,TRADED,,2025-07-24,2025-07-22,2025-07-21T15:20:00+05:30,25096.4,25100,2025-07-21T15:20:00+05:30,97.95,2025-07-22T09:16:00+05:30,122.85,2025-07-21T15:20:00+05:30,86.45,2025-07-22T09:16:00+05:30,55.15,6.40,100.00,-93.60,0,
2025-07-22,TRADED,,2025-07-24,2025-07-23,2025-07-22T15:20:00+05:30,25063.4,25050,2025-07-22T15:20:00+05:30,91.8,2025-07-23T09:16:00+05:30,113.5,2025-07-22T15:20:00+05:30,52.5,2025-07-23T09:16:00+05:30,28.95,1.85,100.00,-98.15,0,
2025-07-23,TRADED,,2025-07-24,2025-07-24,2025-07-23T15:20:00+05:30,25219.0,25200,2025-07-23T15:20:00+05:30,61.7,2025-07-24T09:16:00+05:30,52.45,2025-07-23T15:20:00+05:30,36.35,2025-07-24T09:16:00+05:30,29.55,16.05,100.00,-83.95,0,
2025-07-24,TRADED,,2025-07-31,2025-07-25,2025-07-24T15:20:00+05:30,25058.3,25050,2025-07-24T15:20:00+05:30,145.4,2025-07-25T09:16:00+05:30,87.4,2025-07-24T15:20:00+05:30,103.7,2025-07-25T09:16:00+05:30,165.65,-3.95,100.00,-103.95,0,
2025-07-25,TRADED,,2025-07-31,2025-07-28,2025-07-25T15:20:00+05:30,24832.75,24850,2025-07-25T15:20:00+05:30,122.0,2025-07-28T09:16:00+05:30,80.9,2025-07-25T15:20:00+05:30,119.2,2025-07-28T09:16:00+05:30,163.75,-3.45,100.00,-103.45,0,
2025-07-28,TRADED,,2025-07-31,2025-07-29,2025-07-28T15:20:00+05:30,24682.75,24700,2025-07-28T15:20:00+05:30,113.65,2025-07-29T09:16:00+05:30,86.2,2025-07-28T15:20:00+05:30,98.25,2025-07-29T09:16:00+05:30,122.1,3.60,100.00,-96.40,0,
2025-07-29,TRADED,,2025-07-31,2025-07-30,2025-07-29T15:20:00+05:30,24829.1,24850,2025-07-29T15:20:00+05:30,76.65,2025-07-30T09:16:00+05:30,60.1,2025-07-29T15:20:00+05:30,79.85,2025-07-30T09:16:00+05:30,88.2,8.20,100.00,-91.80,0,
2025-07-30,TRADED,,2025-07-31,2025-07-31,2025-07-30T15:20:00+05:30,24854.15,24850,2025-07-30T15:20:00+05:30,69.8,2025-07-31T09:16:00+05:30,13.5,2025-07-30T15:20:00+05:30,49.15,2025-07-31T09:16:00+05:30,179.4,-73.95,100.00,-173.95,0,
2025-07-31,TRADED,,2025-08-07,2025-08-01,2025-07-31T15:20:00+05:30,24754.2,24750,2025-07-31T15:20:00+05:30,179.95,2025-08-01T09:16:00+05:30,133.7,2025-07-31T15:20:00+05:30,132.8,2025-08-01T09:16:00+05:30,164.15,14.90,100.00,-85.10,0,
2025-08-01,TRADED,,2025-08-07,2025-08-04,2025-08-01T15:20:00+05:30,24551.1,24550,2025-08-01T15:20:00+05:30,156.65,2025-08-04T09:16:00+05:30,179.2,2025-08-01T15:20:00+05:30,145.0,2025-08-04T09:16:00+05:30,102.9,19.55,100.00,-80.45,0,
2025-08-04,TRADED,,2025-08-07,2025-08-05,2025-08-04T15:20:00+05:30,24723.35,24700,2025-08-04T15:20:00+05:30,135.5,2025-08-05T09:16:00+05:30,114.45,2025-08-04T15:20:00+05:30,101.5,2025-08-05T09:16:00+05:30,102.55,20.00,100.00,-80.00,0,
2025-08-05,TRADED,,2025-08-07,2025-08-06,2025-08-05T15:20:00+05:30,24662.6,24650,2025-08-05T15:20:00+05:30,96.0,2025-08-06T09:16:00+05:30,82.2,2025-08-05T15:20:00+05:30,88.2,2025-08-06T09:16:00+05:30,88.55,13.45,100.00,-86.55,0,
2025-08-06,TRADED,,2025-08-07,2025-08-07,2025-08-06T15:20:00+05:30,24575.55,24600,2025-08-06T15:20:00+05:30,60.35,2025-08-07T09:16:00+05:30,23.7,2025-08-06T15:20:00+05:30,78.3,2025-08-07T09:16:00+05:30,115.3,-0.35,100.00,-100.35,0,
2025-08-07,TRADED,,2025-08-14,2025-08-08,2025-08-07T15:20:00+05:30,24604.2,24600,2025-08-07T15:20:00+05:30,154.25,2025-08-08T09:16:00+05:30,130.05,2025-08-07T15:20:00+05:30,116.7,2025-08-08T09:16:00+05:30,127.3,13.60,100.00,-86.40,0,
2025-08-08,TRADED,,2025-08-14,2025-08-11,2025-08-08T15:20:00+05:30,24345.45,24350,2025-08-08T15:20:00+05:30,159.95,2025-08-11T09:16:00+05:30,140.5,2025-08-08T15:20:00+05:30,114.05,2025-08-11T09:16:00+05:30,109.8,23.70,100.00,-76.30,0,
2025-08-11,TRADED,,2025-08-14,2025-08-12,2025-08-11T15:20:00+05:30,24574.4,24550,2025-08-11T15:20:00+05:30,112.15,2025-08-12T09:16:00+05:30,101.3,2025-08-11T15:20:00+05:30,94.85,2025-08-12T09:16:00+05:30,90.75,14.95,100.00,-85.05,0,
2025-08-12,TRADED,,2025-08-14,2025-08-13,2025-08-12T15:20:00+05:30,24490.75,24500,2025-08-12T15:20:00+05:30,88.15,2025-08-13T09:16:00+05:30,134.4,2025-08-12T15:20:00+05:30,74.05,2025-08-13T09:16:00+05:30,35.45,-7.65,100.00,-107.65,0,
2025-08-13,TRADED,,2025-08-14,2025-08-14,2025-08-13T15:20:00+05:30,24617.3,24600,2025-08-13T15:20:00+05:30,82.2,2025-08-14T09:16:00+05:30,78.6,2025-08-13T15:20:00+05:30,42.3,2025-08-14T09:16:00+05:30,35.7,10.20,100.00,-89.80,0,
2025-08-14,TRADED,,2025-08-21,2025-08-18,2025-08-14T15:20:00+05:30,24627.7,24650,2025-08-14T15:20:00+05:30,146.75,2025-08-18T09:16:00+05:30,342.3,2025-08-14T15:20:00+05:30,133.35,2025-08-18T09:16:00+05:30,36.05,-98.25,100.00,-198.25,0,
2025-08-18,TRADED,,2025-08-21,2025-08-19,2025-08-18T15:20:00+05:30,24876.2,24900,2025-08-18T15:20:00+05:30,130.65,2025-08-19T09:16:00+05:30,102.3,2025-08-18T15:20:00+05:30,89.05,2025-08-19T09:16:00+05:30,92.75,24.65,100.00,-75.35,0,
2025-08-19,TRADED,,2025-08-21,2025-08-20,2025-08-19T15:20:00+05:30,24985.85,25000,2025-08-19T15:20:00+05:30,77.15,2025-08-20T09:16:00+05:30,52.25,2025-08-19T15:20:00+05:30,76.0,2025-08-20T09:16:00+05:30,97.35,3.55,100.00,-96.45,0,
2025-08-20,TRADED,,2025-08-21,2025-08-21,2025-08-20T15:20:00+05:30,25041.05,25050,2025-08-20T15:20:00+05:30,50.6,2025-08-21T09:16:00+05:30,65.8,2025-08-20T15:20:00+05:30,57.75,2025-08-21T09:16:00+05:30,31.0,11.55,100.00,-88.45,0,
2025-08-21,TRADED,,2025-08-28,2025-08-22,2025-08-21T15:20:00+05:30,25078.5,25100,2025-08-21T15:20:00+05:30,133.05,2025-08-22T09:16:00+05:30,95.15,2025-08-21T15:20:00+05:30,107.35,2025-08-22T09:16:00+05:30,134.4,10.85,100.00,-89.15,0,
2025-08-22,TRADED,,2025-08-28,2025-08-25,2025-08-22T15:20:00+05:30,24870.5,24850,2025-08-22T15:20:00+05:30,144.5,2025-08-25T09:16:00+05:30,152.95,2025-08-22T15:20:00+05:30,87.6,2025-08-25T09:16:00+05:30,59.3,19.85,100.00,-80.15,0,
2025-08-25,TRADED,,2025-08-28,2025-08-26,2025-08-25T15:20:00+05:30,24969.15,24950,2025-08-25T15:20:00+05:30,100.85,2025-08-26T09:16:00+05:30,51.5,2025-08-25T15:20:00+05:30,58.5,2025-08-26T09:16:00+05:30,87.65,20.20,100.00,-79.80,0,
2025-08-26,TRADED,,2025-08-28,2025-08-28,2025-08-26T15:20:00+05:30,24695.8,24700,2025-08-26T15:20:00+05:30,82.0,2025-08-28T09:16:00+05:30,24.55,2025-08-26T15:20:00+05:30,57.0,2025-08-28T09:16:00+05:30,125.45,-11.00,100.00,-111.00,0,
2025-08-28,TRADED,,2025-09-02,2025-08-29,2025-08-28T15:20:00+05:30,24492.15,24500,2025-08-28T15:20:00+05:30,139.0,2025-08-29T09:16:00+05:30,160.95,2025-08-28T15:20:00+05:30,94.1,2025-08-29T09:16:00+05:30,77.4,-5.25,100.00,-105.25,0,
2025-08-29,TRADED,,2025-09-02,2025-09-01,2025-08-29T15:20:00+05:30,24412.2,24400,2025-08-29T15:20:00+05:30,120.5,2025-09-01T09:16:00+05:30,174.9,2025-08-29T15:20:00+05:30,63.3,2025-09-01T09:16:00+05:30,26.45,-17.55,100.00,-117.55,0,
2025-09-01,TRADED,,2025-09-02,2025-09-02,2025-09-01T15:20:00+05:30,24628.05,24650,2025-09-01T15:20:00+05:30,48.1,2025-09-02T09:16:00+05:30,63.0,2025-09-01T15:20:00+05:30,58.5,2025-09-02T09:16:00+05:30,31.8,11.80,100.00,-88.20,0,
2025-09-02,TRADED,,2025-09-09,2025-09-03,2025-09-02T15:20:00+05:30,24586.3,24600,2025-09-02T15:20:00+05:30,143.5,2025-09-03T09:16:00+05:30,134.3,2025-09-02T15:20:00+05:30,121.5,2025-09-03T09:16:00+05:30,126.25,4.45,100.00,-95.55,0,
2025-09-03,TRADED,,2025-09-09,2025-09-04,2025-09-03T15:20:00+05:30,24727.8,24750,2025-09-03T15:20:00+05:30,110.85,2025-09-04T09:16:00+05:30,199.4,2025-09-03T15:20:00+05:30,114.5,2025-09-04T09:16:00+05:30,55.85,-29.90,100.00,-129.90,0,
2025-09-04,TRADED,,2025-09-09,2025-09-05,2025-09-04T15:20:00+05:30,24728.9,24750,2025-09-04T15:20:00+05:30,103.3,2025-09-05T09:16:00+05:30,127.25,2025-09-04T15:20:00+05:30,95.6,2025-09-05T09:16:00+05:30,55.45,16.20,100.00,-83.80,0,
2025-09-05,TRADED,,2025-09-09,2025-09-08,2025-09-05T15:20:00+05:30,24739.1,24750,2025-09-05T15:20:00+05:30,98.5,2025-09-08T09:16:00+05:30,108.8,2025-09-05T15:20:00+05:30,71.45,2025-09-08T09:16:00+05:30,42.2,18.95,100.00,-81.05,0,
2025-09-08,TRADED,,2025-09-09,2025-09-09,2025-09-08T15:20:00+05:30,24773.75,24750,2025-09-08T15:20:00+05:30,91.6,2025-09-09T09:16:00+05:30,128.05,2025-09-08T15:20:00+05:30,33.75,2025-09-09T09:16:00+05:30,14.75,-17.45,100.00,-117.45,0,
2025-09-09,TRADED,,2025-09-16,2025-09-10,2025-09-09T15:20:00+05:30,24868.0,24850,2025-09-09T15:20:00+05:30,149.2,2025-09-10T09:16:00+05:30,198.7,2025-09-09T15:20:00+05:30,105.45,2025-09-10T09:16:00+05:30,68.2,-12.25,100.00,-112.25,0,
2025-09-10,TRADED,,2025-09-16,2025-09-11,2025-09-10T15:20:00+05:30,24981.3,25000,2025-09-10T15:20:00+05:30,120.0,2025-09-11T09:16:00+05:30,105.2,2025-09-10T15:20:00+05:30,97.95,2025-09-11T09:16:00+05:30,102.45,10.30,100.00,-89.70,0,
2025-09-11,TRADED,,2025-09-16,2025-09-12,2025-09-11T15:20:00+05:30,25004.0,25000,2025-09-11T15:20:00+05:30,120.15,2025-09-12T09:16:00+05:30,142.0,2025-09-11T15:20:00+05:30,71.15,2025-09-12T09:16:00+05:30,44.4,4.90,100.00,-95.10,0,
2025-09-12,TRADED,,2025-09-16,2025-09-15,2025-09-12T15:20:00+05:30,25115.55,25100,2025-09-12T15:20:00+05:30,92.5,2025-09-15T09:16:00+05:30,70.9,2025-09-12T15:20:00+05:30,58.15,2025-09-15T09:16:00+05:30,53.05,26.70,100.00,-73.30,0,
2025-09-15,TRADED,,2025-09-16,2025-09-16,2025-09-15T15:20:00+05:30,25065.05,25050,2025-09-15T15:20:00+05:30,79.6,2025-09-16T09:16:00+05:30,67.2,2025-09-15T15:20:00+05:30,28.6,2025-09-16T09:16:00+05:30,23.15,17.85,100.00,-82.15,0,
2025-09-16,TRADED,,2025-09-23,2025-09-17,2025-09-16T15:20:00+05:30,25244.65,25250,2025-09-16T15:20:00+05:30,146.9,2025-09-17T09:16:00+05:30,179.7,2025-09-16T15:20:00+05:30,103.4,2025-09-17T09:16:00+05:30,70.85,-0.25,100.00,-100.25,0,
2025-09-17,TRADED,,2025-09-23,2025-09-18,2025-09-17T15:20:00+05:30,25326.2,25350,2025-09-17T15:20:00+05:30,124.95,2025-09-18T09:16:00+05:30,154.35,2025-09-17T15:20:00+05:30,90.95,2025-09-18T09:16:00+05:30,52.2,9.35,100.00,-90.65,0,
2025-09-18,TRADED,,2025-09-23,2025-09-19,2025-09-18T15:20:00+05:30,25434.3,25450,2025-09-18T15:20:00+05:30,93.3,2025-09-19T09:16:00+05:30,55.3,2025-09-18T15:20:00+05:30,68.7,2025-09-19T09:16:00+05:30,93.65,13.05,100.00,-86.95,0,
2025-09-19,TRADED,,2025-09-23,2025-09-22,2025-09-19T15:20:00+05:30,25333.95,25350,2025-09-19T15:20:00+05:30,82.5,2025-09-22T09:16:00+05:30,30.5,2025-09-19T15:20:00+05:30,56.3,2025-09-22T09:16:00+05:30,105.5,2.80,100.00,-97.20,0,
2025-09-22,TRADED,,2025-09-23,2025-09-23,2025-09-22T15:20:00+05:30,25202.15,25200,2025-09-22T15:20:00+05:30,67.9,2025-09-23T09:16:00+05:30,72.2,2025-09-22T15:20:00+05:30,38.0,2025-09-23T09:16:00+05:30,24.65,9.05,100.00,-90.95,0,
2025-09-23,TRADED,,2025-09-30,2025-09-24,2025-09-23T15:20:00+05:30,25168.15,25150,2025-09-23T15:20:00+05:30,187.9,2025-09-24T09:16:00+05:30,116.65,2025-09-23T15:20:00+05:30,78.8,2025-09-24T09:16:00+05:30,114.5,35.55,100.00,-64.45,0,
2025-09-24,TRADED,,2025-09-30,2025-09-25,2025-09-24T15:20:00+05:30,25057.65,25050,2025-09-24T15:20:00+05:30,141.1,2025-09-25T09:16:00+05:30,98.65,2025-09-24T15:20:00+05:30,78.4,2025-09-25T09:16:00+05:30,98.8,22.05,100.00,-77.95,0,
2025-09-25,TRADED,,2025-09-30,2025-09-26,2025-09-25T15:20:00+05:30,24900.45,24900,2025-09-25T15:20:00+05:30,139.7,2025-09-26T09:16:00+05:30,81.65,2025-09-25T15:20:00+05:30,63.6,2025-09-26T09:16:00+05:30,109.65,12.00,100.00,-88.00,0,
2025-09-26,TRADED,,2025-09-30,2025-09-29,2025-09-26T15:20:00+05:30,24651.85,24650,2025-09-26T15:20:00+05:30,108.2,2025-09-29T09:16:00+05:30,144.5,2025-09-26T15:20:00+05:30,72.55,2025-09-29T09:16:00+05:30,33.4,2.85,100.00,-97.15,0,
2025-09-29,TRADED,,2025-09-30,2025-09-30,2025-09-29T15:20:00+05:30,24629.0,24650,2025-09-29T15:20:00+05:30,73.0,2025-09-30T09:16:00+05:30,95.0,2025-09-29T15:20:00+05:30,47.8,2025-09-30T09:16:00+05:30,24.75,1.05,100.00,-98.95,0,
2025-09-30,TRADED,,2025-10-07,2025-10-01,2025-09-30T15:20:00+05:30,24606.95,24600,2025-09-30T15:20:00+05:30,178.9,2025-10-01T09:16:00+05:30,160.2,2025-09-30T15:20:00+05:30,95.0,2025-10-01T09:16:00+05:30,102.4,11.30,100.00,-88.70,0,
2025-10-01,TRADED,,2025-10-07,2025-10-03,2025-10-01T15:20:00+05:30,24840.45,24850,2025-10-01T15:20:00+05:30,105.95,2025-10-03T09:16:00+05:30,77.0,2025-10-01T15:20:00+05:30,84.45,2025-10-03T09:16:00+05:30,96.4,17.00,100.00,-83.00,0,
2025-10-03,TRADED,,2025-10-07,2025-10-06,2025-10-03T15:20:00+05:30,24886.05,24900,2025-10-03T15:20:00+05:30,72.25,2025-10-06T09:16:00+05:30,72.75,2025-10-03T15:20:00+05:30,64.85,2025-10-06T09:16:00+05:30,52.55,11.80,100.00,-88.20,0,
2025-10-06,TRADED,,2025-10-07,2025-10-07,2025-10-06T15:20:00+05:30,25081.6,25100,2025-10-06T15:20:00+05:30,48.15,2025-10-07T09:16:00+05:30,54.45,2025-10-06T15:20:00+05:30,43.95,2025-10-07T09:16:00+05:30,35.7,1.95,100.00,-98.05,0,
2025-10-07,TRADED,,2025-10-14,2025-10-08,2025-10-07T15:20:00+05:30,25103.75,25100,2025-10-07T15:20:00+05:30,147.5,2025-10-08T09:16:00+05:30,128.1,2025-10-07T15:20:00+05:30,81.85,2025-10-08T09:16:00+05:30,90.8,10.45,100.00,-89.55,0,
2025-10-08,TRADED,,2025-10-14,2025-10-09,2025-10-08T15:20:00+05:30,25043.35,25050,2025-10-08T15:20:00+05:30,107.1,2025-10-09T09:16:00+05:30,123.9,2025-10-08T15:20:00+05:30,90.85,2025-10-09T09:16:00+05:30,78.45,-4.40,100.00,-104.40,0,
2025-10-09,TRADED,,2025-10-14,2025-10-10,2025-10-09T15:20:00+05:30,25187.5,25200,2025-10-09T15:20:00+05:30,90.95,2025-10-10T09:16:00+05:30,95.8,2025-10-09T15:20:00+05:30,79.0,2025-10-10T09:16:00+05:30,72.7,1.45,100.00,-98.55,0,
2025-10-10,TRADED,,2025-10-14,2025-10-13,2025-10-10T15:20:00+05:30,25284.75,25300,2025-10-10T15:20:00+05:30,95.75,2025-10-13T09:16:00+05:30,46.65,2025-10-10T15:20:00+05:30,54.15,2025-10-13T09:16:00+05:30,105.05,-1.80,100.00,-101.80,0,
2025-10-13,TRADED,,2025-10-14,2025-10-14,2025-10-13T15:20:00+05:30,25227.95,25250,2025-10-13T15:20:00+05:30,56.1,2025-10-14T09:16:00+05:30,80.25,2025-10-13T15:20:00+05:30,55.1,2025-10-14T09:16:00+05:30,31.8,-0.85,100.00,-100.85,0,
2025-10-14,TRADED,,2025-10-20,2025-10-15,2025-10-14T15:20:00+05:30,25144.45,25150,2025-10-14T15:20:00+05:30,148.05,2025-10-15T09:16:00+05:30,207.95,2025-10-14T15:20:00+05:30,120.1,2025-10-15T09:16:00+05:30,63.4,-3.20,100.00,-103.20,0,
2025-10-15,TRADED,,2025-10-20,2025-10-16,2025-10-15T15:20:00+05:30,25329.25,25350,2025-10-15T15:20:00+05:30,128.25,2025-10-16T09:16:00+05:30,174.55,2025-10-15T15:20:00+05:30,84.95,2025-10-16T09:16:00+05:30,52.9,-14.25,100.00,-114.25,0,
2025-10-16,TRADED,,2025-10-20,2025-10-17,2025-10-16T15:20:00+05:30,25572.75,25550,2025-10-16T15:20:00+05:30,123.6,2025-10-17T09:16:00+05:30,95.45,2025-10-16T15:20:00+05:30,69.0,2025-10-17T09:16:00+05:30,86.85,10.30,100.00,-89.70,0,
2025-10-17,TRADED,,2025-10-20,2025-10-20,2025-10-17T15:20:00+05:30,25711.5,25700,2025-10-17T15:20:00+05:30,98.7,2025-10-20T09:16:00+05:30,238.9,2025-10-17T15:20:00+05:30,66.6,2025-10-20T09:16:00+05:30,7.65,-81.25,100.00,-181.25,0,
2025-10-20,SKIPPED,missing_entry_or_exit_timestamp,2025-10-28,2025-10-21,2025-10-20T15:20:00+05:30,25841.25,25850,,,,,,,,,0.00,0.00,0.00,0,"NIFTY_25850_CE_28_OCT_25.csv missing exit timestamp 2025-10-21T09:16:00+05:30; NIFTY_25850_PE_28_OCT_25.csv missing exit timestamp 2025-10-21T09:16:00+05:30; Next trading day is a special session that starts at 13:45, so the exact 09:16 exit candle is unavailable."
2025-10-23,TRADED,,2025-10-28,2025-10-24,2025-10-23T15:20:00+05:30,25900.3,25900,2025-10-23T15:20:00+05:30,167.0,2025-10-24T09:16:00+05:30,141.75,2025-10-23T15:20:00+05:30,78.2,2025-10-24T09:16:00+05:30,86.35,17.10,100.00,-82.90,0,
2025-10-24,TRADED,,2025-10-28,2025-10-27,2025-10-24T15:20:00+05:30,25804.65,25800,2025-10-24T15:20:00+05:30,102.5,2025-10-27T09:16:00+05:30,152.95,2025-10-24T15:20:00+05:30,87.55,2025-10-27T09:16:00+05:30,37.05,0.05,100.00,-99.95,0,
2025-10-27,TRADED,,2025-10-28,2025-10-28,2025-10-27T15:20:00+05:30,25968.65,25950,2025-10-27T15:20:00+05:30,107.6,2025-10-28T09:16:00+05:30,118.45,2025-10-27T15:20:00+05:30,45.2,2025-10-28T09:16:00+05:30,42.05,-7.70,100.00,-107.70,0,
2025-10-28,TRADED,,2025-11-04,2025-10-29,2025-10-28T15:20:00+05:30,25959.65,25950,2025-10-28T15:20:00+05:30,192.05,2025-10-29T09:16:00+05:30,234.0,2025-10-28T15:20:00+05:30,138.95,2025-10-29T09:16:00+05:30,96.5,0.50,100.00,-99.50,0,
2025-10-29,TRADED,,2025-11-04,2025-10-30,2025-10-29T15:20:00+05:30,26054.9,26050,2025-10-29T15:20:00+05:30,194.5,2025-10-30T09:16:00+05:30,128.65,2025-10-29T15:20:00+05:30,107.75,2025-10-30T09:16:00+05:30,136.85,36.75,100.00,-63.25,0,
2025-10-30,TRADED,,2025-11-04,2025-10-31,2025-10-30T15:20:00+05:30,25887.7,25900,2025-10-30T15:20:00+05:30,144.35,2025-10-31T09:16:00+05:30,99.0,2025-10-30T15:20:00+05:30,99.4,2025-10-31T09:16:00+05:30,128.2,16.55,100.00,-83.45,0,
2025-10-31,TRADED,,2025-11-04,2025-11-03,2025-10-31T15:20:00+05:30,25713.35,25700,2025-10-31T15:20:00+05:30,163.95,2025-11-03T09:16:00+05:30,111.4,2025-10-31T15:20:00+05:30,53.85,2025-11-03T09:16:00+05:30,77.75,28.65,100.00,-71.35,0,
2025-11-03,TRADED,,2025-11-04,2025-11-04,2025-11-03T15:20:00+05:30,25769.4,25750,2025-11-03T15:20:00+05:30,88.6,2025-11-04T09:16:00+05:30,80.95,2025-11-03T15:20:00+05:30,55.9,2025-11-04T09:16:00+05:30,53.75,9.80,100.00,-90.20,0,
2025-11-04,TRADED,,2025-11-11,2025-11-06,2025-11-04T15:20:00+05:30,25593.3,25600,2025-11-04T15:20:00+05:30,161.0,2025-11-06T09:16:00+05:30,187.7,2025-11-04T15:20:00+05:30,126.0,2025-11-06T09:16:00+05:30,82.6,16.70,100.00,-83.30,0,
2025-11-06,TRADED,,2025-11-11,2025-11-07,2025-11-06T15:20:00+05:30,25513.8,25500,2025-11-06T15:20:00+05:30,137.0,2025-11-07T09:16:00+05:30,64.55,2025-11-06T15:20:00+05:30,80.0,2025-11-07T09:16:00+05:30,157.8,-5.35,100.00,-105.35,0,
2025-11-07,TRADED,,2025-11-11,2025-11-10,2025-11-07T15:20:00+05:30,25500.6,25500,2025-11-07T15:20:00+05:30,99.45,2025-11-10T09:16:00+05:30,141.8,2025-11-07T15:20:00+05:30,81.45,2025-11-10T09:16:00+05:30,35.4,3.70,100.00,-96.30,0,
2025-11-10,TRADED,,2025-11-11,2025-11-11,2025-11-10T15:20:00+05:30,25568.6,25550,2025-11-10T15:20:00+05:30,102.25,2025-11-11T09:16:00+05:30,103.9,2025-11-10T15:20:00+05:30,34.0,2025-11-11T09:16:00+05:30,26.8,5.55,100.00,-94.45,0,
2025-11-11,TRADED,,2025-11-18,2025-11-12,2025-11-11T15:20:00+05:30,25699.3,25700,2025-11-11T15:20:00+05:30,184.25,2025-11-12T09:16:00+05:30,268.2,2025-11-11T15:20:00+05:30,122.35,2025-11-12T09:16:00+05:30,66.4,-28.00,100.00,-128.00,0,
2025-11-12,TRADED,,2025-11-18,2025-11-13,2025-11-12T15:20:00+05:30,25872.2,25850,2025-11-12T15:20:00+05:30,181.2,2025-11-13T09:16:00+05:30,136.5,2025-11-12T15:20:00+05:30,96.8,2025-11-13T09:16:00+05:30,114.45,27.05,100.00,-72.95,0,
2025-11-13,TRADED,,2025-11-18,2025-11-14,2025-11-13T15:20:00+05:30,25873.5,25850,2025-11-13T15:20:00+05:30,168.85,2025-11-14T09:16:00+05:30,139.25,2025-11-13T15:20:00+05:30,117.15,2025-11-14T09:16:00+05:30,128.85,17.90,100.00,-82.10,0,
2025-11-14,TRADED,,2025-11-18,2025-11-17,2025-11-14T15:20:00+05:30,25917.25,25900,2025-11-14T15:20:00+05:30,117.9,2025-11-17T09:16:00+05:30,119.25,2025-11-14T15:20:00+05:30,93.3,2025-11-17T09:16:00+05:30,59.95,32.00,100.00,-68.00,0,
2025-11-17,TRADED,,2025-11-18,2025-11-18,2025-11-17T15:20:00+05:30,26017.85,26000,2025-11-17T15:20:00+05:30,74.15,2025-11-18T09:16:00+05:30,35.05,2025-11-17T15:20:00+05:30,59.3,2025-11-18T09:16:00+05:30,97.1,1.30,100.00,-98.70,0,
2025-11-18,TRADED,,2025-11-25,2025-11-19,2025-11-18T15:20:00+05:30,25893.9,25900,2025-11-18T15:20:00+05:30,185.3,2025-11-19T09:16:00+05:30,164.05,2025-11-18T15:20:00+05:30,138.5,2025-11-19T09:16:00+05:30,142.45,17.30,100.00,-82.70,0,
2025-11-19,TRADED,,2025-11-25,2025-11-20,2025-11-19T15:20:00+05:30,26052.25,26050,2025-11-19T15:20:00+05:30,151.8,2025-11-20T09:16:00+05:30,179.1,2025-11-19T15:20:00+05:30,135.15,2025-11-20T09:16:00+05:30,89.4,18.45,100.00,-81.55,0,
2025-11-20,TRADED,,2025-11-25,2025-11-21,2025-11-20T15:20:00+05:30,26191.2,26200,2025-11-20T15:20:00+05:30,135.35,2025-11-21T09:16:00+05:30,84.0,2025-11-20T15:20:00+05:30,106.45,2025-11-21T09:16:00+05:30,146.6,11.20,100.00,-88.80,0,
2025-11-21,TRADED,,2025-11-25,2025-11-24,2025-11-21T15:20:00+05:30,26064.9,26050,2025-11-21T15:20:00+05:30,122.3,2025-11-24T09:16:00+05:30,136.6,2025-11-21T15:20:00+05:30,89.1,2025-11-24T09:16:00+05:30,51.35,23.45,100.00,-76.55,0,
2025-11-24,TRADED,,2025-11-25,2025-11-25,2025-11-24T15:20:00+05:30,25951.4,25950,2025-11-24T15:20:00+05:30,97.3,2025-11-25T09:16:00+05:30,59.6,2025-11-24T15:20:00+05:30,54.1,2025-11-25T09:16:00+05:30,63.1,28.70,100.00,-71.30,0,
2025-11-25,TRADED,,2025-12-02,2025-11-26,2025-11-25T15:20:00+05:30,25880.0,25900,2025-11-25T15:20:00+05:30,159.05,2025-11-26T09:16:00+05:30,211.9,2025-11-25T15:20:00+05:30,127.5,2025-11-26T09:16:00+05:30,79.4,-4.75,100.00,-104.75,0,
2025-11-26,TRADED,,2025-12-02,2025-11-27,2025-11-26T15:20:00+05:30,26205.5,26200,2025-11-26T15:20:00+05:30,142.9,2025-11-27T09:16:00+05:30,168.8,2025-11-26T15:20:00+05:30,124.4,2025-11-27T09:16:00+05:30,86.6,11.90,100.00,-88.10,0,
2025-11-27,TRADED,,2025-12-02,2025-11-28,2025-11-27T15:20:00+05:30,26224.15,26200,2025-11-27T15:20:00+05:30,133.25,2025-11-28T09:16:00+05:30,122.05,2025-11-27T15:20:00+05:30,83.65,2025-11-28T09:16:00+05:30,89.4,5.45,100.00,-94.55,0,
2025-11-28,TRADED,,2025-12-02,2025-12-01,2025-11-28T15:20:00+05:30,26199.25,26200,2025-11-28T15:20:00+05:30,110.1,2025-12-01T09:16:00+05:30,151.55,2025-11-28T15:20:00+05:30,68.65,2025-12-01T09:16:00+05:30,34.8,-7.60,100.00,-107.60,0,
2025-12-01,TRADED,,2025-12-02,2025-12-02,2025-12-01T15:20:00+05:30,26178.85,26200,2025-12-01T15:20:00+05:30,56.25,2025-12-02T09:16:00+05:30,21.2,2025-12-01T15:20:00+05:30,67.2,2025-12-02T09:16:00+05:30,100.0,2.25,100.00,-97.75,0,
2025-12-02,TRADED,,2025-12-09,2025-12-03,2025-12-02T15:20:00+05:30,26038.45,26050,2025-12-02T15:20:00+05:30,170.7,2025-12-03T09:16:00+05:30,135.25,2025-12-02T15:20:00+05:30,110.65,2025-12-03T09:16:00+05:30,133.1,13.00,100.00,-87.00,0,
2025-12-03,TRADED,,2025-12-09,2025-12-04,2025-12-03T15:20:00+05:30,25983.45,26000,2025-12-03T15:20:00+05:30,137.75,2025-12-04T09:16:00+05:30,98.85,2025-12-03T15:20:00+05:30,109.75,2025-12-04T09:16:00+05:30,133.4,15.25,100.00,-84.75,0,
2025-12-04,TRADED,,2025-12-09,2025-12-05,2025-12-04T15:20:00+05:30,26040.1,26050,2025-12-04T15:20:00+05:30,115.7,2025-12-05T09:16:00+05:30,104.15,2025-12-04T15:20:00+05:30,89.6,2025-12-05T09:16:00+05:30,98.75,2.40,100.00,-97.60,0,
2025-12-05,TRADED,,2025-12-09,2025-12-08,2025-12-05T15:20:00+05:30,26193.25,26200,2025-12-05T15:20:00+05:30,79.4,2025-12-08T09:16:00+05:30,60.4,2025-12-05T15:20:00+05:30,74.85,2025-12-08T09:16:00+05:30,82.4,11.45,100.00,-88.55,0,
2025-12-08,TRADED,,2025-12-09,2025-12-09,2025-12-08T15:20:00+05:30,25946.0,25950,2025-12-08T15:20:00+05:30,60.15,2025-12-09T09:16:00+05:30,26.15,2025-12-08T15:20:00+05:30,65.2,2025-12-09T09:16:00+05:30,109.4,-10.20,100.00,-110.20,0,
2025-12-09,TRADED,,2025-12-16,2025-12-10,2025-12-09T15:20:00+05:30,25836.5,25850,2025-12-09T15:20:00+05:30,151.45,2025-12-10T09:16:00+05:30,137.55,2025-12-09T15:20:00+05:30,117.35,2025-12-10T09:16:00+05:30,123.55,7.70,100.00,-92.30,0,
2025-12-10,TRADED,,2025-12-16,2025-12-11,2025-12-10T15:20:00+05:30,25757.1,25750,2025-12-10T15:20:00+05:30,152.1,2025-12-11T09:16:00+05:30,152.35,2025-12-10T15:20:00+05:30,106.2,2025-12-11T09:16:00+05:30,99.15,6.80,100.00,-93.20,0,
2025-12-11,TRADED,,2025-12-16,2025-12-12,2025-12-11T15:20:00+05:30,25901.5,25900,2025-12-11T15:20:00+05:30,118.95,2025-12-12T09:16:00+05:30,160.2,2025-12-11T15:20:00+05:30,84.0,2025-12-12T09:16:00+05:30,52.45,-9.70,100.00,-109.70,0,
2025-12-12,TRADED,,2025-12-16,2025-12-15,2025-12-12T15:20:00+05:30,26046.65,26050,2025-12-12T15:20:00+05:30,80.15,2025-12-15T09:16:00+05:30,38.25,2025-12-12T15:20:00+05:30,75.0,2025-12-15T09:16:00+05:30,126.5,-9.60,100.00,-109.60,0,
2025-12-15,TRADED,,2025-12-16,2025-12-16,2025-12-15T15:20:00+05:30,26023.45,26000,2025-12-15T15:20:00+05:30,70.75,2025-12-16T09:16:00+05:30,28.35,2025-12-15T15:20:00+05:30,46.9,2025-12-16T09:16:00+05:30,90.9,-1.60,100.00,-101.60,0,
2025-12-16,TRADED,,2025-12-23,2025-12-17,2025-12-16T15:20:00+05:30,25841.05,25850,2025-12-16T15:20:00+05:30,152.3,2025-12-17T09:16:00+05:30,150.95,2025-12-16T15:20:00+05:30,106.7,2025-12-17T09:16:00+05:30,103.95,4.10,100.00,-95.90,0,
2025-12-17,TRADED,,2025-12-23,2025-12-18,2025-12-17T15:20:00+05:30,25813.65,25800,2025-12-17T15:20:00+05:30,146.3,2025-12-18T09:16:00+05:30,108.9,2025-12-17T15:20:00+05:30,88.6,2025-12-18T09:16:00+05:30,109.5,16.50,100.00,-83.50,0,
2025-12-18,TRADED,,2025-12-23,2025-12-19,2025-12-18T15:20:00+05:30,25819.4,25800,2025-12-18T15:20:00+05:30,121.0,2025-12-19T09:16:00+05:30,172.55,2025-12-18T15:20:00+05:30,80.9,2025-12-19T09:16:00+05:30,43.05,-13.70,100.00,-113.70,0,
2025-12-19,TRADED,,2025-12-23,2025-12-22,2025-12-19T15:20:00+05:30,25970.6,25950,2025-12-19T15:20:00+05:30,91.05,2025-12-22T09:16:00+05:30,177.15,2025-12-19T15:20:00+05:30,63.45,2025-12-22T09:16:00+05:30,19.25,-41.90,100.00,-141.90,0,
2025-12-22,TRADED,,2025-12-23,2025-12-23,2025-12-22T15:20:00+05:30,26168.95,26150,2025-12-22T15:20:00+05:30,54.05,2025-12-23T09:16:00+05:30,62.7,2025-12-22T15:20:00+05:30,52.75,2025-12-23T09:16:00+05:30,33.45,10.65,100.00,-89.35,0,
2025-12-23,TRADED,,2025-12-30,2025-12-24,2025-12-23T15:20:00+05:30,26169.95,26150,2025-12-23T15:20:00+05:30,140.0,2025-12-24T09:16:00+05:30,114.45,2025-12-23T15:20:00+05:30,86.05,2025-12-24T09:16:00+05:30,94.3,17.30,100.00,-82.70,0,
2025-12-24,TRADED,,2025-12-30,2025-12-26,2025-12-24T15:20:00+05:30,26140.35,26150,2025-12-24T15:20:00+05:30,98.8,2025-12-26T09:16:00+05:30,59.15,2025-12-24T15:20:00+05:30,75.55,2025-12-26T09:16:00+05:30,99.2,16.00,100.00,-84.00,0,
2025-12-26,TRADED,,2025-12-30,2025-12-29,2025-12-26T15:20:00+05:30,26040.75,26050,2025-12-26T15:20:00+05:30,71.0,2025-12-29T09:16:00+05:30,69.15,2025-12-26T15:20:00+05:30,61.45,2025-12-29T09:16:00+05:30,48.7,14.60,100.00,-85.40,0,
2025-12-29,TRADED,,2025-12-30,2025-12-30,2025-12-29T15:20:00+05:30,25938.75,25950,2025-12-29T15:20:00+05:30,51.5,2025-12-30T09:16:00+05:30,22.7,2025-12-29T15:20:00+05:30,46.95,2025-12-30T09:16:00+05:30,67.95,7.80,100.00,-92.20,0,
2025-12-30,SKIPPED,no_next_weekly_expiry,,2025-12-31,2025-12-30T15:20:00+05:30,25940.2,,,,,,,,,,0.00,0.00,0.00,0,No later weekly expiry folder exists in the dataset.
2025-12-31,SKIPPED,no_next_trading_day,,,2025-12-31T15:20:00+05:30,26130.25,,,,,,,,,,0.00,0.00,0.00,0,No next trading day exists in the dataset.
