entry_date,status,skip_reason,expiry_date,spot_entry_timestamp,spot_entry_open,atm_strike,ce_contract_file,ce_entry_timestamp,ce_entry_open,ce_stop_price,ce_exit_timestamp,ce_exit_price,ce_exit_reason,ce_points_pnl,ce_gross_pnl,ce_brokerage,ce_net_pnl,pe_contract_file,pe_entry_timestamp,pe_entry_open,pe_stop_price,pe_exit_timestamp,pe_exit_price,pe_exit_reason,pe_points_pnl,pe_gross_pnl,pe_brokerage,pe_net_pnl,orders_executed,gross_pnl,brokerage,net_pnl,remarks
2025-01-01,TRADED,,2025-01-02,2025-01-01T09:20:00+05:30,23673.1,23650,NIFTY_23650_CE_02_JAN_25.csv,2025-01-01T09:20:00+05:30,129.69,179.69,2025-01-01T10:48:00+05:30,179.69,stop_loss,-52.00,-13520.00,50.00,-13570.00,NIFTY_23650_PE_02_JAN_25.csv,2025-01-01T09:20:00+05:30,108.25,158.25,2025-01-01T15:20:00+05:30,69.0,day_close,37.25,9685.00,50.00,9635.00,4,-3835.00,100.00,-3935.00,
2025-01-02,TRADED,,2025-01-02,2025-01-02T09:20:00+05:30,23788.2,23800,NIFTY_23800_CE_02_JAN_25.csv,2025-01-02T09:20:00+05:30,107.0,157.00,2025-01-02T10:12:00+05:30,157.00,stop_loss,-52.00,-13520.00,50.00,-13570.00,NIFTY_23800_PE_02_JAN_25.csv,2025-01-02T09:20:00+05:30,119.45,169.45,2025-01-02T15:20:00+05:30,0.15,day_close,117.30,30498.00,50.00,30448.00,4,16978.00,100.00,16878.00,
2025-01-03,TRADED,,2025-01-09,2025-01-03T09:20:00+05:30,24176.05,24200,NIFTY_24200_CE_09_JAN_25.csv,2025-01-03T09:20:00+05:30,167.75,217.75,2025-01-03T15:20:00+05:30,78.84,day_close,86.91,22596.60,50.00,22546.60,NIFTY_24200_PE_09_JAN_25.csv,2025-01-03T09:20:00+05:30,197.05,247.05,2025-01-03T09:35:00+05:30,247.05,stop_loss,-52.00,-13520.00,50.00,-13570.00,4,9076.60,100.00,8976.60,
2025-01-06,TRADED,,2025-01-09,2025-01-06T09:20:00+05:30,24031.8,24050,NIFTY_24050_CE_09_JAN_25.csv,2025-01-06T09:20:00+05:30,132.85,182.85,2025-01-06T15:20:00+05:30,46.95,day_close,83.90,21814.00,50.00,21764.00,NIFTY_24050_PE_09_JAN_25.csv,2025-01-06T09:20:00+05:30,165.9,215.90,2025-01-06T09:35:00+05:30,215.90,stop_loss,-52.00,-13520.00,50.00,-13570.00,4,8294.00,100.00,8194.00,
2025-01-07,TRADED,,2025-01-09,2025-01-07T09:20:00+05:30,23754.6,23750,NIFTY_23750_CE_09_JAN_25.csv,2025-01-07T09:20:00+05:30,163.8,213.80,2025-01-07T15:20:00+05:30,97.6,day_close,64.20,16692.00,50.00,16642.00,NIFTY_23750_PE_09_JAN_25.csv,2025-01-07T09:20:00+05:30,166.3,216.30,2025-01-07T15:20:00+05:30,146.35,day_close,17.95,4667.00,50.00,4617.00,4,21359.00,100.00,21259.00,
2025-01-08,TRADED,,2025-01-09,2025-01-08T09:20:00+05:30,23679.5,23700,NIFTY_23700_CE_09_JAN_25.csv,2025-01-08T09:20:00+05:30,86.75,136.75,2025-01-08T15:20:00+05:30,66.15,day_close,18.60,4836.00,50.00,4786.00,NIFTY_23700_PE_09_JAN_25.csv,2025-01-08T09:20:00+05:30,119.7,169.70,2025-01-08T10:41:00+05:30,169.70,stop_loss,-52.00,-13520.00,50.00,-13570.00,4,-8684.00,100.00,-8784.00,
2025-01-09,TRADED,,2025-01-09,2025-01-09T09:20:00+05:30,23616.55,23600,NIFTY_23600_CE_09_JAN_25.csv,2025-01-09T09:20:00+05:30,53.4,103.40,2025-01-09T15:20:00+05:30,0.1,day_close,51.30,13338.00,50.00,13288.00,NIFTY_23600_PE_09_JAN_25.csv,2025-01-09T09:20:00+05:30,50.4,100.40,2025-01-09T14:46:00+05:30,100.40,stop_loss,-52.00,-13520.00,50.00,-13570.00,4,-182.00,100.00,-282.00,
2025-01-10,TRADED,,2025-01-16,2025-01-10T09:20:00+05:30,23561.2,23550,NIFTY_23550_CE_16_JAN_25.csv,2025-01-10T09:20:00+05:30,191.2,241.20,2025-01-10T15:20:00+05:30,118.45,day_close,70.75,18395.00,50.00,18345.00,NIFTY_23550_PE_16_JAN_25.csv,2025-01-10T09:20:00+05:30,164.55,214.55,2025-01-10T09:33:00+05:30,214.55,stop_loss,-52.00,-13520.00,50.00,-13570.00,4,4875.00,100.00,4775.00,
2025-01-13,TRADED,,2025-01-16,2025-01-13T09:20:00+05:30,23242.85,23250,NIFTY_23250_CE_16_JAN_25.csv,2025-01-13T09:20:00+05:30,168.05,218.05,2025-01-13T10:30:00+05:30,218.05,stop_loss,-52.00,-13520.00,50.00,-13570.00,NIFTY_23250_PE_16_JAN_25.csv,2025-01-13T09:20:00+05:30,171.2,221.20,2025-01-13T14:31:00+05:30,221.20,stop_loss,-52.00,-13520.00,50.00,-13570.00,4,-27040.00,100.00,-27140.00,
2025-01-14,TRADED,,2025-01-16,2025-01-14T09:20:00+05:30,23211.35,23200,NIFTY_23200_CE_16_JAN_25.csv,2025-01-14T09:20:00+05:30,130.8,180.80,2025-01-14T15:20:00+05:30,107.35,day_close,21.45,5577.00,50.00,5527.00,NIFTY_23200_PE_16_JAN_25.csv,2025-01-14T09:20:00+05:30,98.7,148.70,2025-01-14T15:20:00+05:30,70.55,day_close,26.15,6799.00,50.00,6749.00,4,12376.00,100.00,12276.00,
2025-01-15,TRADED,,2025-01-16,2025-01-15T09:20:00+05:30,23225.15,23250,NIFTY_23250_CE_16_JAN_25.csv,2025-01-15T09:20:00+05:30,74.84,124.84,2025-01-15T15:20:00+05:30,37.35,day_close,35.49,9227.40,50.00,9177.40,NIFTY_23250_PE_16_JAN_25.csv,2025-01-15T09:20:00+05:30,80.15,130.15,2025-01-15T15:20:00+05:30,75.3,day_close,2.85,741.00,50.00,691.00,4,9968.40,100.00,9868.40,
2025-01-16,TRADED,,2025-01-16,2025-01-16T09:20:00+05:30,23335.5,23350,NIFTY_23350_CE_16_JAN_25.csv,2025-01-16T09:20:00+05:30,29.75,79.75,2025-01-16T15:20:00+05:30,0.1,day_close,27.65,7189.00,50.00,7139.00,NIFTY_23350_PE_16_JAN_25.csv,2025-01-16T09:20:00+05:30,54.35,104.35,2025-01-16T10:53:00+05:30,104.35,stop_loss,-52.00,-13520.00,50.00,-13570.00,4,-6331.00,100.00,-6431.00,
2025-01-17,TRADED,,2025-01-23,2025-01-17T09:20:00+05:30,23178.2,23200,NIFTY_23200_CE_23_JAN_25.csv,2025-01-17T09:20:00+05:30,183.05,233.05,2025-01-17T12:18:00+05:30,233.05,stop_loss,-52.00,-13520.00,50.00,-13570.00,NIFTY_23200_PE_23_JAN_25.csv,2025-01-17T09:20:00+05:30,180.65,230.65,2025-01-17T10:59:00+05:30,230.65,stop_loss,-52.00,-13520.00,50.00,-13570.00,4,-27040.00,100.00,-27140.00,
2025-01-20,TRADED,,2025-01-23,2025-01-20T09:20:00+05:30,23226.95,23250,NIFTY_23250_CE_23_JAN_25.csv,2025-01-20T09:20:00+05:30,162.05,212.05,2025-01-20T11:18:00+05:30,212.05,stop_loss,-52.00,-13520.00,50.00,-13570.00,NIFTY_23250_PE_23_JAN_25.csv,2025-01-20T09:20:00+05:30,168.25,218.25,2025-01-20T15:20:00+05:30,91.7,day_close,74.55,19383.00,50.00,19333.00,4,5863.00,100.00,5763.00,
2025-01-21,TRADED,,2025-01-23,2025-01-21T09:20:00+05:30,23395.55,23400,NIFTY_23400_CE_23_JAN_25.csv,2025-01-21T09:20:00+05:30,127.0,177.00,2025-01-21T15:20:00+05:30,27.85,day_close,97.15,25259.00,50.00,25209.00,NIFTY_23400_PE_23_JAN_25.csv,2025-01-21T09:20:00+05:30,130.65,180.65,2025-01-21T09:45:00+05:30,180.65,stop_loss,-52.00,-13520.00,50.00,-13570.00,4,11739.00,100.00,11639.00,
2025-01-22,TRADED,,2025-01-23,2025-01-22T09:20:00+05:30,23108.25,23100,NIFTY_23100_CE_23_JAN_25.csv,2025-01-22T09:20:00+05:30,120.3,170.30,2025-01-22T15:20:00+05:30,98.7,day_close,19.60,5096.00,50.00,5046.00,NIFTY_23100_PE_23_JAN_25.csv,2025-01-22T09:20:00+05:30,108.0,158.00,2025-01-22T15:20:00+05:30,36.25,day_close,69.75,18135.00,50.00,18085.00,4,23231.00,100.00,23131.00,
2025-01-23,TRADED,,2025-01-23,2025-01-23T09:20:00+05:30,23108.1,23100,NIFTY_23100_CE_23_JAN_25.csv,2025-01-23T09:20:00+05:30,56.9,106.90,2025-01-23T09:37:00+05:30,106.90,stop_loss,-52.00,-13520.00,50.00,-13570.00,NIFTY_23100_PE_23_JAN_25.csv,2025-01-23T09:20:00+05:30,39.15,89.15,2025-01-23T15:20:00+05:30,0.1,day_close,37.05,9633.00,50.00,9583.00,4,-3887.00,100.00,-3987.00,
2025-01-24,TRADED,,2025-01-30,2025-01-24T09:20:00+05:30,23275.8,23300,NIFTY_23300_CE_30_JAN_25.csv,2025-01-24T09:20:00+05:30,185.2,235.20,2025-01-24T15:20:00+05:30,92.25,day_close,90.95,23647.00,50.00,23597.00,NIFTY_23300_PE_30_JAN_25.csv,2025-01-24T09:20:00+05:30,191.4,241.40,2025-01-24T09:49:00+05:30,241.40,stop_loss,-52.00,-13520.00,50.00,-13570.00,4,10127.00,100.00,10027.00,
2025-01-27,TRADED,,2025-01-30,2025-01-27T09:20:00+05:30,22927.3,22950,NIFTY_22950_CE_30_JAN_25.csv,2025-01-27T09:20:00+05:30,162.0,212.00,2025-01-27T09:34:00+05:30,212.00,stop_loss,-52.00,-13520.00,50.00,-13570.00,NIFTY_22950_PE_30_JAN_25.csv,2025-01-27T09:20:00+05:30,184.55,234.55,2025-01-27T10:30:00+05:30,234.55,stop_loss,-52.00,-13520.00,50.00,-13570.00,4,-27040.00,100.00,-27140.00,
2025-01-28,TRADED,,2025-01-30,2025-01-28T09:20:00+05:30,22927.25,22950,NIFTY_22950_CE_30_JAN_25.csv,2025-01-28T09:20:00+05:30,147.44,197.44,2025-01-28T11:02:00+05:30,197.44,stop_loss,-52.00,-13520.00,50.00,-13570.00,NIFTY_22950_PE_30_JAN_25.csv,2025-01-28T09:20:00+05:30,141.9,191.90,2025-01-28T09:34:00+05:30,191.90,stop_loss,-52.00,-13520.00,50.00,-13570.00,4,-27040.00,100.00,-27140.00,
2025-01-29,TRADED,,2025-01-30,2025-01-29T09:20:00+05:30,23032.85,23050,NIFTY_23050_CE_30_JAN_25.csv,2025-01-29T09:20:00+05:30,127.6,177.60,2025-01-29T10:09:00+05:30,177.60,stop_loss,-52.00,-13520.00,50.00,-13570.00,NIFTY_23050_PE_30_JAN_25.csv,2025-01-29T09:20:00+05:30,132.6,182.60,2025-01-29T11:23:00+05:30,182.60,stop_loss,-52.00,-13520.00,50.00,-13570.00,4,-27040.00,100.00,-27140.00,
2025-01-30,TRADED,,2025-01-30,2025-01-30T09:20:00+05:30,23158.2,23150,NIFTY_23150_CE_30_JAN_25.csv,2025-01-30T09:20:00+05:30,129.94,179.94,2025-01-30T10:09:00+05:30,179.94,stop_loss,-52.00,-13520.00,50.00,-13570.00,NIFTY_23150_PE_30_JAN_25.csv,2025-01-30T09:20:00+05:30,130.35,180.35,2025-01-30T15:20:00+05:30,0.2,day_close,128.15,33319.00,50.00,33269.00,4,19799.00,100.00,19699.00,
2025-01-31,TRADED,,2025-02-06,2025-01-31T09:20:00+05:30,23301.2,23300,NIFTY_23300_CE_06_FEB_25.csv,2025-01-31T09:20:00+05:30,350.1,400.10,2025-01-31T11:21:00+05:30,400.10,stop_loss,-52.00,-13520.00,50.00,-13570.00,NIFTY_23300_PE_06_FEB_25.csv,2025-01-31T09:20:00+05:30,294.2,344.20,2025-01-31T15:20:00+05:30,145.1,day_close,147.10,38246.00,50.00,38196.00,4,24726.00,100.00,24626.00,
2025-02-01,TRADED,,2025-02-06,2025-02-01T09:20:00+05:30,23498.5,23500,NIFTY_23500_CE_06_FEB_25.csv,2025-02-01T09:20:00+05:30,235.3,285.30,2025-02-01T09:31:00+05:30,285.30,stop_loss,-52.00,-13520.00,50.00,-13570.00,NIFTY_23500_PE_06_FEB_25.csv,2025-02-01T09:20:00+05:30,224.5,274.50,2025-02-01T15:20:00+05:30,146.19,day_close,76.31,19840.60,50.00,19790.60,4,6320.60,100.00,6220.60,
2025-02-03,TRADED,,2025-02-06,2025-02-03T09:20:00+05:30,23261.5,23250,NIFTY_23250_CE_06_FEB_25.csv,2025-02-03T09:20:00+05:30,175.05,225.05,2025-02-03T15:20:00+05:30,202.2,day_close,-29.15,-7579.00,50.00,-7629.00,NIFTY_23250_PE_06_FEB_25.csv,2025-02-03T09:20:00+05:30,118.8,168.80,2025-02-03T15:20:00+05:30,67.45,day_close,49.35,12831.00,50.00,12781.00,4,5252.00,100.00,5152.00,
2025-02-04,TRADED,,2025-02-06,2025-02-04T09:20:00+05:30,23501.5,23500,NIFTY_23500_CE_06_FEB_25.csv,2025-02-04T09:20:00+05:30,98.85,148.85,2025-02-04T09:37:00+05:30,148.85,stop_loss,-52.00,-13520.00,50.00,-13570.00,NIFTY_23500_PE_06_FEB_25.csv,2025-02-04T09:20:00+05:30,96.8,146.80,2025-02-04T10:29:00+05:30,146.80,stop_loss,-52.00,-13520.00,50.00,-13570.00,4,-27040.00,100.00,-27140.00,
2025-02-05,TRADED,,2025-02-06,2025-02-05T09:20:00+05:30,23766.05,23750,NIFTY_23750_CE_06_FEB_25.csv,2025-02-05T09:20:00+05:30,81.05,131.05,2025-02-05T15:20:00+05:30,50.3,day_close,28.75,7475.00,50.00,7425.00,NIFTY_23750_PE_06_FEB_25.csv,2025-02-05T09:20:00+05:30,94.95,144.95,2025-02-05T15:20:00+05:30,113.75,day_close,-20.80,-5408.00,50.00,-5458.00,4,2067.00,100.00,1967.00,
2025-02-06,TRADED,,2025-02-06,2025-02-06T09:20:00+05:30,23723.7,23700,NIFTY_23700_CE_06_FEB_25.csv,2025-02-06T09:20:00+05:30,63.0,113.00,2025-02-06T15:20:00+05:30,0.1,day_close,60.90,15834.00,50.00,15784.00,NIFTY_23700_PE_06_FEB_25.csv,2025-02-06T09:20:00+05:30,55.75,105.75,2025-02-06T09:33:00+05:30,105.75,stop_loss,-52.00,-13520.00,50.00,-13570.00,4,2314.00,100.00,2214.00,
2025-02-07,TRADED,,2025-02-13,2025-02-07T09:20:00+05:30,23583.1,23600,NIFTY_23600_CE_13_FEB_25.csv,2025-02-07T09:20:00+05:30,209.25,259.25,2025-02-07T15:20:00+05:30,143.3,day_close,63.95,16627.00,50.00,16577.00,NIFTY_23600_PE_13_FEB_25.csv,2025-02-07T09:20:00+05:30,184.05,234.05,2025-02-07T14:19:00+05:30,234.05,stop_loss,-52.00,-13520.00,50.00,-13570.00,4,3107.00,100.00,3007.00,
2025-02-10,TRADED,,2025-02-13,2025-02-10T09:20:00+05:30,23467.65,23450,NIFTY_23450_CE_13_FEB_25.csv,2025-02-10T09:20:00+05:30,175.2,225.20,2025-02-10T15:20:00+05:30,121.45,day_close,51.75,13455.00,50.00,13405.00,NIFTY_23450_PE_13_FEB_25.csv,2025-02-10T09:20:00+05:30,131.69,181.69,2025-02-10T10:10:00+05:30,181.69,stop_loss,-52.00,-13520.00,50.00,-13570.00,4,-65.00,100.00,-165.00,
2025-02-11,TRADED,,2025-02-13,2025-02-11T09:20:00+05:30,23348.0,23350,NIFTY_23350_CE_13_FEB_25.csv,2025-02-11T09:20:00+05:30,148.75,198.75,2025-02-11T15:20:00+05:30,35.85,day_close,110.90,28834.00,50.00,28784.00,NIFTY_23350_PE_13_FEB_25.csv,2025-02-11T09:20:00+05:30,140.5,190.50,2025-02-11T12:55:00+05:30,190.50,stop_loss,-52.00,-13520.00,50.00,-13570.00,4,15314.00,100.00,15214.00,
2025-02-12,TRADED,,2025-02-13,2025-02-12T09:20:00+05:30,23031.55,23050,NIFTY_23050_CE_13_FEB_25.csv,2025-02-12T09:20:00+05:30,107.5,157.50,2025-02-12T12:34:00+05:30,157.50,stop_loss,-52.00,-13520.00,50.00,-13570.00,NIFTY_23050_PE_13_FEB_25.csv,2025-02-12T09:20:00+05:30,97.35,147.35,2025-02-12T09:31:00+05:30,147.35,stop_loss,-52.00,-13520.00,50.00,-13570.00,4,-27040.00,100.00,-27140.00,
2025-02-13,TRADED,,2025-02-13,2025-02-13T09:20:00+05:30,23081.45,23100,NIFTY_23100_CE_13_FEB_25.csv,2025-02-13T09:20:00+05:30,72.95,122.95,2025-02-13T09:53:00+05:30,122.95,stop_loss,-52.00,-13520.00,50.00,-13570.00,NIFTY_23100_PE_13_FEB_25.csv,2025-02-13T09:20:00+05:30,79.45,129.45,2025-02-13T09:24:00+05:30,129.45,stop_loss,-52.00,-13520.00,50.00,-13570.00,4,-27040.00,100.00,-27140.00,
2025-02-14,TRADED,,2025-02-20,2025-02-14T09:20:00+05:30,23092.05,23100,NIFTY_23100_CE_20_FEB_25.csv,2025-02-14T09:20:00+05:30,188.85,238.85,2025-02-14T15:20:00+05:30,105.95,day_close,80.90,21034.00,50.00,20984.00,NIFTY_23100_PE_20_FEB_25.csv,2025-02-14T09:20:00+05:30,159.5,209.50,2025-02-14T09:35:00+05:30,209.50,stop_loss,-52.00,-13520.00,50.00,-13570.00,4,7514.00,100.00,7414.00,
2025-02-17,TRADED,,2025-02-20,2025-02-17T09:20:00+05:30,22806.05,22800,NIFTY_22800_CE_20_FEB_25.csv,2025-02-17T09:20:00+05:30,195.8,245.80,2025-02-17T09:21:00+05:30,245.80,stop_loss,-52.00,-13520.00,50.00,-13570.00,NIFTY_22800_PE_20_FEB_25.csv,2025-02-17T09:20:00+05:30,150.0,200.00,2025-02-17T15:20:00+05:30,81.55,day_close,66.45,17277.00,50.00,17227.00,4,3757.00,100.00,3657.00,
2025-02-18,TRADED,,2025-02-20,2025-02-18T09:20:00+05:30,22909.65,22900,NIFTY_22900_CE_20_FEB_25.csv,2025-02-18T09:20:00+05:30,172.85,222.85,2025-02-18T15:20:00+05:30,139.5,day_close,31.35,8151.00,50.00,8101.00,NIFTY_22900_PE_20_FEB_25.csv,2025-02-18T09:20:00+05:30,141.75,191.75,2025-02-18T15:20:00+05:30,102.35,day_close,37.40,9724.00,50.00,9674.00,4,17875.00,100.00,17775.00,
2025-02-19,TRADED,,2025-02-20,2025-02-19T09:20:00+05:30,22858.45,22850,NIFTY_22850_CE_20_FEB_25.csv,2025-02-19T09:20:00+05:30,122.5,172.50,2025-02-19T09:48:00+05:30,172.50,stop_loss,-52.00,-13520.00,50.00,-13570.00,NIFTY_22850_PE_20_FEB_25.csv,2025-02-19T09:20:00+05:30,103.25,153.25,2025-02-19T15:20:00+05:30,47.95,day_close,53.30,13858.00,50.00,13808.00,4,338.00,100.00,238.00,
2025-02-20,TRADED,,2025-02-20,2025-02-20T09:20:00+05:30,22857.2,22850,NIFTY_22850_CE_20_FEB_25.csv,2025-02-20T09:20:00+05:30,81.3,131.30,2025-02-20T15:20:00+05:30,66.45,day_close,12.85,3341.00,50.00,3291.00,NIFTY_22850_PE_20_FEB_25.csv,2025-02-20T09:20:00+05:30,65.05,115.05,2025-02-20T15:20:00+05:30,0.1,day_close,62.95,16367.00,50.00,16317.00,4,19708.00,100.00,19608.00,
2025-02-21,TRADED,,2025-02-27,2025-02-21T09:20:00+05:30,22906.7,22900,NIFTY_22900_CE_27_FEB_25.csv,2025-02-21T09:20:00+05:30,176.7,226.70,2025-02-21T15:20:00+05:30,103.0,day_close,71.70,18642.00,50.00,18592.00,NIFTY_22900_PE_27_FEB_25.csv,2025-02-21T09:20:00+05:30,146.65,196.65,2025-02-21T10:12:00+05:30,196.65,stop_loss,-52.00,-13520.00,50.00,-13570.00,4,5122.00,100.00,5022.00,
2025-02-24,TRADED,,2025-02-27,2025-02-24T09:20:00+05:30,22644.65,22650,NIFTY_22650_CE_27_FEB_25.csv,2025-02-24T09:20:00+05:30,150.0,200.00,2025-02-24T15:20:00+05:30,83.0,day_close,65.00,16900.00,50.00,16850.00,NIFTY_22650_PE_27_FEB_25.csv,2025-02-24T09:20:00+05:30,121.4,171.40,2025-02-24T15:20:00+05:30,119.25,day_close,0.15,39.00,50.00,-11.00,4,16939.00,100.00,16839.00,
2025-02-25,TRADED,,2025-02-27,2025-02-25T09:20:00+05:30,22548.0,22550,NIFTY_22550_CE_27_FEB_25.csv,2025-02-25T09:20:00+05:30,103.3,153.30,2025-02-25T15:20:00+05:30,81.0,day_close,20.30,5278.00,50.00,5228.00,NIFTY_22550_PE_27_FEB_25.csv,2025-02-25T09:20:00+05:30,81.7,131.70,2025-02-25T15:20:00+05:30,46.1,day_close,33.60,8736.00,50.00,8686.00,4,14014.00,100.00,13914.00,
2025-02-27,TRADED,,2025-02-27,2025-02-27T09:20:00+05:30,22579.4,22600,NIFTY_22600_CE_27_FEB_25.csv,2025-02-27T09:20:00+05:30,29.05,79.05,2025-02-27T15:20:00+05:30,0.1,day_close,26.95,7007.00,50.00,6957.00,NIFTY_22600_PE_27_FEB_25.csv,2025-02-27T09:20:00+05:30,35.04,85.04,2025-02-27T15:20:00+05:30,53.45,day_close,-20.41,-5306.60,50.00,-5356.60,4,1700.40,100.00,1600.40,
2025-02-28,TRADED,,2025-03-06,2025-02-28T09:20:00+05:30,22320.05,22300,NIFTY_22300_CE_06_MAR_25.csv,2025-02-28T09:20:00+05:30,201.4,251.40,2025-02-28T15:20:00+05:30,97.15,day_close,102.25,26585.00,50.00,26535.00,NIFTY_22300_PE_06_MAR_25.csv,2025-02-28T09:20:00+05:30,106.05,156.05,2025-02-28T12:34:00+05:30,156.05,stop_loss,-52.00,-13520.00,50.00,-13570.00,4,13065.00,100.00,12965.00,
2025-03-03,TRADED,,2025-03-06,2025-03-03T09:20:00+05:30,22256.4,22250,NIFTY_22250_CE_06_MAR_25.csv,2025-03-03T09:20:00+05:30,139.75,189.75,2025-03-03T15:20:00+05:30,71.09,day_close,66.66,17331.60,50.00,17281.60,NIFTY_22250_PE_06_MAR_25.csv,2025-03-03T09:20:00+05:30,117.8,167.80,2025-03-03T09:44:00+05:30,167.80,stop_loss,-52.00,-13520.00,50.00,-13570.00,4,3811.60,100.00,3711.60,
2025-03-04,TRADED,,2025-03-06,2025-03-04T09:20:00+05:30,21985.15,22000,NIFTY_22000_CE_06_MAR_25.csv,2025-03-04T09:20:00+05:30,106.1,156.10,2025-03-04T09:24:00+05:30,156.10,stop_loss,-52.00,-13520.00,50.00,-13570.00,NIFTY_22000_PE_06_MAR_25.csv,2025-03-04T09:20:00+05:30,96.5,146.50,2025-03-04T15:20:00+05:30,61.75,day_close,32.75,8515.00,50.00,8465.00,4,-5005.00,100.00,-5105.00,
2025-03-05,TRADED,,2025-03-06,2025-03-05T09:20:00+05:30,22136.1,22150,NIFTY_22150_CE_06_MAR_25.csv,2025-03-05T09:20:00+05:30,70.2,120.20,2025-03-05T09:29:00+05:30,120.20,stop_loss,-52.00,-13520.00,50.00,-13570.00,NIFTY_22150_PE_06_MAR_25.csv,2025-03-05T09:20:00+05:30,95.25,145.25,2025-03-05T15:20:00+05:30,24.05,day_close,69.20,17992.00,50.00,17942.00,4,4472.00,100.00,4372.00,
2025-03-06,TRADED,,2025-03-06,2025-03-06T09:20:00+05:30,22433.1,22450,NIFTY_22450_CE_06_MAR_25.csv,2025-03-06T09:20:00+05:30,33.54,83.54,2025-03-06T14:41:00+05:30,83.54,stop_loss,-52.00,-13520.00,50.00,-13570.00,NIFTY_22450_PE_06_MAR_25.csv,2025-03-06T09:20:00+05:30,65.84,115.84,2025-03-06T09:22:00+05:30,115.84,stop_loss,-52.00,-13520.00,50.00,-13570.00,4,-27040.00,100.00,-27140.00,
2025-03-07,TRADED,,2025-03-13,2025-03-07T09:20:00+05:30,22560.35,22550,NIFTY_22550_CE_13_MAR_25.csv,2025-03-07T09:20:00+05:30,170.05,220.05,2025-03-07T15:20:00+05:30,152.8,day_close,15.25,3965.00,50.00,3915.00,NIFTY_22550_PE_13_MAR_25.csv,2025-03-07T09:20:00+05:30,145.3,195.30,2025-03-07T15:20:00+05:30,127.0,day_close,16.30,4238.00,50.00,4188.00,4,8203.00,100.00,8103.00,
2025-03-10,TRADED,,2025-03-13,2025-03-10T09:20:00+05:30,22578.35,22600,NIFTY_22600_CE_13_MAR_25.csv,2025-03-10T09:20:00+05:30,118.45,168.45,2025-03-10T15:20:00+05:30,61.6,day_close,54.85,14261.00,50.00,14211.00,NIFTY_22600_PE_13_MAR_25.csv,2025-03-10T09:20:00+05:30,151.0,201.00,2025-03-10T14:26:00+05:30,201.00,stop_loss,-52.00,-13520.00,50.00,-13570.00,4,741.00,100.00,641.00,
2025-03-11,TRADED,,2025-03-13,2025-03-11T09:20:00+05:30,22343.75,22350,NIFTY_22350_CE_13_MAR_25.csv,2025-03-11T09:20:00+05:30,102.0,152.00,2025-03-11T09:51:00+05:30,152.00,stop_loss,-52.00,-13520.00,50.00,-13570.00,NIFTY_22350_PE_13_MAR_25.csv,2025-03-11T09:20:00+05:30,132.0,182.00,2025-03-11T15:20:00+05:30,50.3,day_close,79.70,20722.00,50.00,20672.00,4,7202.00,100.00,7102.00,
2025-03-12,TRADED,,2025-03-13,2025-03-12T09:20:00+05:30,22533.25,22550,NIFTY_22550_CE_13_MAR_25.csv,2025-03-12T09:20:00+05:30,81.7,131.70,2025-03-12T15:20:00+05:30,35.7,day_close,44.00,11440.00,50.00,11390.00,NIFTY_22550_PE_13_MAR_25.csv,2025-03-12T09:20:00+05:30,102.15,152.15,2025-03-12T09:28:00+05:30,152.15,stop_loss,-52.00,-13520.00,50.00,-13570.00,4,-2080.00,100.00,-2180.00,
2025-03-13,TRADED,,2025-03-13,2025-03-13T09:20:00+05:30,22485.0,22500,NIFTY_22500_CE_13_MAR_25.csv,2025-03-13T09:20:00+05:30,33.7,83.70,2025-03-13T15:20:00+05:30,0.05,day_close,31.65,8229.00,50.00,8179.00,NIFTY_22500_PE_13_MAR_25.csv,2025-03-13T09:20:00+05:30,62.15,112.15,2025-03-13T11:46:00+05:30,112.15,stop_loss,-52.00,-13520.00,50.00,-13570.00,4,-5291.00,100.00,-5391.00,
2025-03-17,TRADED,,2025-03-20,2025-03-17T09:20:00+05:30,22504.2,22500,NIFTY_22500_CE_20_MAR_25.csv,2025-03-17T09:20:00+05:30,148.44,198.44,2025-03-17T15:20:00+05:30,131.0,day_close,15.44,4014.40,50.00,3964.40,NIFTY_22500_PE_20_MAR_25.csv,2025-03-17T09:20:00+05:30,101.9,151.90,2025-03-17T15:20:00+05:30,99.7,day_close,0.20,52.00,50.00,2.00,4,4066.40,100.00,3966.40,
2025-03-18,TRADED,,2025-03-20,2025-03-18T09:20:00+05:30,22610.45,22600,NIFTY_22600_CE_20_MAR_25.csv,2025-03-18T09:20:00+05:30,127.25,177.25,2025-03-18T09:26:00+05:30,177.25,stop_loss,-52.00,-13520.00,50.00,-13570.00,NIFTY_22600_PE_20_MAR_25.csv,2025-03-18T09:20:00+05:30,97.1,147.10,2025-03-18T15:20:00+05:30,26.3,day_close,68.80,17888.00,50.00,17838.00,4,4368.00,100.00,4268.00,
2025-03-19,TRADED,,2025-03-20,2025-03-19T09:20:00+05:30,22877.4,22900,NIFTY_22900_CE_20_MAR_25.csv,2025-03-19T09:20:00+05:30,90.85,140.85,2025-03-19T15:20:00+05:30,97.15,day_close,-8.30,-2158.00,50.00,-2208.00,NIFTY_22900_PE_20_MAR_25.csv,2025-03-19T09:20:00+05:30,89.5,139.50,2025-03-19T15:20:00+05:30,67.59,day_close,19.91,5176.60,50.00,5126.60,4,3018.60,100.00,2918.60,
2025-03-20,TRADED,,2025-03-20,2025-03-20T09:20:00+05:30,23022.3,23000,NIFTY_23000_CE_20_MAR_25.csv,2025-03-20T09:20:00+05:30,57.55,107.55,2025-03-20T12:48:00+05:30,107.55,stop_loss,-52.00,-13520.00,50.00,-13570.00,NIFTY_23000_PE_20_MAR_25.csv,2025-03-20T09:20:00+05:30,45.9,95.90,2025-03-20T15:20:00+05:30,0.15,day_close,43.75,11375.00,50.00,11325.00,4,-2145.00,100.00,-2245.00,
2025-03-21,TRADED,,2025-03-27,2025-03-21T09:20:00+05:30,23195.0,23200,NIFTY_23200_CE_27_MAR_25.csv,2025-03-21T09:20:00+05:30,142.0,192.00,2025-03-21T10:28:00+05:30,192.00,stop_loss,-52.00,-13520.00,50.00,-13570.00,NIFTY_23200_PE_27_MAR_25.csv,2025-03-21T09:20:00+05:30,130.9,180.90,2025-03-21T15:20:00+05:30,64.7,day_close,64.20,16692.00,50.00,16642.00,4,3172.00,100.00,3072.00,
2025-03-24,TRADED,,2025-03-27,2025-03-24T09:20:00+05:30,23513.2,23500,NIFTY_23500_CE_27_MAR_25.csv,2025-03-24T09:20:00+05:30,136.05,186.05,2025-03-24T10:33:00+05:30,186.05,stop_loss,-52.00,-13520.00,50.00,-13570.00,NIFTY_23500_PE_27_MAR_25.csv,2025-03-24T09:20:00+05:30,111.05,161.05,2025-03-24T09:39:00+05:30,161.05,stop_loss,-52.00,-13520.00,50.00,-13570.00,4,-27040.00,100.00,-27140.00,
2025-03-25,TRADED,,2025-03-27,2025-03-25T09:20:00+05:30,23726.3,23750,NIFTY_23750_CE_27_MAR_25.csv,2025-03-25T09:20:00+05:30,139.5,189.50,2025-03-25T09:51:00+05:30,189.50,stop_loss,-52.00,-13520.00,50.00,-13570.00,NIFTY_23750_PE_27_MAR_25.csv,2025-03-25T09:20:00+05:30,152.4,202.40,2025-03-25T15:20:00+05:30,120.3,day_close,30.10,7826.00,50.00,7776.00,4,-5694.00,100.00,-5794.00,
2025-03-26,TRADED,,2025-03-27,2025-03-26T09:20:00+05:30,23701.95,23700,NIFTY_23700_CE_27_MAR_25.csv,2025-03-26T09:20:00+05:30,105.5,155.50,2025-03-26T15:20:00+05:30,22.7,day_close,80.80,21008.00,50.00,20958.00,NIFTY_23700_PE_27_MAR_25.csv,2025-03-26T09:20:00+05:30,90.35,140.35,2025-03-26T11:59:00+05:30,140.35,stop_loss,-52.00,-13520.00,50.00,-13570.00,4,7488.00,100.00,7388.00,
2025-03-27,TRADED,,2025-03-27,2025-03-27T09:20:00+05:30,23507.8,23500,NIFTY_23500_CE_27_MAR_25.csv,2025-03-27T09:20:00+05:30,80.8,130.80,2025-03-27T10:00:00+05:30,130.80,stop_loss,-52.00,-13520.00,50.00,-13570.00,NIFTY_23500_PE_27_MAR_25.csv,2025-03-27T09:20:00+05:30,61.65,111.65,2025-03-27T15:20:00+05:30,0.25,day_close,59.40,15444.00,50.00,15394.00,4,1924.00,100.00,1824.00,
2025-03-28,TRADED,,2025-04-03,2025-03-28T09:20:00+05:30,23604.9,23600,NIFTY_23600_CE_03_APR_25.csv,2025-03-28T09:20:00+05:30,186.7,236.70,2025-03-28T15:20:00+05:30,79.7,day_close,105.00,27300.00,50.00,27250.00,NIFTY_23600_PE_03_APR_25.csv,2025-03-28T09:20:00+05:30,133.9,183.90,2025-03-28T09:36:00+05:30,183.90,stop_loss,-52.00,-13520.00,50.00,-13570.00,4,13780.00,100.00,13680.00,
2025-04-01,TRADED,,2025-04-03,2025-04-01T09:20:00+05:30,23417.1,23400,NIFTY_23400_CE_03_APR_25.csv,2025-04-01T09:20:00+05:30,124.6,174.60,2025-04-01T09:33:00+05:30,174.60,stop_loss,-52.00,-13520.00,50.00,-13570.00,NIFTY_23400_PE_03_APR_25.csv,2025-04-01T09:20:00+05:30,97.15,147.15,2025-04-01T10:31:00+05:30,147.15,stop_loss,-52.00,-13520.00,50.00,-13570.00,4,-27040.00,100.00,-27140.00,
2025-04-02,TRADED,,2025-04-03,2025-04-02T09:20:00+05:30,23205.1,23200,NIFTY_23200_CE_03_APR_25.csv,2025-04-02T09:20:00+05:30,112.4,162.40,2025-04-02T09:35:00+05:30,162.40,stop_loss,-52.00,-13520.00,50.00,-13570.00,NIFTY_23200_PE_03_APR_25.csv,2025-04-02T09:20:00+05:30,90.3,140.30,2025-04-02T15:20:00+05:30,36.95,day_close,51.35,13351.00,50.00,13301.00,4,-169.00,100.00,-269.00,
2025-04-03,TRADED,,2025-04-03,2025-04-03T09:20:00+05:30,23218.65,23200,NIFTY_23200_CE_03_APR_25.csv,2025-04-03T09:20:00+05:30,58.6,108.60,2025-04-03T10:24:00+05:30,108.60,stop_loss,-52.00,-13520.00,50.00,-13570.00,NIFTY_23200_PE_03_APR_25.csv,2025-04-03T09:20:00+05:30,54.55,104.55,2025-04-03T15:20:00+05:30,0.15,day_close,52.40,13624.00,50.00,13574.00,4,104.00,100.00,4.00,
2025-04-04,TRADED,,2025-04-09,2025-04-04T09:20:00+05:30,23094.65,23100,NIFTY_23100_CE_09_APR_25.csv,2025-04-04T09:20:00+05:30,141.8,191.80,2025-04-04T15:20:00+05:30,41.35,day_close,98.45,25597.00,50.00,25547.00,NIFTY_23100_PE_09_APR_25.csv,2025-04-04T09:20:00+05:30,171.85,221.85,2025-04-04T10:00:00+05:30,221.85,stop_loss,-52.00,-13520.00,50.00,-13570.00,4,12077.00,100.00,11977.00,
2025-04-07,TRADED,,2025-04-09,2025-04-07T09:20:00+05:30,21890.1,21900,NIFTY_21900_CE_09_APR_25.csv,2025-04-07T09:20:00+05:30,356.85,406.85,2025-04-07T09:21:00+05:30,406.85,stop_loss,-52.00,-13520.00,50.00,-13570.00,NIFTY_21900_PE_09_APR_25.csv,2025-04-07T09:20:00+05:30,332.55,382.55,2025-04-07T12:34:00+05:30,382.55,stop_loss,-52.00,-13520.00,50.00,-13570.00,4,-27040.00,100.00,-27140.00,
2025-04-08,TRADED,,2025-04-09,2025-04-08T09:20:00+05:30,22525.05,22550,NIFTY_22550_CE_09_APR_25.csv,2025-04-08T09:20:00+05:30,167.2,217.20,2025-04-08T12:31:00+05:30,217.20,stop_loss,-52.00,-13520.00,50.00,-13570.00,NIFTY_22550_PE_09_APR_25.csv,2025-04-08T09:20:00+05:30,180.1,230.10,2025-04-08T09:57:00+05:30,230.10,stop_loss,-52.00,-13520.00,50.00,-13570.00,4,-27040.00,100.00,-27140.00,
2025-04-09,TRADED,,2025-04-09,2025-04-09T09:20:00+05:30,22412.35,22400,NIFTY_22400_CE_09_APR_25.csv,2025-04-09T09:20:00+05:30,125.4,175.40,2025-04-09T15:20:00+05:30,0.2,day_close,123.20,32032.00,50.00,31982.00,NIFTY_22400_PE_09_APR_25.csv,2025-04-09T09:20:00+05:30,130.4,180.40,2025-04-09T15:20:00+05:30,0.85,day_close,127.55,33163.00,50.00,33113.00,4,65195.00,100.00,65095.00,
2025-04-11,TRADED,,2025-04-17,2025-04-11T09:20:00+05:30,22766.05,22750,NIFTY_22750_CE_17_APR_25.csv,2025-04-11T09:20:00+05:30,271.2,321.20,2025-04-11T09:36:00+05:30,321.20,stop_loss,-52.00,-13520.00,50.00,-13570.00,NIFTY_22750_PE_17_APR_25.csv,2025-04-11T09:20:00+05:30,202.4,252.40,2025-04-11T15:20:00+05:30,211.25,day_close,-10.85,-2821.00,50.00,-2871.00,4,-16341.00,100.00,-16441.00,
2025-04-15,TRADED,,2025-04-17,2025-04-15T09:20:00+05:30,23278.4,23300,NIFTY_23300_CE_17_APR_25.csv,2025-04-15T09:20:00+05:30,145.05,195.05,2025-04-15T15:20:00+05:30,102.0,day_close,41.05,10673.00,50.00,10623.00,NIFTY_23300_PE_17_APR_25.csv,2025-04-15T09:20:00+05:30,151.65,201.65,2025-04-15T15:20:00+05:30,99.95,day_close,49.70,12922.00,50.00,12872.00,4,23595.00,100.00,23495.00,
2025-04-16,TRADED,,2025-04-17,2025-04-16T09:20:00+05:30,23285.3,23300,NIFTY_23300_CE_17_APR_25.csv,2025-04-16T09:20:00+05:30,47.9,97.90,2025-04-16T09:43:00+05:30,97.90,stop_loss,-52.00,-13520.00,50.00,-13570.00,NIFTY_23300_PE_17_APR_25.csv,2025-04-16T09:20:00+05:30,86.0,136.00,2025-04-16T15:20:00+05:30,44.6,day_close,39.40,10244.00,50.00,10194.00,4,-3276.00,100.00,-3376.00,
2025-04-17,TRADED,,2025-04-17,2025-04-17T09:20:00+05:30,23357.65,23350,NIFTY_23350_CE_17_APR_25.csv,2025-04-17T09:20:00+05:30,43.2,93.20,2025-04-17T09:45:00+05:30,93.20,stop_loss,-52.00,-13520.00,50.00,-13570.00,NIFTY_23350_PE_17_APR_25.csv,2025-04-17T09:20:00+05:30,51.75,101.75,2025-04-17T15:20:00+05:30,0.15,day_close,49.60,12896.00,50.00,12846.00,4,-624.00,100.00,-724.00,
2025-04-21,TRADED,,2025-04-24,2025-04-21T09:20:00+05:30,23959.4,23950,NIFTY_23950_CE_24_APR_25.csv,2025-04-21T09:20:00+05:30,161.69,211.69,2025-04-21T10:04:00+05:30,211.69,stop_loss,-52.00,-13520.00,50.00,-13570.00,NIFTY_23950_PE_24_APR_25.csv,2025-04-21T09:20:00+05:30,171.2,221.20,2025-04-21T15:20:00+05:30,54.6,day_close,114.60,29796.00,50.00,29746.00,4,16276.00,100.00,16176.00,
2025-04-22,TRADED,,2025-04-24,2025-04-22T09:20:00+05:30,24089.4,24100,NIFTY_24100_CE_24_APR_25.csv,2025-04-22T09:20:00+05:30,113.0,163.00,2025-04-22T10:25:00+05:30,163.00,stop_loss,-52.00,-13520.00,50.00,-13570.00,NIFTY_24100_PE_24_APR_25.csv,2025-04-22T09:20:00+05:30,122.4,172.40,2025-04-22T15:20:00+05:30,62.3,day_close,58.10,15106.00,50.00,15056.00,4,1586.00,100.00,1486.00,
2025-04-23,TRADED,,2025-04-24,2025-04-23T09:20:00+05:30,24312.85,24300,NIFTY_24300_CE_24_APR_25.csv,2025-04-23T09:20:00+05:30,86.75,136.75,2025-04-23T15:20:00+05:30,67.25,day_close,17.50,4550.00,50.00,4500.00,NIFTY_24300_PE_24_APR_25.csv,2025-04-23T09:20:00+05:30,80.55,130.55,2025-04-23T10:07:00+05:30,130.55,stop_loss,-52.00,-13520.00,50.00,-13570.00,4,-8970.00,100.00,-9070.00,
2025-04-24,TRADED,,2025-04-24,2025-04-24T09:20:00+05:30,24272.4,24250,NIFTY_24250_CE_24_APR_25.csv,2025-04-24T09:20:00+05:30,62.4,112.40,2025-04-24T09:35:00+05:30,112.40,stop_loss,-52.00,-13520.00,50.00,-13570.00,NIFTY_24250_PE_24_APR_25.csv,2025-04-24T09:20:00+05:30,27.35,77.35,2025-04-24T15:20:00+05:30,2.15,day_close,23.20,6032.00,50.00,5982.00,4,-7488.00,100.00,-7588.00,
2025-04-25,TRADED,,2025-04-30,2025-04-25T09:20:00+05:30,24327.35,24350,NIFTY_24350_CE_30_APR_25.csv,2025-04-25T09:20:00+05:30,177.65,227.65,2025-04-25T15:20:00+05:30,59.05,day_close,116.60,30316.00,50.00,30266.00,NIFTY_24350_PE_30_APR_25.csv,2025-04-25T09:20:00+05:30,173.9,223.90,2025-04-25T09:40:00+05:30,223.90,stop_loss,-52.00,-13520.00,50.00,-13570.00,4,16796.00,100.00,16696.00,
2025-04-28,TRADED,,2025-04-30,2025-04-28T09:20:00+05:30,24130.15,24150,NIFTY_24150_CE_30_APR_25.csv,2025-04-28T09:20:00+05:30,130.0,180.00,2025-04-28T09:36:00+05:30,180.00,stop_loss,-52.00,-13520.00,50.00,-13570.00,NIFTY_24150_PE_30_APR_25.csv,2025-04-28T09:20:00+05:30,139.25,189.25,2025-04-28T15:20:00+05:30,46.65,day_close,90.60,23556.00,50.00,23506.00,4,10036.00,100.00,9936.00,
2025-04-29,TRADED,,2025-04-30,2025-04-29T09:20:00+05:30,24438.5,24450,NIFTY_24450_CE_30_APR_25.csv,2025-04-29T09:20:00+05:30,76.09,126.09,2025-04-29T15:20:00+05:30,19.2,day_close,54.89,14271.40,50.00,14221.40,NIFTY_24450_PE_30_APR_25.csv,2025-04-29T09:20:00+05:30,89.6,139.60,2025-04-29T09:39:00+05:30,139.60,stop_loss,-52.00,-13520.00,50.00,-13570.00,4,751.40,100.00,651.40,
2025-04-30,TRADED,,2025-04-30,2025-04-30T09:20:00+05:30,24320.35,24300,NIFTY_24300_CE_30_APR_25.csv,2025-04-30T09:20:00+05:30,42.1,92.10,2025-04-30T09:51:00+05:30,92.10,stop_loss,-52.00,-13520.00,50.00,-13570.00,NIFTY_24300_PE_30_APR_25.csv,2025-04-30T09:20:00+05:30,32.9,82.90,2025-04-30T15:20:00+05:30,0.35,day_close,30.55,7943.00,50.00,7893.00,4,-5577.00,100.00,-5677.00,
2025-05-02,TRADED,,2025-05-08,2025-05-02T09:20:00+05:30,24410.3,24400,NIFTY_24400_CE_08_MAY_25.csv,2025-05-02T09:20:00+05:30,224.4,274.40,2025-05-02T09:30:00+05:30,274.40,stop_loss,-52.00,-13520.00,50.00,-13570.00,NIFTY_24400_PE_08_MAY_25.csv,2025-05-02T09:20:00+05:30,180.8,230.80,2025-05-02T12:06:00+05:30,230.80,stop_loss,-52.00,-13520.00,50.00,-13570.00,4,-27040.00,100.00,-27140.00,
2025-05-05,TRADED,,2025-05-08,2025-05-05T09:20:00+05:30,24435.8,24450,NIFTY_24450_CE_08_MAY_25.csv,2025-05-05T09:20:00+05:30,127.8,177.80,2025-05-05T10:38:00+05:30,177.80,stop_loss,-52.00,-13520.00,50.00,-13570.00,NIFTY_24450_PE_08_MAY_25.csv,2025-05-05T09:20:00+05:30,149.0,199.00,2025-05-05T15:20:00+05:30,99.15,day_close,47.85,12441.00,50.00,12391.00,4,-1079.00,100.00,-1179.00,
2025-05-06,TRADED,,2025-05-08,2025-05-06T09:20:00+05:30,24454.95,24450,NIFTY_24450_CE_08_MAY_25.csv,2025-05-06T09:20:00+05:30,93.8,143.80,2025-05-06T15:20:00+05:30,33.4,day_close,58.40,15184.00,50.00,15134.00,NIFTY_24450_PE_08_MAY_25.csv,2025-05-06T09:20:00+05:30,95.45,145.45,2025-05-06T15:16:00+05:30,145.45,stop_loss,-52.00,-13520.00,50.00,-13570.00,4,1664.00,100.00,1564.00,
2025-05-07,TRADED,,2025-05-08,2025-05-07T09:20:00+05:30,24366.25,24350,NIFTY_24350_CE_08_MAY_25.csv,2025-05-07T09:20:00+05:30,96.8,146.80,2025-05-07T09:33:00+05:30,146.80,stop_loss,-52.00,-13520.00,50.00,-13570.00,NIFTY_24350_PE_08_MAY_25.csv,2025-05-07T09:20:00+05:30,95.8,145.80,2025-05-07T15:20:00+05:30,56.7,day_close,37.10,9646.00,50.00,9596.00,4,-3874.00,100.00,-3974.00,
2025-05-08,TRADED,,2025-05-08,2025-05-08T09:20:00+05:30,24398.45,24400,NIFTY_24400_CE_08_MAY_25.csv,2025-05-08T09:20:00+05:30,27.05,77.05,2025-05-08T15:20:00+05:30,0.1,day_close,24.95,6487.00,50.00,6437.00,NIFTY_24400_PE_08_MAY_25.csv,2025-05-08T09:20:00+05:30,43.0,93.00,2025-05-08T14:52:00+05:30,93.00,stop_loss,-52.00,-13520.00,50.00,-13570.00,4,-7033.00,100.00,-7133.00,
2025-05-09,TRADED,,2025-05-15,2025-05-09T09:20:00+05:30,24113.5,24100,NIFTY_24100_CE_15_MAY_25.csv,2025-05-09T09:20:00+05:30,264.1,314.10,2025-05-09T15:20:00+05:30,177.75,day_close,84.35,21931.00,50.00,21881.00,NIFTY_24100_PE_15_MAY_25.csv,2025-05-09T09:20:00+05:30,268.05,318.05,2025-05-09T10:03:00+05:30,324.05,gap_stop_loss,-58.00,-15080.00,50.00,-15130.00,4,6851.00,100.00,6751.00,Stop 318.05 crossed by candle open 324.05.
2025-05-12,TRADED,,2025-05-15,2025-05-12T09:20:00+05:30,24562.45,24550,NIFTY_24550_CE_15_MAY_25.csv,2025-05-12T09:20:00+05:30,149.35,199.35,2025-05-12T09:35:00+05:30,199.35,stop_loss,-52.00,-13520.00,50.00,-13570.00,NIFTY_24550_PE_15_MAY_25.csv,2025-05-12T09:20:00+05:30,138.4,188.40,2025-05-12T15:20:00+05:30,72.65,day_close,63.75,16575.00,50.00,16525.00,4,3055.00,100.00,2955.00,
2025-05-13,TRADED,,2025-05-15,2025-05-13T09:20:00+05:30,24868.35,24850,NIFTY_24850_CE_15_MAY_25.csv,2025-05-13T09:20:00+05:30,204.3,254.30,2025-05-13T15:20:00+05:30,53.2,day_close,149.10,38766.00,50.00,38716.00,NIFTY_24850_PE_15_MAY_25.csv,2025-05-13T09:20:00+05:30,185.7,235.70,2025-05-13T09:29:00+05:30,235.70,stop_loss,-52.00,-13520.00,50.00,-13570.00,4,25246.00,100.00,25146.00,
2025-05-14,TRADED,,2025-05-15,2025-05-14T09:20:00+05:30,24664.1,24650,NIFTY_24650_CE_15_MAY_25.csv,2025-05-14T09:20:00+05:30,116.1,166.10,2025-05-14T09:29:00+05:30,166.10,stop_loss,-52.00,-13520.00,50.00,-13570.00,NIFTY_24650_PE_15_MAY_25.csv,2025-05-14T09:20:00+05:30,122.35,172.35,2025-05-14T12:51:00+05:30,172.35,stop_loss,-52.00,-13520.00,50.00,-13570.00,4,-27040.00,100.00,-27140.00,
2025-05-15,TRADED,,2025-05-15,2025-05-15T09:20:00+05:30,24620.0,24600,NIFTY_24600_CE_15_MAY_25.csv,2025-05-15T09:20:00+05:30,77.25,127.25,2025-05-15T10:39:00+05:30,127.25,stop_loss,-52.00,-13520.00,50.00,-13570.00,NIFTY_24600_PE_15_MAY_25.csv,2025-05-15T09:20:00+05:30,72.0,122.00,2025-05-15T09:44:00+05:30,122.00,stop_loss,-52.00,-13520.00,50.00,-13570.00,4,-27040.00,100.00,-27140.00,
2025-05-16,TRADED,,2025-05-22,2025-05-16T09:20:00+05:30,25003.5,25000,NIFTY_25000_CE_22_MAY_25.csv,2025-05-16T09:20:00+05:30,213.0,263.00,2025-05-16T15:20:00+05:30,192.8,day_close,18.20,4732.00,50.00,4682.00,NIFTY_25000_PE_22_MAY_25.csv,2025-05-16T09:20:00+05:30,186.0,236.00,2025-05-16T15:20:00+05:30,162.6,day_close,21.40,5564.00,50.00,5514.00,4,10296.00,100.00,10196.00,
2025-05-19,TRADED,,2025-05-22,2025-05-19T09:20:00+05:30,25027.85,25050,NIFTY_25050_CE_22_MAY_25.csv,2025-05-19T09:20:00+05:30,164.4,214.40,2025-05-19T15:20:00+05:30,107.45,day_close,54.95,14287.00,50.00,14237.00,NIFTY_25050_PE_22_MAY_25.csv,2025-05-19T09:20:00+05:30,188.9,238.90,2025-05-19T14:12:00+05:30,238.90,stop_loss,-52.00,-13520.00,50.00,-13570.00,4,767.00,100.00,667.00,
2025-05-20,TRADED,,2025-05-22,2025-05-20T09:20:00+05:30,24975.6,25000,NIFTY_25000_CE_22_MAY_25.csv,2025-05-20T09:20:00+05:30,125.0,175.00,2025-05-20T15:20:00+05:30,39.85,day_close,83.15,21619.00,50.00,21569.00,NIFTY_25000_PE_22_MAY_25.csv,2025-05-20T09:20:00+05:30,144.3,194.30,2025-05-20T09:49:00+05:30,194.30,stop_loss,-52.00,-13520.00,50.00,-13570.00,4,8099.00,100.00,7999.00,
2025-05-21,TRADED,,2025-05-22,2025-05-21T09:20:00+05:30,24723.55,24700,NIFTY_24700_CE_22_MAY_25.csv,2025-05-21T09:20:00+05:30,124.75,174.75,2025-05-21T09:35:00+05:30,174.75,stop_loss,-52.00,-13520.00,50.00,-13570.00,NIFTY_24700_PE_22_MAY_25.csv,2025-05-21T09:20:00+05:30,100.25,150.25,2025-05-21T15:20:00+05:30,68.5,day_close,29.75,7735.00,50.00,7685.00,4,-5785.00,100.00,-5885.00,
2025-05-22,TRADED,,2025-05-22,2025-05-22T09:20:00+05:30,24644.7,24650,NIFTY_24650_CE_22_MAY_25.csv,2025-05-22T09:20:00+05:30,92.25,142.25,2025-05-22T15:20:00+05:30,0.2,day_close,90.05,23413.00,50.00,23363.00,NIFTY_24650_PE_22_MAY_25.csv,2025-05-22T09:20:00+05:30,118.05,168.05,2025-05-22T14:17:00+05:30,168.05,stop_loss,-52.00,-13520.00,50.00,-13570.00,4,9893.00,100.00,9793.00,
2025-05-23,TRADED,,2025-05-29,2025-05-23T09:20:00+05:30,24626.5,24650,NIFTY_24650_CE_29_MAY_25.csv,2025-05-23T09:20:00+05:30,189.9,239.90,2025-05-23T09:22:00+05:30,239.90,stop_loss,-52.00,-13520.00,50.00,-13570.00,NIFTY_24650_PE_29_MAY_25.csv,2025-05-23T09:20:00+05:30,195.7,245.70,2025-05-23T15:20:00+05:30,114.3,day_close,79.40,20644.00,50.00,20594.00,4,7124.00,100.00,7024.00,
2025-05-26,TRADED,,2025-05-29,2025-05-26T09:20:00+05:30,25005.2,25000,NIFTY_25000_CE_29_MAY_25.csv,2025-05-26T09:20:00+05:30,222.75,272.75,2025-05-26T15:20:00+05:30,224.65,day_close,-3.90,-1014.00,50.00,-1064.00,NIFTY_25000_PE_29_MAY_25.csv,2025-05-26T09:20:00+05:30,189.6,239.60,2025-05-26T10:35:00+05:30,239.60,stop_loss,-52.00,-13520.00,50.00,-13570.00,4,-14534.00,100.00,-14634.00,
2025-05-27,TRADED,,2025-05-29,2025-05-27T09:20:00+05:30,24876.2,24900,NIFTY_24900_CE_29_MAY_25.csv,2025-05-27T09:20:00+05:30,211.05,261.05,2025-05-27T11:25:00+05:30,261.05,stop_loss,-52.00,-13520.00,50.00,-13570.00,NIFTY_24900_PE_29_MAY_25.csv,2025-05-27T09:20:00+05:30,214.4,264.40,2025-05-27T09:21:00+05:30,264.40,stop_loss,-52.00,-13520.00,50.00,-13570.00,4,-27040.00,100.00,-27140.00,
2025-05-28,TRADED,,2025-05-29,2025-05-28T09:20:00+05:30,24817.75,24800,NIFTY_24800_CE_29_MAY_25.csv,2025-05-28T09:20:00+05:30,220.65,270.65,2025-05-28T15:20:00+05:30,94.8,day_close,123.85,32201.00,50.00,32151.00,NIFTY_24800_PE_29_MAY_25.csv,2025-05-28T09:20:00+05:30,178.05,228.05,2025-05-28T15:20:00+05:30,128.55,day_close,47.50,12350.00,50.00,12300.00,4,44551.00,100.00,44451.00,
2025-05-29,TRADED,,2025-05-29,2025-05-29T09:20:00+05:30,24845.2,24850,NIFTY_24850_CE_29_MAY_25.csv,2025-05-29T09:20:00+05:30,63.05,113.05,2025-05-29T15:20:00+05:30,1.0,day_close,60.05,15613.00,50.00,15563.00,NIFTY_24850_PE_29_MAY_25.csv,2025-05-29T09:20:00+05:30,58.6,108.60,2025-05-29T10:30:00+05:30,108.60,stop_loss,-52.00,-13520.00,50.00,-13570.00,4,2093.00,100.00,1993.00,
2025-05-30,TRADED,,2025-06-05,2025-05-30T09:20:00+05:30,24805.55,24800,NIFTY_24800_CE_05_JUN_25.csv,2025-05-30T09:20:00+05:30,215.4,265.40,2025-05-30T09:27:00+05:30,265.40,stop_loss,-52.00,-13520.00,50.00,-13570.00,NIFTY_24800_PE_05_JUN_25.csv,2025-05-30T09:20:00+05:30,184.0,234.00,2025-05-30T10:36:00+05:30,234.00,stop_loss,-52.00,-13520.00,50.00,-13570.00,4,-27040.00,100.00,-27140.00,
2025-06-02,TRADED,,2025-06-05,2025-06-02T09:20:00+05:30,24567.75,24550,NIFTY_24550_CE_05_JUN_25.csv,2025-06-02T09:20:00+05:30,218.5,268.50,2025-06-02T10:39:00+05:30,268.50,stop_loss,-52.00,-13520.00,50.00,-13570.00,NIFTY_24550_PE_05_JUN_25.csv,2025-06-02T09:20:00+05:30,209.45,259.45,2025-06-02T15:20:00+05:30,137.65,day_close,69.80,18148.00,50.00,18098.00,4,4628.00,100.00,4528.00,
2025-06-03,TRADED,,2025-06-05,2025-06-03T09:20:00+05:30,24691.85,24700,NIFTY_24700_CE_05_JUN_25.csv,2025-06-03T09:20:00+05:30,227.9,277.90,2025-06-03T15:20:00+05:30,91.6,day_close,134.30,34918.00,50.00,34868.00,NIFTY_24700_PE_05_JUN_25.csv,2025-06-03T09:20:00+05:30,219.35,269.35,2025-06-03T09:30:00+05:30,269.35,stop_loss,-52.00,-13520.00,50.00,-13570.00,4,21398.00,100.00,21298.00,
2025-06-04,TRADED,,2025-06-05,2025-06-04T09:20:00+05:30,24571.25,24550,NIFTY_24550_CE_05_JUN_25.csv,2025-06-04T09:20:00+05:30,125.65,175.65,2025-06-04T15:20:00+05:30,115.7,day_close,7.95,2067.00,50.00,2017.00,NIFTY_24550_PE_05_JUN_25.csv,2025-06-04T09:20:00+05:30,101.6,151.60,2025-06-04T15:20:00+05:30,53.25,day_close,46.35,12051.00,50.00,12001.00,4,14118.00,100.00,14018.00,
2025-06-05,TRADED,,2025-06-05,2025-06-05T09:20:00+05:30,24625.55,24650,NIFTY_24650_CE_05_JUN_25.csv,2025-06-05T09:20:00+05:30,37.7,87.70,2025-06-05T09:26:00+05:30,87.70,stop_loss,-52.00,-13520.00,50.00,-13570.00,NIFTY_24650_PE_05_JUN_25.csv,2025-06-05T09:20:00+05:30,74.6,124.60,2025-06-05T15:20:00+05:30,0.15,day_close,72.45,18837.00,50.00,18787.00,4,5317.00,100.00,5217.00,
2025-06-06,TRADED,,2025-06-12,2025-06-06T09:20:00+05:30,24749.65,24750,NIFTY_24750_CE_12_JUN_25.csv,2025-06-06T09:20:00+05:30,183.15,233.15,2025-06-06T10:27:00+05:30,233.15,stop_loss,-52.00,-13520.00,50.00,-13570.00,NIFTY_24750_PE_12_JUN_25.csv,2025-06-06T09:20:00+05:30,169.8,219.80,2025-06-06T10:04:00+05:30,219.80,stop_loss,-52.00,-13520.00,50.00,-13570.00,4,-27040.00,100.00,-27140.00,
2025-06-09,TRADED,,2025-06-12,2025-06-09T09:20:00+05:30,25107.6,25100,NIFTY_25100_CE_12_JUN_25.csv,2025-06-09T09:20:00+05:30,161.65,211.65,2025-06-09T15:20:00+05:30,136.6,day_close,23.05,5993.00,50.00,5943.00,NIFTY_25100_PE_12_JUN_25.csv,2025-06-09T09:20:00+05:30,152.25,202.25,2025-06-09T15:20:00+05:30,129.65,day_close,20.60,5356.00,50.00,5306.00,4,11349.00,100.00,11249.00,
2025-06-10,TRADED,,2025-06-12,2025-06-10T09:20:00+05:30,25128.4,25150,NIFTY_25150_CE_12_JUN_25.csv,2025-06-10T09:20:00+05:30,110.25,160.25,2025-06-10T15:20:00+05:30,64.55,day_close,43.70,11362.00,50.00,11312.00,NIFTY_25150_PE_12_JUN_25.csv,2025-06-10T09:20:00+05:30,136.2,186.20,2025-06-10T15:20:00+05:30,123.7,day_close,10.50,2730.00,50.00,2680.00,4,14092.00,100.00,13992.00,
2025-06-11,TRADED,,2025-06-12,2025-06-11T09:20:00+05:30,25127.6,25150,NIFTY_25150_CE_12_JUN_25.csv,2025-06-11T09:20:00+05:30,62.5,112.50,2025-06-11T11:16:00+05:30,112.50,stop_loss,-52.00,-13520.00,50.00,-13570.00,NIFTY_25150_PE_12_JUN_25.csv,2025-06-11T09:20:00+05:30,100.4,150.40,2025-06-11T15:20:00+05:30,85.0,day_close,13.40,3484.00,50.00,3434.00,4,-10036.00,100.00,-10136.00,
2025-06-12,TRADED,,2025-06-12,2025-06-12T09:20:00+05:30,25164.9,25150,NIFTY_25150_CE_12_JUN_25.csv,2025-06-12T09:20:00+05:30,55.1,105.10,2025-06-12T15:20:00+05:30,0.1,day_close,53.00,13780.00,50.00,13730.00,NIFTY_25150_PE_12_JUN_25.csv,2025-06-12T09:20:00+05:30,51.1,101.10,2025-06-12T09:43:00+05:30,101.10,stop_loss,-52.00,-13520.00,50.00,-13570.00,4,260.00,100.00,160.00,
2025-06-13,TRADED,,2025-06-19,2025-06-13T09:20:00+05:30,24604.6,24600,NIFTY_24600_CE_19_JUN_25.csv,2025-06-13T09:20:00+05:30,204.5,254.50,2025-06-13T12:17:00+05:30,254.50,stop_loss,-52.00,-13520.00,50.00,-13570.00,NIFTY_24600_PE_19_JUN_25.csv,2025-06-13T09:20:00+05:30,188.15,238.15,2025-06-13T15:20:00+05:30,149.8,day_close,36.35,9451.00,50.00,9401.00,4,-4069.00,100.00,-4169.00,
2025-06-16,TRADED,,2025-06-19,2025-06-16T09:20:00+05:30,24788.3,24800,NIFTY_24800_CE_19_JUN_25.csv,2025-06-16T09:20:00+05:30,144.7,194.70,2025-06-16T10:33:00+05:30,194.70,stop_loss,-52.00,-13520.00,50.00,-13570.00,NIFTY_24800_PE_19_JUN_25.csv,2025-06-16T09:20:00+05:30,153.7,203.70,2025-06-16T15:20:00+05:30,80.85,day_close,70.85,18421.00,50.00,18371.00,4,4901.00,100.00,4801.00,
2025-06-17,TRADED,,2025-06-19,2025-06-17T09:20:00+05:30,24896.05,24900,NIFTY_24900_CE_19_JUN_25.csv,2025-06-17T09:20:00+05:30,128.4,178.40,2025-06-17T15:20:00+05:30,76.5,day_close,49.90,12974.00,50.00,12924.00,NIFTY_24900_PE_19_JUN_25.csv,2025-06-17T09:20:00+05:30,140.75,190.75,2025-06-17T15:20:00+05:30,139.05,day_close,-0.30,-78.00,50.00,-128.00,4,12896.00,100.00,12796.00,
2025-06-18,TRADED,,2025-06-19,2025-06-18T09:20:00+05:30,24831.45,24850,NIFTY_24850_CE_19_JUN_25.csv,2025-06-18T09:20:00+05:30,79.05,129.05,2025-06-18T09:30:00+05:30,129.05,stop_loss,-52.00,-13520.00,50.00,-13570.00,NIFTY_24850_PE_19_JUN_25.csv,2025-06-18T09:20:00+05:30,110.5,160.50,2025-06-18T15:20:00+05:30,109.65,day_close,-1.15,-299.00,50.00,-349.00,4,-13819.00,100.00,-13919.00,
2025-06-19,TRADED,,2025-06-19,2025-06-19T09:20:00+05:30,24755.3,24750,NIFTY_24750_CE_19_JUN_25.csv,2025-06-19T09:20:00+05:30,54.25,104.25,2025-06-19T09:25:00+05:30,104.25,stop_loss,-52.00,-13520.00,50.00,-13570.00,NIFTY_24750_PE_19_JUN_25.csv,2025-06-19T09:20:00+05:30,59.75,109.75,2025-06-19T15:20:00+05:30,0.15,day_close,57.60,14976.00,50.00,14926.00,4,1456.00,100.00,1356.00,
2025-06-20,TRADED,,2025-06-26,2025-06-20T09:20:00+05:30,24861.15,24850,NIFTY_24850_CE_26_JUN_25.csv,2025-06-20T09:20:00+05:30,183.85,233.85,2025-06-20T10:15:00+05:30,233.85,stop_loss,-52.00,-13520.00,50.00,-13570.00,NIFTY_24850_PE_26_JUN_25.csv,2025-06-20T09:20:00+05:30,155.1,205.10,2025-06-20T15:20:00+05:30,75.8,day_close,77.30,20098.00,50.00,20048.00,4,6578.00,100.00,6478.00,
2025-06-23,TRADED,,2025-06-26,2025-06-23T09:20:00+05:30,24930.95,24950,NIFTY_24950_CE_26_JUN_25.csv,2025-06-23T09:20:00+05:30,139.5,189.50,2025-06-23T13:21:00+05:30,189.50,stop_loss,-52.00,-13520.00,50.00,-13570.00,NIFTY_24950_PE_26_JUN_25.csv,2025-06-23T09:20:00+05:30,145.5,195.50,2025-06-23T09:34:00+05:30,195.50,stop_loss,-52.00,-13520.00,50.00,-13570.00,4,-27040.00,100.00,-27140.00,
2025-06-24,TRADED,,2025-06-26,2025-06-24T09:20:00+05:30,25234.8,25250,NIFTY_25250_CE_26_JUN_25.csv,2025-06-24T09:20:00+05:30,118.9,168.90,2025-06-24T11:56:00+05:30,168.90,stop_loss,-52.00,-13520.00,50.00,-13570.00,NIFTY_25250_PE_26_JUN_25.csv,2025-06-24T09:20:00+05:30,116.2,166.20,2025-06-24T09:37:00+05:30,166.20,stop_loss,-52.00,-13520.00,50.00,-13570.00,4,-27040.00,100.00,-27140.00,
2025-06-25,TRADED,,2025-06-26,2025-06-25T09:20:00+05:30,25161.9,25150,NIFTY_25150_CE_26_JUN_25.csv,2025-06-25T09:20:00+05:30,101.1,151.10,2025-06-25T13:12:00+05:30,151.10,stop_loss,-52.00,-13520.00,50.00,-13570.00,NIFTY_25150_PE_26_JUN_25.csv,2025-06-25T09:20:00+05:30,81.75,131.75,2025-06-25T15:20:00+05:30,36.5,day_close,43.25,11245.00,50.00,11195.00,4,-2275.00,100.00,-2375.00,
2025-06-26,TRADED,,2025-06-26,2025-06-26T09:20:00+05:30,25282.75,25300,NIFTY_25300_CE_26_JUN_25.csv,2025-06-26T09:20:00+05:30,51.9,101.90,2025-06-26T09:28:00+05:30,101.90,stop_loss,-52.00,-13520.00,50.00,-13570.00,NIFTY_25300_PE_26_JUN_25.csv,2025-06-26T09:20:00+05:30,59.95,109.95,2025-06-26T15:20:00+05:30,0.2,day_close,57.75,15015.00,50.00,14965.00,4,1495.00,100.00,1395.00,
2025-06-27,TRADED,,2025-07-03,2025-06-27T09:20:00+05:30,25597.8,25600,NIFTY_25600_CE_03_JUL_25.csv,2025-06-27T09:20:00+05:30,174.2,224.20,2025-06-27T15:20:00+05:30,171.65,day_close,0.55,143.00,50.00,93.00,NIFTY_25600_PE_03_JUL_25.csv,2025-06-27T09:20:00+05:30,151.3,201.30,2025-06-27T09:30:00+05:30,201.30,stop_loss,-52.00,-13520.00,50.00,-13570.00,4,-13377.00,100.00,-13477.00,
2025-06-30,TRADED,,2025-07-03,2025-06-30T09:20:00+05:30,25610.55,25600,NIFTY_25600_CE_03_JUL_25.csv,2025-06-30T09:20:00+05:30,158.25,208.25,2025-06-30T15:20:00+05:30,93.8,day_close,62.45,16237.00,50.00,16187.00,NIFTY_25600_PE_03_JUL_25.csv,2025-06-30T09:20:00+05:30,120.9,170.90,2025-06-30T13:00:00+05:30,170.90,stop_loss,-52.00,-13520.00,50.00,-13570.00,4,2717.00,100.00,2617.00,
2025-07-01,TRADED,,2025-07-03,2025-07-01T09:20:00+05:30,25538.75,25550,NIFTY_25550_CE_03_JUL_25.csv,2025-07-01T09:20:00+05:30,119.05,169.05,2025-07-01T15:20:00+05:30,96.7,day_close,20.35,5291.00,50.00,5241.00,NIFTY_25550_PE_03_JUL_25.csv,2025-07-01T09:20:00+05:30,136.25,186.25,2025-07-01T15:20:00+05:30,83.2,day_close,51.05,13273.00,50.00,13223.00,4,18564.00,100.00,18464.00,
2025-07-02,TRADED,,2025-07-03,2025-07-02T09:20:00+05:30,25591.35,25600,NIFTY_25600_CE_03_JUL_25.csv,2025-07-02T09:20:00+05:30,79.5,129.50,2025-07-02T15:20:00+05:30,23.9,day_close,53.60,13936.00,50.00,13886.00,NIFTY_25600_PE_03_JUL_25.csv,2025-07-02T09:20:00+05:30,83.35,133.35,2025-07-02T10:39:00+05:30,133.35,stop_loss,-52.00,-13520.00,50.00,-13570.00,4,416.00,100.00,316.00,
2025-07-03,TRADED,,2025-07-03,2025-07-03T09:20:00+05:30,25522.75,25500,NIFTY_25500_CE_03_JUL_25.csv,2025-07-03T09:20:00+05:30,64.5,114.50,2025-07-03T13:41:00+05:30,114.50,stop_loss,-52.00,-13520.00,50.00,-13570.00,NIFTY_25500_PE_03_JUL_25.csv,2025-07-03T09:20:00+05:30,39.75,89.75,2025-07-03T09:27:00+05:30,89.75,stop_loss,-52.00,-13520.00,50.00,-13570.00,4,-27040.00,100.00,-27140.00,
2025-07-04,TRADED,,2025-07-10,2025-07-04T09:20:00+05:30,25411.95,25400,NIFTY_25400_CE_10_JUL_25.csv,2025-07-04T09:20:00+05:30,168.55,218.55,2025-07-04T15:20:00+05:30,169.65,day_close,-3.10,-806.00,50.00,-856.00,NIFTY_25400_PE_10_JUL_25.csv,2025-07-04T09:20:00+05:30,144.2,194.20,2025-07-04T15:20:00+05:30,107.3,day_close,34.90,9074.00,50.00,9024.00,4,8268.00,100.00,8168.00,
2025-07-07,TRADED,,2025-07-10,2025-07-07T09:20:00+05:30,25445.2,25450,NIFTY_25450_CE_10_JUL_25.csv,2025-07-07T09:20:00+05:30,124.65,174.65,2025-07-07T15:20:00+05:30,120.55,day_close,2.10,546.00,50.00,496.00,NIFTY_25450_PE_10_JUL_25.csv,2025-07-07T09:20:00+05:30,125.15,175.15,2025-07-07T15:20:00+05:30,108.65,day_close,14.50,3770.00,50.00,3720.00,4,4316.00,100.00,4216.00,
2025-07-08,TRADED,,2025-07-10,2025-07-08T09:20:00+05:30,25457.5,25450,NIFTY_25450_CE_10_JUL_25.csv,2025-07-08T09:20:00+05:30,112.85,162.85,2025-07-08T15:20:00+05:30,144.65,day_close,-33.80,-8788.00,50.00,-8838.00,NIFTY_25450_PE_10_JUL_25.csv,2025-07-08T09:20:00+05:30,105.6,155.60,2025-07-08T15:20:00+05:30,49.35,day_close,54.25,14105.00,50.00,14055.00,4,5317.00,100.00,5217.00,
2025-07-09,TRADED,,2025-07-10,2025-07-09T09:20:00+05:30,25488.8,25500,NIFTY_25500_CE_10_JUL_25.csv,2025-07-09T09:20:00+05:30,78.95,128.95,2025-07-09T15:20:00+05:30,58.95,day_close,18.00,4680.00,50.00,4630.00,NIFTY_25500_PE_10_JUL_25.csv,2025-07-09T09:20:00+05:30,72.65,122.65,2025-07-09T15:20:00+05:30,70.9,day_close,-0.25,-65.00,50.00,-115.00,4,4615.00,100.00,4515.00,
2025-07-10,TRADED,,2025-07-10,2025-07-10T09:20:00+05:30,25470.6,25450,NIFTY_25450_CE_10_JUL_25.csv,2025-07-10T09:20:00+05:30,62.75,112.75,2025-07-10T15:20:00+05:30,0.15,day_close,60.60,15756.00,50.00,15706.00,NIFTY_25450_PE_10_JUL_25.csv,2025-07-10T09:20:00+05:30,31.35,81.35,2025-07-10T10:52:00+05:30,81.35,stop_loss,-52.00,-13520.00,50.00,-13570.00,4,2236.00,100.00,2136.00,
2025-07-11,TRADED,,2025-07-17,2025-07-11T09:20:00+05:30,25288.45,25300,NIFTY_25300_CE_17_JUL_25.csv,2025-07-11T09:20:00+05:30,129.05,179.05,2025-07-11T15:20:00+05:30,72.85,day_close,54.20,14092.00,50.00,14042.00,NIFTY_25300_PE_17_JUL_25.csv,2025-07-11T09:20:00+05:30,127.45,177.45,2025-07-11T10:57:00+05:30,177.45,stop_loss,-52.00,-13520.00,50.00,-13570.00,4,572.00,100.00,472.00,
2025-07-14,TRADED,,2025-07-17,2025-07-14T09:20:00+05:30,25100.6,25100,NIFTY_25100_CE_17_JUL_25.csv,2025-07-14T09:20:00+05:30,125.75,175.75,2025-07-14T15:20:00+05:30,116.75,day_close,7.00,1820.00,50.00,1770.00,NIFTY_25100_PE_17_JUL_25.csv,2025-07-14T09:20:00+05:30,103.45,153.45,2025-07-14T15:20:00+05:30,90.5,day_close,10.95,2847.00,50.00,2797.00,4,4667.00,100.00,4567.00,
2025-07-15,TRADED,,2025-07-17,2025-07-15T09:20:00+05:30,25140.0,25150,NIFTY_25150_CE_17_JUL_25.csv,2025-07-15T09:20:00+05:30,99.65,149.65,2025-07-15T11:06:00+05:30,149.65,stop_loss,-52.00,-13520.00,50.00,-13570.00,NIFTY_25150_PE_17_JUL_25.csv,2025-07-15T09:20:00+05:30,89.25,139.25,2025-07-15T15:20:00+05:30,41.85,day_close,45.40,11804.00,50.00,11754.00,4,-1716.00,100.00,-1816.00,
2025-07-16,TRADED,,2025-07-17,2025-07-16T09:20:00+05:30,25159.7,25150,NIFTY_25150_CE_17_JUL_25.csv,2025-07-16T09:20:00+05:30,74.9,124.90,2025-07-16T14:19:00+05:30,124.90,stop_loss,-52.00,-13520.00,50.00,-13570.00,NIFTY_25150_PE_17_JUL_25.csv,2025-07-16T09:20:00+05:30,56.5,106.50,2025-07-16T15:20:00+05:30,26.4,day_close,28.10,7306.00,50.00,7256.00,4,-6214.00,100.00,-6314.00,
2025-07-17,TRADED,,2025-07-17,2025-07-17T09:20:00+05:30,25216.6,25200,NIFTY_25200_CE_17_JUL_25.csv,2025-07-17T09:20:00+05:30,52.7,102.70,2025-07-17T15:20:00+05:30,0.15,day_close,50.55,13143.00,50.00,13093.00,NIFTY_25200_PE_17_JUL_25.csv,2025-07-17T09:20:00+05:30,31.15,81.15,2025-07-17T14:48:00+05:30,81.15,stop_loss,-52.00,-13520.00,50.00,-13570.00,4,-377.00,100.00,-477.00,
2025-07-18,TRADED,,2025-07-24,2025-07-18T09:20:00+05:30,25087.3,25100,NIFTY_25100_CE_24_JUL_25.csv,2025-07-18T09:20:00+05:30,135.85,185.85,2025-07-18T15:20:00+05:30,87.1,day_close,46.75,12155.00,50.00,12105.00,NIFTY_25100_PE_24_JUL_25.csv,2025-07-18T09:20:00+05:30,120.0,170.00,2025-07-18T10:16:00+05:30,170.00,stop_loss,-52.00,-13520.00,50.00,-13570.00,4,-1365.00,100.00,-1465.00,
2025-07-21,TRADED,,2025-07-24,2025-07-21T09:20:00+05:30,24955.2,24950,NIFTY_24950_CE_24_JUL_25.csv,2025-07-21T09:20:00+05:30,124.2,174.20,2025-07-21T09:54:00+05:30,174.20,stop_loss,-52.00,-13520.00,50.00,-13570.00,NIFTY_24950_PE_24_JUL_25.csv,2025-07-21T09:20:00+05:30,96.65,146.65,2025-07-21T15:20:00+05:30,37.7,day_close,56.95,14807.00,50.00,14757.00,4,1287.00,100.00,1187.00,
2025-07-22,TRADED,,2025-07-24,2025-07-22T09:20:00+05:30,25129.55,25150,NIFTY_25150_CE_24_JUL_25.csv,2025-07-22T09:20:00+05:30,80.1,130.10,2025-07-22T15:20:00+05:30,44.85,day_close,33.25,8645.00,50.00,8595.00,NIFTY_25150_PE_24_JUL_25.csv,2025-07-22T09:20:00+05:30,90.45,140.45,2025-07-22T15:20:00+05:30,105.1,day_close,-16.65,-4329.00,50.00,-4379.00,4,4316.00,100.00,4216.00,
2025-07-23,TRADED,,2025-07-24,2025-07-23T09:20:00+05:30,25132.55,25150,NIFTY_25150_CE_24_JUL_25.csv,2025-07-23T09:20:00+05:30,56.05,106.05,2025-07-23T15:20:00+05:30,96.45,day_close,-42.40,-11024.00,50.00,-11074.00,NIFTY_25150_PE_24_JUL_25.csv,2025-07-23T09:20:00+05:30,67.2,117.20,2025-07-23T15:20:00+05:30,21.45,day_close,43.75,11375.00,50.00,11325.00,4,351.00,100.00,251.00,
2025-07-24,TRADED,,2025-07-24,2025-07-24T09:20:00+05:30,25204.1,25200,NIFTY_25200_CE_24_JUL_25.csv,2025-07-24T09:20:00+05:30,41.35,91.35,2025-07-24T15:20:00+05:30,0.1,day_close,39.25,10205.00,50.00,10155.00,NIFTY_25200_PE_24_JUL_25.csv,2025-07-24T09:20:00+05:30,34.1,84.10,2025-07-24T11:23:00+05:30,84.10,stop_loss,-52.00,-13520.00,50.00,-13570.00,4,-3315.00,100.00,-3415.00,
2025-07-25,TRADED,,2025-07-31,2025-07-25T09:20:00+05:30,24935.05,24950,NIFTY_24950_CE_31_JUL_25.csv,2025-07-25T09:20:00+05:30,127.25,177.25,2025-07-25T15:20:00+05:30,79.8,day_close,45.45,11817.00,50.00,11767.00,NIFTY_24950_PE_31_JUL_25.csv,2025-07-25T09:20:00+05:30,126.5,176.50,2025-07-25T10:33:00+05:30,176.50,stop_loss,-52.00,-13520.00,50.00,-13570.00,4,-1703.00,100.00,-1803.00,
2025-07-28,TRADED,,2025-07-31,2025-07-28T09:20:00+05:30,24787.8,24800,NIFTY_24800_CE_31_JUL_25.csv,2025-07-28T09:20:00+05:30,119.85,169.85,2025-07-28T09:34:00+05:30,169.85,stop_loss,-52.00,-13520.00,50.00,-13570.00,NIFTY_24800_PE_31_JUL_25.csv,2025-07-28T09:20:00+05:30,115.8,165.80,2025-07-28T13:20:00+05:30,165.80,stop_loss,-52.00,-13520.00,50.00,-13570.00,4,-27040.00,100.00,-27140.00,
2025-07-29,TRADED,,2025-07-31,2025-07-29T09:20:00+05:30,24684.5,24700,NIFTY_24700_CE_31_JUL_25.csv,2025-07-29T09:20:00+05:30,109.9,159.90,2025-07-29T14:01:00+05:30,159.90,stop_loss,-52.00,-13520.00,50.00,-13570.00,NIFTY_24700_PE_31_JUL_25.csv,2025-07-29T09:20:00+05:30,103.8,153.80,2025-07-29T15:20:00+05:30,29.05,day_close,72.75,18915.00,50.00,18865.00,4,5395.00,100.00,5295.00,
2025-07-30,TRADED,,2025-07-31,2025-07-30T09:20:00+05:30,24862.0,24850,NIFTY_24850_CE_31_JUL_25.csv,2025-07-30T09:20:00+05:30,72.5,122.50,2025-07-30T15:20:00+05:30,69.8,day_close,0.70,182.00,50.00,132.00,NIFTY_24850_PE_31_JUL_25.csv,2025-07-30T09:20:00+05:30,76.6,126.60,2025-07-30T15:20:00+05:30,49.15,day_close,25.45,6617.00,50.00,6567.00,4,6799.00,100.00,6699.00,
2025-07-31,TRADED,,2025-07-31,2025-07-31T09:20:00+05:30,24680.35,24700,NIFTY_24700_CE_31_JUL_25.csv,2025-07-31T09:20:00+05:30,46.5,96.50,2025-07-31T11:05:00+05:30,96.50,stop_loss,-52.00,-13520.00,50.00,-13570.00,NIFTY_24700_PE_31_JUL_25.csv,2025-07-31T09:20:00+05:30,80.75,130.75,2025-07-31T15:20:00+05:30,0.2,day_close,78.55,20423.00,50.00,20373.00,4,6903.00,100.00,6803.00,
2025-08-01,TRADED,,2025-08-07,2025-08-01T09:20:00+05:30,24725.9,24750,NIFTY_24750_CE_07_AUG_25.csv,2025-08-01T09:20:00+05:30,140.35,190.35,2025-08-01T15:20:00+05:30,73.95,day_close,64.40,16744.00,50.00,16694.00,NIFTY_24750_PE_07_AUG_25.csv,2025-08-01T09:20:00+05:30,161.95,211.95,2025-08-01T12:40:00+05:30,211.95,stop_loss,-52.00,-13520.00,50.00,-13570.00,4,3224.00,100.00,3124.00,
2025-08-04,TRADED,,2025-08-07,2025-08-04T09:20:00+05:30,24642.75,24650,NIFTY_24650_CE_07_AUG_25.csv,2025-08-04T09:20:00+05:30,138.45,188.45,2025-08-04T15:20:00+05:30,166.4,day_close,-29.95,-7787.00,50.00,-7837.00,NIFTY_24650_PE_07_AUG_25.csv,2025-08-04T09:20:00+05:30,134.35,184.35,2025-08-04T09:48:00+05:30,184.35,stop_loss,-52.00,-13520.00,50.00,-13570.00,4,-21307.00,100.00,-21407.00,
2025-08-05,TRADED,,2025-08-07,2025-08-05T09:20:00+05:30,24684.75,24700,NIFTY_24700_CE_07_AUG_25.csv,2025-08-05T09:20:00+05:30,101.5,151.50,2025-08-05T15:20:00+05:30,72.95,day_close,26.55,6903.00,50.00,6853.00,NIFTY_24700_PE_07_AUG_25.csv,2025-08-05T09:20:00+05:30,110.65,160.65,2025-08-05T09:59:00+05:30,160.65,stop_loss,-52.00,-13520.00,50.00,-13570.00,4,-6617.00,100.00,-6717.00,
2025-08-06,TRADED,,2025-08-07,2025-08-06T09:20:00+05:30,24652.1,24650,NIFTY_24650_CE_07_AUG_25.csv,2025-08-06T09:20:00+05:30,91.55,141.55,2025-08-06T15:20:00+05:30,42.15,day_close,47.40,12324.00,50.00,12274.00,NIFTY_24650_PE_07_AUG_25.csv,2025-08-06T09:20:00+05:30,85.1,135.10,2025-08-06T15:20:00+05:30,109.8,day_close,-26.70,-6942.00,50.00,-6992.00,4,5382.00,100.00,5282.00,
2025-08-07,TRADED,,2025-08-07,2025-08-07T09:20:00+05:30,24519.2,24500,NIFTY_24500_CE_07_AUG_25.csv,2025-08-07T09:20:00+05:30,63.0,113.00,2025-08-07T15:20:00+05:30,88.7,day_close,-27.70,-7202.00,50.00,-7252.00,NIFTY_24500_PE_07_AUG_25.csv,2025-08-07T09:20:00+05:30,48.05,98.05,2025-08-07T10:47:00+05:30,98.05,stop_loss,-52.00,-13520.00,50.00,-13570.00,4,-20722.00,100.00,-20822.00,
2025-08-08,TRADED,,2025-08-14,2025-08-08T09:20:00+05:30,24573.0,24550,NIFTY_24550_CE_14_AUG_25.csv,2025-08-08T09:20:00+05:30,158.7,208.70,2025-08-08T15:20:00+05:30,72.25,day_close,84.45,21957.00,50.00,21907.00,NIFTY_24550_PE_14_AUG_25.csv,2025-08-08T09:20:00+05:30,112.25,162.25,2025-08-08T10:00:00+05:30,162.25,stop_loss,-52.00,-13520.00,50.00,-13570.00,4,8437.00,100.00,8337.00,
2025-08-11,TRADED,,2025-08-14,2025-08-11T09:20:00+05:30,24401.2,24400,NIFTY_24400_CE_14_AUG_25.csv,2025-08-11T09:20:00+05:30,137.5,187.50,2025-08-11T13:01:00+05:30,187.50,stop_loss,-52.00,-13520.00,50.00,-13570.00,NIFTY_24400_PE_14_AUG_25.csv,2025-08-11T09:20:00+05:30,114.65,164.65,2025-08-11T15:20:00+05:30,45.95,day_close,66.70,17342.00,50.00,17292.00,4,3822.00,100.00,3722.00,
2025-08-12,TRADED,,2025-08-14,2025-08-12T09:20:00+05:30,24573.3,24550,NIFTY_24550_CE_14_AUG_25.csv,2025-08-12T09:20:00+05:30,110.45,160.45,2025-08-12T09:45:00+05:30,160.45,stop_loss,-52.00,-13520.00,50.00,-13570.00,NIFTY_24550_PE_14_AUG_25.csv,2025-08-12T09:20:00+05:30,79.0,129.00,2025-08-12T15:20:00+05:30,99.95,day_close,-22.95,-5967.00,50.00,-6017.00,4,-19487.00,100.00,-19587.00,
2025-08-13,TRADED,,2025-08-14,2025-08-13T09:20:00+05:30,24566.2,24550,NIFTY_24550_CE_14_AUG_25.csv,2025-08-13T09:20:00+05:30,96.55,146.55,2025-08-13T13:51:00+05:30,146.55,stop_loss,-52.00,-13520.00,50.00,-13570.00,NIFTY_24550_PE_14_AUG_25.csv,2025-08-13T09:20:00+05:30,62.6,112.60,2025-08-13T15:20:00+05:30,28.25,day_close,32.35,8411.00,50.00,8361.00,4,-5109.00,100.00,-5209.00,
2025-08-14,TRADED,,2025-08-14,2025-08-14T09:20:00+05:30,24640.15,24650,NIFTY_24650_CE_14_AUG_25.csv,2025-08-14T09:20:00+05:30,44.65,94.65,2025-08-14T15:20:00+05:30,0.15,day_close,42.50,11050.00,50.00,11000.00,NIFTY_24650_PE_14_AUG_25.csv,2025-08-14T09:20:00+05:30,57.65,107.65,2025-08-14T15:20:00+05:30,19.55,day_close,36.10,9386.00,50.00,9336.00,4,20436.00,100.00,20336.00,
2025-08-18,TRADED,,2025-08-21,2025-08-18T09:20:00+05:30,24945.05,24950,NIFTY_24950_CE_21_AUG_25.csv,2025-08-18T09:20:00+05:30,149.15,199.15,2025-08-18T15:20:00+05:30,103.95,day_close,43.20,11232.00,50.00,11182.00,NIFTY_24950_PE_21_AUG_25.csv,2025-08-18T09:20:00+05:30,121.6,171.60,2025-08-18T15:20:00+05:30,112.1,day_close,7.50,1950.00,50.00,1900.00,4,13182.00,100.00,13082.00,
2025-08-19,TRADED,,2025-08-21,2025-08-19T09:20:00+05:30,24905.5,24900,NIFTY_24900_CE_21_AUG_25.csv,2025-08-19T09:20:00+05:30,105.2,155.20,2025-08-19T12:18:00+05:30,155.20,stop_loss,-52.00,-13520.00,50.00,-13570.00,NIFTY_24900_PE_21_AUG_25.csv,2025-08-19T09:20:00+05:30,87.3,137.30,2025-08-19T15:20:00+05:30,39.9,day_close,45.40,11804.00,50.00,11754.00,4,-1716.00,100.00,-1816.00,
2025-08-20,TRADED,,2025-08-21,2025-08-20T09:20:00+05:30,24942.9,24950,NIFTY_24950_CE_21_AUG_25.csv,2025-08-20T09:20:00+05:30,69.0,119.00,2025-08-20T11:12:00+05:30,119.00,stop_loss,-52.00,-13520.00,50.00,-13570.00,NIFTY_24950_PE_21_AUG_25.csv,2025-08-20T09:20:00+05:30,74.5,124.50,2025-08-20T15:20:00+05:30,26.35,day_close,46.15,11999.00,50.00,11949.00,4,-1521.00,100.00,-1621.00,
2025-08-21,TRADED,,2025-08-21,2025-08-21T09:20:00+05:30,25074.7,25050,NIFTY_25050_CE_21_AUG_25.csv,2025-08-21T09:20:00+05:30,61.3,111.30,2025-08-21T15:20:00+05:30,33.1,day_close,26.20,6812.00,50.00,6762.00,NIFTY_25050_PE_21_AUG_25.csv,2025-08-21T09:20:00+05:30,29.9,79.90,2025-08-21T15:20:00+05:30,0.15,day_close,27.75,7215.00,50.00,7165.00,4,14027.00,100.00,13927.00,
2025-08-22,TRADED,,2025-08-28,2025-08-22T09:20:00+05:30,25022.25,25000,NIFTY_25000_CE_28_AUG_25.csv,2025-08-22T09:20:00+05:30,133.1,183.10,2025-08-22T15:20:00+05:30,72.8,day_close,58.30,15158.00,50.00,15108.00,NIFTY_25000_PE_28_AUG_25.csv,2025-08-22T09:20:00+05:30,96.95,146.95,2025-08-22T10:17:00+05:30,146.95,stop_loss,-52.00,-13520.00,50.00,-13570.00,4,1638.00,100.00,1538.00,
2025-08-25,TRADED,,2025-08-28,2025-08-25T09:20:00+05:30,24922.9,24900,NIFTY_24900_CE_28_AUG_25.csv,2025-08-25T09:20:00+05:30,116.15,166.15,2025-08-25T15:20:00+05:30,134.1,day_close,-19.95,-5187.00,50.00,-5237.00,NIFTY_24900_PE_28_AUG_25.csv,2025-08-25T09:20:00+05:30,86.5,136.50,2025-08-25T15:20:00+05:30,41.8,day_close,42.70,11102.00,50.00,11052.00,4,5915.00,100.00,5815.00,
2025-08-26,TRADED,,2025-08-28,2025-08-26T09:20:00+05:30,24846.6,24850,NIFTY_24850_CE_28_AUG_25.csv,2025-08-26T09:20:00+05:30,79.75,129.75,2025-08-26T15:20:00+05:30,30.0,day_close,47.75,12415.00,50.00,12365.00,NIFTY_24850_PE_28_AUG_25.csv,2025-08-26T09:20:00+05:30,66.9,116.90,2025-08-26T09:37:00+05:30,116.90,stop_loss,-52.00,-13520.00,50.00,-13570.00,4,-1105.00,100.00,-1205.00,
2025-08-28,TRADED,,2025-08-28,2025-08-28T09:20:00+05:30,24575.55,24600,NIFTY_24600_CE_28_AUG_25.csv,2025-08-28T09:20:00+05:30,41.1,91.10,2025-08-28T10:58:00+05:30,91.10,stop_loss,-52.00,-13520.00,50.00,-13570.00,NIFTY_24600_PE_28_AUG_25.csv,2025-08-28T09:20:00+05:30,64.15,114.15,2025-08-28T15:09:00+05:30,114.15,stop_loss,-52.00,-13520.00,50.00,-13570.00,4,-27040.00,100.00,-27140.00,
2025-08-29,TRADED,,2025-09-02,2025-08-29T09:20:00+05:30,24508.7,24500,NIFTY_24500_CE_02_SEP_25.csv,2025-08-29T09:20:00+05:30,134.65,184.65,2025-08-29T15:20:00+05:30,68.45,day_close,64.20,16692.00,50.00,16642.00,NIFTY_24500_PE_02_SEP_25.csv,2025-08-29T09:20:00+05:30,91.95,141.95,2025-08-29T15:20:00+05:30,111.6,day_close,-21.65,-5629.00,50.00,-5679.00,4,11063.00,100.00,10963.00,
2025-09-01,TRADED,,2025-09-02,2025-09-01T09:20:00+05:30,24522.55,24500,NIFTY_24500_CE_02_SEP_25.csv,2025-09-01T09:20:00+05:30,102.0,152.00,2025-09-01T14:57:00+05:30,152.00,stop_loss,-52.00,-13520.00,50.00,-13570.00,NIFTY_24500_PE_02_SEP_25.csv,2025-09-01T09:20:00+05:30,47.2,97.20,2025-09-01T15:20:00+05:30,17.45,day_close,27.75,7215.00,50.00,7165.00,4,-6305.00,100.00,-6405.00,
2025-09-02,TRADED,,2025-09-02,2025-09-02T09:20:00+05:30,24662.05,24650,NIFTY_24650_CE_02_SEP_25.csv,2025-09-02T09:20:00+05:30,51.75,101.75,2025-09-02T09:57:00+05:30,101.75,stop_loss,-52.00,-13520.00,50.00,-13570.00,NIFTY_24650_PE_02_SEP_25.csv,2025-09-02T09:20:00+05:30,32.7,82.70,2025-09-02T14:02:00+05:30,82.70,stop_loss,-52.00,-13520.00,50.00,-13570.00,4,-27040.00,100.00,-27140.00,
2025-09-03,TRADED,,2025-09-09,2025-09-03T09:20:00+05:30,24541.2,24550,NIFTY_24550_CE_09_SEP_25.csv,2025-09-03T09:20:00+05:30,137.35,187.35,2025-09-03T12:21:00+05:30,187.35,stop_loss,-52.00,-13520.00,50.00,-13570.00,NIFTY_24550_PE_09_SEP_25.csv,2025-09-03T09:20:00+05:30,120.0,170.00,2025-09-03T15:20:00+05:30,47.2,day_close,70.80,18408.00,50.00,18358.00,4,4888.00,100.00,4788.00,
2025-09-04,TRADED,,2025-09-09,2025-09-04T09:20:00+05:30,24864.85,24850,NIFTY_24850_CE_09_SEP_25.csv,2025-09-04T09:20:00+05:30,128.85,178.85,2025-09-04T15:20:00+05:30,60.4,day_close,66.45,17277.00,50.00,17227.00,NIFTY_24850_PE_09_SEP_25.csv,2025-09-04T09:20:00+05:30,92.45,142.45,2025-09-04T14:22:00+05:30,142.45,stop_loss,-52.00,-13520.00,50.00,-13570.00,4,3757.00,100.00,3657.00,
2025-09-05,TRADED,,2025-09-09,2025-09-05T09:20:00+05:30,24826.25,24850,NIFTY_24850_CE_09_SEP_25.csv,2025-09-05T09:20:00+05:30,82.5,132.50,2025-09-05T15:20:00+05:30,53.25,day_close,27.25,7085.00,50.00,7035.00,NIFTY_24850_PE_09_SEP_25.csv,2025-09-05T09:20:00+05:30,90.3,140.30,2025-09-05T10:10:00+05:30,140.30,stop_loss,-52.00,-13520.00,50.00,-13570.00,4,-6435.00,100.00,-6535.00,
2025-09-08,TRADED,,2025-09-09,2025-09-08T09:20:00+05:30,24788.95,24800,NIFTY_24800_CE_09_SEP_25.csv,2025-09-08T09:20:00+05:30,69.6,119.60,2025-09-08T12:40:00+05:30,119.60,stop_loss,-52.00,-13520.00,50.00,-13570.00,NIFTY_24800_PE_09_SEP_25.csv,2025-09-08T09:20:00+05:30,69.25,119.25,2025-09-08T15:20:00+05:30,51.0,day_close,16.25,4225.00,50.00,4175.00,4,-9295.00,100.00,-9395.00,
2025-09-09,TRADED,,2025-09-09,2025-09-09T09:20:00+05:30,24851.85,24850,NIFTY_24850_CE_09_SEP_25.csv,2025-09-09T09:20:00+05:30,48.8,98.80,2025-09-09T15:20:00+05:30,16.35,day_close,30.45,7917.00,50.00,7867.00,NIFTY_24850_PE_09_SEP_25.csv,2025-09-09T09:20:00+05:30,44.3,94.30,2025-09-09T15:20:00+05:30,0.1,day_close,42.20,10972.00,50.00,10922.00,4,18889.00,100.00,18789.00,
2025-09-10,TRADED,,2025-09-16,2025-09-10T09:20:00+05:30,24963.0,24950,NIFTY_24950_CE_16_SEP_25.csv,2025-09-10T09:20:00+05:30,136.65,186.65,2025-09-10T10:25:00+05:30,186.65,stop_loss,-52.00,-13520.00,50.00,-13570.00,NIFTY_24950_PE_16_SEP_25.csv,2025-09-10T09:20:00+05:30,102.8,152.80,2025-09-10T15:20:00+05:30,78.2,day_close,22.60,5876.00,50.00,5826.00,4,-7644.00,100.00,-7744.00,
2025-09-11,TRADED,,2025-09-16,2025-09-11T09:20:00+05:30,25002.35,25000,NIFTY_25000_CE_16_SEP_25.csv,2025-09-11T09:20:00+05:30,124.4,174.40,2025-09-11T15:20:00+05:30,120.15,day_close,2.25,585.00,50.00,535.00,NIFTY_25000_PE_16_SEP_25.csv,2025-09-11T09:20:00+05:30,85.15,135.15,2025-09-11T15:20:00+05:30,71.15,day_close,12.00,3120.00,50.00,3070.00,4,3705.00,100.00,3605.00,
2025-09-12,TRADED,,2025-09-16,2025-09-12T09:20:00+05:30,25055.35,25050,NIFTY_25050_CE_16_SEP_25.csv,2025-09-12T09:20:00+05:30,102.2,152.20,2025-09-12T15:20:00+05:30,126.15,day_close,-25.95,-6747.00,50.00,-6797.00,NIFTY_25050_PE_16_SEP_25.csv,2025-09-12T09:20:00+05:30,66.4,116.40,2025-09-12T15:20:00+05:30,41.75,day_close,22.65,5889.00,50.00,5839.00,4,-858.00,100.00,-958.00,
2025-09-15,TRADED,,2025-09-16,2025-09-15T09:20:00+05:30,25091.05,25100,NIFTY_25100_CE_16_SEP_25.csv,2025-09-15T09:20:00+05:30,67.5,117.50,2025-09-15T15:20:00+05:30,46.5,day_close,19.00,4940.00,50.00,4890.00,NIFTY_25100_PE_16_SEP_25.csv,2025-09-15T09:20:00+05:30,57.2,107.20,2025-09-15T15:20:00+05:30,45.15,day_close,10.05,2613.00,50.00,2563.00,4,7553.00,100.00,7453.00,
2025-09-16,TRADED,,2025-09-16,2025-09-16T09:20:00+05:30,25107.25,25100,NIFTY_25100_CE_16_SEP_25.csv,2025-09-16T09:20:00+05:30,41.25,91.25,2025-09-16T10:00:00+05:30,91.25,stop_loss,-52.00,-13520.00,50.00,-13570.00,NIFTY_25100_PE_16_SEP_25.csv,2025-09-16T09:20:00+05:30,35.45,85.45,2025-09-16T15:20:00+05:30,0.1,day_close,33.35,8671.00,50.00,8621.00,4,-4849.00,100.00,-4949.00,
2025-09-17,TRADED,,2025-09-23,2025-09-17T09:20:00+05:30,25296.45,25300,NIFTY_25300_CE_23_SEP_25.csv,2025-09-17T09:20:00+05:30,137.25,187.25,2025-09-17T15:20:00+05:30,156.3,day_close,-21.05,-5473.00,50.00,-5523.00,NIFTY_25300_PE_23_SEP_25.csv,2025-09-17T09:20:00+05:30,96.8,146.80,2025-09-17T15:20:00+05:30,71.9,day_close,22.90,5954.00,50.00,5904.00,4,481.00,100.00,381.00,
2025-09-18,TRADED,,2025-09-23,2025-09-18T09:20:00+05:30,25410.65,25400,NIFTY_25400_CE_23_SEP_25.csv,2025-09-18T09:20:00+05:30,117.8,167.80,2025-09-18T15:20:00+05:30,123.85,day_close,-8.05,-2093.00,50.00,-2143.00,NIFTY_25400_PE_23_SEP_25.csv,2025-09-18T09:20:00+05:30,67.5,117.50,2025-09-18T15:20:00+05:30,50.8,day_close,14.70,3822.00,50.00,3772.00,4,1729.00,100.00,1629.00,
2025-09-19,TRADED,,2025-09-23,2025-09-19T09:20:00+05:30,25382.0,25400,NIFTY_25400_CE_23_SEP_25.csv,2025-09-19T09:20:00+05:30,68.75,118.75,2025-09-19T15:20:00+05:30,57.3,day_close,9.45,2457.00,50.00,2407.00,NIFTY_25400_PE_23_SEP_25.csv,2025-09-19T09:20:00+05:30,77.05,127.05,2025-09-19T10:00:00+05:30,127.05,stop_loss,-52.00,-13520.00,50.00,-13570.00,4,-11063.00,100.00,-11163.00,
2025-09-22,TRADED,,2025-09-23,2025-09-22T09:20:00+05:30,25257.5,25250,NIFTY_25250_CE_23_SEP_25.csv,2025-09-22T09:20:00+05:30,77.45,127.45,2025-09-22T15:20:00+05:30,42.5,day_close,32.95,8567.00,50.00,8517.00,NIFTY_25250_PE_23_SEP_25.csv,2025-09-22T09:20:00+05:30,46.25,96.25,2025-09-22T15:20:00+05:30,62.25,day_close,-18.00,-4680.00,50.00,-4730.00,4,3887.00,100.00,3787.00,
2025-09-23,TRADED,,2025-09-23,2025-09-23T09:20:00+05:30,25224.95,25200,NIFTY_25200_CE_23_SEP_25.csv,2025-09-23T09:20:00+05:30,61.75,111.75,2025-09-23T15:20:00+05:30,0.15,day_close,59.60,15496.00,50.00,15446.00,NIFTY_25200_PE_23_SEP_25.csv,2025-09-23T09:20:00+05:30,25.85,75.85,2025-09-23T09:42:00+05:30,75.85,stop_loss,-52.00,-13520.00,50.00,-13570.00,4,1976.00,100.00,1876.00,
2025-09-24,TRADED,,2025-09-30,2025-09-24T09:20:00+05:30,25092.5,25100,NIFTY_25100_CE_30_SEP_25.csv,2025-09-24T09:20:00+05:30,137.65,187.65,2025-09-24T15:20:00+05:30,112.3,day_close,23.35,6071.00,50.00,6021.00,NIFTY_25100_PE_30_SEP_25.csv,2025-09-24T09:20:00+05:30,98.6,148.60,2025-09-24T15:20:00+05:30,99.1,day_close,-2.50,-650.00,50.00,-700.00,4,5421.00,100.00,5321.00,
2025-09-25,TRADED,,2025-09-30,2025-09-25T09:20:00+05:30,25054.4,25050,NIFTY_25050_CE_30_SEP_25.csv,2025-09-25T09:20:00+05:30,121.7,171.70,2025-09-25T15:20:00+05:30,64.15,day_close,55.55,14443.00,50.00,14393.00,NIFTY_25050_PE_30_SEP_25.csv,2025-09-25T09:20:00+05:30,80.8,130.80,2025-09-25T14:36:00+05:30,130.80,stop_loss,-52.00,-13520.00,50.00,-13570.00,4,923.00,100.00,823.00,
2025-09-26,TRADED,,2025-09-30,2025-09-26T09:20:00+05:30,24815.15,24800,NIFTY_24800_CE_30_SEP_25.csv,2025-09-26T09:20:00+05:30,131.35,181.35,2025-09-26T15:20:00+05:30,45.1,day_close,84.25,21905.00,50.00,21855.00,NIFTY_24800_PE_30_SEP_25.csv,2025-09-26T09:20:00+05:30,61.5,111.50,2025-09-26T13:50:00+05:30,111.50,stop_loss,-52.00,-13520.00,50.00,-13570.00,4,8385.00,100.00,8285.00,
2025-09-29,TRADED,,2025-09-30,2025-09-29T09:20:00+05:30,24672.75,24650,NIFTY_24650_CE_30_SEP_25.csv,2025-09-29T09:20:00+05:30,127.75,177.75,2025-09-29T09:53:00+05:30,177.75,stop_loss,-52.00,-13520.00,50.00,-13570.00,NIFTY_24650_PE_30_SEP_25.csv,2025-09-29T09:20:00+05:30,44.6,94.60,2025-09-29T15:20:00+05:30,47.8,day_close,-5.20,-1352.00,50.00,-1402.00,4,-14872.00,100.00,-14972.00,
2025-09-30,TRADED,,2025-09-30,2025-09-30T09:20:00+05:30,24712.55,24700,NIFTY_24700_CE_30_SEP_25.csv,2025-09-30T09:20:00+05:30,67.7,117.70,2025-09-30T15:20:00+05:30,0.1,day_close,65.60,17056.00,50.00,17006.00,NIFTY_24700_PE_30_SEP_25.csv,2025-09-30T09:20:00+05:30,39.1,89.10,2025-09-30T10:27:00+05:30,89.10,stop_loss,-52.00,-13520.00,50.00,-13570.00,4,3536.00,100.00,3436.00,
2025-10-01,TRADED,,2025-10-07,2025-10-01T09:20:00+05:30,24621.8,24600,NIFTY_24600_CE_07_OCT_25.csv,2025-10-01T09:20:00+05:30,153.9,203.90,2025-10-01T11:15:00+05:30,203.90,stop_loss,-52.00,-13520.00,50.00,-13570.00,NIFTY_24600_PE_07_OCT_25.csv,2025-10-01T09:20:00+05:30,99.75,149.75,2025-10-01T15:20:00+05:30,24.0,day_close,73.75,19175.00,50.00,19125.00,4,5655.00,100.00,5555.00,
2025-10-03,TRADED,,2025-10-07,2025-10-03T09:20:00+05:30,24783.65,24800,NIFTY_24800_CE_07_OCT_25.csv,2025-10-03T09:20:00+05:30,95.3,145.30,2025-10-03T14:59:00+05:30,145.30,stop_loss,-52.00,-13520.00,50.00,-13570.00,NIFTY_24800_PE_07_OCT_25.csv,2025-10-03T09:20:00+05:30,78.7,128.70,2025-10-03T15:20:00+05:30,34.9,day_close,41.80,10868.00,50.00,10818.00,4,-2652.00,100.00,-2752.00,
2025-10-06,TRADED,,2025-10-07,2025-10-06T09:20:00+05:30,24927.5,24950,NIFTY_24950_CE_07_OCT_25.csv,2025-10-06T09:20:00+05:30,50.8,100.80,2025-10-06T11:29:00+05:30,100.80,stop_loss,-52.00,-13520.00,50.00,-13570.00,NIFTY_24950_PE_07_OCT_25.csv,2025-10-06T09:20:00+05:30,72.5,122.50,2025-10-06T15:20:00+05:30,12.0,day_close,58.50,15210.00,50.00,15160.00,4,1690.00,100.00,1590.00,
2025-10-07,TRADED,,2025-10-07,2025-10-07T09:20:00+05:30,25083.7,25100,NIFTY_25100_CE_07_OCT_25.csv,2025-10-07T09:20:00+05:30,45.35,95.35,2025-10-07T09:48:00+05:30,95.35,stop_loss,-52.00,-13520.00,50.00,-13570.00,NIFTY_25100_PE_07_OCT_25.csv,2025-10-07T09:20:00+05:30,55.4,105.40,2025-10-07T15:20:00+05:30,0.3,day_close,53.10,13806.00,50.00,13756.00,4,286.00,100.00,186.00,
2025-10-08,TRADED,,2025-10-14,2025-10-08T09:20:00+05:30,25147.0,25150,NIFTY_25150_CE_14_OCT_25.csv,2025-10-08T09:20:00+05:30,130.45,180.45,2025-10-08T15:20:00+05:30,63.45,day_close,65.00,16900.00,50.00,16850.00,NIFTY_25150_PE_14_OCT_25.csv,2025-10-08T09:20:00+05:30,95.05,145.05,2025-10-08T11:07:00+05:30,145.05,stop_loss,-52.00,-13520.00,50.00,-13570.00,4,3380.00,100.00,3280.00,
2025-10-09,TRADED,,2025-10-14,2025-10-09T09:20:00+05:30,25059.6,25050,NIFTY_25050_CE_14_OCT_25.csv,2025-10-09T09:20:00+05:30,118.7,168.70,2025-10-09T11:07:00+05:30,168.70,stop_loss,-52.00,-13520.00,50.00,-13570.00,NIFTY_25050_PE_14_OCT_25.csv,2025-10-09T09:20:00+05:30,86.9,136.90,2025-10-09T15:20:00+05:30,31.75,day_close,53.15,13819.00,50.00,13769.00,4,299.00,100.00,199.00,
2025-10-10,TRADED,,2025-10-14,2025-10-10T09:20:00+05:30,25221.1,25200,NIFTY_25200_CE_14_OCT_25.csv,2025-10-10T09:20:00+05:30,116.95,166.95,2025-10-10T09:46:00+05:30,166.95,stop_loss,-52.00,-13520.00,50.00,-13570.00,NIFTY_25200_PE_14_OCT_25.csv,2025-10-10T09:20:00+05:30,63.15,113.15,2025-10-10T15:20:00+05:30,29.0,day_close,32.15,8359.00,50.00,8309.00,4,-5161.00,100.00,-5261.00,
2025-10-13,TRADED,,2025-10-14,2025-10-13T09:20:00+05:30,25213.85,25200,NIFTY_25200_CE_14_OCT_25.csv,2025-10-13T09:20:00+05:30,95.95,145.95,2025-10-13T15:20:00+05:30,84.8,day_close,9.15,2379.00,50.00,2329.00,NIFTY_25200_PE_14_OCT_25.csv,2025-10-13T09:20:00+05:30,64.5,114.50,2025-10-13T15:20:00+05:30,34.45,day_close,28.05,7293.00,50.00,7243.00,4,9672.00,100.00,9572.00,
2025-10-14,TRADED,,2025-10-14,2025-10-14T09:20:00+05:30,25290.75,25300,NIFTY_25300_CE_14_OCT_25.csv,2025-10-14T09:20:00+05:30,52.3,102.30,2025-10-14T15:20:00+05:30,0.1,day_close,50.20,13052.00,50.00,13002.00,NIFTY_25300_PE_14_OCT_25.csv,2025-10-14T09:20:00+05:30,46.65,96.65,2025-10-14T10:02:00+05:30,96.65,stop_loss,-52.00,-13520.00,50.00,-13570.00,4,-468.00,100.00,-568.00,
2025-10-15,TRADED,,2025-10-20,2025-10-15T09:20:00+05:30,25242.0,25250,NIFTY_25250_CE_20_OCT_25.csv,2025-10-15T09:20:00+05:30,153.95,203.95,2025-10-15T11:29:00+05:30,203.95,stop_loss,-52.00,-13520.00,50.00,-13570.00,NIFTY_25250_PE_20_OCT_25.csv,2025-10-15T09:20:00+05:30,89.6,139.60,2025-10-15T15:20:00+05:30,55.2,day_close,32.40,8424.00,50.00,8374.00,4,-5096.00,100.00,-5196.00,
2025-10-16,TRADED,,2025-10-20,2025-10-16T09:20:00+05:30,25412.5,25400,NIFTY_25400_CE_20_OCT_25.csv,2025-10-16T09:20:00+05:30,139.15,189.15,2025-10-16T12:32:00+05:30,189.15,stop_loss,-52.00,-13520.00,50.00,-13570.00,NIFTY_25400_PE_20_OCT_25.csv,2025-10-16T09:20:00+05:30,69.45,119.45,2025-10-16T15:20:00+05:30,32.95,day_close,34.50,8970.00,50.00,8920.00,4,-4550.00,100.00,-4650.00,
2025-10-17,TRADED,,2025-10-20,2025-10-17T09:20:00+05:30,25553.2,25550,NIFTY_25550_CE_20_OCT_25.csv,2025-10-17T09:20:00+05:30,97.9,147.90,2025-10-17T09:40:00+05:30,147.90,stop_loss,-52.00,-13520.00,50.00,-13570.00,NIFTY_25550_PE_20_OCT_25.csv,2025-10-17T09:20:00+05:30,80.5,130.50,2025-10-17T15:20:00+05:30,29.3,day_close,49.20,12792.00,50.00,12742.00,4,-728.00,100.00,-828.00,
2025-10-20,TRADED,,2025-10-20,2025-10-20T09:20:00+05:30,25903.25,25900,NIFTY_25900_CE_20_OCT_25.csv,2025-10-20T09:20:00+05:30,68.55,118.55,2025-10-20T15:20:00+05:30,0.15,day_close,66.40,17264.00,50.00,17214.00,NIFTY_25900_PE_20_OCT_25.csv,2025-10-20T09:20:00+05:30,42.75,92.75,2025-10-20T09:25:00+05:30,92.75,stop_loss,-52.00,-13520.00,50.00,-13570.00,4,3744.00,100.00,3644.00,
2025-10-21,SKIPPED,missing_spot_timestamp,,2025-10-21T09:20:00+05:30,,,,,,,,,,0.00,0.00,0.00,0.00,,,,,,,,0.00,0.00,0.00,0.00,0,0.00,0.00,0.00,Missing spot entry timestamp 2025-10-21T09:20:00+05:30
2025-10-23,TRADED,,2025-10-28,2025-10-23T09:20:00+05:30,26003.2,26000,NIFTY_26000_CE_28_OCT_25.csv,2025-10-23T09:20:00+05:30,175.3,225.30,2025-10-23T09:32:00+05:30,225.30,stop_loss,-52.00,-13520.00,50.00,-13570.00,NIFTY_26000_PE_28_OCT_25.csv,2025-10-23T09:20:00+05:30,88.45,138.45,2025-10-23T15:11:00+05:30,138.45,stop_loss,-52.00,-13520.00,50.00,-13570.00,4,-27040.00,100.00,-27140.00,
2025-10-24,TRADED,,2025-10-28,2025-10-24T09:20:00+05:30,25851.15,25850,NIFTY_25850_CE_28_OCT_25.csv,2025-10-24T09:20:00+05:30,142.5,192.50,2025-10-24T09:39:00+05:30,192.50,stop_loss,-52.00,-13520.00,50.00,-13570.00,NIFTY_25850_PE_28_OCT_25.csv,2025-10-24T09:20:00+05:30,78.25,128.25,2025-10-24T13:30:00+05:30,128.25,stop_loss,-52.00,-13520.00,50.00,-13570.00,4,-27040.00,100.00,-27140.00,
2025-10-27,TRADED,,2025-10-28,2025-10-27T09:20:00+05:30,25862.85,25850,NIFTY_25850_CE_28_OCT_25.csv,2025-10-27T09:20:00+05:30,119.9,169.90,2025-10-27T09:39:00+05:30,169.90,stop_loss,-52.00,-13520.00,50.00,-13570.00,NIFTY_25850_PE_28_OCT_25.csv,2025-10-27T09:20:00+05:30,51.8,101.80,2025-10-27T15:20:00+05:30,23.6,day_close,26.20,6812.00,50.00,6762.00,4,-6708.00,100.00,-6808.00,
2025-10-28,TRADED,,2025-10-28,2025-10-28T09:20:00+05:30,25968.05,25950,NIFTY_25950_CE_28_OCT_25.csv,2025-10-28T09:20:00+05:30,89.45,139.45,2025-10-28T09:33:00+05:30,139.45,stop_loss,-52.00,-13520.00,50.00,-13570.00,NIFTY_25950_PE_28_OCT_25.csv,2025-10-28T09:20:00+05:30,52.7,102.70,2025-10-28T10:31:00+05:30,102.70,stop_loss,-52.00,-13520.00,50.00,-13570.00,4,-27040.00,100.00,-27140.00,
2025-10-29,TRADED,,2025-11-04,2025-10-29T09:20:00+05:30,25980.55,26000,NIFTY_26000_CE_04_NOV_25.csv,2025-10-29T09:20:00+05:30,185.15,235.15,2025-10-29T10:32:00+05:30,235.15,stop_loss,-52.00,-13520.00,50.00,-13570.00,NIFTY_26000_PE_04_NOV_25.csv,2025-10-29T09:20:00+05:30,128.85,178.85,2025-10-29T15:20:00+05:30,90.65,day_close,36.20,9412.00,50.00,9362.00,4,-4108.00,100.00,-4208.00,
2025-10-30,TRADED,,2025-11-04,2025-10-30T09:20:00+05:30,25982.05,26000,NIFTY_26000_CE_04_NOV_25.csv,2025-10-30T09:20:00+05:30,148.8,198.80,2025-10-30T15:20:00+05:30,95.75,day_close,51.05,13273.00,50.00,13223.00,NIFTY_26000_PE_04_NOV_25.csv,2025-10-30T09:20:00+05:30,116.8,166.80,2025-10-30T09:45:00+05:30,166.80,stop_loss,-52.00,-13520.00,50.00,-13570.00,4,-247.00,100.00,-347.00,
2025-10-31,TRADED,,2025-11-04,2025-10-31T09:20:00+05:30,25863.65,25850,NIFTY_25850_CE_04_NOV_25.csv,2025-10-31T09:20:00+05:30,140.5,190.50,2025-10-31T09:28:00+05:30,190.50,stop_loss,-52.00,-13520.00,50.00,-13570.00,NIFTY_25850_PE_04_NOV_25.csv,2025-10-31T09:20:00+05:30,88.7,138.70,2025-10-31T11:12:00+05:30,138.70,stop_loss,-52.00,-13520.00,50.00,-13570.00,4,-27040.00,100.00,-27140.00,
2025-11-03,TRADED,,2025-11-04,2025-11-03T09:20:00+05:30,25687.45,25700,NIFTY_25700_CE_04_NOV_25.csv,2025-11-03T09:20:00+05:30,106.05,156.05,2025-11-03T10:43:00+05:30,156.05,stop_loss,-52.00,-13520.00,50.00,-13570.00,NIFTY_25700_PE_04_NOV_25.csv,2025-11-03T09:20:00+05:30,85.15,135.15,2025-11-03T15:20:00+05:30,38.9,day_close,44.25,11505.00,50.00,11455.00,4,-2015.00,100.00,-2115.00,
2025-11-04,TRADED,,2025-11-04,2025-11-04T09:20:00+05:30,25754.6,25750,NIFTY_25750_CE_04_NOV_25.csv,2025-11-04T09:20:00+05:30,64.25,114.25,2025-11-04T15:20:00+05:30,0.15,day_close,62.10,16146.00,50.00,16096.00,NIFTY_25750_PE_04_NOV_25.csv,2025-11-04T09:20:00+05:30,56.0,106.00,2025-11-04T11:25:00+05:30,106.00,stop_loss,-52.00,-13520.00,50.00,-13570.00,4,2626.00,100.00,2526.00,
2025-11-06,TRADED,,2025-11-11,2025-11-06T09:20:00+05:30,25664.1,25650,NIFTY_25650_CE_11_NOV_25.csv,2025-11-06T09:20:00+05:30,166.0,216.00,2025-11-06T15:20:00+05:30,65.65,day_close,98.35,25571.00,50.00,25521.00,NIFTY_25650_PE_11_NOV_25.csv,2025-11-06T09:20:00+05:30,95.3,145.30,2025-11-06T10:10:00+05:30,145.30,stop_loss,-52.00,-13520.00,50.00,-13570.00,4,12051.00,100.00,11951.00,
2025-11-07,TRADED,,2025-11-11,2025-11-07T09:20:00+05:30,25374.2,25350,NIFTY_25350_CE_11_NOV_25.csv,2025-11-07T09:20:00+05:30,131.35,181.35,2025-11-07T11:30:00+05:30,181.35,stop_loss,-52.00,-13520.00,50.00,-13570.00,NIFTY_25350_PE_11_NOV_25.csv,2025-11-07T09:20:00+05:30,74.5,124.50,2025-11-07T15:20:00+05:30,33.3,day_close,39.20,10192.00,50.00,10142.00,4,-3328.00,100.00,-3428.00,
2025-11-10,TRADED,,2025-11-11,2025-11-10T09:20:00+05:30,25551.65,25550,NIFTY_25550_CE_11_NOV_25.csv,2025-11-10T09:20:00+05:30,94.2,144.20,2025-11-10T15:20:00+05:30,102.25,day_close,-10.05,-2613.00,50.00,-2663.00,NIFTY_25550_PE_11_NOV_25.csv,2025-11-10T09:20:00+05:30,64.15,114.15,2025-11-10T15:20:00+05:30,34.0,day_close,28.15,7319.00,50.00,7269.00,4,4706.00,100.00,4606.00,
2025-11-11,TRADED,,2025-11-11,2025-11-11T09:20:00+05:30,25544.65,25550,NIFTY_25550_CE_11_NOV_25.csv,2025-11-11T09:20:00+05:30,61.05,111.05,2025-11-11T13:48:00+05:30,111.05,stop_loss,-52.00,-13520.00,50.00,-13570.00,NIFTY_25550_PE_11_NOV_25.csv,2025-11-11T09:20:00+05:30,55.0,105.00,2025-11-11T10:36:00+05:30,105.00,stop_loss,-52.00,-13520.00,50.00,-13570.00,4,-27040.00,100.00,-27140.00,
2025-11-12,TRADED,,2025-11-18,2025-11-12T09:20:00+05:30,25808.6,25800,NIFTY_25800_CE_18_NOV_25.csv,2025-11-12T09:20:00+05:30,187.15,237.15,2025-11-12T12:35:00+05:30,237.15,stop_loss,-52.00,-13520.00,50.00,-13570.00,NIFTY_25800_PE_18_NOV_25.csv,2025-11-12T09:20:00+05:30,108.0,158.00,2025-11-12T15:20:00+05:30,79.95,day_close,26.05,6773.00,50.00,6723.00,4,-6747.00,100.00,-6847.00,
2025-11-13,TRADED,,2025-11-18,2025-11-13T09:20:00+05:30,25842.75,25850,NIFTY_25850_CE_18_NOV_25.csv,2025-11-13T09:20:00+05:30,141.45,191.45,2025-11-13T10:39:00+05:30,191.45,stop_loss,-52.00,-13520.00,50.00,-13570.00,NIFTY_25850_PE_18_NOV_25.csv,2025-11-13T09:20:00+05:30,113.2,163.20,2025-11-13T15:20:00+05:30,117.15,day_close,-5.95,-1547.00,50.00,-1597.00,4,-15067.00,100.00,-15167.00,
2025-11-14,TRADED,,2025-11-18,2025-11-14T09:20:00+05:30,25811.1,25800,NIFTY_25800_CE_18_NOV_25.csv,2025-11-14T09:20:00+05:30,159.0,209.00,2025-11-14T09:34:00+05:30,209.00,stop_loss,-52.00,-13520.00,50.00,-13570.00,NIFTY_25800_PE_18_NOV_25.csv,2025-11-14T09:20:00+05:30,109.15,159.15,2025-11-14T15:20:00+05:30,55.8,day_close,51.35,13351.00,50.00,13301.00,4,-169.00,100.00,-269.00,
2025-11-17,TRADED,,2025-11-18,2025-11-17T09:20:00+05:30,25952.45,25950,NIFTY_25950_CE_18_NOV_25.csv,2025-11-17T09:20:00+05:30,97.4,147.40,2025-11-17T15:20:00+05:30,104.75,day_close,-9.35,-2431.00,50.00,-2481.00,NIFTY_25950_PE_18_NOV_25.csv,2025-11-17T09:20:00+05:30,74.5,124.50,2025-11-17T15:20:00+05:30,40.45,day_close,32.05,8333.00,50.00,8283.00,4,5902.00,100.00,5802.00,
2025-11-18,TRADED,,2025-11-18,2025-11-18T09:20:00+05:30,25946.1,25950,NIFTY_25950_CE_18_NOV_25.csv,2025-11-18T09:20:00+05:30,54.85,104.85,2025-11-18T15:20:00+05:30,0.1,day_close,52.75,13715.00,50.00,13665.00,NIFTY_25950_PE_18_NOV_25.csv,2025-11-18T09:20:00+05:30,62.3,112.30,2025-11-18T15:20:00+05:30,41.0,day_close,19.30,5018.00,50.00,4968.00,4,18733.00,100.00,18633.00,
2025-11-19,TRADED,,2025-11-25,2025-11-19T09:20:00+05:30,25858.6,25850,NIFTY_25850_CE_25_NOV_25.csv,2025-11-19T09:20:00+05:30,174.95,224.95,2025-11-19T10:13:00+05:30,224.95,stop_loss,-52.00,-13520.00,50.00,-13570.00,NIFTY_25850_PE_25_NOV_25.csv,2025-11-19T09:20:00+05:30,128.65,178.65,2025-11-19T15:20:00+05:30,66.05,day_close,60.60,15756.00,50.00,15706.00,4,2236.00,100.00,2136.00,
2025-11-20,TRADED,,2025-11-25,2025-11-20T09:20:00+05:30,26099.45,26100,NIFTY_26100_CE_25_NOV_25.csv,2025-11-20T09:20:00+05:30,139.05,189.05,2025-11-20T13:26:00+05:30,189.05,stop_loss,-52.00,-13520.00,50.00,-13570.00,NIFTY_26100_PE_25_NOV_25.csv,2025-11-20T09:20:00+05:30,120.05,170.05,2025-11-20T15:20:00+05:30,69.8,day_close,48.25,12545.00,50.00,12495.00,4,-975.00,100.00,-1075.00,
2025-11-21,TRADED,,2025-11-25,2025-11-21T09:20:00+05:30,26136.5,26150,NIFTY_26150_CE_25_NOV_25.csv,2025-11-21T09:20:00+05:30,118.35,168.35,2025-11-21T15:20:00+05:30,73.0,day_close,43.35,11271.00,50.00,11221.00,NIFTY_26150_PE_25_NOV_25.csv,2025-11-21T09:20:00+05:30,110.75,160.75,2025-11-21T15:20:00+05:30,139.4,day_close,-30.65,-7969.00,50.00,-8019.00,4,3302.00,100.00,3202.00,
2025-11-24,TRADED,,2025-11-25,2025-11-24T09:20:00+05:30,26096.95,26100,NIFTY_26100_CE_25_NOV_25.csv,2025-11-24T09:20:00+05:30,98.3,148.30,2025-11-24T15:20:00+05:30,30.8,day_close,65.50,17030.00,50.00,16980.00,NIFTY_26100_PE_25_NOV_25.csv,2025-11-24T09:20:00+05:30,72.5,122.50,2025-11-24T15:04:00+05:30,122.50,stop_loss,-52.00,-13520.00,50.00,-13570.00,4,3510.00,100.00,3410.00,
2025-11-25,TRADED,,2025-11-25,2025-11-25T09:20:00+05:30,25963.75,25950,NIFTY_25950_CE_25_NOV_25.csv,2025-11-25T09:20:00+05:30,63.0,113.00,2025-11-25T15:20:00+05:30,0.1,day_close,60.90,15834.00,50.00,15784.00,NIFTY_25950_PE_25_NOV_25.csv,2025-11-25T09:20:00+05:30,46.95,96.95,2025-11-25T15:20:00+05:30,65.4,day_close,-20.45,-5317.00,50.00,-5367.00,4,10517.00,100.00,10417.00,
2025-11-26,TRADED,,2025-12-02,2025-11-26T09:20:00+05:30,25969.85,25950,NIFTY_25950_CE_02_DEC_25.csv,2025-11-26T09:20:00+05:30,182.6,232.60,2025-11-26T09:46:00+05:30,232.60,stop_loss,-52.00,-13520.00,50.00,-13570.00,NIFTY_25950_PE_02_DEC_25.csv,2025-11-26T09:20:00+05:30,95.7,145.70,2025-11-26T15:20:00+05:30,49.1,day_close,44.60,11596.00,50.00,11546.00,4,-1924.00,100.00,-2024.00,
2025-11-27,TRADED,,2025-12-02,2025-11-27T09:20:00+05:30,26250.85,26250,NIFTY_26250_CE_02_DEC_25.csv,2025-11-27T09:20:00+05:30,144.6,194.60,2025-11-27T15:20:00+05:30,105.25,day_close,37.35,9711.00,50.00,9661.00,NIFTY_26250_PE_02_DEC_25.csv,2025-11-27T09:20:00+05:30,101.3,151.30,2025-11-27T13:22:00+05:30,151.30,stop_loss,-52.00,-13520.00,50.00,-13570.00,4,-3809.00,100.00,-3909.00,
2025-11-28,TRADED,,2025-12-02,2025-11-28T09:20:00+05:30,26242.95,26250,NIFTY_26250_CE_02_DEC_25.csv,2025-11-28T09:20:00+05:30,114.25,164.25,2025-11-28T15:20:00+05:30,82.05,day_close,30.20,7852.00,50.00,7802.00,NIFTY_26250_PE_02_DEC_25.csv,2025-11-28T09:20:00+05:30,93.95,143.95,2025-11-28T15:20:00+05:30,90.4,day_close,1.55,403.00,50.00,353.00,4,8255.00,100.00,8155.00,
2025-12-01,TRADED,,2025-12-02,2025-12-01T09:20:00+05:30,26283.5,26300,NIFTY_26300_CE_02_DEC_25.csv,2025-12-01T09:20:00+05:30,81.4,131.40,2025-12-01T15:20:00+05:30,23.15,day_close,56.25,14625.00,50.00,14575.00,NIFTY_26300_PE_02_DEC_25.csv,2025-12-01T09:20:00+05:30,73.55,123.55,2025-12-01T11:46:00+05:30,123.55,stop_loss,-52.00,-13520.00,50.00,-13570.00,4,1105.00,100.00,1005.00,
2025-12-02,TRADED,,2025-12-02,2025-12-02T09:20:00+05:30,26141.55,26150,NIFTY_26150_CE_02_DEC_25.csv,2025-12-02T09:20:00+05:30,50.95,100.95,2025-12-02T15:20:00+05:30,0.05,day_close,48.90,12714.00,50.00,12664.00,NIFTY_26150_PE_02_DEC_25.csv,2025-12-02T09:20:00+05:30,51.1,101.10,2025-12-02T10:10:00+05:30,101.10,stop_loss,-52.00,-13520.00,50.00,-13570.00,4,-806.00,100.00,-906.00,
2025-12-03,TRADED,,2025-12-09,2025-12-03T09:20:00+05:30,26029.75,26050,NIFTY_26050_CE_09_DEC_25.csv,2025-12-03T09:20:00+05:30,141.25,191.25,2025-12-03T15:20:00+05:30,112.6,day_close,26.65,6929.00,50.00,6879.00,NIFTY_26050_PE_09_DEC_25.csv,2025-12-03T09:20:00+05:30,124.85,174.85,2025-12-03T09:34:00+05:30,174.85,stop_loss,-52.00,-13520.00,50.00,-13570.00,4,-6591.00,100.00,-6691.00,
2025-12-04,TRADED,,2025-12-09,2025-12-04T09:20:00+05:30,25949.5,25950,NIFTY_25950_CE_09_DEC_25.csv,2025-12-04T09:20:00+05:30,125.0,175.00,2025-12-04T09:44:00+05:30,175.00,stop_loss,-52.00,-13520.00,50.00,-13570.00,NIFTY_25950_PE_09_DEC_25.csv,2025-12-04T09:20:00+05:30,106.25,156.25,2025-12-04T15:20:00+05:30,51.85,day_close,52.40,13624.00,50.00,13574.00,4,104.00,100.00,4.00,
2025-12-05,TRADED,,2025-12-09,2025-12-05T09:20:00+05:30,26051.35,26050,NIFTY_26050_CE_09_DEC_25.csv,2025-12-05T09:20:00+05:30,118.75,168.75,2025-12-05T11:22:00+05:30,168.75,stop_loss,-52.00,-13520.00,50.00,-13570.00,NIFTY_26050_PE_09_DEC_25.csv,2025-12-05T09:20:00+05:30,88.4,138.40,2025-12-05T15:20:00+05:30,27.3,day_close,59.10,15366.00,50.00,15316.00,4,1846.00,100.00,1746.00,
2025-12-08,TRADED,,2025-12-09,2025-12-08T09:20:00+05:30,26157.35,26150,NIFTY_26150_CE_09_DEC_25.csv,2025-12-08T09:20:00+05:30,88.0,138.00,2025-12-08T15:20:00+05:30,11.15,day_close,74.85,19461.00,50.00,19411.00,NIFTY_26150_PE_09_DEC_25.csv,2025-12-08T09:20:00+05:30,57.5,107.50,2025-12-08T11:43:00+05:30,107.50,stop_loss,-52.00,-13520.00,50.00,-13570.00,4,5941.00,100.00,5841.00,
2025-12-09,TRADED,,2025-12-09,2025-12-09T09:20:00+05:30,25819.6,25800,NIFTY_25800_CE_09_DEC_25.csv,2025-12-09T09:20:00+05:30,72.9,122.90,2025-12-09T12:22:00+05:30,122.90,stop_loss,-52.00,-13520.00,50.00,-13570.00,NIFTY_25800_PE_09_DEC_25.csv,2025-12-09T09:20:00+05:30,40.15,90.15,2025-12-09T09:54:00+05:30,90.15,stop_loss,-52.00,-13520.00,50.00,-13570.00,4,-27040.00,100.00,-27140.00,
2025-12-10,TRADED,,2025-12-16,2025-12-10T09:20:00+05:30,25880.4,25900,NIFTY_25900_CE_16_DEC_25.csv,2025-12-10T09:20:00+05:30,136.6,186.60,2025-12-10T15:20:00+05:30,83.85,day_close,50.75,13195.00,50.00,13145.00,NIFTY_25900_PE_16_DEC_25.csv,2025-12-10T09:20:00+05:30,126.35,176.35,2025-12-10T12:33:00+05:30,176.35,stop_loss,-52.00,-13520.00,50.00,-13570.00,4,-325.00,100.00,-425.00,
2025-12-11,TRADED,,2025-12-16,2025-12-11T09:20:00+05:30,25755.95,25750,NIFTY_25750_CE_16_DEC_25.csv,2025-12-11T09:20:00+05:30,151.1,201.10,2025-12-11T10:41:00+05:30,201.10,stop_loss,-52.00,-13520.00,50.00,-13570.00,NIFTY_25750_PE_16_DEC_25.csv,2025-12-11T09:20:00+05:30,97.8,147.80,2025-12-11T15:20:00+05:30,36.7,day_close,59.10,15366.00,50.00,15316.00,4,1846.00,100.00,1746.00,
2025-12-12,TRADED,,2025-12-16,2025-12-12T09:20:00+05:30,26003.3,26000,NIFTY_26000_CE_16_DEC_25.csv,2025-12-12T09:20:00+05:30,108.95,158.95,2025-12-12T15:20:00+05:30,109.25,day_close,-2.30,-598.00,50.00,-648.00,NIFTY_26000_PE_16_DEC_25.csv,2025-12-12T09:20:00+05:30,83.0,133.00,2025-12-12T15:20:00+05:30,54.35,day_close,26.65,6929.00,50.00,6879.00,4,6331.00,100.00,6231.00,
2025-12-15,TRADED,,2025-12-16,2025-12-15T09:20:00+05:30,25952.3,25950,NIFTY_25950_CE_16_DEC_25.csv,2025-12-15T09:20:00+05:30,78.55,128.55,2025-12-15T15:20:00+05:30,103.4,day_close,-26.85,-6981.00,50.00,-7031.00,NIFTY_25950_PE_16_DEC_25.csv,2025-12-15T09:20:00+05:30,71.35,121.35,2025-12-15T15:20:00+05:30,29.2,day_close,40.15,10439.00,50.00,10389.00,4,3458.00,100.00,3358.00,
2025-12-16,TRADED,,2025-12-16,2025-12-16T09:20:00+05:30,25938.35,25950,NIFTY_25950_CE_16_DEC_25.csv,2025-12-16T09:20:00+05:30,45.6,95.60,2025-12-16T15:20:00+05:30,0.05,day_close,43.55,11323.00,50.00,11273.00,NIFTY_25950_PE_16_DEC_25.csv,2025-12-16T09:20:00+05:30,56.5,106.50,2025-12-16T15:20:00+05:30,93.55,day_close,-39.05,-10153.00,50.00,-10203.00,4,1170.00,100.00,1070.00,
2025-12-17,TRADED,,2025-12-23,2025-12-17T09:20:00+05:30,25873.45,25850,NIFTY_25850_CE_23_DEC_25.csv,2025-12-17T09:20:00+05:30,161.15,211.15,2025-12-17T15:20:00+05:30,118.95,day_close,40.20,10452.00,50.00,10402.00,NIFTY_25850_PE_23_DEC_25.csv,2025-12-17T09:20:00+05:30,94.75,144.75,2025-12-17T15:20:00+05:30,110.7,day_close,-17.95,-4667.00,50.00,-4717.00,4,5785.00,100.00,5685.00,
2025-12-18,TRADED,,2025-12-23,2025-12-18T09:20:00+05:30,25777.8,25800,NIFTY_25800_CE_23_DEC_25.csv,2025-12-18T09:20:00+05:30,113.15,163.15,2025-12-18T10:34:00+05:30,163.15,stop_loss,-52.00,-13520.00,50.00,-13570.00,NIFTY_25800_PE_23_DEC_25.csv,2025-12-18T09:20:00+05:30,105.65,155.65,2025-12-18T15:20:00+05:30,80.9,day_close,22.75,5915.00,50.00,5865.00,4,-7605.00,100.00,-7705.00,
2025-12-19,TRADED,,2025-12-23,2025-12-19T09:20:00+05:30,25924.1,25900,NIFTY_25900_CE_23_DEC_25.csv,2025-12-19T09:20:00+05:30,116.45,166.45,2025-12-19T15:20:00+05:30,122.65,day_close,-8.20,-2132.00,50.00,-2182.00,NIFTY_25900_PE_23_DEC_25.csv,2025-12-19T09:20:00+05:30,73.65,123.65,2025-12-19T15:20:00+05:30,44.9,day_close,26.75,6955.00,50.00,6905.00,4,4823.00,100.00,4723.00,
2025-12-22,TRADED,,2025-12-23,2025-12-22T09:20:00+05:30,26094.55,26100,NIFTY_26100_CE_23_DEC_25.csv,2025-12-22T09:20:00+05:30,76.0,126.00,2025-12-22T15:20:00+05:30,84.45,day_close,-10.45,-2717.00,50.00,-2767.00,NIFTY_26100_PE_23_DEC_25.csv,2025-12-22T09:20:00+05:30,60.0,110.00,2025-12-22T15:20:00+05:30,33.25,day_close,24.75,6435.00,50.00,6385.00,4,3718.00,100.00,3618.00,
2025-12-23,TRADED,,2025-12-23,2025-12-23T09:20:00+05:30,26166.65,26150,NIFTY_26150_CE_23_DEC_25.csv,2025-12-23T09:20:00+05:30,54.35,104.35,2025-12-23T15:20:00+05:30,26.55,day_close,25.80,6708.00,50.00,6658.00,NIFTY_26150_PE_23_DEC_25.csv,2025-12-23T09:20:00+05:30,40.0,90.00,2025-12-23T15:20:00+05:30,0.1,day_close,37.90,9854.00,50.00,9804.00,4,16562.00,100.00,16462.00,
2025-12-24,TRADED,,2025-12-30,2025-12-24T09:20:00+05:30,26200.65,26200,NIFTY_26200_CE_30_DEC_25.csv,2025-12-24T09:20:00+05:30,121.0,171.00,2025-12-24T15:20:00+05:30,73.59,day_close,45.41,11806.60,50.00,11756.60,NIFTY_26200_PE_30_DEC_25.csv,2025-12-24T09:20:00+05:30,91.55,141.55,2025-12-24T15:20:00+05:30,99.65,day_close,-10.10,-2626.00,50.00,-2676.00,4,9180.60,100.00,9080.60,
2025-12-26,TRADED,,2025-12-30,2025-12-26T09:20:00+05:30,26128.8,26150,NIFTY_26150_CE_30_DEC_25.csv,2025-12-26T09:20:00+05:30,67.95,117.95,2025-12-26T15:20:00+05:30,32.6,day_close,33.35,8671.00,50.00,8621.00,NIFTY_26150_PE_30_DEC_25.csv,2025-12-26T09:20:00+05:30,89.45,139.45,2025-12-26T15:20:00+05:30,122.45,day_close,-35.00,-9100.00,50.00,-9150.00,4,-429.00,100.00,-529.00,
2025-12-29,TRADED,,2025-12-30,2025-12-29T09:20:00+05:30,26050.85,26050,NIFTY_26050_CE_30_DEC_25.csv,2025-12-29T09:20:00+05:30,63.0,113.00,2025-12-29T15:20:00+05:30,18.95,day_close,42.05,10933.00,50.00,10883.00,NIFTY_26050_PE_30_DEC_25.csv,2025-12-29T09:20:00+05:30,51.3,101.30,2025-12-29T13:14:00+05:30,101.30,stop_loss,-52.00,-13520.00,50.00,-13570.00,4,-2587.00,100.00,-2687.00,
2025-12-30,TRADED,,2025-12-30,2025-12-30T09:20:00+05:30,25908.65,25900,NIFTY_25900_CE_30_DEC_25.csv,2025-12-30T09:20:00+05:30,42.2,92.20,2025-12-30T15:20:00+05:30,38.35,day_close,1.85,481.00,50.00,431.00,NIFTY_25900_PE_30_DEC_25.csv,2025-12-30T09:20:00+05:30,36.1,86.10,2025-12-30T15:20:00+05:30,0.1,day_close,34.00,8840.00,50.00,8790.00,4,9321.00,100.00,9221.00,
2025-12-31,SKIPPED,no_same_week_expiry,,2025-12-31T09:20:00+05:30,26012.55,,,,,,,,,0.00,0.00,0.00,0.00,,,,,,,,0.00,0.00,0.00,0.00,0,0.00,0.00,0.00,No expiry folder exists on or after this trade date.
