entry_date,status,skip_reason,expiry_date,next_trading_day,spot_signal_timestamp,spot_signal_close,spot_sma_25,spot_signal_relation,atm_strike,sold_side,sold_contract_name,sold_option_entry_timestamp,sold_option_entry_open,sold_option_exit_timestamp,sold_option_exit_open,hedge_strike,hedge_contract_name,hedge_option_entry_timestamp,hedge_option_entry_open,hedge_option_exit_timestamp,hedge_option_exit_open,gross_pnl,brokerage,net_pnl,remarks
2025-01-01,TRADED,,2025-01-02,2025-01-02,2025-01-01T15:15:00+05:30,23758.7,23718.99,ABOVE_SMA,23750,PE,NIFTY_23750_PE_02_JAN_25.csv,2025-01-01T15:29:00+05:30,95.9,2025-01-02T09:16:00+05:30,85.45,23550,NIFTY_23550_PE_02_JAN_25.csv,2025-01-01T15:29:00+05:30,39.65,2025-01-02T09:16:00+05:30,31.6,-1040.00,100.00,-1140.00,
2025-01-02,TRADED,,2025-01-09,2025-01-03,2025-01-02T15:15:00+05:30,24167.95,24012.97,ABOVE_SMA,24150,PE,NIFTY_24150_PE_09_JAN_25.csv,2025-01-02T15:29:00+05:30,168.6,2025-01-03T09:16:00+05:30,188.8,23950,NIFTY_23950_PE_09_JAN_25.csv,2025-01-02T15:29:00+05:30,96.1,2025-01-03T09:16:00+05:30,108.8,-7475.00,100.00,-7575.00,
2025-01-03,TRADED,,2025-01-09,2025-01-06,2025-01-03T15:15:00+05:30,23990.15,24065.33,BELOW_SMA,24000,CE,NIFTY_24000_CE_09_JAN_25.csv,2025-01-03T15:29:00+05:30,147.94,2025-01-06T09:16:00+05:30,165.9,24200,NIFTY_24200_CE_09_JAN_25.csv,2025-01-03T15:29:00+05:30,72.59,2025-01-06T09:16:00+05:30,80.4,-9197.50,100.00,-9297.50,
2025-01-06,TRADED,,2025-01-09,2025-01-07,2025-01-06T15:15:00+05:30,23629.6,23748.89,BELOW_SMA,23650,CE,NIFTY_23650_CE_09_JAN_25.csv,2025-01-06T15:29:00+05:30,185.05,2025-01-07T09:16:00+05:30,223.6,23850,NIFTY_23850_CE_09_JAN_25.csv,2025-01-06T15:29:00+05:30,100.8,2025-01-07T09:16:00+05:30,120.95,-14560.00,100.00,-14660.00,
2025-01-07,TRADED,,2025-01-09,2025-01-08,2025-01-07T15:15:00+05:30,23694.6,23727.07,BELOW_SMA,23700,CE,NIFTY_23700_CE_09_JAN_25.csv,2025-01-07T15:29:00+05:30,117.65,2025-01-08T09:16:00+05:30,103.7,23900,NIFTY_23900_CE_09_JAN_25.csv,2025-01-07T15:29:00+05:30,42.5,2025-01-08T09:16:00+05:30,35.15,1690.00,100.00,1590.00,
2025-01-08,TRADED,,2025-01-09,2025-01-09,2025-01-08T15:15:00+05:30,23675.2,23611.72,ABOVE_SMA,23700,PE,NIFTY_23700_PE_09_JAN_25.csv,2025-01-08T15:29:00+05:30,77.55,2025-01-09T09:16:00+05:30,103.65,23500,NIFTY_23500_PE_09_JAN_25.csv,2025-01-08T15:29:00+05:30,18.85,2025-01-09T09:16:00+05:30,20.3,-18622.50,100.00,-18722.50,
2025-01-09,TRADED,,2025-01-16,2025-01-10,2025-01-09T15:15:00+05:30,23557.2,23561.38,BELOW_SMA,23550,CE,NIFTY_23550_CE_16_JAN_25.csv,2025-01-09T15:29:00+05:30,209.0,2025-01-10T09:16:00+05:30,188.85,23750,NIFTY_23750_CE_16_JAN_25.csv,2025-01-09T15:29:00+05:30,110.45,2025-01-10T09:16:00+05:30,97.7,2210.00,100.00,2110.00,
2025-01-10,TRADED,,2025-01-16,2025-01-13,2025-01-10T15:15:00+05:30,23437.35,23475.84,BELOW_SMA,23450,CE,NIFTY_23450_CE_16_JAN_25.csv,2025-01-10T15:29:00+05:30,165.35,2025-01-13T09:16:00+05:30,81.15,23650,NIFTY_23650_CE_16_JAN_25.csv,2025-01-10T15:29:00+05:30,77.55,2025-01-13T09:16:00+05:30,35.29,24661.00,100.00,24561.00,
2025-01-13,TRADED,,2025-01-16,2025-01-14,2025-01-13T15:15:00+05:30,23088.7,23198.22,BELOW_SMA,23100,CE,NIFTY_23100_CE_16_JAN_25.csv,2025-01-13T15:29:00+05:30,154.19,2025-01-14T09:16:00+05:30,195.3,23300,NIFTY_23300_CE_16_JAN_25.csv,2025-01-13T15:29:00+05:30,63.0,2025-01-14T09:16:00+05:30,81.45,-17329.00,100.00,-17429.00,
2025-01-14,TRADED,,2025-01-16,2025-01-15,2025-01-14T15:15:00+05:30,23206.85,23183.34,ABOVE_SMA,23200,PE,NIFTY_23200_PE_16_JAN_25.csv,2025-01-14T15:29:00+05:30,63.75,2025-01-15T09:16:00+05:30,57.95,23000,NIFTY_23000_PE_16_JAN_25.csv,2025-01-14T15:29:00+05:30,23.15,2025-01-15T09:16:00+05:30,19.7,-1072.50,100.00,-1172.50,
2025-01-15,TRADED,,2025-01-16,2025-01-16,2025-01-15T15:15:00+05:30,23228.1,23219.45,ABOVE_SMA,23250,PE,NIFTY_23250_PE_16_JAN_25.csv,2025-01-15T15:29:00+05:30,72.8,2025-01-16T09:16:00+05:30,19.55,23050,NIFTY_23050_PE_16_JAN_25.csv,2025-01-15T15:29:00+05:30,16.3,2025-01-16T09:16:00+05:30,3.15,23465.00,100.00,23365.00,
2025-01-16,TRADED,,2025-01-23,2025-01-17,2025-01-16T15:15:00+05:30,23350.8,23312.68,ABOVE_SMA,23350,PE,NIFTY_23350_PE_23_JAN_25.csv,2025-01-16T15:29:00+05:30,176.6,2025-01-17T09:16:00+05:30,236.55,23150,NIFTY_23150_PE_23_JAN_25.csv,2025-01-16T15:29:00+05:30,102.9,2025-01-17T09:16:00+05:30,140.69,-17004.00,100.00,-17104.00,
2025-01-17,TRADED,,2025-01-23,2025-01-20,2025-01-17T15:15:00+05:30,23203.1,23197.05,ABOVE_SMA,23200,PE,NIFTY_23200_PE_23_JAN_25.csv,2025-01-17T15:29:00+05:30,148.94,2025-01-20T09:16:00+05:30,120.75,23000,NIFTY_23000_PE_23_JAN_25.csv,2025-01-17T15:29:00+05:30,79.3,2025-01-20T09:16:00+05:30,60.55,3536.00,100.00,3436.00,
2025-01-20,TRADED,,2025-01-23,2025-01-21,2025-01-20T15:15:00+05:30,23337.05,23312.84,ABOVE_SMA,23350,PE,NIFTY_23350_PE_23_JAN_25.csv,2025-01-20T15:29:00+05:30,133.8,2025-01-21T09:16:00+05:30,111.6,23150,NIFTY_23150_PE_23_JAN_25.csv,2025-01-20T15:29:00+05:30,63.15,2025-01-21T09:16:00+05:30,51.2,4062.50,100.00,3962.50,
2025-01-21,TRADED,,2025-01-23,2025-01-22,2025-01-21T15:15:00+05:30,23053.05,23199.63,BELOW_SMA,23050,CE,NIFTY_23050_CE_23_JAN_25.csv,2025-01-21T15:29:00+05:30,139.8,2025-01-22T09:16:00+05:30,134.75,23250,NIFTY_23250_CE_23_JAN_25.csv,2025-01-21T15:29:00+05:30,54.3,2025-01-22T09:16:00+05:30,50.95,-1495.00,100.00,-1595.00,
2025-01-22,TRADED,,2025-01-23,2025-01-23,2025-01-22T15:15:00+05:30,23161.75,23072.46,ABOVE_SMA,23150,PE,NIFTY_23150_PE_23_JAN_25.csv,2025-01-22T15:29:00+05:30,54.1,2025-01-23T09:16:00+05:30,65.25,22950,NIFTY_22950_PE_23_JAN_25.csv,2025-01-22T15:29:00+05:30,13.75,2025-01-23T09:16:00+05:30,11.1,-11570.00,100.00,-11670.00,
2025-01-23,TRADED,,2025-01-30,2025-01-24,2025-01-23T15:15:00+05:30,23216.3,23224.13,BELOW_SMA,23200,CE,NIFTY_23200_CE_30_JAN_25.csv,2025-01-23T15:29:00+05:30,223.2,2025-01-24T09:16:00+05:30,230.15,23400,NIFTY_23400_CE_30_JAN_25.csv,2025-01-23T15:29:00+05:30,122.15,2025-01-24T09:16:00+05:30,127.2,-3835.00,100.00,-3935.00,
2025-01-24,TRADED,,2025-01-30,2025-01-27,2025-01-24T15:15:00+05:30,23090.35,23198.75,BELOW_SMA,23100,CE,NIFTY_23100_CE_30_JAN_25.csv,2025-01-24T15:29:00+05:30,176.0,2025-01-27T09:16:00+05:30,112.3,23300,NIFTY_23300_CE_30_JAN_25.csv,2025-01-24T15:29:00+05:30,87.85,2025-01-27T09:16:00+05:30,53.25,16315.00,100.00,16215.00,
2025-01-27,TRADED,,2025-01-30,2025-01-28,2025-01-27T15:15:00+05:30,22816.85,22877.90,BELOW_SMA,22800,CE,NIFTY_22800_CE_30_JAN_25.csv,2025-01-27T15:29:00+05:30,174.45,2025-01-28T09:16:00+05:30,228.05,23000,NIFTY_23000_CE_30_JAN_25.csv,2025-01-27T15:29:00+05:30,86.9,2025-01-28T09:16:00+05:30,114.55,-19467.50,100.00,-19567.50,
2025-01-28,TRADED,,2025-01-30,2025-01-29,2025-01-28T15:15:00+05:30,22976.3,22987.69,BELOW_SMA,23000,CE,NIFTY_23000_CE_30_JAN_25.csv,2025-01-28T15:29:00+05:30,128.75,2025-01-29T09:16:00+05:30,145.1,23200,NIFTY_23200_CE_30_JAN_25.csv,2025-01-28T15:29:00+05:30,51.95,2025-01-29T09:16:00+05:30,59.0,-8645.00,100.00,-8745.00,
2025-01-29,TRADED,,2025-01-30,2025-01-30,2025-01-29T15:15:00+05:30,23176.2,23113.26,ABOVE_SMA,23200,PE,NIFTY_23200_PE_30_JAN_25.csv,2025-01-29T15:29:00+05:30,167.55,2025-01-30T09:16:00+05:30,177.15,23000,NIFTY_23000_PE_30_JAN_25.csv,2025-01-29T15:29:00+05:30,88.85,2025-01-30T09:16:00+05:30,90.0,-8092.50,100.00,-8192.50,
2025-01-30,TRADED,,2025-02-06,2025-01-31,2025-01-30T15:15:00+05:30,23297.95,23239.75,ABOVE_SMA,23300,PE,NIFTY_23300_PE_06_FEB_25.csv,2025-01-30T15:29:00+05:30,273.0,2025-01-31T09:16:00+05:30,293.14,23100,NIFTY_23100_PE_06_FEB_25.csv,2025-01-30T15:29:00+05:30,197.0,2025-01-31T09:16:00+05:30,213.4,-5031.00,100.00,-5131.00,
2025-01-31,TRADED,,2025-02-06,2025-02-01,2025-01-31T15:15:00+05:30,23533.85,23442.03,ABOVE_SMA,23550,PE,NIFTY_23550_PE_06_FEB_25.csv,2025-01-31T15:29:00+05:30,222.7,2025-02-01T09:16:00+05:30,231.65,23350,NIFTY_23350_PE_06_FEB_25.csv,2025-01-31T15:29:00+05:30,150.0,2025-02-01T09:16:00+05:30,156.0,-4517.50,100.00,-4617.50,
2025-02-01,TRADED,,2025-02-06,2025-02-03,2025-02-01T15:15:00+05:30,23495.3,23508.35,BELOW_SMA,23500,CE,NIFTY_23500_CE_06_FEB_25.csv,2025-02-01T15:29:00+05:30,143.94,2025-02-03T09:16:00+05:30,68.45,23700,NIFTY_23700_CE_06_FEB_25.csv,2025-02-01T15:29:00+05:30,65.25,2025-02-03T09:16:00+05:30,26.75,21443.50,100.00,21343.50,
2025-02-03,TRADED,,2025-02-06,2025-02-04,2025-02-03T15:15:00+05:30,23359.7,23313.21,ABOVE_SMA,23350,PE,NIFTY_23350_PE_06_FEB_25.csv,2025-02-03T15:29:00+05:30,96.95,2025-02-04T09:16:00+05:30,48.4,23150,NIFTY_23150_PE_06_FEB_25.csv,2025-02-03T15:29:00+05:30,45.0,2025-02-04T09:16:00+05:30,20.1,12772.50,100.00,12672.50,
2025-02-04,TRADED,,2025-02-06,2025-02-05,2025-02-04T15:15:00+05:30,23707.7,23595.98,ABOVE_SMA,23700,PE,NIFTY_23700_PE_06_FEB_25.csv,2025-02-04T15:29:00+05:30,89.0,2025-02-05T09:16:00+05:30,71.75,23500,NIFTY_23500_PE_06_FEB_25.csv,2025-02-04T15:29:00+05:30,28.45,2025-02-05T09:16:00+05:30,22.5,4745.00,100.00,4645.00,
2025-02-05,TRADED,,2025-02-06,2025-02-06,2025-02-05T15:15:00+05:30,23686.75,23743.89,BELOW_SMA,23700,CE,NIFTY_23700_CE_06_FEB_25.csv,2025-02-05T15:29:00+05:30,55.0,2025-02-06T09:16:00+05:30,63.2,23900,NIFTY_23900_CE_06_FEB_25.csv,2025-02-05T15:29:00+05:30,18.05,2025-02-06T09:16:00+05:30,17.7,-8157.50,100.00,-8257.50,
2025-02-06,TRADED,,2025-02-13,2025-02-07,2025-02-06T15:15:00+05:30,23628.05,23611.54,ABOVE_SMA,23650,PE,NIFTY_23650_PE_13_FEB_25.csv,2025-02-06T15:29:00+05:30,183.5,2025-02-07T09:16:00+05:30,188.3,23450,NIFTY_23450_PE_13_FEB_25.csv,2025-02-06T15:29:00+05:30,104.45,2025-02-07T09:16:00+05:30,110.55,-1755.00,100.00,-1855.00,
2025-02-07,TRADED,,2025-02-13,2025-02-10,2025-02-07T15:15:00+05:30,23563.15,23571.58,BELOW_SMA,23550,CE,NIFTY_23550_CE_13_FEB_25.csv,2025-02-07T15:29:00+05:30,165.0,2025-02-10T09:16:00+05:30,136.35,23750,NIFTY_23750_CE_13_FEB_25.csv,2025-02-07T15:29:00+05:30,80.05,2025-02-10T09:16:00+05:30,63.0,4940.00,100.00,4840.00,
2025-02-10,TRADED,,2025-02-13,2025-02-11,2025-02-10T15:15:00+05:30,23376.05,23378.53,BELOW_SMA,23400,CE,NIFTY_23400_CE_13_FEB_25.csv,2025-02-10T15:29:00+05:30,147.25,2025-02-11T09:16:00+05:30,127.0,23600,NIFTY_23600_CE_13_FEB_25.csv,2025-02-10T15:29:00+05:30,67.0,2025-02-11T09:16:00+05:30,55.65,3185.00,100.00,3085.00,
2025-02-11,TRADED,,2025-02-13,2025-02-12,2025-02-11T15:15:00+05:30,23070.5,23180.78,BELOW_SMA,23050,CE,NIFTY_23050_CE_13_FEB_25.csv,2025-02-11T15:29:00+05:30,133.69,2025-02-12T09:16:00+05:30,125.6,23250,NIFTY_23250_CE_13_FEB_25.csv,2025-02-11T15:29:00+05:30,53.95,2025-02-12T09:16:00+05:30,47.2,-1729.00,100.00,-1829.00,
2025-02-12,TRADED,,2025-02-13,2025-02-13,2025-02-12T15:15:00+05:30,23057.8,22988.75,ABOVE_SMA,23050,PE,NIFTY_23050_PE_13_FEB_25.csv,2025-02-12T15:29:00+05:30,81.59,2025-02-13T09:16:00+05:30,55.9,22850,NIFTY_22850_PE_13_FEB_25.csv,2025-02-12T15:29:00+05:30,23.95,2025-02-13T09:16:00+05:30,15.85,8833.50,100.00,8733.50,
2025-02-13,TRADED,,2025-02-20,2025-02-14,2025-02-13T15:15:00+05:30,23019.4,23132.52,BELOW_SMA,23000,CE,NIFTY_23000_CE_20_FEB_25.csv,2025-02-13T15:29:00+05:30,211.15,2025-02-14T09:16:00+05:30,263.45,23200,NIFTY_23200_CE_20_FEB_25.csv,2025-02-13T15:29:00+05:30,115.45,2025-02-14T09:16:00+05:30,147.9,-15502.50,100.00,-15602.50,
2025-02-14,TRADED,,2025-02-20,2025-02-17,2025-02-14T15:15:00+05:30,22897.25,22902.97,BELOW_SMA,22900,CE,NIFTY_22900_CE_20_FEB_25.csv,2025-02-14T15:29:00+05:30,185.6,2025-02-17T09:16:00+05:30,127.4,23100,NIFTY_23100_CE_20_FEB_25.csv,2025-02-14T15:29:00+05:30,94.8,2025-02-17T09:16:00+05:30,61.2,13390.00,100.00,13290.00,
2025-02-17,TRADED,,2025-02-20,2025-02-18,2025-02-17T15:15:00+05:30,22963.5,22864.70,ABOVE_SMA,22950,PE,NIFTY_22950_PE_20_FEB_25.csv,2025-02-17T15:29:00+05:30,127.85,2025-02-18T09:16:00+05:30,140.0,22750,NIFTY_22750_PE_20_FEB_25.csv,2025-02-17T15:29:00+05:30,63.95,2025-02-18T09:16:00+05:30,69.15,-7117.50,100.00,-7217.50,
2025-02-18,TRADED,,2025-02-20,2025-02-19,2025-02-18T15:15:00+05:30,22923.15,22889.31,ABOVE_SMA,22900,PE,NIFTY_22900_PE_20_FEB_25.csv,2025-02-18T15:29:00+05:30,105.8,2025-02-19T09:16:00+05:30,137.15,22700,NIFTY_22700_PE_20_FEB_25.csv,2025-02-18T15:29:00+05:30,40.2,2025-02-19T09:16:00+05:30,56.0,-12707.50,100.00,-12807.50,
2025-02-19,TRADED,,2025-02-20,2025-02-20,2025-02-19T15:15:00+05:30,22914.4,22947.21,BELOW_SMA,22900,CE,NIFTY_22900_CE_20_FEB_25.csv,2025-02-19T15:29:00+05:30,95.75,2025-02-20T09:16:00+05:30,64.45,23100,NIFTY_23100_CE_20_FEB_25.csv,2025-02-19T15:29:00+05:30,24.65,2025-02-20T09:16:00+05:30,14.7,11277.50,100.00,11177.50,
2025-02-20,TRADED,,2025-02-27,2025-02-21,2025-02-20T15:15:00+05:30,22906.25,22894.60,ABOVE_SMA,22900,PE,NIFTY_22900_PE_27_FEB_25.csv,2025-02-20T15:29:00+05:30,146.05,2025-02-21T09:16:00+05:30,154.85,22700,NIFTY_22700_PE_27_FEB_25.csv,2025-02-20T15:29:00+05:30,76.09,2025-02-21T09:16:00+05:30,80.05,-5746.00,100.00,-5846.00,
2025-02-21,TRADED,,2025-02-27,2025-02-24,2025-02-21T15:15:00+05:30,22764.35,22786.86,BELOW_SMA,22750,CE,NIFTY_22750_CE_27_FEB_25.csv,2025-02-21T15:29:00+05:30,173.75,2025-02-24T09:16:00+05:30,114.2,22950,NIFTY_22950_CE_27_FEB_25.csv,2025-02-21T15:29:00+05:30,79.34,2025-02-24T09:16:00+05:30,47.0,15086.50,100.00,14986.50,
2025-02-24,TRADED,,2025-02-27,2025-02-25,2025-02-24T15:15:00+05:30,22548.85,22567.00,BELOW_SMA,22550,CE,NIFTY_22550_CE_27_FEB_25.csv,2025-02-24T15:29:00+05:30,134.5,2025-02-25T09:16:00+05:30,122.1,22750,NIFTY_22750_CE_27_FEB_25.csv,2025-02-24T15:29:00+05:30,42.3,2025-02-25T09:16:00+05:30,34.54,416.00,100.00,316.00,
2025-02-25,TRADED,,2025-02-27,2025-02-27,2025-02-25T15:15:00+05:30,22526.3,22574.33,BELOW_SMA,22550,CE,NIFTY_22550_CE_27_FEB_25.csv,2025-02-25T15:29:00+05:30,67.2,2025-02-27T09:16:00+05:30,60.8,22750,NIFTY_22750_CE_27_FEB_25.csv,2025-02-25T15:29:00+05:30,7.55,2025-02-27T09:16:00+05:30,4.0,-747.50,100.00,-847.50,
2025-02-27,TRADED,,2025-03-06,2025-02-28,2025-02-27T15:15:00+05:30,22510.85,22539.35,BELOW_SMA,22500,CE,NIFTY_22500_CE_06_MAR_25.csv,2025-02-27T15:29:00+05:30,194.0,2025-02-28T09:16:00+05:30,110.0,22700,NIFTY_22700_CE_06_MAR_25.csv,2025-02-27T15:29:00+05:30,90.0,2025-02-28T09:16:00+05:30,43.65,21872.50,100.00,21772.50,
2025-02-28,TRADED,,2025-03-06,2025-03-03,2025-02-28T15:15:00+05:30,22127.4,22200.59,BELOW_SMA,22150,CE,NIFTY_22150_CE_06_MAR_25.csv,2025-02-28T15:29:00+05:30,162.05,2025-03-03T09:16:00+05:30,184.5,22350,NIFTY_22350_CE_06_MAR_25.csv,2025-02-28T15:29:00+05:30,72.05,2025-03-03T09:16:00+05:30,80.3,-11830.00,100.00,-11930.00,
2025-03-03,TRADED,,2025-03-06,2025-03-04,2025-03-03T15:15:00+05:30,22143.15,22092.64,ABOVE_SMA,22150,PE,NIFTY_22150_PE_06_MAR_25.csv,2025-03-03T15:29:00+05:30,109.35,2025-03-04T09:16:00+05:30,192.95,21950,NIFTY_21950_PE_06_MAR_25.csv,2025-03-03T15:29:00+05:30,44.0,2025-03-04T09:16:00+05:30,83.05,-31557.50,100.00,-31657.50,
2025-03-04,TRADED,,2025-03-06,2025-03-05,2025-03-04T15:15:00+05:30,22080.3,22065.48,ABOVE_SMA,22100,PE,NIFTY_22100_PE_06_MAR_25.csv,2025-03-04T15:29:00+05:30,109.45,2025-03-05T09:16:00+05:30,80.25,21900,NIFTY_21900_PE_06_MAR_25.csv,2025-03-04T15:29:00+05:30,37.9,2025-03-05T09:16:00+05:30,22.3,6240.00,100.00,6140.00,
2025-03-05,TRADED,,2025-03-06,2025-03-06,2025-03-05T15:15:00+05:30,22346.65,22313.18,ABOVE_SMA,22350,PE,NIFTY_22350_PE_06_MAR_25.csv,2025-03-05T15:29:00+05:30,84.65,2025-03-06T09:16:00+05:30,23.2,22150,NIFTY_22150_PE_06_MAR_25.csv,2025-03-05T15:29:00+05:30,24.95,2025-03-06T09:16:00+05:30,5.6,24765.00,100.00,24665.00,
2025-03-06,TRADED,,2025-03-13,2025-03-07,2025-03-06T15:15:00+05:30,22529.2,22432.01,ABOVE_SMA,22550,PE,NIFTY_22550_PE_13_MAR_25.csv,2025-03-06T15:29:00+05:30,161.05,2025-03-07T09:16:00+05:30,176.85,22350,NIFTY_22350_PE_13_MAR_25.csv,2025-03-06T15:29:00+05:30,86.7,2025-03-07T09:16:00+05:30,95.1,-7410.00,100.00,-7510.00,
2025-03-07,TRADED,,2025-03-13,2025-03-10,2025-03-07T15:15:00+05:30,22536.95,22564.86,BELOW_SMA,22550,CE,NIFTY_22550_CE_13_MAR_25.csv,2025-03-07T15:29:00+05:30,150.15,2025-03-10T09:16:00+05:30,136.3,22750,NIFTY_22750_CE_13_MAR_25.csv,2025-03-07T15:29:00+05:30,61.2,2025-03-10T09:16:00+05:30,53.9,1657.50,100.00,1557.50,
2025-03-10,TRADED,,2025-03-13,2025-03-11,2025-03-10T15:15:00+05:30,22441.1,22575.33,BELOW_SMA,22450,CE,NIFTY_22450_CE_13_MAR_25.csv,2025-03-10T15:29:00+05:30,118.3,2025-03-11T09:16:00+05:30,70.35,22650,NIFTY_22650_CE_13_MAR_25.csv,2025-03-10T15:29:00+05:30,40.9,2025-03-11T09:16:00+05:30,23.55,17290.00,100.00,17190.00,
2025-03-11,TRADED,,2025-03-13,2025-03-12,2025-03-11T15:15:00+05:30,22520.5,22453.13,ABOVE_SMA,22500,PE,NIFTY_22500_PE_13_MAR_25.csv,2025-03-11T15:29:00+05:30,90.9,2025-03-12T09:16:00+05:30,68.05,22300,NIFTY_22300_PE_13_MAR_25.csv,2025-03-11T15:29:00+05:30,34.05,2025-03-12T09:16:00+05:30,21.75,4257.50,100.00,4157.50,
2025-03-12,TRADED,,2025-03-13,2025-03-13,2025-03-12T15:15:00+05:30,22468.5,22419.46,ABOVE_SMA,22450,PE,NIFTY_22450_PE_13_MAR_25.csv,2025-03-12T15:29:00+05:30,54.3,2025-03-13T09:16:00+05:30,34.95,22250,NIFTY_22250_PE_13_MAR_25.csv,2025-03-12T15:29:00+05:30,12.95,2025-03-13T09:16:00+05:30,6.9,6045.00,100.00,5945.00,
2025-03-13,TRADED,,2025-03-20,2025-03-17,2025-03-13T15:15:00+05:30,22383.3,22455.65,BELOW_SMA,22400,CE,NIFTY_22400_CE_20_MAR_25.csv,2025-03-13T15:29:00+05:30,137.4,2025-03-17T09:16:00+05:30,199.95,22600,NIFTY_22600_CE_20_MAR_25.csv,2025-03-13T15:29:00+05:30,54.2,2025-03-17T09:16:00+05:30,85.8,-22717.50,100.00,-22817.50,
2025-03-17,TRADED,,2025-03-20,2025-03-18,2025-03-17T15:15:00+05:30,22515.25,22501.77,ABOVE_SMA,22500,PE,NIFTY_22500_PE_20_MAR_25.csv,2025-03-17T15:29:00+05:30,94.6,2025-03-18T09:16:00+05:30,61.8,22300,NIFTY_22300_PE_20_MAR_25.csv,2025-03-17T15:29:00+05:30,35.7,2025-03-18T09:16:00+05:30,22.75,10302.50,100.00,10202.50,
2025-03-18,TRADED,,2025-03-20,2025-03-19,2025-03-18T15:15:00+05:30,22848.75,22759.58,ABOVE_SMA,22850,PE,NIFTY_22850_PE_20_MAR_25.csv,2025-03-18T15:29:00+05:30,86.25,2025-03-19T09:16:00+05:30,80.5,22650,NIFTY_22650_PE_20_MAR_25.csv,2025-03-18T15:29:00+05:30,33.2,2025-03-19T09:16:00+05:30,28.95,-1625.00,100.00,-1725.00,
2025-03-19,TRADED,,2025-03-20,2025-03-20,2025-03-19T15:15:00+05:30,22911.8,22901.21,ABOVE_SMA,22900,PE,NIFTY_22900_PE_20_MAR_25.csv,2025-03-19T15:29:00+05:30,62.2,2025-03-20T09:16:00+05:30,31.2,22700,NIFTY_22700_PE_20_MAR_25.csv,2025-03-19T15:29:00+05:30,22.0,2025-03-20T09:16:00+05:30,8.25,8612.50,100.00,8512.50,
2025-03-20,TRADED,,2025-03-27,2025-03-21,2025-03-20T15:15:00+05:30,23165.7,23106.73,ABOVE_SMA,23150,PE,NIFTY_23150_PE_27_MAR_25.csv,2025-03-20T15:29:00+05:30,117.25,2025-03-21T09:16:00+05:30,116.55,22950,NIFTY_22950_PE_27_MAR_25.csv,2025-03-20T15:29:00+05:30,52.65,2025-03-21T09:16:00+05:30,52.6,-2177.50,100.00,-2277.50,
2025-03-21,TRADED,,2025-03-27,2025-03-24,2025-03-21T15:15:00+05:30,23355.65,23333.50,ABOVE_SMA,23350,PE,NIFTY_23350_PE_27_MAR_25.csv,2025-03-21T15:29:00+05:30,110.1,2025-03-24T09:16:00+05:30,70.09,23150,NIFTY_23150_PE_27_MAR_25.csv,2025-03-21T15:29:00+05:30,47.9,2025-03-24T09:16:00+05:30,28.65,10894.00,100.00,10794.00,
2025-03-24,TRADED,,2025-03-27,2025-03-25,2025-03-24T15:15:00+05:30,23674.15,23619.53,ABOVE_SMA,23650,PE,NIFTY_23650_PE_27_MAR_25.csv,2025-03-24T15:29:00+05:30,102.75,2025-03-25T09:16:00+05:30,84.75,23450,NIFTY_23450_PE_27_MAR_25.csv,2025-03-24T15:29:00+05:30,47.5,2025-03-25T09:16:00+05:30,37.45,2567.50,100.00,2467.50,
2025-03-25,TRADED,,2025-03-27,2025-03-26,2025-03-25T15:15:00+05:30,23605.95,23711.13,BELOW_SMA,23600,CE,NIFTY_23600_CE_27_MAR_25.csv,2025-03-25T15:29:00+05:30,150.65,2025-03-26T09:16:00+05:30,159.3,23800,NIFTY_23800_CE_27_MAR_25.csv,2025-03-25T15:29:00+05:30,58.15,2025-03-26T09:16:00+05:30,58.9,-7735.00,100.00,-7835.00,
2025-03-26,TRADED,,2025-03-27,2025-03-27,2025-03-26T15:15:00+05:30,23464.3,23597.70,BELOW_SMA,23450,CE,NIFTY_23450_CE_27_MAR_25.csv,2025-03-26T15:29:00+05:30,112.3,2025-03-27T09:16:00+05:30,70.0,23650,NIFTY_23650_CE_27_MAR_25.csv,2025-03-26T15:29:00+05:30,29.45,2025-03-27T09:16:00+05:30,12.85,14105.00,100.00,14005.00,
2025-03-27,TRADED,,2025-04-03,2025-03-28,2025-03-27T15:15:00+05:30,23601.05,23593.97,ABOVE_SMA,23600,PE,NIFTY_23600_PE_03_APR_25.csv,2025-03-27T15:29:00+05:30,120.35,2025-03-28T09:16:00+05:30,135.0,23400,NIFTY_23400_PE_03_APR_25.csv,2025-03-27T15:29:00+05:30,62.25,2025-03-28T09:16:00+05:30,68.3,-8190.00,100.00,-8290.00,
2025-03-28,TRADED,,2025-04-03,2025-04-01,2025-03-28T15:15:00+05:30,23495.15,23547.31,BELOW_SMA,23500,CE,NIFTY_23500_CE_03_APR_25.csv,2025-03-28T15:29:00+05:30,130.5,2025-04-01T09:16:00+05:30,79.15,23700,NIFTY_23700_CE_03_APR_25.csv,2025-03-28T15:29:00+05:30,49.3,2025-04-01T09:16:00+05:30,24.25,14495.00,100.00,14395.00,
2025-04-01,TRADED,,2025-04-03,2025-04-02,2025-04-01T15:15:00+05:30,23179.7,23249.91,BELOW_SMA,23200,CE,NIFTY_23200_CE_03_APR_25.csv,2025-04-01T15:29:00+05:30,106.4,2025-04-02T09:16:00+05:30,108.6,23400,NIFTY_23400_CE_03_APR_25.csv,2025-04-01T15:29:00+05:30,31.05,2025-04-02T09:16:00+05:30,30.4,-4452.50,100.00,-4552.50,
2025-04-02,TRADED,,2025-04-03,2025-04-03,2025-04-02T15:15:00+05:30,23330.8,23278.42,ABOVE_SMA,23350,PE,NIFTY_23350_PE_03_APR_25.csv,2025-04-02T15:29:00+05:30,93.95,2025-04-03T09:16:00+05:30,181.5,23150,NIFTY_23150_PE_03_APR_25.csv,2025-04-02T15:29:00+05:30,27.85,2025-04-03T09:16:00+05:30,53.6,-42770.00,100.00,-42870.00,
2025-04-03,TRADED,,2025-04-09,2025-04-04,2025-04-03T15:15:00+05:30,23241.6,23265.57,BELOW_SMA,23250,CE,NIFTY_23250_CE_09_APR_25.csv,2025-04-03T15:29:00+05:30,155.05,2025-04-04T09:16:00+05:30,99.05,23450,NIFTY_23450_CE_09_APR_25.csv,2025-04-03T15:29:00+05:30,72.45,2025-04-04T09:16:00+05:30,43.3,14852.50,100.00,14752.50,
2025-04-04,TRADED,,2025-04-09,2025-04-07,2025-04-04T15:15:00+05:30,22912.05,22953.71,BELOW_SMA,22900,CE,NIFTY_22900_CE_09_APR_25.csv,2025-04-04T15:29:00+05:30,116.0,2025-04-07T09:16:00+05:30,20.95,23100,NIFTY_23100_CE_09_APR_25.csv,2025-04-04T15:29:00+05:30,43.35,2025-04-07T09:16:00+05:30,7.9,36140.00,100.00,36040.00,
2025-04-07,TRADED,,2025-04-09,2025-04-08,2025-04-07T15:15:00+05:30,22238.0,21984.42,ABOVE_SMA,22250,PE,NIFTY_22250_PE_09_APR_25.csv,2025-04-07T15:29:00+05:30,288.8,2025-04-08T09:16:00+05:30,100.45,22050,NIFTY_22050_PE_09_APR_25.csv,2025-04-07T15:29:00+05:30,232.8,2025-04-08T09:16:00+05:30,66.0,11407.50,100.00,11307.50,
2025-04-08,TRADED,,2025-04-09,2025-04-09,2025-04-08T15:15:00+05:30,22547.2,22516.34,ABOVE_SMA,22550,PE,NIFTY_22550_PE_09_APR_25.csv,2025-04-08T15:29:00+05:30,165.4,2025-04-09T09:16:00+05:30,233.8,22350,NIFTY_22350_PE_09_APR_25.csv,2025-04-08T15:29:00+05:30,105.9,2025-04-09T09:16:00+05:30,130.94,-30784.00,100.00,-30884.00,
2025-04-09,TRADED,,2025-04-17,2025-04-11,2025-04-09T15:15:00+05:30,22420.4,22408.67,ABOVE_SMA,22400,PE,NIFTY_22400_PE_17_APR_25.csv,2025-04-09T15:29:00+05:30,278.0,2025-04-11T09:16:00+05:30,113.45,22200,NIFTY_22200_PE_17_APR_25.csv,2025-04-09T15:29:00+05:30,209.35,2025-04-11T09:16:00+05:30,79.95,20247.50,100.00,20147.50,
2025-04-11,TRADED,,2025-04-17,2025-04-15,2025-04-11T15:15:00+05:30,22844.5,22841.92,ABOVE_SMA,22850,PE,NIFTY_22850_PE_17_APR_25.csv,2025-04-11T15:29:00+05:30,231.95,2025-04-15T09:16:00+05:30,39.9,22650,NIFTY_22650_PE_17_APR_25.csv,2025-04-11T15:29:00+05:30,156.44,2025-04-15T09:16:00+05:30,22.2,34976.50,100.00,34876.50,
2025-04-15,TRADED,,2025-04-17,2025-04-16,2025-04-15T15:15:00+05:30,23344.1,23319.80,ABOVE_SMA,23350,PE,NIFTY_23350_PE_17_APR_25.csv,2025-04-15T15:29:00+05:30,109.9,2025-04-16T09:16:00+05:30,125.55,23150,NIFTY_23150_PE_17_APR_25.csv,2025-04-15T15:29:00+05:30,40.0,2025-04-16T09:16:00+05:30,34.5,-16347.50,100.00,-16447.50,
2025-04-16,TRADED,,2025-04-17,2025-04-17,2025-04-16T15:15:00+05:30,23433.3,23355.16,ABOVE_SMA,23450,PE,NIFTY_23450_PE_17_APR_25.csv,2025-04-16T15:29:00+05:30,112.5,2025-04-17T09:16:00+05:30,109.3,23250,NIFTY_23250_PE_17_APR_25.csv,2025-04-16T15:29:00+05:30,26.25,2025-04-17T09:16:00+05:30,10.65,-10660.00,100.00,-10760.00,
2025-04-17,TRADED,,2025-04-24,2025-04-21,2025-04-17T15:15:00+05:30,23837.75,23636.06,ABOVE_SMA,23850,PE,NIFTY_23850_PE_24_APR_25.csv,2025-04-17T15:29:00+05:30,193.65,2025-04-21T09:16:00+05:30,114.6,23650,NIFTY_23650_PE_24_APR_25.csv,2025-04-17T15:29:00+05:30,120.85,2025-04-21T09:16:00+05:30,61.7,10335.00,100.00,10235.00,
2025-04-21,TRADED,,2025-04-24,2025-04-22,2025-04-21T15:15:00+05:30,24121.2,24112.33,ABOVE_SMA,24100,PE,NIFTY_24100_PE_24_APR_25.csv,2025-04-21T15:29:00+05:30,98.9,2025-04-22T09:16:00+05:30,90.4,23900,NIFTY_23900_PE_24_APR_25.csv,2025-04-21T15:29:00+05:30,44.25,2025-04-22T09:16:00+05:30,34.85,-3185.00,100.00,-3285.00,
2025-04-22,TRADED,,2025-04-24,2025-04-23,2025-04-22T15:15:00+05:30,24134.05,24187.02,BELOW_SMA,24150,CE,NIFTY_24150_CE_24_APR_25.csv,2025-04-22T15:29:00+05:30,102.75,2025-04-23T09:16:00+05:30,170.8,24350,NIFTY_24350_CE_24_APR_25.csv,2025-04-22T15:29:00+05:30,34.0,2025-04-23T09:16:00+05:30,59.55,-30225.00,100.00,-30325.00,
2025-04-23,TRADED,,2025-04-24,2025-04-24,2025-04-23T15:15:00+05:30,24300.85,24254.51,ABOVE_SMA,24300,PE,NIFTY_24300_PE_24_APR_25.csv,2025-04-23T15:29:00+05:30,59.6,2025-04-24T09:16:00+05:30,60.6,24100,NIFTY_24100_PE_24_APR_25.csv,2025-04-23T15:29:00+05:30,14.05,2025-04-24T09:16:00+05:30,8.6,-6792.50,100.00,-6892.50,
2025-04-24,TRADED,,2025-04-30,2025-04-25,2025-04-24T15:15:00+05:30,24245.05,24260.66,BELOW_SMA,24250,CE,NIFTY_24250_CE_30_APR_25.csv,2025-04-24T15:29:00+05:30,205.35,2025-04-25T09:16:00+05:30,250.15,24450,NIFTY_24450_CE_30_APR_25.csv,2025-04-24T15:29:00+05:30,111.1,2025-04-25T09:16:00+05:30,137.85,-14332.50,100.00,-14432.50,
2025-04-25,TRADED,,2025-04-30,2025-04-28,2025-04-25T15:15:00+05:30,23991.65,24025.77,BELOW_SMA,24000,CE,NIFTY_24000_CE_30_APR_25.csv,2025-04-25T15:29:00+05:30,171.4,2025-04-28T09:16:00+05:30,217.8,24200,NIFTY_24200_CE_30_APR_25.csv,2025-04-25T15:29:00+05:30,84.15,2025-04-28T09:16:00+05:30,106.55,-18200.00,100.00,-18300.00,
2025-04-28,TRADED,,2025-04-30,2025-04-29,2025-04-28T15:15:00+05:30,24312.9,24285.76,ABOVE_SMA,24300,PE,NIFTY_24300_PE_30_APR_25.csv,2025-04-28T15:29:00+05:30,81.09,2025-04-29T09:16:00+05:30,41.35,24100,NIFTY_24100_PE_30_APR_25.csv,2025-04-28T15:29:00+05:30,38.1,2025-04-29T09:16:00+05:30,18.05,10198.50,100.00,10098.50,
2025-04-29,TRADED,,2025-04-30,2025-04-30,2025-04-29T15:15:00+05:30,24325.45,24345.77,BELOW_SMA,24350,CE,NIFTY_24350_CE_30_APR_25.csv,2025-04-29T15:29:00+05:30,39.15,2025-04-30T09:16:00+05:30,16.5,24550,NIFTY_24550_CE_30_APR_25.csv,2025-04-29T15:29:00+05:30,8.85,2025-04-30T09:16:00+05:30,4.25,9132.50,100.00,9032.50,
2025-04-30,TRADED,,2025-05-08,2025-05-02,2025-04-30T15:15:00+05:30,24246.25,24338.16,BELOW_SMA,24250,CE,NIFTY_24250_CE_08_MAY_25.csv,2025-04-30T15:29:00+05:30,274.2,2025-05-02T09:16:00+05:30,336.8,24450,NIFTY_24450_CE_08_MAY_25.csv,2025-04-30T15:29:00+05:30,162.6,2025-05-02T09:16:00+05:30,208.6,-13390.00,100.00,-13490.00,
2025-05-02,TRADED,,2025-05-08,2025-05-05,2025-05-02T15:15:00+05:30,24313.65,24389.81,BELOW_SMA,24300,CE,NIFTY_24300_CE_08_MAY_25.csv,2025-05-02T15:29:00+05:30,168.8,2025-05-05T09:16:00+05:30,225.15,24500,NIFTY_24500_CE_08_MAY_25.csv,2025-05-02T15:29:00+05:30,78.8,2025-05-05T09:16:00+05:30,108.95,-19630.00,100.00,-19730.00,
2025-05-05,TRADED,,2025-05-08,2025-05-06,2025-05-05T15:15:00+05:30,24459.5,24467.32,BELOW_SMA,24450,CE,NIFTY_24450_CE_08_MAY_25.csv,2025-05-05T15:29:00+05:30,109.05,2025-05-06T09:16:00+05:30,101.45,24650,NIFTY_24650_CE_08_MAY_25.csv,2025-05-05T15:29:00+05:30,32.6,2025-05-06T09:16:00+05:30,30.7,1105.00,100.00,1005.00,
2025-05-06,TRADED,,2025-05-08,2025-05-07,2025-05-06T15:15:00+05:30,24335.9,24388.45,BELOW_SMA,24350,CE,NIFTY_24350_CE_08_MAY_25.csv,2025-05-06T15:29:00+05:30,73.9,2025-05-07T09:16:00+05:30,88.95,24550,NIFTY_24550_CE_08_MAY_25.csv,2025-05-06T15:29:00+05:30,15.65,2025-05-07T09:16:00+05:30,17.39,-11251.50,100.00,-11351.50,
2025-05-07,TRADED,,2025-05-08,2025-05-08,2025-05-07T15:15:00+05:30,24409.3,24378.63,ABOVE_SMA,24400,PE,NIFTY_24400_PE_08_MAY_25.csv,2025-05-07T15:29:00+05:30,66.34,2025-05-08T09:16:00+05:30,29.25,24200,NIFTY_24200_PE_08_MAY_25.csv,2025-05-07T15:29:00+05:30,26.95,2025-05-08T09:16:00+05:30,5.55,7598.50,100.00,7498.50,
2025-05-08,TRADED,,2025-05-15,2025-05-09,2025-05-08T15:15:00+05:30,24154.1,24365.21,BELOW_SMA,24150,CE,NIFTY_24150_CE_15_MAY_25.csv,2025-05-08T15:29:00+05:30,272.45,2025-05-09T09:16:00+05:30,248.35,24350,NIFTY_24350_CE_15_MAY_25.csv,2025-05-08T15:29:00+05:30,158.05,2025-05-09T09:16:00+05:30,146.05,5265.00,100.00,5165.00,
2025-05-09,TRADED,,2025-05-15,2025-05-12,2025-05-09T15:15:00+05:30,24038.65,24023.40,ABOVE_SMA,24050,PE,NIFTY_24050_PE_15_MAY_25.csv,2025-05-09T15:29:00+05:30,246.1,2025-05-12T09:16:00+05:30,22.9,23850,NIFTY_23850_PE_15_MAY_25.csv,2025-05-09T15:29:00+05:30,177.0,2025-05-12T09:16:00+05:30,15.05,37212.50,100.00,37112.50,
2025-05-12,TRADED,,2025-05-15,2025-05-13,2025-05-12T15:15:00+05:30,24920.25,24769.59,ABOVE_SMA,24900,PE,NIFTY_24900_PE_15_MAY_25.csv,2025-05-12T15:29:00+05:30,176.3,2025-05-13T09:16:00+05:30,161.5,24700,NIFTY_24700_PE_15_MAY_25.csv,2025-05-12T15:29:00+05:30,113.4,2025-05-13T09:16:00+05:30,89.7,-8385.00,100.00,-8485.00,
2025-05-13,TRADED,,2025-05-15,2025-05-14,2025-05-13T15:15:00+05:30,24593.65,24671.45,BELOW_SMA,24600,CE,NIFTY_24600_CE_15_MAY_25.csv,2025-05-13T15:29:00+05:30,128.94,2025-05-14T09:16:00+05:30,115.0,24800,NIFTY_24800_CE_15_MAY_25.csv,2025-05-13T15:29:00+05:30,62.45,2025-05-14T09:16:00+05:30,46.85,-3679.00,100.00,-3779.00,
2025-05-14,TRADED,,2025-05-15,2025-05-15,2025-05-14T15:15:00+05:30,24685.75,24671.97,ABOVE_SMA,24700,PE,NIFTY_24700_PE_15_MAY_25.csv,2025-05-14T15:29:00+05:30,111.65,2025-05-15T09:16:00+05:30,104.25,24500,NIFTY_24500_PE_15_MAY_25.csv,2025-05-14T15:29:00+05:30,34.9,2025-05-15T09:16:00+05:30,30.15,-877.50,100.00,-977.50,
2025-05-15,TRADED,,2025-05-22,2025-05-16,2025-05-15T15:15:00+05:30,25035.3,24792.60,ABOVE_SMA,25050,PE,NIFTY_25050_PE_22_MAY_25.csv,2025-05-15T15:29:00+05:30,199.0,2025-05-16T09:16:00+05:30,205.65,24850,NIFTY_24850_PE_22_MAY_25.csv,2025-05-15T15:29:00+05:30,125.25,2025-05-16T09:16:00+05:30,126.65,-6012.50,100.00,-6112.50,
2025-05-16,TRADED,,2025-05-22,2025-05-19,2025-05-16T15:15:00+05:30,25013.1,25001.58,ABOVE_SMA,25000,PE,NIFTY_25000_PE_22_MAY_25.csv,2025-05-16T15:29:00+05:30,164.1,2025-05-19T09:16:00+05:30,179.5,24800,NIFTY_24800_PE_22_MAY_25.csv,2025-05-16T15:29:00+05:30,95.0,2025-05-19T09:16:00+05:30,102.65,-7637.50,100.00,-7737.50,
2025-05-19,TRADED,,2025-05-22,2025-05-20,2025-05-19T15:15:00+05:30,24935.35,24991.10,BELOW_SMA,24950,CE,NIFTY_24950_CE_22_MAY_25.csv,2025-05-19T15:29:00+05:30,142.5,2025-05-20T09:16:00+05:30,162.3,25150,NIFTY_25150_CE_22_MAY_25.csv,2025-05-19T15:29:00+05:30,70.75,2025-05-20T09:16:00+05:30,77.9,-10822.50,100.00,-10922.50,
2025-05-20,TRADED,,2025-05-22,2025-05-21,2025-05-20T15:15:00+05:30,24713.85,24824.80,BELOW_SMA,24700,CE,NIFTY_24700_CE_22_MAY_25.csv,2025-05-20T15:29:00+05:30,135.44,2025-05-21T09:16:00+05:30,130.9,24900,NIFTY_24900_CE_22_MAY_25.csv,2025-05-20T15:29:00+05:30,61.7,2025-05-21T09:16:00+05:30,51.45,-6311.50,100.00,-6411.50,
2025-05-21,TRADED,,2025-05-22,2025-05-22,2025-05-21T15:15:00+05:30,24800.95,24814.12,BELOW_SMA,24800,CE,NIFTY_24800_CE_22_MAY_25.csv,2025-05-21T15:29:00+05:30,96.8,2025-05-22T09:16:00+05:30,56.0,25000,NIFTY_25000_CE_22_MAY_25.csv,2025-05-21T15:29:00+05:30,38.0,2025-05-22T09:16:00+05:30,22.45,13812.50,100.00,13712.50,
2025-05-22,TRADED,,2025-05-29,2025-05-23,2025-05-22T15:15:00+05:30,24637.0,24573.45,ABOVE_SMA,24650,PE,NIFTY_24650_PE_29_MAY_25.csv,2025-05-22T15:29:00+05:30,191.0,2025-05-23T09:16:00+05:30,188.0,24450,NIFTY_24450_PE_29_MAY_25.csv,2025-05-22T15:29:00+05:30,112.45,2025-05-23T09:16:00+05:30,112.45,-650.00,100.00,-750.00,
2025-05-23,TRADED,,2025-05-29,2025-05-26,2025-05-23T15:15:00+05:30,24845.15,24844.74,ABOVE_SMA,24850,PE,NIFTY_24850_PE_29_MAY_25.csv,2025-05-23T15:29:00+05:30,190.15,2025-05-26T09:16:00+05:30,129.0,24650,NIFTY_24650_PE_29_MAY_25.csv,2025-05-23T15:29:00+05:30,114.6,2025-05-26T09:16:00+05:30,72.75,9945.00,100.00,9845.00,
2025-05-26,TRADED,,2025-05-29,2025-05-27,2025-05-26T15:15:00+05:30,24996.35,24995.95,ABOVE_SMA,25000,PE,NIFTY_25000_PE_29_MAY_25.csv,2025-05-26T15:29:00+05:30,188.7,2025-05-27T09:16:00+05:30,234.3,24800,NIFTY_24800_PE_29_MAY_25.csv,2025-05-26T15:29:00+05:30,112.65,2025-05-27T09:16:00+05:30,148.0,-9262.50,100.00,-9362.50,
2025-05-27,TRADED,,2025-05-29,2025-05-28,2025-05-27T15:15:00+05:30,24837.7,24831.57,ABOVE_SMA,24850,PE,NIFTY_24850_PE_29_MAY_25.csv,2025-05-27T15:29:00+05:30,175.65,2025-05-28T09:16:00+05:30,205.0,24650,NIFTY_24650_PE_29_MAY_25.csv,2025-05-27T15:29:00+05:30,90.95,2025-05-28T09:16:00+05:30,114.9,-6110.00,100.00,-6210.00,
2025-05-28,TRADED,,2025-05-29,2025-05-29,2025-05-28T15:15:00+05:30,24757.15,24773.97,BELOW_SMA,24750,CE,NIFTY_24750_CE_29_MAY_25.csv,2025-05-28T15:29:00+05:30,110.0,2025-05-29T09:16:00+05:30,177.8,24950,NIFTY_24950_CE_29_MAY_25.csv,2025-05-28T15:29:00+05:30,46.65,2025-05-29T09:16:00+05:30,68.7,-32337.50,100.00,-32437.50,
2025-05-29,TRADED,,2025-06-05,2025-05-30,2025-05-29T15:15:00+05:30,24880.85,24763.44,ABOVE_SMA,24900,PE,NIFTY_24900_PE_05_JUN_25.csv,2025-05-29T15:29:00+05:30,211.15,2025-05-30T09:16:00+05:30,232.15,24700,NIFTY_24700_PE_05_JUN_25.csv,2025-05-29T15:29:00+05:30,122.8,2025-05-30T09:16:00+05:30,137.4,-6760.00,100.00,-6860.00,
2025-05-30,TRADED,,2025-06-05,2025-06-02,2025-05-30T15:15:00+05:30,24736.65,24766.73,BELOW_SMA,24750,CE,NIFTY_24750_CE_05_JUN_25.csv,2025-05-30T15:29:00+05:30,222.8,2025-06-02T09:16:00+05:30,151.35,24950,NIFTY_24950_CE_05_JUN_25.csv,2025-05-30T15:29:00+05:30,135.0,2025-06-02T09:16:00+05:30,86.8,12512.50,100.00,12412.50,
2025-06-02,TRADED,,2025-06-05,2025-06-03,2025-06-02T15:15:00+05:30,24690.35,24658.64,ABOVE_SMA,24700,PE,NIFTY_24700_PE_05_JUN_25.csv,2025-06-02T15:29:00+05:30,213.35,2025-06-03T09:16:00+05:30,148.4,24500,NIFTY_24500_PE_05_JUN_25.csv,2025-06-02T15:29:00+05:30,127.15,2025-06-03T09:16:00+05:30,83.35,11147.50,100.00,11047.50,
2025-06-03,TRADED,,2025-06-05,2025-06-04,2025-06-03T15:15:00+05:30,24538.4,24598.05,BELOW_SMA,24550,CE,NIFTY_24550_CE_05_JUN_25.csv,2025-06-03T15:29:00+05:30,140.75,2025-06-04T09:16:00+05:30,157.1,24750,NIFTY_24750_CE_05_JUN_25.csv,2025-06-03T15:29:00+05:30,69.55,2025-06-04T09:16:00+05:30,75.0,-9685.00,100.00,-9785.00,
2025-06-04,TRADED,,2025-06-05,2025-06-05,2025-06-04T15:15:00+05:30,24612.0,24598.13,ABOVE_SMA,24600,PE,NIFTY_24600_PE_05_JUN_25.csv,2025-06-04T15:29:00+05:30,72.75,2025-06-05T09:16:00+05:30,32.4,24400,NIFTY_24400_PE_05_JUN_25.csv,2025-06-04T15:29:00+05:30,16.35,2025-06-05T09:16:00+05:30,6.8,17420.00,100.00,17320.00,
2025-06-05,TRADED,,2025-06-12,2025-06-06,2025-06-05T15:15:00+05:30,24761.1,24750.84,ABOVE_SMA,24750,PE,NIFTY_24750_PE_12_JUN_25.csv,2025-06-05T15:29:00+05:30,161.95,2025-06-06T09:16:00+05:30,182.25,24550,NIFTY_24550_PE_12_JUN_25.csv,2025-06-05T15:29:00+05:30,90.85,2025-06-06T09:16:00+05:30,103.45,-7605.00,100.00,-7705.00,
2025-06-06,TRADED,,2025-06-12,2025-06-09,2025-06-06T15:15:00+05:30,25000.3,24936.37,ABOVE_SMA,25000,PE,NIFTY_25000_PE_12_JUN_25.csv,2025-06-06T15:29:00+05:30,154.9,2025-06-09T09:16:00+05:30,108.4,24800,NIFTY_24800_PE_12_JUN_25.csv,2025-06-06T15:29:00+05:30,84.0,2025-06-09T09:16:00+05:30,53.4,7735.00,100.00,7635.00,
2025-06-09,TRADED,,2025-06-12,2025-06-10,2025-06-09T15:15:00+05:30,25103.1,25110.09,BELOW_SMA,25100,CE,NIFTY_25100_CE_12_JUN_25.csv,2025-06-09T15:29:00+05:30,138.3,2025-06-10T09:16:00+05:30,149.4,25300,NIFTY_25300_CE_12_JUN_25.csv,2025-06-09T15:29:00+05:30,59.8,2025-06-10T09:16:00+05:30,61.95,-8417.50,100.00,-8517.50,
2025-06-10,TRADED,,2025-06-12,2025-06-11,2025-06-10T15:15:00+05:30,25091.5,25124.96,BELOW_SMA,25100,CE,NIFTY_25100_CE_12_JUN_25.csv,2025-06-10T15:29:00+05:30,78.95,2025-06-11T09:16:00+05:30,72.2,25300,NIFTY_25300_CE_12_JUN_25.csv,2025-06-10T15:29:00+05:30,23.2,2025-06-11T09:16:00+05:30,18.85,-1040.00,100.00,-1140.00,
2025-06-11,TRADED,,2025-06-12,2025-06-12,2025-06-11T15:15:00+05:30,25126.8,25165.44,BELOW_SMA,25150,CE,NIFTY_25150_CE_12_JUN_25.csv,2025-06-11T15:29:00+05:30,58.5,2025-06-12T09:16:00+05:30,44.95,25350,NIFTY_25350_CE_12_JUN_25.csv,2025-06-11T15:29:00+05:30,13.9,2025-06-12T09:16:00+05:30,9.15,3120.00,100.00,3020.00,
2025-06-12,TRADED,,2025-06-19,2025-06-13,2025-06-12T15:15:00+05:30,24856.0,25004.30,BELOW_SMA,24850,CE,NIFTY_24850_CE_19_JUN_25.csv,2025-06-12T15:29:00+05:30,191.3,2025-06-13T09:16:00+05:30,92.55,25050,NIFTY_25050_CE_19_JUN_25.csv,2025-06-12T15:29:00+05:30,103.0,2025-06-13T09:16:00+05:30,46.15,24635.00,100.00,24535.00,
2025-06-13,TRADED,,2025-06-19,2025-06-16,2025-06-13T15:15:00+05:30,24735.55,24683.42,ABOVE_SMA,24750,PE,NIFTY_24750_PE_19_JUN_25.csv,2025-06-13T15:29:00+05:30,200.65,2025-06-16T09:16:00+05:30,141.1,24550,NIFTY_24550_PE_19_JUN_25.csv,2025-06-13T15:29:00+05:30,121.75,2025-06-16T09:16:00+05:30,74.7,5525.00,100.00,5425.00,
2025-06-16,TRADED,,2025-06-19,2025-06-17,2025-06-16T15:15:00+05:30,24940.95,24892.89,ABOVE_SMA,24950,PE,NIFTY_24950_PE_19_JUN_25.csv,2025-06-16T15:29:00+05:30,130.7,2025-06-17T09:16:00+05:30,137.95,24750,NIFTY_24750_PE_19_JUN_25.csv,2025-06-16T15:29:00+05:30,69.15,2025-06-17T09:16:00+05:30,67.05,-8677.50,100.00,-8777.50,
2025-06-17,TRADED,,2025-06-19,2025-06-18,2025-06-17T15:15:00+05:30,24841.5,24862.50,BELOW_SMA,24850,CE,NIFTY_24850_CE_19_JUN_25.csv,2025-06-17T15:29:00+05:30,98.8,2025-06-18T09:16:00+05:30,71.55,25050,NIFTY_25050_CE_19_JUN_25.csv,2025-06-17T15:29:00+05:30,30.9,2025-06-18T09:16:00+05:30,20.8,8547.50,100.00,8447.50,
2025-06-18,TRADED,,2025-06-19,2025-06-19,2025-06-18T15:15:00+05:30,24798.75,24823.27,BELOW_SMA,24800,CE,NIFTY_24800_CE_19_JUN_25.csv,2025-06-18T15:29:00+05:30,74.75,2025-06-19T09:16:00+05:30,42.35,25000,NIFTY_25000_CE_19_JUN_25.csv,2025-06-18T15:29:00+05:30,20.65,2025-06-19T09:16:00+05:30,11.1,12252.50,100.00,12152.50,
2025-06-19,TRADED,,2025-06-26,2025-06-20,2025-06-19T15:15:00+05:30,24744.7,24807.67,BELOW_SMA,24750,CE,NIFTY_24750_CE_26_JUN_25.csv,2025-06-19T15:29:00+05:30,205.5,2025-06-20T09:16:00+05:30,251.4,24950,NIFTY_24950_CE_26_JUN_25.csv,2025-06-19T15:29:00+05:30,109.95,2025-06-20T09:16:00+05:30,137.45,-14560.00,100.00,-14660.00,
2025-06-20,TRADED,,2025-06-26,2025-06-23,2025-06-20T15:15:00+05:30,25079.75,25007.03,ABOVE_SMA,25100,PE,NIFTY_25100_PE_26_JUN_25.csv,2025-06-20T15:29:00+05:30,157.7,2025-06-23T09:16:00+05:30,206.95,24900,NIFTY_24900_PE_26_JUN_25.csv,2025-06-20T15:29:00+05:30,88.2,2025-06-23T09:16:00+05:30,113.9,-17907.50,100.00,-18007.50,
2025-06-23,TRADED,,2025-06-26,2025-06-24,2025-06-23T15:15:00+05:30,24958.9,24950.38,ABOVE_SMA,24950,PE,NIFTY_24950_PE_26_JUN_25.csv,2025-06-23T15:29:00+05:30,117.8,2025-06-24T09:16:00+05:30,33.55,24750,NIFTY_24750_PE_26_JUN_25.csv,2025-06-23T15:29:00+05:30,60.1,2025-06-24T09:16:00+05:30,16.3,23692.50,100.00,23592.50,
2025-06-24,TRADED,,2025-06-26,2025-06-25,2025-06-24T15:15:00+05:30,25071.55,25173.15,BELOW_SMA,25050,CE,NIFTY_25050_CE_26_JUN_25.csv,2025-06-24T15:29:00+05:30,126.45,2025-06-25T09:16:00+05:30,150.4,25250,NIFTY_25250_CE_26_JUN_25.csv,2025-06-24T15:29:00+05:30,42.75,2025-06-25T09:16:00+05:30,50.1,-13390.00,100.00,-13490.00,
2025-06-25,TRADED,,2025-06-26,2025-06-26,2025-06-25T15:15:00+05:30,25236.35,25217.90,ABOVE_SMA,25250,PE,NIFTY_25250_PE_26_JUN_25.csv,2025-06-25T15:29:00+05:30,64.35,2025-06-26T09:16:00+05:30,35.05,25050,NIFTY_25050_PE_26_JUN_25.csv,2025-06-25T15:29:00+05:30,20.45,2025-06-26T09:16:00+05:30,9.2,9132.50,100.00,9032.50,
2025-06-26,TRADED,,2025-07-03,2025-06-27,2025-06-26T15:15:00+05:30,25530.4,25411.44,ABOVE_SMA,25550,PE,NIFTY_25550_PE_03_JUL_25.csv,2025-06-26T15:29:00+05:30,178.8,2025-06-27T09:16:00+05:30,127.35,25350,NIFTY_25350_PE_03_JUL_25.csv,2025-06-26T15:29:00+05:30,99.5,2025-06-27T09:16:00+05:30,67.75,10205.00,100.00,10105.00,
2025-06-27,TRADED,,2025-07-03,2025-06-30,2025-06-27T15:15:00+05:30,25632.45,25605.94,ABOVE_SMA,25650,PE,NIFTY_25650_PE_03_JUL_25.csv,2025-06-27T15:29:00+05:30,132.0,2025-06-30T09:16:00+05:30,123.75,25450,NIFTY_25450_PE_03_JUL_25.csv,2025-06-27T15:29:00+05:30,64.6,2025-06-30T09:16:00+05:30,57.5,-1852.50,100.00,-1952.50,
2025-06-30,TRADED,,2025-07-03,2025-07-01,2025-06-30T15:15:00+05:30,25507.45,25540.81,BELOW_SMA,25500,CE,NIFTY_25500_CE_03_JUL_25.csv,2025-06-30T15:29:00+05:30,142.4,2025-07-01T09:16:00+05:30,130.55,25700,NIFTY_25700_CE_03_JUL_25.csv,2025-06-30T15:29:00+05:30,60.85,2025-07-01T09:16:00+05:30,53.6,390.00,100.00,290.00,
2025-07-01,TRADED,,2025-07-03,2025-07-02,2025-07-01T15:15:00+05:30,25533.0,25537.07,BELOW_SMA,25550,CE,NIFTY_25550_CE_03_JUL_25.csv,2025-07-01T15:29:00+05:30,93.9,2025-07-02T09:16:00+05:30,101.05,25750,NIFTY_25750_CE_03_JUL_25.csv,2025-07-01T15:29:00+05:30,28.05,2025-07-02T09:16:00+05:30,26.4,-8320.00,100.00,-8420.00,
2025-07-02,TRADED,,2025-07-03,2025-07-03,2025-07-02T15:15:00+05:30,25442.85,25472.09,BELOW_SMA,25450,CE,NIFTY_25450_CE_03_JUL_25.csv,2025-07-02T15:29:00+05:30,65.35,2025-07-03T09:16:00+05:30,68.65,25650,NIFTY_25650_CE_03_JUL_25.csv,2025-07-02T15:29:00+05:30,15.1,2025-07-03T09:16:00+05:30,11.05,-7377.50,100.00,-7477.50,
2025-07-03,TRADED,,2025-07-10,2025-07-04,2025-07-03T15:15:00+05:30,25397.4,25498.29,BELOW_SMA,25400,CE,NIFTY_25400_CE_10_JUL_25.csv,2025-07-03T15:29:00+05:30,175.0,2025-07-04T09:16:00+05:30,179.45,25600,NIFTY_25600_CE_10_JUL_25.csv,2025-07-03T15:29:00+05:30,87.2,2025-07-04T09:16:00+05:30,87.8,-5102.50,100.00,-5202.50,
2025-07-04,TRADED,,2025-07-10,2025-07-07,2025-07-04T15:15:00+05:30,25467.8,25397.62,ABOVE_SMA,25450,PE,NIFTY_25450_PE_10_JUL_25.csv,2025-07-04T15:29:00+05:30,124.5,2025-07-07T09:16:00+05:30,140.9,25250,NIFTY_25250_PE_10_JUL_25.csv,2025-07-04T15:29:00+05:30,56.0,2025-07-07T09:16:00+05:30,62.0,-9360.00,100.00,-9460.00,
2025-07-07,TRADED,,2025-07-10,2025-07-08,2025-07-07T15:15:00+05:30,25454.95,25447.43,ABOVE_SMA,25450,PE,NIFTY_25450_PE_10_JUL_25.csv,2025-07-07T15:29:00+05:30,107.4,2025-07-08T09:16:00+05:30,107.1,25250,NIFTY_25250_PE_10_JUL_25.csv,2025-07-07T15:29:00+05:30,43.3,2025-07-08T09:16:00+05:30,39.95,-4582.50,100.00,-4682.50,
2025-07-08,TRADED,,2025-07-10,2025-07-09,2025-07-08T15:15:00+05:30,25523.1,25465.27,ABOVE_SMA,25500,PE,NIFTY_25500_PE_10_JUL_25.csv,2025-07-08T15:29:00+05:30,64.4,2025-07-09T09:16:00+05:30,65.65,25300,NIFTY_25300_PE_10_JUL_25.csv,2025-07-08T15:29:00+05:30,20.0,2025-07-09T09:16:00+05:30,16.8,-5492.50,100.00,-5592.50,
2025-07-09,TRADED,,2025-07-10,2025-07-10,2025-07-09T15:15:00+05:30,25464.65,25514.59,BELOW_SMA,25450,CE,NIFTY_25450_CE_10_JUL_25.csv,2025-07-09T15:29:00+05:30,84.55,2025-07-10T09:16:00+05:30,71.85,25650,NIFTY_25650_CE_10_JUL_25.csv,2025-07-09T15:29:00+05:30,17.9,2025-07-10T09:16:00+05:30,10.2,650.00,100.00,550.00,
2025-07-10,TRADED,,2025-07-17,2025-07-11,2025-07-10T15:15:00+05:30,25348.15,25393.26,BELOW_SMA,25350,CE,NIFTY_25350_CE_17_JUL_25.csv,2025-07-10T15:29:00+05:30,154.0,2025-07-11T09:16:00+05:30,101.35,25550,NIFTY_25550_CE_17_JUL_25.csv,2025-07-10T15:29:00+05:30,68.35,2025-07-11T09:16:00+05:30,40.1,13260.00,100.00,13160.00,
2025-07-11,TRADED,,2025-07-17,2025-07-14,2025-07-11T15:15:00+05:30,25140.55,25188.27,BELOW_SMA,25150,CE,NIFTY_25150_CE_17_JUL_25.csv,2025-07-11T15:29:00+05:30,137.6,2025-07-14T09:16:00+05:30,106.6,25350,NIFTY_25350_CE_17_JUL_25.csv,2025-07-11T15:29:00+05:30,57.25,2025-07-14T09:16:00+05:30,40.05,6370.00,100.00,6270.00,
2025-07-14,TRADED,,2025-07-17,2025-07-15,2025-07-14T15:15:00+05:30,25087.1,25064.73,ABOVE_SMA,25100,PE,NIFTY_25100_PE_17_JUL_25.csv,2025-07-14T15:29:00+05:30,86.55,2025-07-15T09:16:00+05:30,64.7,24900,NIFTY_24900_PE_17_JUL_25.csv,2025-07-14T15:29:00+05:30,30.7,2025-07-15T09:16:00+05:30,21.9,5882.50,100.00,5782.50,
2025-07-15,TRADED,,2025-07-17,2025-07-16,2025-07-15T15:15:00+05:30,25219.65,25182.01,ABOVE_SMA,25200,PE,NIFTY_25200_PE_17_JUL_25.csv,2025-07-15T15:29:00+05:30,52.0,2025-07-16T09:16:00+05:30,73.45,25000,NIFTY_25000_PE_17_JUL_25.csv,2025-07-15T15:29:00+05:30,13.85,2025-07-16T09:16:00+05:30,16.4,-14885.00,100.00,-14985.00,
2025-07-16,TRADED,,2025-07-17,2025-07-17,2025-07-16T15:15:00+05:30,25198.55,25184.42,ABOVE_SMA,25200,PE,NIFTY_25200_PE_17_JUL_25.csv,2025-07-16T15:29:00+05:30,43.0,2025-07-17T09:16:00+05:30,30.05,25000,NIFTY_25000_PE_17_JUL_25.csv,2025-07-16T15:29:00+05:30,8.95,2025-07-17T09:16:00+05:30,4.4,2860.00,100.00,2760.00,
2025-07-17,TRADED,,2025-07-24,2025-07-18,2025-07-17T15:15:00+05:30,25109.5,25166.27,BELOW_SMA,25100,CE,NIFTY_25100_CE_24_JUL_25.csv,2025-07-17T15:29:00+05:30,158.6,2025-07-18T09:16:00+05:30,148.6,25300,NIFTY_25300_CE_24_JUL_25.csv,2025-07-17T15:29:00+05:30,68.25,2025-07-18T09:16:00+05:30,60.6,-1072.50,100.00,-1172.50,
2025-07-18,TRADED,,2025-07-24,2025-07-21,2025-07-18T15:15:00+05:30,24967.45,24968.53,BELOW_SMA,24950,CE,NIFTY_24950_CE_24_JUL_25.csv,2025-07-18T15:29:00+05:30,163.95,2025-07-21T09:16:00+05:30,126.15,25150,NIFTY_25150_CE_24_JUL_25.csv,2025-07-18T15:29:00+05:30,72.25,2025-07-21T09:16:00+05:30,49.5,7182.50,100.00,7082.50,
2025-07-21,TRADED,,2025-07-24,2025-07-22,2025-07-21T15:15:00+05:30,25093.3,25035.60,ABOVE_SMA,25100,PE,NIFTY_25100_PE_24_JUL_25.csv,2025-07-21T15:29:00+05:30,82.9,2025-07-22T09:16:00+05:30,55.15,24900,NIFTY_24900_PE_24_JUL_25.csv,2025-07-21T15:29:00+05:30,27.95,2025-07-22T09:16:00+05:30,17.15,8417.50,100.00,8317.50,
2025-07-22,TRADED,,2025-07-24,2025-07-23,2025-07-22T15:15:00+05:30,25064.9,25086.08,BELOW_SMA,25050,CE,NIFTY_25050_CE_24_JUL_25.csv,2025-07-22T15:29:00+05:30,85.1,2025-07-23T09:16:00+05:30,113.5,25250,NIFTY_25250_CE_24_JUL_25.csv,2025-07-22T15:29:00+05:30,18.5,2025-07-23T09:16:00+05:30,23.3,-17940.00,100.00,-18040.00,
2025-07-23,TRADED,,2025-07-24,2025-07-24,2025-07-23T15:15:00+05:30,25209.2,25156.61,ABOVE_SMA,25200,PE,NIFTY_25200_PE_24_JUL_25.csv,2025-07-23T15:29:00+05:30,36.45,2025-07-24T09:16:00+05:30,29.55,25000,NIFTY_25000_PE_24_JUL_25.csv,2025-07-23T15:29:00+05:30,7.5,2025-07-24T09:16:00+05:30,3.9,-455.00,100.00,-555.00,
2025-07-24,TRADED,,2025-07-31,2025-07-25,2025-07-24T15:15:00+05:30,25051.9,25103.21,BELOW_SMA,25050,CE,NIFTY_25050_CE_31_JUL_25.csv,2025-07-24T15:29:00+05:30,143.1,2025-07-25T09:16:00+05:30,87.4,25250,NIFTY_25250_CE_31_JUL_25.csv,2025-07-24T15:29:00+05:30,58.9,2025-07-25T09:16:00+05:30,33.5,17095.00,100.00,16995.00,
2025-07-25,TRADED,,2025-07-31,2025-07-28,2025-07-25T15:15:00+05:30,24832.2,24867.58,BELOW_SMA,24850,CE,NIFTY_24850_CE_31_JUL_25.csv,2025-07-25T15:29:00+05:30,122.25,2025-07-28T09:16:00+05:30,80.9,25050,NIFTY_25050_CE_31_JUL_25.csv,2025-07-25T15:29:00+05:30,52.2,2025-07-28T09:16:00+05:30,31.35,10725.00,100.00,10625.00,
2025-07-28,TRADED,,2025-07-31,2025-07-29,2025-07-28T15:15:00+05:30,24673.95,24756.14,BELOW_SMA,24650,CE,NIFTY_24650_CE_31_JUL_25.csv,2025-07-28T15:29:00+05:30,139.05,2025-07-29T09:16:00+05:30,110.4,24850,NIFTY_24850_CE_31_JUL_25.csv,2025-07-28T15:29:00+05:30,55.0,2025-07-29T09:16:00+05:30,40.35,6500.00,100.00,6400.00,
2025-07-29,TRADED,,2025-07-31,2025-07-30,2025-07-29T15:15:00+05:30,24830.4,24721.43,ABOVE_SMA,24850,PE,NIFTY_24850_PE_31_JUL_25.csv,2025-07-29T15:29:00+05:30,77.7,2025-07-30T09:16:00+05:30,88.2,24650,NIFTY_24650_PE_31_JUL_25.csv,2025-07-29T15:29:00+05:30,20.35,2025-07-30T09:16:00+05:30,20.9,-9067.50,100.00,-9167.50,
2025-07-30,TRADED,,2025-07-31,2025-07-31,2025-07-30T15:15:00+05:30,24844.55,24853.34,BELOW_SMA,24850,CE,NIFTY_24850_CE_31_JUL_25.csv,2025-07-30T15:29:00+05:30,65.45,2025-07-31T09:16:00+05:30,13.5,25050,NIFTY_25050_CE_31_JUL_25.csv,2025-07-30T15:29:00+05:30,12.4,2025-07-31T09:16:00+05:30,3.35,25285.00,100.00,25185.00,
2025-07-31,TRADED,,2025-08-07,2025-08-01,2025-07-31T15:15:00+05:30,24765.6,24804.71,BELOW_SMA,24750,CE,NIFTY_24750_CE_07_AUG_25.csv,2025-07-31T15:29:00+05:30,178.55,2025-08-01T09:16:00+05:30,133.7,24950,NIFTY_24950_CE_07_AUG_25.csv,2025-07-31T15:29:00+05:30,85.0,2025-08-01T09:16:00+05:30,60.5,10627.50,100.00,10527.50,
2025-08-01,TRADED,,2025-08-07,2025-08-04,2025-08-01T15:15:00+05:30,24572.15,24668.28,BELOW_SMA,24550,CE,NIFTY_24550_CE_07_AUG_25.csv,2025-08-01T15:29:00+05:30,158.8,2025-08-04T09:16:00+05:30,179.2,24750,NIFTY_24750_CE_07_AUG_25.csv,2025-08-01T15:29:00+05:30,75.2,2025-08-04T09:16:00+05:30,83.3,-10595.00,100.00,-10695.00,
2025-08-04,TRADED,,2025-08-07,2025-08-05,2025-08-04T15:15:00+05:30,24726.9,24677.03,ABOVE_SMA,24750,PE,NIFTY_24750_PE_07_AUG_25.csv,2025-08-04T15:29:00+05:30,118.75,2025-08-05T09:16:00+05:30,128.2,24550,NIFTY_24550_PE_07_AUG_25.csv,2025-08-04T15:29:00+05:30,49.3,2025-08-05T09:16:00+05:30,50.3,-8092.50,100.00,-8192.50,
2025-08-05,TRADED,,2025-08-07,2025-08-06,2025-08-05T15:15:00+05:30,24649.5,24631.21,ABOVE_SMA,24650,PE,NIFTY_24650_PE_07_AUG_25.csv,2025-08-05T15:29:00+05:30,84.35,2025-08-06T09:16:00+05:30,88.55,24450,NIFTY_24450_PE_07_AUG_25.csv,2025-08-05T15:29:00+05:30,24.85,2025-08-06T09:16:00+05:30,25.75,-4745.00,100.00,-4845.00,
2025-08-06,TRADED,,2025-08-07,2025-08-07,2025-08-06T15:15:00+05:30,24569.6,24591.81,BELOW_SMA,24550,CE,NIFTY_24550_CE_07_AUG_25.csv,2025-08-06T15:29:00+05:30,88.9,2025-08-07T09:16:00+05:30,38.4,24750,NIFTY_24750_CE_07_AUG_25.csv,2025-08-06T15:29:00+05:30,20.4,2025-08-07T09:16:00+05:30,6.6,21255.00,100.00,21155.00,
2025-08-07,TRADED,,2025-08-14,2025-08-08,2025-08-07T15:15:00+05:30,24626.65,24457.54,ABOVE_SMA,24650,PE,NIFTY_24650_PE_14_AUG_25.csv,2025-08-07T15:29:00+05:30,124.9,2025-08-08T09:16:00+05:30,153.2,24450,NIFTY_24450_PE_14_AUG_25.csv,2025-08-07T15:29:00+05:30,56.3,2025-08-08T09:16:00+05:30,69.0,-12740.00,100.00,-12840.00,
2025-08-08,TRADED,,2025-08-14,2025-08-11,2025-08-08T15:15:00+05:30,24350.85,24433.97,BELOW_SMA,24350,CE,NIFTY_24350_CE_14_AUG_25.csv,2025-08-08T15:29:00+05:30,157.85,2025-08-11T09:16:00+05:30,140.5,24550,NIFTY_24550_CE_14_AUG_25.csv,2025-08-08T15:29:00+05:30,70.45,2025-08-11T09:16:00+05:30,59.35,1462.50,100.00,1362.50,
2025-08-11,TRADED,,2025-08-14,2025-08-12,2025-08-11T15:15:00+05:30,24562.15,24474.58,ABOVE_SMA,24550,PE,NIFTY_24550_PE_14_AUG_25.csv,2025-08-11T15:29:00+05:30,94.0,2025-08-12T09:16:00+05:30,90.75,24350,NIFTY_24350_PE_14_AUG_25.csv,2025-08-11T15:29:00+05:30,35.65,2025-08-12T09:16:00+05:30,30.75,-3672.50,100.00,-3772.50,
2025-08-12,TRADED,,2025-08-14,2025-08-13,2025-08-12T15:15:00+05:30,24485.85,24576.88,BELOW_SMA,24500,CE,NIFTY_24500_CE_14_AUG_25.csv,2025-08-12T15:29:00+05:30,82.0,2025-08-13T09:16:00+05:30,134.4,24700,NIFTY_24700_CE_14_AUG_25.csv,2025-08-12T15:29:00+05:30,20.55,2025-08-13T09:16:00+05:30,36.15,-26520.00,100.00,-26620.00,
2025-08-13,TRADED,,2025-08-14,2025-08-14,2025-08-13T15:15:00+05:30,24630.4,24603.25,ABOVE_SMA,24650,PE,NIFTY_24650_PE_14_AUG_25.csv,2025-08-13T15:29:00+05:30,59.2,2025-08-14T09:16:00+05:30,57.15,24450,NIFTY_24450_PE_14_AUG_25.csv,2025-08-13T15:29:00+05:30,11.4,2025-08-14T09:16:00+05:30,7.95,-3510.00,100.00,-3610.00,
2025-08-14,TRADED,,2025-08-21,2025-08-18,2025-08-14T15:15:00+05:30,24616.05,24639.56,BELOW_SMA,24600,CE,NIFTY_24600_CE_21_AUG_25.csv,2025-08-14T15:29:00+05:30,170.95,2025-08-18T09:16:00+05:30,383.45,24800,NIFTY_24800_CE_21_AUG_25.csv,2025-08-14T15:29:00+05:30,79.8,2025-08-18T09:16:00+05:30,226.9,-45110.00,100.00,-45210.00,
2025-08-18,TRADED,,2025-08-21,2025-08-19,2025-08-18T15:15:00+05:30,24884.05,24937.15,BELOW_SMA,24900,CE,NIFTY_24900_CE_21_AUG_25.csv,2025-08-18T15:29:00+05:30,127.95,2025-08-19T09:16:00+05:30,102.3,25100,NIFTY_25100_CE_21_AUG_25.csv,2025-08-18T15:29:00+05:30,45.85,2025-08-19T09:16:00+05:30,31.65,4842.50,100.00,4742.50,
2025-08-19,TRADED,,2025-08-21,2025-08-20,2025-08-19T15:15:00+05:30,24989.7,24953.05,ABOVE_SMA,25000,PE,NIFTY_25000_PE_21_AUG_25.csv,2025-08-19T15:29:00+05:30,72.7,2025-08-20T09:16:00+05:30,97.35,24800,NIFTY_24800_PE_21_AUG_25.csv,2025-08-19T15:29:00+05:30,18.55,2025-08-20T09:16:00+05:30,23.2,-15600.00,100.00,-15700.00,
2025-08-20,TRADED,,2025-08-21,2025-08-21,2025-08-20T15:15:00+05:30,25047.15,25030.09,ABOVE_SMA,25050,PE,NIFTY_25050_PE_21_AUG_25.csv,2025-08-20T15:29:00+05:30,55.15,2025-08-21T09:16:00+05:30,31.0,24850,NIFTY_24850_PE_21_AUG_25.csv,2025-08-20T15:29:00+05:30,11.45,2025-08-21T09:16:00+05:30,4.3,8450.00,100.00,8350.00,
2025-08-21,TRADED,,2025-08-28,2025-08-22,2025-08-21T15:15:00+05:30,25076.95,25108.29,BELOW_SMA,25100,CE,NIFTY_25100_CE_28_AUG_25.csv,2025-08-21T15:29:00+05:30,128.4,2025-08-22T09:16:00+05:30,95.15,25300,NIFTY_25300_CE_28_AUG_25.csv,2025-08-21T15:29:00+05:30,48.2,2025-08-22T09:16:00+05:30,32.25,8645.00,100.00,8545.00,
2025-08-22,TRADED,,2025-08-28,2025-08-25,2025-08-22T15:15:00+05:30,24869.45,24925.55,BELOW_SMA,24850,CE,NIFTY_24850_CE_28_AUG_25.csv,2025-08-22T15:29:00+05:30,141.0,2025-08-25T09:16:00+05:30,152.95,25050,NIFTY_25050_CE_28_AUG_25.csv,2025-08-22T15:29:00+05:30,56.4,2025-08-25T09:16:00+05:30,55.55,-10920.00,100.00,-11020.00,
2025-08-25,TRADED,,2025-08-28,2025-08-26,2025-08-25T15:15:00+05:30,24978.55,24966.02,ABOVE_SMA,25000,PE,NIFTY_25000_PE_28_AUG_25.csv,2025-08-25T15:29:00+05:30,76.85,2025-08-26T09:16:00+05:30,119.6,24800,NIFTY_24800_PE_28_AUG_25.csv,2025-08-25T15:29:00+05:30,19.65,2025-08-26T09:16:00+05:30,30.15,-23562.50,100.00,-23662.50,
2025-08-26,TRADED,,2025-08-28,2025-08-28,2025-08-26T15:15:00+05:30,24710.7,24786.84,BELOW_SMA,24700,CE,NIFTY_24700_CE_28_AUG_25.csv,2025-08-26T15:29:00+05:30,86.0,2025-08-28T09:16:00+05:30,24.55,24900,NIFTY_24900_CE_28_AUG_25.csv,2025-08-26T15:29:00+05:30,22.6,2025-08-28T09:16:00+05:30,5.45,26195.00,100.00,26095.00,
2025-08-28,TRADED,,2025-09-02,2025-08-29,2025-08-28T15:15:00+05:30,24533.1,24580.83,BELOW_SMA,24550,CE,NIFTY_24550_CE_02_SEP_25.csv,2025-08-28T15:29:00+05:30,114.5,2025-08-29T09:16:00+05:30,129.85,24750,NIFTY_24750_CE_02_SEP_25.csv,2025-08-28T15:29:00+05:30,39.95,2025-08-29T09:16:00+05:30,44.9,-9360.00,100.00,-9460.00,
2025-08-29,TRADED,,2025-09-02,2025-09-01,2025-08-29T15:15:00+05:30,24433.65,24509.28,BELOW_SMA,24450,CE,NIFTY_24450_CE_02_SEP_25.csv,2025-08-29T15:29:00+05:30,97.65,2025-09-01T09:16:00+05:30,136.35,24650,NIFTY_24650_CE_02_SEP_25.csv,2025-08-29T15:29:00+05:30,28.9,2025-09-01T09:16:00+05:30,36.3,-22945.00,100.00,-23045.00,
2025-09-01,TRADED,,2025-09-02,2025-09-02,2025-09-01T15:15:00+05:30,24624.3,24569.60,ABOVE_SMA,24600,PE,NIFTY_24600_PE_02_SEP_25.csv,2025-09-01T15:29:00+05:30,34.0,2025-09-02T09:16:00+05:30,18.4,24400,NIFTY_24400_PE_02_SEP_25.csv,2025-09-01T15:29:00+05:30,7.2,2025-09-02T09:16:00+05:30,2.65,4582.50,100.00,4482.50,
2025-09-02,TRADED,,2025-09-09,2025-09-03,2025-09-02T15:15:00+05:30,24575.0,24677.96,BELOW_SMA,24600,CE,NIFTY_24600_CE_09_SEP_25.csv,2025-09-02T15:29:00+05:30,136.25,2025-09-03T09:16:00+05:30,134.3,24800,NIFTY_24800_CE_09_SEP_25.csv,2025-09-02T15:29:00+05:30,55.75,2025-09-03T09:16:00+05:30,54.3,-2275.00,100.00,-2375.00,
2025-09-03,TRADED,,2025-09-09,2025-09-04,2025-09-03T15:15:00+05:30,24713.6,24620.43,ABOVE_SMA,24700,PE,NIFTY_24700_PE_09_SEP_25.csv,2025-09-03T15:29:00+05:30,94.05,2025-09-04T09:16:00+05:30,43.65,24500,NIFTY_24500_PE_09_SEP_25.csv,2025-09-03T15:29:00+05:30,37.85,2025-09-04T09:16:00+05:30,17.2,16737.50,100.00,16637.50,
2025-09-04,TRADED,,2025-09-09,2025-09-05,2025-09-04T15:15:00+05:30,24739.8,24807.21,BELOW_SMA,24750,CE,NIFTY_24750_CE_09_SEP_25.csv,2025-09-04T15:29:00+05:30,102.35,2025-09-05T09:16:00+05:30,127.25,24950,NIFTY_24950_CE_09_SEP_25.csv,2025-09-04T15:29:00+05:30,32.5,2025-09-05T09:16:00+05:30,38.5,-14885.00,100.00,-14985.00,
2025-09-05,TRADED,,2025-09-09,2025-09-08,2025-09-05T15:15:00+05:30,24743.95,24709.83,ABOVE_SMA,24750,PE,NIFTY_24750_PE_09_SEP_25.csv,2025-09-05T15:29:00+05:30,70.6,2025-09-08T09:16:00+05:30,42.2,24550,NIFTY_24550_PE_09_SEP_25.csv,2025-09-05T15:29:00+05:30,20.4,2025-09-08T09:16:00+05:30,11.15,9847.50,100.00,9747.50,
2025-09-08,TRADED,,2025-09-09,2025-09-09,2025-09-08T15:15:00+05:30,24791.2,24825.36,BELOW_SMA,24800,CE,NIFTY_24800_CE_09_SEP_25.csv,2025-09-08T15:29:00+05:30,59.2,2025-09-09T09:16:00+05:30,88.2,25000,NIFTY_25000_CE_09_SEP_25.csv,2025-09-08T15:29:00+05:30,8.3,2025-09-09T09:16:00+05:30,11.35,-19467.50,100.00,-19567.50,
2025-09-09,TRADED,,2025-09-16,2025-09-10,2025-09-09T15:15:00+05:30,24878.8,24850.16,ABOVE_SMA,24900,PE,NIFTY_24900_PE_16_SEP_25.csv,2025-09-09T15:29:00+05:30,120.45,2025-09-10T09:16:00+05:30,85.0,24700,NIFTY_24700_PE_16_SEP_25.csv,2025-09-09T15:29:00+05:30,51.75,2025-09-10T09:16:00+05:30,34.0,8905.00,100.00,8805.00,
2025-09-10,TRADED,,2025-09-16,2025-09-11,2025-09-10T15:15:00+05:30,24977.55,24981.44,BELOW_SMA,25000,CE,NIFTY_25000_CE_16_SEP_25.csv,2025-09-10T15:29:00+05:30,122.0,2025-09-11T09:16:00+05:30,105.2,25200,NIFTY_25200_CE_16_SEP_25.csv,2025-09-10T15:29:00+05:30,41.95,2025-09-11T09:16:00+05:30,33.2,2632.50,100.00,2532.50,
2025-09-11,TRADED,,2025-09-16,2025-09-12,2025-09-11T15:15:00+05:30,25008.1,24994.45,ABOVE_SMA,25000,PE,NIFTY_25000_PE_16_SEP_25.csv,2025-09-11T15:29:00+05:30,69.85,2025-09-12T09:16:00+05:30,44.4,24800,NIFTY_24800_PE_16_SEP_25.csv,2025-09-11T15:29:00+05:30,23.25,2025-09-12T09:16:00+05:30,12.7,7085.00,100.00,6985.00,
2025-09-12,TRADED,,2025-09-16,2025-09-15,2025-09-12T15:15:00+05:30,25107.7,25102.96,ABOVE_SMA,25100,PE,NIFTY_25100_PE_16_SEP_25.csv,2025-09-12T15:29:00+05:30,55.25,2025-09-15T09:16:00+05:30,53.05,24900,NIFTY_24900_PE_16_SEP_25.csv,2025-09-12T15:29:00+05:30,16.4,2025-09-15T09:16:00+05:30,11.05,-4647.50,100.00,-4747.50,
2025-09-15,TRADED,,2025-09-16,2025-09-16,2025-09-15T15:15:00+05:30,25069.7,25088.68,BELOW_SMA,25050,CE,NIFTY_25050_CE_16_SEP_25.csv,2025-09-15T15:29:00+05:30,77.25,2025-09-16T09:16:00+05:30,67.2,25250,NIFTY_25250_CE_16_SEP_25.csv,2025-09-15T15:29:00+05:30,7.85,2025-09-16T09:16:00+05:30,4.75,1917.50,100.00,1817.50,
2025-09-16,TRADED,,2025-09-23,2025-09-17,2025-09-16T15:15:00+05:30,25254.45,25179.79,ABOVE_SMA,25250,PE,NIFTY_25250_PE_23_SEP_25.csv,2025-09-16T15:29:00+05:30,95.3,2025-09-17T09:16:00+05:30,70.85,25050,NIFTY_25050_PE_23_SEP_25.csv,2025-09-16T15:29:00+05:30,40.5,2025-09-17T09:16:00+05:30,28.15,5265.00,100.00,5165.00,
2025-09-17,TRADED,,2025-09-23,2025-09-18,2025-09-17T15:15:00+05:30,25330.15,25323.42,ABOVE_SMA,25350,PE,NIFTY_25350_PE_23_SEP_25.csv,2025-09-17T15:29:00+05:30,92.85,2025-09-18T09:16:00+05:30,52.2,25150,NIFTY_25150_PE_23_SEP_25.csv,2025-09-17T15:29:00+05:30,35.95,2025-09-18T09:16:00+05:30,17.6,11895.00,100.00,11795.00,
2025-09-18,TRADED,,2025-09-23,2025-09-19,2025-09-18T15:15:00+05:30,25420.75,25400.86,ABOVE_SMA,25400,PE,NIFTY_25400_PE_23_SEP_25.csv,2025-09-18T15:29:00+05:30,51.6,2025-09-19T09:16:00+05:30,67.0,25200,NIFTY_25200_PE_23_SEP_25.csv,2025-09-18T15:29:00+05:30,15.3,2025-09-19T09:16:00+05:30,16.7,-11700.00,100.00,-11800.00,
2025-09-19,TRADED,,2025-09-23,2025-09-22,2025-09-19T15:15:00+05:30,25352.5,25326.67,ABOVE_SMA,25350,PE,NIFTY_25350_PE_23_SEP_25.csv,2025-09-19T15:29:00+05:30,53.0,2025-09-22T09:16:00+05:30,105.5,25150,NIFTY_25150_PE_23_SEP_25.csv,2025-09-19T15:29:00+05:30,12.65,2025-09-22T09:16:00+05:30,24.0,-29347.50,100.00,-29447.50,
2025-09-22,TRADED,,2025-09-23,2025-09-23,2025-09-22T15:15:00+05:30,25200.2,25276.56,BELOW_SMA,25200,CE,NIFTY_25200_CE_23_SEP_25.csv,2025-09-22T15:29:00+05:30,69.45,2025-09-23T09:16:00+05:30,72.2,25400,NIFTY_25400_CE_23_SEP_25.csv,2025-09-22T15:29:00+05:30,11.1,2025-09-23T09:16:00+05:30,7.9,-6467.50,100.00,-6567.50,
2025-09-23,SKIPPED,missing_entry_or_exit_timestamp,2025-09-30,2025-09-24,2025-09-23T15:15:00+05:30,25185.8,25164.55,ABOVE_SMA,25200,PE,NIFTY_25200_PE_30_SEP_25.csv,2025-09-23T15:29:00+05:30,,2025-09-24T09:16:00+05:30,,25000,NIFTY_25000_PE_30_SEP_25.csv,2025-09-23T15:29:00+05:30,,2025-09-24T09:16:00+05:30,,0.00,0.00,0.00,NIFTY_25000_PE_30_SEP_25.csv missing entry timestamp 2025-09-23T15:29:00+05:30; NIFTY_25000_PE_30_SEP_25.csv missing exit timestamp 2025-09-24T09:16:00+05:30
2025-09-24,TRADED,,2025-09-30,2025-09-25,2025-09-24T15:15:00+05:30,25060.9,25086.07,BELOW_SMA,25050,CE,NIFTY_25050_CE_30_SEP_25.csv,2025-09-24T15:29:00+05:30,141.2,2025-09-25T09:16:00+05:30,98.65,25250,NIFTY_25250_CE_30_SEP_25.csv,2025-09-24T15:29:00+05:30,50.0,2025-09-25T09:16:00+05:30,31.2,12837.50,100.00,12737.50,
2025-09-25,TRADED,,2025-09-30,2025-09-26,2025-09-25T15:15:00+05:30,24904.55,24988.58,BELOW_SMA,24900,CE,NIFTY_24900_CE_30_SEP_25.csv,2025-09-25T15:29:00+05:30,132.05,2025-09-26T09:16:00+05:30,81.65,25100,NIFTY_25100_CE_30_SEP_25.csv,2025-09-25T15:29:00+05:30,43.8,2025-09-26T09:16:00+05:30,24.05,17322.50,100.00,17222.50,
2025-09-26,TRADED,,2025-09-30,2025-09-29,2025-09-26T15:15:00+05:30,24673.1,24739.79,BELOW_SMA,24650,CE,NIFTY_24650_CE_30_SEP_25.csv,2025-09-26T15:29:00+05:30,112.2,2025-09-29T09:16:00+05:30,144.5,24850,NIFTY_24850_CE_30_SEP_25.csv,2025-09-26T15:29:00+05:30,33.1,2025-09-29T09:16:00+05:30,36.9,-21125.00,100.00,-21225.00,
2025-09-29,TRADED,,2025-09-30,2025-09-30,2025-09-29T15:15:00+05:30,24677.55,24701.98,BELOW_SMA,24700,CE,NIFTY_24700_CE_30_SEP_25.csv,2025-09-29T15:29:00+05:30,47.6,2025-09-30T09:16:00+05:30,60.65,24900,NIFTY_24900_CE_30_SEP_25.csv,2025-09-29T15:29:00+05:30,8.9,2025-09-30T09:16:00+05:30,7.7,-11862.50,100.00,-11962.50,
2025-09-30,TRADED,,2025-10-07,2025-10-01,2025-09-30T15:15:00+05:30,24633.6,24642.45,BELOW_SMA,24650,CE,NIFTY_24650_CE_07_OCT_25.csv,2025-09-30T15:29:00+05:30,149.7,2025-10-01T09:16:00+05:30,131.7,24850,NIFTY_24850_CE_07_OCT_25.csv,2025-09-30T15:29:00+05:30,59.25,2025-10-01T09:16:00+05:30,50.5,3412.50,100.00,3312.50,
2025-10-01,TRADED,,2025-10-07,2025-10-03,2025-10-01T15:15:00+05:30,24853.4,24755.01,ABOVE_SMA,24850,PE,NIFTY_24850_PE_07_OCT_25.csv,2025-10-01T15:29:00+05:30,80.7,2025-10-03T09:16:00+05:30,96.4,24650,NIFTY_24650_PE_07_OCT_25.csv,2025-10-01T15:29:00+05:30,28.55,2025-10-03T09:16:00+05:30,31.8,-10692.50,100.00,-10792.50,
2025-10-03,TRADED,,2025-10-07,2025-10-06,2025-10-03T15:15:00+05:30,24895.0,24827.37,ABOVE_SMA,24900,PE,NIFTY_24900_PE_07_OCT_25.csv,2025-10-03T15:29:00+05:30,58.25,2025-10-06T09:16:00+05:30,52.55,24700,NIFTY_24700_PE_07_OCT_25.csv,2025-10-03T15:29:00+05:30,16.7,2025-10-06T09:16:00+05:30,10.15,-3152.50,100.00,-3252.50,
2025-10-06,TRADED,,2025-10-07,2025-10-07,2025-10-06T15:15:00+05:30,25072.55,25018.13,ABOVE_SMA,25050,PE,NIFTY_25050_PE_07_OCT_25.csv,2025-10-06T15:29:00+05:30,30.6,2025-10-07T09:16:00+05:30,19.8,24850,NIFTY_24850_PE_07_OCT_25.csv,2025-10-06T15:29:00+05:30,6.8,2025-10-07T09:16:00+05:30,3.45,2242.50,100.00,2142.50,
2025-10-07,TRADED,,2025-10-14,2025-10-08,2025-10-07T15:15:00+05:30,25112.8,25158.57,BELOW_SMA,25100,CE,NIFTY_25100_CE_14_OCT_25.csv,2025-10-07T15:29:00+05:30,148.85,2025-10-08T09:16:00+05:30,128.1,25300,NIFTY_25300_CE_14_OCT_25.csv,2025-10-07T15:29:00+05:30,54.45,2025-10-08T09:16:00+05:30,43.55,3802.50,100.00,3702.50,
2025-10-08,TRADED,,2025-10-14,2025-10-09,2025-10-08T15:15:00+05:30,25023.8,25085.89,BELOW_SMA,25000,CE,NIFTY_25000_CE_14_OCT_25.csv,2025-10-08T15:29:00+05:30,134.9,2025-10-09T09:16:00+05:30,156.1,25200,NIFTY_25200_CE_14_OCT_25.csv,2025-10-08T15:29:00+05:30,48.5,2025-10-09T09:16:00+05:30,54.7,-12350.00,100.00,-12450.00,
2025-10-09,TRADED,,2025-10-14,2025-10-10,2025-10-09T15:15:00+05:30,25170.3,25129.69,ABOVE_SMA,25150,PE,NIFTY_25150_PE_14_OCT_25.csv,2025-10-09T15:29:00+05:30,58.05,2025-10-10T09:16:00+05:30,53.85,24950,NIFTY_24950_PE_14_OCT_25.csv,2025-10-09T15:29:00+05:30,16.5,2025-10-10T09:16:00+05:30,15.25,-682.50,100.00,-782.50,
2025-10-10,TRADED,,2025-10-14,2025-10-13,2025-10-10T15:15:00+05:30,25278.2,25288.78,BELOW_SMA,25300,CE,NIFTY_25300_CE_14_OCT_25.csv,2025-10-10T15:29:00+05:30,96.5,2025-10-13T09:16:00+05:30,46.65,25500,NIFTY_25500_CE_14_OCT_25.csv,2025-10-10T15:29:00+05:30,16.8,2025-10-13T09:16:00+05:30,7.45,23725.00,100.00,23625.00,
2025-10-13,TRADED,,2025-10-14,2025-10-14,2025-10-13T15:15:00+05:30,25237.15,25206.24,ABOVE_SMA,25250,PE,NIFTY_25250_PE_14_OCT_25.csv,2025-10-13T15:29:00+05:30,53.95,2025-10-14T09:16:00+05:30,31.8,25050,NIFTY_25050_PE_14_OCT_25.csv,2025-10-13T15:29:00+05:30,11.3,2025-10-14T09:16:00+05:30,4.8,7572.50,100.00,7472.50,
2025-10-14,TRADED,,2025-10-20,2025-10-15,2025-10-14T15:15:00+05:30,25123.35,25155.02,BELOW_SMA,25100,CE,NIFTY_25100_CE_20_OCT_25.csv,2025-10-14T15:29:00+05:30,170.0,2025-10-15T09:16:00+05:30,245.35,25300,NIFTY_25300_CE_20_OCT_25.csv,2025-10-14T15:29:00+05:30,76.55,2025-10-15T09:16:00+05:30,113.2,-27755.00,100.00,-27855.00,
2025-10-15,TRADED,,2025-10-20,2025-10-16,2025-10-15T15:15:00+05:30,25327.75,25304.76,ABOVE_SMA,25350,PE,NIFTY_25350_PE_20_OCT_25.csv,2025-10-15T15:29:00+05:30,84.4,2025-10-16T09:16:00+05:30,52.9,25150,NIFTY_25150_PE_20_OCT_25.csv,2025-10-15T15:29:00+05:30,36.0,2025-10-16T09:16:00+05:30,21.8,8645.00,100.00,8545.00,
2025-10-16,TRADED,,2025-10-20,2025-10-17,2025-10-16T15:15:00+05:30,25566.3,25500.89,ABOVE_SMA,25550,PE,NIFTY_25550_PE_20_OCT_25.csv,2025-10-16T15:29:00+05:30,73.95,2025-10-17T09:16:00+05:30,86.85,25350,NIFTY_25350_PE_20_OCT_25.csv,2025-10-16T15:29:00+05:30,26.85,2025-10-17T09:16:00+05:30,29.6,-9197.50,100.00,-9297.50,
2025-10-17,TRADED,,2025-10-20,2025-10-20,2025-10-17T15:15:00+05:30,25704.7,25700.58,ABOVE_SMA,25700,PE,NIFTY_25700_PE_20_OCT_25.csv,2025-10-17T15:29:00+05:30,71.05,2025-10-20T09:16:00+05:30,7.65,25500,NIFTY_25500_PE_20_OCT_25.csv,2025-10-17T15:29:00+05:30,23.0,2025-10-20T09:16:00+05:30,3.4,25870.00,100.00,25770.00,
2025-10-20,SKIPPED,missing_entry_or_exit_timestamp,2025-10-28,2025-10-21,2025-10-20T15:15:00+05:30,25850.7,25854.64,BELOW_SMA,25850,CE,NIFTY_25850_CE_28_OCT_25.csv,2025-10-20T15:29:00+05:30,,2025-10-21T09:16:00+05:30,,26050,NIFTY_26050_CE_28_OCT_25.csv,2025-10-20T15:29:00+05:30,,2025-10-21T09:16:00+05:30,,0.00,0.00,0.00,"NIFTY_25850_CE_28_OCT_25.csv missing exit timestamp 2025-10-21T09:16:00+05:30; NIFTY_26050_CE_28_OCT_25.csv missing exit timestamp 2025-10-21T09:16:00+05:30; Next trading day is a special session that starts at 13:45, so the exact 09:16 exit candle is unavailable."
2025-10-21,SKIPPED,missing_spot_signal_timestamp,,,2025-10-21T15:15:00+05:30,,,,,,,,,,,,,,,,,0.00,0.00,0.00,Missing spot signal timestamp 2025-10-21T15:15:00+05:30
2025-10-23,TRADED,,2025-10-28,2025-10-24,2025-10-23T15:15:00+05:30,25870.3,26029.46,BELOW_SMA,25850,CE,NIFTY_25850_CE_28_OCT_25.csv,2025-10-23T15:29:00+05:30,183.35,2025-10-24T09:16:00+05:30,174.45,26050,NIFTY_26050_CE_28_OCT_25.csv,2025-10-23T15:29:00+05:30,76.15,2025-10-24T09:16:00+05:30,67.55,-2405.00,100.00,-2505.00,
2025-10-24,TRADED,,2025-10-28,2025-10-27,2025-10-24T15:15:00+05:30,25797.45,25814.09,BELOW_SMA,25800,CE,NIFTY_25800_CE_28_OCT_25.csv,2025-10-24T15:29:00+05:30,101.4,2025-10-27T09:16:00+05:30,152.95,26000,NIFTY_26000_CE_28_OCT_25.csv,2025-10-24T15:29:00+05:30,36.3,2025-10-27T09:16:00+05:30,46.8,-29282.50,100.00,-29382.50,
2025-10-27,TRADED,,2025-10-28,2025-10-28,2025-10-27T15:15:00+05:30,25974.0,25961.31,ABOVE_SMA,25950,PE,NIFTY_25950_PE_28_OCT_25.csv,2025-10-27T15:29:00+05:30,39.0,2025-10-28T09:16:00+05:30,42.05,25750,NIFTY_25750_PE_28_OCT_25.csv,2025-10-27T15:29:00+05:30,11.15,2025-10-28T09:16:00+05:30,8.45,-6337.50,100.00,-6437.50,
2025-10-28,TRADED,,2025-11-04,2025-10-29,2025-10-28T15:15:00+05:30,25965.4,25899.76,ABOVE_SMA,25950,PE,NIFTY_25950_PE_04_NOV_25.csv,2025-10-28T15:29:00+05:30,136.75,2025-10-29T09:16:00+05:30,96.5,25750,NIFTY_25750_PE_04_NOV_25.csv,2025-10-28T15:29:00+05:30,67.1,2025-10-29T09:16:00+05:30,44.8,9067.50,100.00,8967.50,
2025-10-29,TRADED,,2025-11-04,2025-10-30,2025-10-29T15:15:00+05:30,26068.3,26044.46,ABOVE_SMA,26050,PE,NIFTY_26050_PE_04_NOV_25.csv,2025-10-29T15:29:00+05:30,104.8,2025-10-30T09:16:00+05:30,136.85,25850,NIFTY_25850_PE_04_NOV_25.csv,2025-10-29T15:29:00+05:30,49.3,2025-10-30T09:16:00+05:30,61.7,-15372.50,100.00,-15472.50,
2025-10-30,TRADED,,2025-11-04,2025-10-31,2025-10-30T15:15:00+05:30,25891.2,25914.13,BELOW_SMA,25900,CE,NIFTY_25900_CE_04_NOV_25.csv,2025-10-30T15:29:00+05:30,142.7,2025-10-31T09:16:00+05:30,99.0,26100,NIFTY_26100_CE_04_NOV_25.csv,2025-10-30T15:29:00+05:30,58.3,2025-10-31T09:16:00+05:30,35.3,10855.00,100.00,10755.00,
2025-10-31,TRADED,,2025-11-04,2025-11-03,2025-10-31T15:15:00+05:30,25732.55,25804.40,BELOW_SMA,25750,CE,NIFTY_25750_CE_04_NOV_25.csv,2025-10-31T15:29:00+05:30,134.3,2025-11-03T09:16:00+05:30,85.7,25950,NIFTY_25950_CE_04_NOV_25.csv,2025-10-31T15:29:00+05:30,50.8,2025-11-03T09:16:00+05:30,26.45,13162.50,100.00,13062.50,
2025-11-03,TRADED,,2025-11-04,2025-11-04,2025-11-03T15:15:00+05:30,25774.3,25745.78,ABOVE_SMA,25750,PE,NIFTY_25750_PE_04_NOV_25.csv,2025-11-03T15:29:00+05:30,53.35,2025-11-04T09:16:00+05:30,53.75,25550,NIFTY_25550_PE_04_NOV_25.csv,2025-11-03T15:29:00+05:30,10.15,2025-11-04T09:16:00+05:30,8.25,-4095.00,100.00,-4195.00,
2025-11-04,TRADED,,2025-11-11,2025-11-06,2025-11-04T15:15:00+05:30,25586.25,25666.44,BELOW_SMA,25600,CE,NIFTY_25600_CE_11_NOV_25.csv,2025-11-04T15:29:00+05:30,158.0,2025-11-06T09:16:00+05:30,187.7,25800,NIFTY_25800_CE_11_NOV_25.csv,2025-11-04T15:29:00+05:30,70.6,2025-11-06T09:16:00+05:30,80.7,-15340.00,100.00,-15440.00,
2025-11-06,TRADED,,2025-11-11,2025-11-07,2025-11-06T15:15:00+05:30,25519.95,25558.89,BELOW_SMA,25500,CE,NIFTY_25500_CE_11_NOV_25.csv,2025-11-06T15:29:00+05:30,134.7,2025-11-07T09:16:00+05:30,64.55,25700,NIFTY_25700_CE_11_NOV_25.csv,2025-11-06T15:29:00+05:30,48.25,2025-11-07T09:16:00+05:30,21.45,25577.50,100.00,25477.50,
2025-11-07,TRADED,,2025-11-11,2025-11-10,2025-11-07T15:15:00+05:30,25510.05,25446.45,ABOVE_SMA,25500,PE,NIFTY_25500_PE_11_NOV_25.csv,2025-11-07T15:29:00+05:30,74.2,2025-11-10T09:16:00+05:30,35.4,25300,NIFTY_25300_PE_11_NOV_25.csv,2025-11-07T15:29:00+05:30,20.8,2025-11-10T09:16:00+05:30,8.9,14885.00,100.00,14785.00,
2025-11-10,TRADED,,2025-11-11,2025-11-11,2025-11-10T15:15:00+05:30,25574.25,25609.19,BELOW_SMA,25550,CE,NIFTY_25550_CE_11_NOV_25.csv,2025-11-10T15:29:00+05:30,98.55,2025-11-11T09:16:00+05:30,103.9,25750,NIFTY_25750_CE_11_NOV_25.csv,2025-11-10T15:29:00+05:30,15.1,2025-11-11T09:16:00+05:30,13.35,-7215.00,100.00,-7315.00,
2025-11-11,TRADED,,2025-11-18,2025-11-12,2025-11-11T15:15:00+05:30,25705.55,25571.13,ABOVE_SMA,25700,PE,NIFTY_25700_PE_18_NOV_25.csv,2025-11-11T15:29:00+05:30,115.7,2025-11-12T09:16:00+05:30,66.4,25500,NIFTY_25500_PE_18_NOV_25.csv,2025-11-11T15:29:00+05:30,57.15,2025-11-12T09:16:00+05:30,30.4,12057.50,100.00,11957.50,
2025-11-12,TRADED,,2025-11-18,2025-11-13,2025-11-12T15:15:00+05:30,25874.0,25883.36,BELOW_SMA,25850,CE,NIFTY_25850_CE_18_NOV_25.csv,2025-11-12T15:29:00+05:30,178.1,2025-11-13T09:16:00+05:30,136.5,26050,NIFTY_26050_CE_18_NOV_25.csv,2025-11-12T15:29:00+05:30,79.15,2025-11-13T09:16:00+05:30,54.0,8092.50,100.00,7992.50,
2025-11-13,TRADED,,2025-11-18,2025-11-14,2025-11-13T15:15:00+05:30,25884.1,25932.95,BELOW_SMA,25900,CE,NIFTY_25900_CE_18_NOV_25.csv,2025-11-13T15:29:00+05:30,143.05,2025-11-14T09:16:00+05:30,114.1,26100,NIFTY_26100_CE_18_NOV_25.csv,2025-11-13T15:29:00+05:30,61.4,2025-11-14T09:16:00+05:30,46.55,6565.00,100.00,6465.00,
2025-11-14,TRADED,,2025-11-18,2025-11-17,2025-11-14T15:15:00+05:30,25916.8,25811.88,ABOVE_SMA,25900,PE,NIFTY_25900_PE_18_NOV_25.csv,2025-11-14T15:29:00+05:30,85.55,2025-11-17T09:16:00+05:30,59.95,25700,NIFTY_25700_PE_18_NOV_25.csv,2025-11-14T15:29:00+05:30,27.3,2025-11-17T09:16:00+05:30,16.15,6792.50,100.00,6692.50,
2025-11-17,TRADED,,2025-11-18,2025-11-18,2025-11-17T15:15:00+05:30,26014.3,25972.90,ABOVE_SMA,26000,PE,NIFTY_26000_PE_18_NOV_25.csv,2025-11-17T15:29:00+05:30,56.3,2025-11-18T09:16:00+05:30,97.1,25800,NIFTY_25800_PE_18_NOV_25.csv,2025-11-17T15:29:00+05:30,10.75,2025-11-18T09:16:00+05:30,14.95,-26390.00,100.00,-26490.00,
2025-11-18,TRADED,,2025-11-25,2025-11-19,2025-11-18T15:15:00+05:30,25894.7,25941.05,BELOW_SMA,25900,CE,NIFTY_25900_CE_25_NOV_25.csv,2025-11-18T15:29:00+05:30,180.0,2025-11-19T09:16:00+05:30,164.05,26100,NIFTY_26100_CE_25_NOV_25.csv,2025-11-18T15:29:00+05:30,90.0,2025-11-19T09:16:00+05:30,78.0,-32.50,100.00,-132.50,
2025-11-19,TRADED,,2025-11-25,2025-11-20,2025-11-19T15:15:00+05:30,26052.7,25990.69,ABOVE_SMA,26050,PE,NIFTY_26050_PE_25_NOV_25.csv,2025-11-19T15:29:00+05:30,132.35,2025-11-20T09:16:00+05:30,89.4,25850,NIFTY_25850_PE_25_NOV_25.csv,2025-11-19T15:29:00+05:30,64.0,2025-11-20T09:16:00+05:30,38.6,8807.50,100.00,8707.50,
2025-11-20,TRADED,,2025-11-25,2025-11-21,2025-11-20T15:15:00+05:30,26197.4,26159.02,ABOVE_SMA,26200,PE,NIFTY_26200_PE_25_NOV_25.csv,2025-11-20T15:29:00+05:30,101.75,2025-11-21T09:16:00+05:30,146.6,26000,NIFTY_26000_PE_25_NOV_25.csv,2025-11-20T15:29:00+05:30,41.3,2025-11-21T09:16:00+05:30,61.55,-18590.00,100.00,-18690.00,
2025-11-21,TRADED,,2025-11-25,2025-11-24,2025-11-21T15:15:00+05:30,26063.95,26113.34,BELOW_SMA,26050,CE,NIFTY_26050_CE_25_NOV_25.csv,2025-11-21T15:29:00+05:30,116.5,2025-11-24T09:16:00+05:30,136.6,26250,NIFTY_26250_CE_25_NOV_25.csv,2025-11-21T15:29:00+05:30,36.25,2025-11-24T09:16:00+05:30,38.35,-14300.00,100.00,-14400.00,
2025-11-24,TRADED,,2025-11-25,2025-11-25,2025-11-24T15:15:00+05:30,25943.35,26073.67,BELOW_SMA,25950,CE,NIFTY_25950_CE_25_NOV_25.csv,2025-11-24T15:29:00+05:30,76.95,2025-11-25T09:16:00+05:30,59.6,26150,NIFTY_26150_CE_25_NOV_25.csv,2025-11-24T15:29:00+05:30,15.4,2025-11-25T09:16:00+05:30,10.05,5200.00,100.00,5100.00,
2025-11-25,TRADED,,2025-12-02,2025-11-26,2025-11-25T15:15:00+05:30,25860.3,25969.53,BELOW_SMA,25850,CE,NIFTY_25850_CE_02_DEC_25.csv,2025-11-25T15:29:00+05:30,180.5,2025-11-26T09:16:00+05:30,246.35,26050,NIFTY_26050_CE_02_DEC_25.csv,2025-11-25T15:29:00+05:30,85.4,2025-11-26T09:16:00+05:30,122.95,-20995.00,100.00,-21095.00,
2025-11-26,TRADED,,2025-12-02,2025-11-27,2025-11-26T15:15:00+05:30,26203.5,26138.44,ABOVE_SMA,26200,PE,NIFTY_26200_PE_02_DEC_25.csv,2025-11-26T15:29:00+05:30,116.15,2025-11-27T09:16:00+05:30,86.6,26000,NIFTY_26000_PE_02_DEC_25.csv,2025-11-26T15:29:00+05:30,54.65,2025-11-27T09:16:00+05:30,36.9,5070.00,100.00,4970.00,
2025-11-27,TRADED,,2025-12-02,2025-11-28,2025-11-27T15:15:00+05:30,26219.85,26234.63,BELOW_SMA,26200,CE,NIFTY_26200_CE_02_DEC_25.csv,2025-11-27T15:29:00+05:30,133.2,2025-11-28T09:16:00+05:30,122.05,26400,NIFTY_26400_CE_02_DEC_25.csv,2025-11-27T15:29:00+05:30,44.7,2025-11-28T09:16:00+05:30,38.2,422.50,100.00,322.50,
2025-11-28,TRADED,,2025-12-02,2025-12-01,2025-11-28T15:15:00+05:30,26204.55,26229.24,BELOW_SMA,26200,CE,NIFTY_26200_CE_02_DEC_25.csv,2025-11-28T15:29:00+05:30,112.75,2025-12-01T09:16:00+05:30,151.55,26400,NIFTY_26400_CE_02_DEC_25.csv,2025-11-28T15:29:00+05:30,27.65,2025-12-01T09:16:00+05:30,40.0,-19792.50,100.00,-19892.50,
2025-12-01,TRADED,,2025-12-02,2025-12-02,2025-12-01T15:15:00+05:30,26175.95,26214.11,BELOW_SMA,26200,CE,NIFTY_26200_CE_02_DEC_25.csv,2025-12-01T15:29:00+05:30,54.2,2025-12-02T09:16:00+05:30,21.2,26400,NIFTY_26400_CE_02_DEC_25.csv,2025-12-01T15:29:00+05:30,7.3,2025-12-02T09:16:00+05:30,2.75,15892.50,100.00,15792.50,
2025-12-02,TRADED,,2025-12-09,2025-12-03,2025-12-02T15:15:00+05:30,26057.0,26057.90,BELOW_SMA,26050,CE,NIFTY_26050_CE_09_DEC_25.csv,2025-12-02T15:29:00+05:30,178.0,2025-12-03T09:16:00+05:30,135.25,26250,NIFTY_26250_CE_09_DEC_25.csv,2025-12-02T15:29:00+05:30,82.8,2025-12-03T09:16:00+05:30,56.45,8060.00,100.00,7960.00,
2025-12-03,TRADED,,2025-12-09,2025-12-04,2025-12-03T15:15:00+05:30,25985.1,25939.03,ABOVE_SMA,26000,PE,NIFTY_26000_PE_09_DEC_25.csv,2025-12-03T15:29:00+05:30,105.25,2025-12-04T09:16:00+05:30,133.4,25800,NIFTY_25800_PE_09_DEC_25.csv,2025-12-03T15:29:00+05:30,40.75,2025-12-04T09:16:00+05:30,52.45,-13292.50,100.00,-13392.50,
2025-12-04,TRADED,,2025-12-09,2025-12-05,2025-12-04T15:15:00+05:30,26017.1,26027.15,BELOW_SMA,26000,CE,NIFTY_26000_CE_09_DEC_25.csv,2025-12-04T15:29:00+05:30,141.4,2025-12-05T09:16:00+05:30,132.3,26200,NIFTY_26200_CE_09_DEC_25.csv,2025-12-04T15:29:00+05:30,50.2,2025-12-05T09:16:00+05:30,44.35,-487.50,100.00,-587.50,
2025-12-05,TRADED,,2025-12-09,2025-12-08,2025-12-05T15:15:00+05:30,26176.65,26135.78,ABOVE_SMA,26200,PE,NIFTY_26200_PE_09_DEC_25.csv,2025-12-05T15:29:00+05:30,72.9,2025-12-08T09:16:00+05:30,82.4,26000,NIFTY_26000_PE_09_DEC_25.csv,2025-12-05T15:29:00+05:30,18.6,2025-12-08T09:16:00+05:30,18.25,-9002.50,100.00,-9102.50,
2025-12-08,TRADED,,2025-12-09,2025-12-09,2025-12-08T15:15:00+05:30,25932.8,26021.12,BELOW_SMA,25950,CE,NIFTY_25950_CE_09_DEC_25.csv,2025-12-08T15:29:00+05:30,57.65,2025-12-09T09:16:00+05:30,26.15,26150,NIFTY_26150_CE_09_DEC_25.csv,2025-12-08T15:29:00+05:30,10.5,2025-12-09T09:16:00+05:30,4.75,14137.50,100.00,14037.50,
2025-12-09,TRADED,,2025-12-16,2025-12-10,2025-12-09T15:15:00+05:30,25841.75,25843.60,BELOW_SMA,25850,CE,NIFTY_25850_CE_16_DEC_25.csv,2025-12-09T15:29:00+05:30,150.0,2025-12-10T09:16:00+05:30,137.55,26050,NIFTY_26050_CE_16_DEC_25.csv,2025-12-09T15:29:00+05:30,64.7,2025-12-10T09:16:00+05:30,57.0,487.50,100.00,387.50,
2025-12-10,TRADED,,2025-12-16,2025-12-11,2025-12-10T15:15:00+05:30,25742.65,25825.89,BELOW_SMA,25750,CE,NIFTY_25750_CE_16_DEC_25.csv,2025-12-10T15:29:00+05:30,152.0,2025-12-11T09:16:00+05:30,152.35,25950,NIFTY_25950_CE_16_DEC_25.csv,2025-12-10T15:29:00+05:30,67.95,2025-12-11T09:16:00+05:30,65.0,-4745.00,100.00,-4845.00,
2025-12-11,TRADED,,2025-12-16,2025-12-12,2025-12-11T15:15:00+05:30,25898.4,25845.40,ABOVE_SMA,25900,PE,NIFTY_25900_PE_16_DEC_25.csv,2025-12-11T15:29:00+05:30,89.2,2025-12-12T09:16:00+05:30,52.45,25700,NIFTY_25700_PE_16_DEC_25.csv,2025-12-11T15:29:00+05:30,28.75,2025-12-12T09:16:00+05:30,15.75,12837.50,100.00,12737.50,
2025-12-12,TRADED,,2025-12-16,2025-12-15,2025-12-12T15:15:00+05:30,26043.0,26014.22,ABOVE_SMA,26050,PE,NIFTY_26050_PE_16_DEC_25.csv,2025-12-12T15:29:00+05:30,70.75,2025-12-15T09:16:00+05:30,126.5,25850,NIFTY_25850_PE_16_DEC_25.csv,2025-12-12T15:29:00+05:30,16.95,2025-12-15T09:16:00+05:30,34.0,-27755.00,100.00,-27855.00,
2025-12-15,TRADED,,2025-12-16,2025-12-16,2025-12-15T15:15:00+05:30,26014.0,25998.45,ABOVE_SMA,26000,PE,NIFTY_26000_PE_16_DEC_25.csv,2025-12-15T15:29:00+05:30,46.5,2025-12-16T09:16:00+05:30,90.9,25800,NIFTY_25800_PE_16_DEC_25.csv,2025-12-15T15:29:00+05:30,8.1,2025-12-16T09:16:00+05:30,13.05,-28242.50,100.00,-28342.50,
2025-12-16,TRADED,,2025-12-23,2025-12-17,2025-12-16T15:15:00+05:30,25851.35,25891.62,BELOW_SMA,25850,CE,NIFTY_25850_CE_23_DEC_25.csv,2025-12-16T15:29:00+05:30,156.45,2025-12-17T09:16:00+05:30,150.95,26050,NIFTY_26050_CE_23_DEC_25.csv,2025-12-16T15:29:00+05:30,66.35,2025-12-17T09:16:00+05:30,61.85,-1950.00,100.00,-2050.00,
2025-12-17,TRADED,,2025-12-23,2025-12-18,2025-12-17T15:15:00+05:30,25821.8,25817.14,ABOVE_SMA,25800,PE,NIFTY_25800_PE_23_DEC_25.csv,2025-12-17T15:29:00+05:30,84.65,2025-12-18T09:16:00+05:30,109.5,25600,NIFTY_25600_PE_23_DEC_25.csv,2025-12-17T15:29:00+05:30,29.4,2025-12-18T09:16:00+05:30,38.5,-12837.50,100.00,-12937.50,
2025-12-18,TRADED,,2025-12-23,2025-12-19,2025-12-18T15:15:00+05:30,25815.65,25831.26,BELOW_SMA,25800,CE,NIFTY_25800_CE_23_DEC_25.csv,2025-12-18T15:29:00+05:30,120.95,2025-12-19T09:16:00+05:30,172.55,26000,NIFTY_26000_CE_23_DEC_25.csv,2025-12-18T15:29:00+05:30,41.75,2025-12-19T09:16:00+05:30,61.05,-23595.00,100.00,-23695.00,
2025-12-19,TRADED,,2025-12-23,2025-12-22,2025-12-19T15:15:00+05:30,25961.4,25953.74,ABOVE_SMA,25950,PE,NIFTY_25950_PE_23_DEC_25.csv,2025-12-19T15:29:00+05:30,62.85,2025-12-22T09:16:00+05:30,19.25,25750,NIFTY_25750_PE_23_DEC_25.csv,2025-12-19T15:29:00+05:30,16.1,2025-12-22T09:16:00+05:30,5.25,18687.50,100.00,18587.50,
2025-12-22,TRADED,,2025-12-23,2025-12-23,2025-12-22T15:15:00+05:30,26162.75,26140.60,ABOVE_SMA,26150,PE,NIFTY_26150_PE_23_DEC_25.csv,2025-12-22T15:29:00+05:30,52.1,2025-12-23T09:16:00+05:30,33.45,25950,NIFTY_25950_PE_23_DEC_25.csv,2025-12-22T15:29:00+05:30,9.1,2025-12-23T09:16:00+05:30,3.85,6110.00,100.00,6010.00,
2025-12-23,TRADED,,2025-12-30,2025-12-24,2025-12-23T15:15:00+05:30,26165.95,26179.99,BELOW_SMA,26150,CE,NIFTY_26150_CE_30_DEC_25.csv,2025-12-23T15:29:00+05:30,138.94,2025-12-24T09:16:00+05:30,114.45,26350,NIFTY_26350_CE_30_DEC_25.csv,2025-12-23T15:29:00+05:30,47.8,2025-12-24T09:16:00+05:30,35.85,5551.00,100.00,5451.00,
2025-12-24,TRADED,,2025-12-30,2025-12-26,2025-12-24T15:15:00+05:30,26141.65,26186.74,BELOW_SMA,26150,CE,NIFTY_26150_CE_30_DEC_25.csv,2025-12-24T15:29:00+05:30,95.05,2025-12-26T09:16:00+05:30,59.15,26350,NIFTY_26350_CE_30_DEC_25.csv,2025-12-24T15:29:00+05:30,21.75,2025-12-26T09:16:00+05:30,11.0,13747.50,100.00,13647.50,
2025-12-26,TRADED,,2025-12-30,2025-12-29,2025-12-26T15:15:00+05:30,26047.65,26061.44,BELOW_SMA,26050,CE,NIFTY_26050_CE_30_DEC_25.csv,2025-12-26T15:29:00+05:30,69.95,2025-12-29T09:16:00+05:30,69.15,26250,NIFTY_26250_CE_30_DEC_25.csv,2025-12-26T15:29:00+05:30,14.55,2025-12-29T09:16:00+05:30,10.0,-5037.50,100.00,-5137.50,
2025-12-29,TRADED,,2025-12-30,2025-12-30,2025-12-29T15:15:00+05:30,25949.8,25979.27,BELOW_SMA,25950,CE,NIFTY_25950_CE_30_DEC_25.csv,2025-12-29T15:29:00+05:30,51.6,2025-12-30T09:16:00+05:30,22.7,26150,NIFTY_26150_CE_30_DEC_25.csv,2025-12-29T15:29:00+05:30,6.8,2025-12-30T09:16:00+05:30,2.75,13552.50,100.00,13452.50,
2025-12-30,SKIPPED,no_next_weekly_expiry,,2025-12-31,2025-12-30T15:15:00+05:30,25970.55,25922.70,ABOVE_SMA,25950,PE,,,,,,,,,,,,0.00,0.00,0.00,No weekly expiry folder exists strictly after the trade date.
2025-12-31,SKIPPED,no_next_trading_day,,,2025-12-31T15:15:00+05:30,26141.85,26094.01,ABOVE_SMA,26150,PE,,,,,,,,,,,,0.00,0.00,0.00,No next trading day exists in the dataset.
