entry_date,status,skip_reason,expiry_date,spot_entry_timestamp,spot_entry_open,atm_strike,ce_signal_status,ce_entry_sma,ce_entry_timestamp,ce_entry_open,ce_exit_timestamp,ce_exit_open,ce_exit_reason,pe_signal_status,pe_entry_sma,pe_entry_timestamp,pe_entry_open,pe_exit_timestamp,pe_exit_open,pe_exit_reason,legs_traded,orders_executed,gross_pnl,brokerage,net_pnl,remarks
2025-01-01,TRADED,,2025-01-02,2025-01-01T09:30:00+05:30,23640.75,23650,TRADED,130.71,2025-01-01T09:30:00+05:30,116.95,2025-01-01T10:15:00+05:30,134.9,stop_loss_ma_cross,TRADED,144.81,2025-01-01T09:30:00+05:30,114.35,2025-01-01T15:15:00+05:30,69.2,day_close,2,4,6032.00,100.00,5932.00,
2025-01-02,TRADED,,2025-01-02,2025-01-02T09:30:00+05:30,23760.3,23750,TRADED,130.35,2025-01-02T09:30:00+05:30,120.35,2025-01-02T09:45:00+05:30,156.6,stop_loss_ma_cross,TRADED,128.79,2025-01-02T09:30:00+05:30,108.5,2025-01-02T15:15:00+05:30,0.2,day_close,2,4,17693.00,100.00,17593.00,
2025-01-03,TRADED,,2025-01-09,2025-01-03T09:30:00+05:30,24132.15,24150,TRADED,160.59,2025-01-03T09:45:00+05:30,149.69,2025-01-03T15:15:00+05:30,96.0,day_close,TRADED,268.99,2025-01-03T09:30:00+05:30,197.95,2025-01-03T10:45:00+05:30,245.0,stop_loss_ma_cross,2,4,686.40,100.00,586.40,
2025-01-06,TRADED,,2025-01-09,2025-01-06T09:30:00+05:30,24035.65,24050,TRADED,161.52,2025-01-06T09:30:00+05:30,132.55,2025-01-06T15:15:00+05:30,44.85,day_close,NO_SIGNAL,,,,,,,1,2,22282.00,50.00,22232.00,NIFTY_24050_PE_09_JAN_25.csv had no qualifying bar with open below prior 25-close SMA between 09:30 and 15:00
2025-01-07,TRADED,,2025-01-09,2025-01-07T09:30:00+05:30,23761.0,23750,TRADED,179.63,2025-01-07T09:30:00+05:30,171.0,2025-01-07T15:15:00+05:30,100.45,day_close,TRADED,197.46,2025-01-07T09:30:00+05:30,142.55,2025-01-07T15:15:00+05:30,145.1,day_close,2,4,16640.00,100.00,16540.00,
2025-01-08,TRADED,,2025-01-09,2025-01-08T09:30:00+05:30,23637.8,23650,TRADED,171.77,2025-01-08T09:30:00+05:30,86.25,2025-01-08T14:00:00+05:30,94.45,stop_loss_ma_cross,TRADED,97.53,2025-01-08T09:45:00+05:30,89.85,2025-01-08T10:30:00+05:30,109.25,stop_loss_ma_cross,2,4,-8216.00,100.00,-8316.00,
2025-01-09,TRADED,,2025-01-09,2025-01-09T09:30:00+05:30,23613.7,23600,TRADED,88.64,2025-01-09T09:30:00+05:30,44.0,2025-01-09T15:15:00+05:30,0.1,day_close,TRADED,79.09,2025-01-09T09:30:00+05:30,43.35,2025-01-09T11:00:00+05:30,91.85,stop_loss_ma_cross,2,4,-2236.00,100.00,-2336.00,
2025-01-10,TRADED,,2025-01-16,2025-01-10T09:30:00+05:30,23518.65,23500,TRADED,237.66,2025-01-10T09:30:00+05:30,204.5,2025-01-10T11:15:00+05:30,230.9,stop_loss_ma_cross,TRADED,161.11,2025-01-10T11:15:00+05:30,135.1,2025-01-10T13:30:00+05:30,168.05,stop_loss_ma_cross,2,4,-16471.00,100.00,-16571.00,
2025-01-13,TRADED,,2025-01-16,2025-01-13T09:30:00+05:30,23255.95,23250,TRADED,327.02,2025-01-13T09:30:00+05:30,173.9,2025-01-13T15:15:00+05:30,77.95,day_close,NO_SIGNAL,,,,,,,1,2,24427.00,50.00,24377.00,NIFTY_23250_PE_16_JAN_25.csv had no qualifying bar with open below prior 25-close SMA between 09:30 and 15:00
2025-01-14,TRADED,,2025-01-16,2025-01-14T09:30:00+05:30,23192.5,23200,TRADED,153.80,2025-01-14T09:30:00+05:30,125.45,2025-01-14T11:00:00+05:30,129.25,stop_loss_ma_cross,TRADED,139.51,2025-01-14T09:30:00+05:30,107.05,2025-01-14T15:15:00+05:30,68.75,day_close,2,4,7930.00,100.00,7830.00,
2025-01-15,TRADED,,2025-01-16,2025-01-15T09:30:00+05:30,23207.5,23200,TRADED,104.72,2025-01-15T09:30:00+05:30,87.8,2025-01-15T10:45:00+05:30,114.3,stop_loss_ma_cross,TRADED,88.33,2025-01-15T09:30:00+05:30,69.2,2025-01-15T13:30:00+05:30,71.5,stop_loss_ma_cross,2,4,-8528.00,100.00,-8628.00,
2025-01-16,TRADED,,2025-01-16,2025-01-16T09:30:00+05:30,23348.4,23350,TRADED,21.10,2025-01-16T09:45:00+05:30,20.95,2025-01-16T15:15:00+05:30,0.15,day_close,TRADED,144.10,2025-01-16T09:30:00+05:30,44.4,2025-01-16T15:15:00+05:30,47.85,day_close,2,4,3471.00,100.00,3371.00,
2025-01-17,TRADED,,2025-01-23,2025-01-17T09:30:00+05:30,23221.1,23200,TRADED,257.84,2025-01-17T09:30:00+05:30,201.65,2025-01-17T12:30:00+05:30,227.5,stop_loss_ma_cross,TRADED,164.54,2025-01-17T14:15:00+05:30,163.9,2025-01-17T15:15:00+05:30,150.3,day_close,2,4,-4225.00,100.00,-4325.00,
2025-01-20,TRADED,,2025-01-23,2025-01-20T09:30:00+05:30,23208.9,23200,TRADED,192.85,2025-01-20T09:30:00+05:30,186.05,2025-01-20T10:30:00+05:30,191.8,stop_loss_ma_cross,TRADED,168.28,2025-01-20T09:30:00+05:30,160.94,2025-01-20T15:15:00+05:30,72.09,day_close,2,4,20566.00,100.00,20466.00,
2025-01-21,TRADED,,2025-01-23,2025-01-21T09:30:00+05:30,23414.6,23400,TRADED,119.16,2025-01-21T09:45:00+05:30,118.9,2025-01-21T12:00:00+05:30,135.0,stop_loss_ma_cross,TRADED,176.27,2025-01-21T09:30:00+05:30,126.2,2025-01-21T10:00:00+05:30,196.65,stop_loss_ma_cross,2,4,-23543.00,100.00,-23643.00,
2025-01-22,TRADED,,2025-01-23,2025-01-22T09:30:00+05:30,23083.0,23100,TRADED,210.17,2025-01-22T09:30:00+05:30,116.75,2025-01-22T14:45:00+05:30,91.4,stop_loss_ma_cross,TRADED,108.02,2025-01-22T09:30:00+05:30,100.35,2025-01-22T12:00:00+05:30,102.2,stop_loss_ma_cross,2,4,5070.00,100.00,4970.00,
2025-01-23,TRADED,,2025-01-23,2025-01-23T09:30:00+05:30,23105.55,23100,TRADED,76.99,2025-01-23T09:30:00+05:30,54.35,2025-01-23T09:45:00+05:30,126.9,stop_loss_ma_cross,TRADED,81.91,2025-01-23T09:30:00+05:30,34.6,2025-01-23T15:15:00+05:30,0.1,day_close,2,4,-10933.00,100.00,-11033.00,
2025-01-24,TRADED,,2025-01-30,2025-01-24T09:30:00+05:30,23235.25,23250,TRADED,203.83,2025-01-24T09:30:00+05:30,197.85,2025-01-24T11:15:00+05:30,209.0,stop_loss_ma_cross,TRADED,182.30,2025-01-24T11:15:00+05:30,140.35,2025-01-24T12:45:00+05:30,179.65,stop_loss_ma_cross,2,4,-14157.00,100.00,-14257.00,
2025-01-27,TRADED,,2025-01-30,2025-01-27T09:30:00+05:30,22967.55,22950,TRADED,344.63,2025-01-27T09:30:00+05:30,182.05,2025-01-27T15:15:00+05:30,111.55,day_close,NO_SIGNAL,,,,,,,1,2,17810.00,50.00,17760.00,NIFTY_22950_PE_30_JAN_25.csv had no qualifying bar with open below prior 25-close SMA between 09:30 and 15:00
2025-01-28,TRADED,,2025-01-30,2025-01-28T09:30:00+05:30,22908.8,22900,TRADED,206.01,2025-01-28T15:00:00+05:30,195.4,2025-01-28T15:15:00+05:30,192.05,day_close,TRADED,174.22,2025-01-28T09:30:00+05:30,140.44,2025-01-28T15:15:00+05:30,100.55,day_close,2,4,10202.40,100.00,10102.40,
2025-01-29,TRADED,,2025-01-30,2025-01-29T09:30:00+05:30,22988.0,23000,NO_SIGNAL,,,,,,,TRADED,148.98,2025-01-29T09:30:00+05:30,140.05,2025-01-29T15:15:00+05:30,95.15,day_close,1,2,11154.00,50.00,11104.00,NIFTY_23000_CE_30_JAN_25.csv had no qualifying bar with open below prior 25-close SMA between 09:30 and 15:00
2025-01-30,TRADED,,2025-01-30,2025-01-30T09:30:00+05:30,23169.0,23150,TRADED,134.29,2025-01-30T09:30:00+05:30,123.7,2025-01-30T10:00:00+05:30,141.3,stop_loss_ma_cross,TRADED,167.53,2025-01-30T09:30:00+05:30,122.9,2025-01-30T15:15:00+05:30,0.2,day_close,2,4,26286.00,100.00,26186.00,
2025-01-31,TRADED,,2025-02-06,2025-01-31T09:30:00+05:30,23325.35,23350,NO_SIGNAL,,,,,,,TRADED,347.67,2025-01-31T09:30:00+05:30,301.14,2025-01-31T15:15:00+05:30,163.19,day_close,1,2,35347.00,50.00,35297.00,NIFTY_23350_CE_06_FEB_25.csv had no qualifying bar with open below prior 25-close SMA between 09:30 and 15:00
2025-02-01,TRADED,,2025-02-06,2025-02-01T09:30:00+05:30,23510.05,23500,TRADED,275.44,2025-02-01T09:30:00+05:30,263.0,2025-02-01T09:45:00+05:30,289.6,stop_loss_ma_cross,TRADED,264.38,2025-02-01T09:30:00+05:30,216.15,2025-02-01T12:00:00+05:30,242.0,stop_loss_ma_cross,2,4,-14677.00,100.00,-14777.00,
2025-02-03,TRADED,,2025-02-06,2025-02-03T09:30:00+05:30,23334.2,23350,TRADED,297.69,2025-02-03T09:30:00+05:30,133.85,2025-02-03T15:00:00+05:30,131.25,stop_loss_ma_cross,TRADED,121.69,2025-02-03T11:00:00+05:30,118.8,2025-02-03T11:30:00+05:30,131.19,stop_loss_ma_cross,2,4,-3585.40,100.00,-3685.40,
2025-02-04,TRADED,,2025-02-06,2025-02-04T09:30:00+05:30,23514.1,23500,NO_SIGNAL,,,,,,,TRADED,205.68,2025-02-04T09:30:00+05:30,102.55,2025-02-04T15:15:00+05:30,28.1,day_close,1,2,18837.00,50.00,18787.00,NIFTY_23500_CE_06_FEB_25.csv had no qualifying bar with open below prior 25-close SMA between 09:30 and 15:00
2025-02-05,TRADED,,2025-02-06,2025-02-05T09:30:00+05:30,23764.0,23750,TRADED,66.33,2025-02-05T11:00:00+05:30,61.2,2025-02-05T14:00:00+05:30,67.84,stop_loss_ma_cross,TRADED,215.89,2025-02-05T09:30:00+05:30,103.6,2025-02-05T15:00:00+05:30,94.2,stop_loss_ma_cross,2,4,-322.40,100.00,-422.40,
2025-02-06,TRADED,,2025-02-06,2025-02-06T09:30:00+05:30,23699.05,23700,TRADED,82.18,2025-02-06T09:30:00+05:30,60.4,2025-02-06T15:15:00+05:30,0.1,day_close,NO_SIGNAL,,,,,,,1,2,15158.00,50.00,15108.00,NIFTY_23700_PE_06_FEB_25.csv had no qualifying bar with open below prior 25-close SMA between 09:30 and 15:00
2025-02-07,TRADED,,2025-02-13,2025-02-07T09:30:00+05:30,23593.15,23600,TRADED,222.32,2025-02-07T09:30:00+05:30,205.2,2025-02-07T11:30:00+05:30,239.95,stop_loss_ma_cross,TRADED,170.55,2025-02-07T09:45:00+05:30,170.25,2025-02-07T10:30:00+05:30,181.75,stop_loss_ma_cross,2,4,-13065.00,100.00,-13165.00,
2025-02-10,TRADED,,2025-02-13,2025-02-10T09:30:00+05:30,23473.65,23450,TRADED,247.67,2025-02-10T09:30:00+05:30,161.6,2025-02-10T15:00:00+05:30,131.44,stop_loss_ma_cross,TRADED,163.20,2025-02-10T14:45:00+05:30,160.44,2025-02-10T15:15:00+05:30,156.19,day_close,2,4,7906.60,100.00,7806.60,
2025-02-11,TRADED,,2025-02-13,2025-02-11T09:30:00+05:30,23314.7,23300,TRADED,199.25,2025-02-11T09:30:00+05:30,158.69,2025-02-11T15:15:00+05:30,47.15,day_close,NO_SIGNAL,,,,,,,1,2,28480.40,50.00,28430.40,NIFTY_23300_PE_13_FEB_25.csv had no qualifying bar with open below prior 25-close SMA between 09:30 and 15:00
2025-02-12,TRADED,,2025-02-13,2025-02-12T09:30:00+05:30,22978.85,23000,TRADED,242.81,2025-02-12T09:30:00+05:30,107.25,2025-02-12T12:00:00+05:30,160.0,stop_loss_ma_cross,TRADED,98.36,2025-02-12T11:45:00+05:30,90.9,2025-02-12T15:15:00+05:30,62.95,day_close,2,4,-7488.00,100.00,-7588.00,
2025-02-13,TRADED,,2025-02-13,2025-02-13T09:30:00+05:30,23024.9,23000,TRADED,113.03,2025-02-13T09:30:00+05:30,97.1,2025-02-13T09:45:00+05:30,161.0,stop_loss_ma_cross,TRADED,99.09,2025-02-13T09:30:00+05:30,72.0,2025-02-13T15:15:00+05:30,0.15,day_close,2,4,1027.00,100.00,927.00,
2025-02-14,TRADED,,2025-02-20,2025-02-14T09:30:00+05:30,23027.2,23050,TRADED,254.81,2025-02-14T09:30:00+05:30,190.05,2025-02-14T14:45:00+05:30,155.94,stop_loss_ma_cross,TRADED,229.64,2025-02-14T14:45:00+05:30,190.15,2025-02-14T15:15:00+05:30,212.3,day_close,2,4,2069.60,100.00,1969.60,
2025-02-17,TRADED,,2025-02-20,2025-02-17T09:30:00+05:30,22830.35,22850,TRADED,226.48,2025-02-17T09:30:00+05:30,191.45,2025-02-17T10:45:00+05:30,233.5,stop_loss_ma_cross,TRADED,152.54,2025-02-17T10:30:00+05:30,146.1,2025-02-17T11:15:00+05:30,166.0,stop_loss_ma_cross,2,4,-17147.00,100.00,-17247.00,
2025-02-18,TRADED,,2025-02-20,2025-02-18T09:30:00+05:30,22900.4,22900,TRADED,167.08,2025-02-18T09:30:00+05:30,157.44,2025-02-18T13:45:00+05:30,156.94,stop_loss_ma_cross,TRADED,156.18,2025-02-18T09:30:00+05:30,153.19,2025-02-18T10:30:00+05:30,182.9,stop_loss_ma_cross,2,4,-8634.60,100.00,-8734.60,
2025-02-19,TRADED,,2025-02-20,2025-02-19T09:30:00+05:30,22852.2,22850,TRADED,158.35,2025-02-19T09:30:00+05:30,113.5,2025-02-19T10:00:00+05:30,199.85,stop_loss_ma_cross,TRADED,108.03,2025-02-19T09:30:00+05:30,97.1,2025-02-19T14:30:00+05:30,79.7,stop_loss_ma_cross,2,4,-18967.00,100.00,-19067.00,
2025-02-20,TRADED,,2025-02-20,2025-02-20T09:30:00+05:30,22846.3,22850,TRADED,164.23,2025-02-20T09:30:00+05:30,59.0,2025-02-20T15:15:00+05:30,65.7,day_close,TRADED,47.89,2025-02-20T09:45:00+05:30,39.29,2025-02-20T15:15:00+05:30,0.15,day_close,2,4,7394.40,100.00,7294.40,
2025-02-21,TRADED,,2025-02-27,2025-02-21T09:30:00+05:30,22896.4,22900,TRADED,183.71,2025-02-21T09:30:00+05:30,168.15,2025-02-21T15:15:00+05:30,113.0,day_close,TRADED,153.68,2025-02-21T09:30:00+05:30,141.3,2025-02-21T09:45:00+05:30,171.0,stop_loss_ma_cross,2,4,5577.00,100.00,5477.00,
2025-02-24,TRADED,,2025-02-27,2025-02-24T09:30:00+05:30,22619.95,22600,TRADED,289.05,2025-02-24T09:30:00+05:30,152.4,2025-02-24T15:15:00+05:30,111.3,day_close,TRADED,100.38,2025-02-24T14:45:00+05:30,81.09,2025-02-24T15:15:00+05:30,94.45,day_close,2,4,6172.40,100.00,6072.40,
2025-02-25,TRADED,,2025-02-27,2025-02-25T09:30:00+05:30,22554.25,22550,TRADED,149.65,2025-02-25T09:30:00+05:30,104.05,2025-02-25T15:15:00+05:30,81.84,day_close,TRADED,83.29,2025-02-25T09:30:00+05:30,65.55,2025-02-25T15:15:00+05:30,44.45,day_close,2,4,10220.60,100.00,10120.60,
2025-02-27,TRADED,,2025-02-27,2025-02-27T09:30:00+05:30,22554.8,22550,TRADED,88.67,2025-02-27T09:30:00+05:30,43.65,2025-02-27T15:15:00+05:30,1.1,day_close,TRADED,40.57,2025-02-27T09:30:00+05:30,23.1,2025-02-27T15:15:00+05:30,1.6,day_close,2,4,15613.00,100.00,15513.00,
2025-02-28,TRADED,,2025-03-06,2025-02-28T09:30:00+05:30,22337.7,22350,TRADED,299.96,2025-02-28T09:30:00+05:30,167.45,2025-02-28T15:15:00+05:30,78.55,day_close,NO_SIGNAL,,,,,,,1,2,22594.00,50.00,22544.00,NIFTY_22350_PE_06_MAR_25.csv had no qualifying bar with open below prior 25-close SMA between 09:30 and 15:00
2025-03-03,TRADED,,2025-03-06,2025-03-03T09:30:00+05:30,22173.2,22150,TRADED,196.83,2025-03-03T09:30:00+05:30,173.6,2025-03-03T13:15:00+05:30,142.5,stop_loss_ma_cross,TRADED,103.33,2025-03-03T09:30:00+05:30,97.1,2025-03-03T09:45:00+05:30,119.85,stop_loss_ma_cross,2,4,1131.00,100.00,1031.00,
2025-03-04,TRADED,,2025-03-06,2025-03-04T09:30:00+05:30,21999.5,22000,TRADED,197.99,2025-03-04T09:30:00+05:30,116.75,2025-03-04T15:00:00+05:30,148.69,stop_loss_ma_cross,TRADED,74.44,2025-03-04T10:00:00+05:30,69.05,2025-03-04T12:15:00+05:30,68.09,stop_loss_ma_cross,2,4,-9094.80,100.00,-9194.80,
2025-03-05,TRADED,,2025-03-06,2025-03-05T09:30:00+05:30,22192.8,22200,NO_SIGNAL,,,,,,,TRADED,167.23,2025-03-05T09:30:00+05:30,80.55,2025-03-05T15:15:00+05:30,35.5,day_close,1,2,11193.00,50.00,11143.00,NIFTY_22200_CE_06_MAR_25.csv had no qualifying bar with open below prior 25-close SMA between 09:30 and 15:00
2025-03-06,TRADED,,2025-03-06,2025-03-06T09:30:00+05:30,22364.1,22350,TRADED,63.80,2025-03-06T09:30:00+05:30,56.6,2025-03-06T11:15:00+05:30,99.35,stop_loss_ma_cross,TRADED,99.02,2025-03-06T09:30:00+05:30,58.4,2025-03-06T15:15:00+05:30,0.15,day_close,2,4,2990.00,100.00,2890.00,
2025-03-07,TRADED,,2025-03-13,2025-03-07T09:30:00+05:30,22511.6,22500,TRADED,181.40,2025-03-07T12:15:00+05:30,170.9,2025-03-07T12:45:00+05:30,198.25,stop_loss_ma_cross,TRADED,182.59,2025-03-07T09:30:00+05:30,138.0,2025-03-07T15:15:00+05:30,103.3,day_close,2,4,871.00,100.00,771.00,
2025-03-10,TRADED,,2025-03-13,2025-03-10T09:30:00+05:30,22582.85,22600,TRADED,136.25,2025-03-10T09:30:00+05:30,113.0,2025-03-10T09:45:00+05:30,153.0,stop_loss_ma_cross,TRADED,147.88,2025-03-10T09:30:00+05:30,145.95,2025-03-10T13:45:00+05:30,132.75,stop_loss_ma_cross,2,4,-8008.00,100.00,-8108.00,
2025-03-11,TRADED,,2025-03-13,2025-03-11T09:30:00+05:30,22362.9,22350,TRADED,263.39,2025-03-11T09:30:00+05:30,121.75,2025-03-11T13:30:00+05:30,187.15,stop_loss_ma_cross,TRADED,68.36,2025-03-11T12:30:00+05:30,66.65,2025-03-11T15:15:00+05:30,53.05,day_close,2,4,-14508.00,100.00,-14608.00,
2025-03-12,TRADED,,2025-03-13,2025-03-12T09:30:00+05:30,22462.1,22450,TRADED,119.56,2025-03-12T09:30:00+05:30,93.65,2025-03-12T14:30:00+05:30,85.75,stop_loss_ma_cross,TRADED,103.84,2025-03-12T09:30:00+05:30,94.95,2025-03-12T10:15:00+05:30,102.8,stop_loss_ma_cross,2,4,-1027.00,100.00,-1127.00,
2025-03-13,TRADED,,2025-03-13,2025-03-13T09:30:00+05:30,22483.85,22500,TRADED,40.13,2025-03-13T09:30:00+05:30,25.0,2025-03-13T10:00:00+05:30,54.2,stop_loss_ma_cross,TRADED,122.81,2025-03-13T09:30:00+05:30,54.3,2025-03-13T11:45:00+05:30,92.45,stop_loss_ma_cross,2,4,-18551.00,100.00,-18651.00,
2025-03-17,TRADED,,2025-03-20,2025-03-17T09:30:00+05:30,22539.1,22550,TRADED,98.28,2025-03-17T10:30:00+05:30,96.3,2025-03-17T11:00:00+05:30,100.6,stop_loss_ma_cross,TRADED,179.62,2025-03-17T09:30:00+05:30,104.9,2025-03-17T15:15:00+05:30,123.5,day_close,2,4,-6994.00,100.00,-7094.00,
2025-03-18,TRADED,,2025-03-20,2025-03-18T09:30:00+05:30,22644.1,22650,NO_SIGNAL,,,,,,,TRADED,185.08,2025-03-18T09:30:00+05:30,106.75,2025-03-18T15:15:00+05:30,32.85,day_close,1,2,18694.00,50.00,18644.00,NIFTY_22650_CE_20_MAR_25.csv had no qualifying bar with open below prior 25-close SMA between 09:30 and 15:00
2025-03-19,TRADED,,2025-03-20,2025-03-19T09:30:00+05:30,22848.45,22850,NO_SIGNAL,,,,,,,TRADED,135.98,2025-03-19T09:30:00+05:30,80.84,2025-03-19T15:15:00+05:30,47.95,day_close,1,2,8031.40,50.00,7981.40,NIFTY_22850_CE_20_MAR_25.csv had no qualifying bar with open below prior 25-close SMA between 09:30 and 15:00
2025-03-20,TRADED,,2025-03-20,2025-03-20T09:30:00+05:30,23064.65,23050,TRADED,31.59,2025-03-20T10:15:00+05:30,27.45,2025-03-20T10:30:00+05:30,42.75,stop_loss_ma_cross,TRADED,156.80,2025-03-20T09:30:00+05:30,44.5,2025-03-20T15:15:00+05:30,0.15,day_close,2,4,6513.00,100.00,6413.00,
2025-03-21,TRADED,,2025-03-27,2025-03-21T09:30:00+05:30,23196.2,23200,NO_SIGNAL,,,,,,,TRADED,174.82,2025-03-21T09:30:00+05:30,126.5,2025-03-21T15:15:00+05:30,64.8,day_close,1,2,15522.00,50.00,15472.00,NIFTY_23200_CE_27_MAR_25.csv had no qualifying bar with open below prior 25-close SMA between 09:30 and 15:00
2025-03-24,TRADED,,2025-03-27,2025-03-24T09:30:00+05:30,23498.9,23500,NO_SIGNAL,,,,,,,TRADED,207.85,2025-03-24T09:30:00+05:30,127.95,2025-03-24T15:15:00+05:30,66.25,day_close,1,2,15522.00,50.00,15472.00,NIFTY_23500_CE_27_MAR_25.csv had no qualifying bar with open below prior 25-close SMA between 09:30 and 15:00
2025-03-25,TRADED,,2025-03-27,2025-03-25T09:30:00+05:30,23721.65,23700,TRADED,142.18,2025-03-25T11:30:00+05:30,122.1,2025-03-25T14:00:00+05:30,149.5,stop_loss_ma_cross,TRADED,165.91,2025-03-25T09:30:00+05:30,125.8,2025-03-25T15:15:00+05:30,99.25,day_close,2,4,-1261.00,100.00,-1361.00,
2025-03-26,TRADED,,2025-03-27,2025-03-26T09:30:00+05:30,23699.8,23700,TRADED,143.33,2025-03-26T09:30:00+05:30,104.0,2025-03-26T15:15:00+05:30,25.65,day_close,TRADED,98.08,2025-03-26T10:00:00+05:30,90.65,2025-03-26T11:15:00+05:30,98.1,stop_loss_ma_cross,2,4,17394.00,100.00,17294.00,
2025-03-27,TRADED,,2025-03-27,2025-03-27T09:30:00+05:30,23543.8,23550,TRADED,132.58,2025-03-27T09:30:00+05:30,66.8,2025-03-27T15:15:00+05:30,42.3,day_close,TRADED,57.99,2025-03-27T09:30:00+05:30,57.55,2025-03-27T15:15:00+05:30,0.4,day_close,2,4,20189.00,100.00,20089.00,
2025-03-28,TRADED,,2025-04-03,2025-03-28T09:30:00+05:30,23558.75,23550,TRADED,223.98,2025-03-28T09:30:00+05:30,179.3,2025-03-28T11:00:00+05:30,219.25,stop_loss_ma_cross,TRADED,117.12,2025-03-28T10:45:00+05:30,100.7,2025-03-28T11:45:00+05:30,116.5,stop_loss_ma_cross,2,4,-15535.00,100.00,-15635.00,
2025-04-01,TRADED,,2025-04-03,2025-04-01T09:30:00+05:30,23472.7,23450,TRADED,204.54,2025-04-01T09:30:00+05:30,124.8,2025-04-01T15:15:00+05:30,23.9,day_close,TRADED,84.86,2025-04-01T09:45:00+05:30,67.2,2025-04-01T10:15:00+05:30,93.9,stop_loss_ma_cross,2,4,18252.00,100.00,18152.00,
2025-04-02,TRADED,,2025-04-03,2025-04-02T09:30:00+05:30,23246.3,23250,TRADED,123.85,2025-04-02T09:30:00+05:30,106.8,2025-04-02T10:30:00+05:30,100.4,stop_loss_ma_cross,TRADED,105.72,2025-04-02T09:30:00+05:30,89.95,2025-04-02T15:15:00+05:30,46.55,day_close,2,4,11908.00,100.00,11808.00,
2025-04-03,TRADED,,2025-04-03,2025-04-03T09:30:00+05:30,23251.65,23250,TRADED,91.60,2025-04-03T09:30:00+05:30,42.1,2025-04-03T15:15:00+05:30,3.05,day_close,TRADED,62.90,2025-04-03T09:30:00+05:30,51.45,2025-04-03T15:15:00+05:30,0.2,day_close,2,4,22438.00,100.00,22338.00,
2025-04-04,TRADED,,2025-04-09,2025-04-04T09:30:00+05:30,23077.8,23100,TRADED,261.14,2025-04-04T09:30:00+05:30,132.9,2025-04-04T15:15:00+05:30,41.95,day_close,NO_SIGNAL,,,,,,,1,2,23127.00,50.00,23077.00,NIFTY_23100_PE_09_APR_25.csv had no qualifying bar with open below prior 25-close SMA between 09:30 and 15:00
2025-04-07,TRADED,,2025-04-09,2025-04-07T09:30:00+05:30,22042.35,22050,TRADED,935.39,2025-04-07T09:30:00+05:30,310.5,2025-04-07T15:00:00+05:30,316.64,stop_loss_ma_cross,NO_SIGNAL,,,,,,,1,2,-2116.40,50.00,-2166.40,NIFTY_22050_PE_09_APR_25.csv had no qualifying bar with open below prior 25-close SMA between 09:30 and 15:00
2025-04-08,TRADED,,2025-04-09,2025-04-08T09:30:00+05:30,22545.6,22550,TRADED,79.66,2025-04-08T10:45:00+05:30,69.34,2025-04-08T11:00:00+05:30,103.35,stop_loss_ma_cross,TRADED,600.84,2025-04-08T09:30:00+05:30,159.6,2025-04-08T15:15:00+05:30,167.45,day_close,2,4,-11923.60,100.00,-12023.60,
2025-04-09,TRADED,,2025-04-09,2025-04-09T09:30:00+05:30,22382.9,22400,TRADED,258.03,2025-04-09T09:30:00+05:30,79.2,2025-04-09T15:15:00+05:30,0.85,day_close,TRADED,136.95,2025-04-09T09:30:00+05:30,112.3,2025-04-09T15:15:00+05:30,0.65,day_close,2,4,48360.00,100.00,48260.00,
2025-04-11,TRADED,,2025-04-17,2025-04-11T09:30:00+05:30,22762.45,22750,TRADED,275.75,2025-04-11T14:30:00+05:30,264.39,2025-04-11T14:45:00+05:30,285.6,stop_loss_ma_cross,TRADED,446.30,2025-04-11T09:30:00+05:30,208.1,2025-04-11T14:30:00+05:30,232.1,stop_loss_ma_cross,2,4,-12794.60,100.00,-12894.60,
2025-04-15,TRADED,,2025-04-17,2025-04-15T09:30:00+05:30,23297.9,23300,TRADED,112.00,2025-04-15T14:00:00+05:30,111.9,2025-04-15T15:15:00+05:30,88.55,day_close,TRADED,480.74,2025-04-15T09:30:00+05:30,141.25,2025-04-15T15:15:00+05:30,105.0,day_close,2,4,14456.00,100.00,14356.00,
2025-04-16,TRADED,,2025-04-17,2025-04-16T09:30:00+05:30,23333.5,23350,TRADED,89.02,2025-04-16T09:30:00+05:30,47.2,2025-04-16T14:00:00+05:30,88.1,stop_loss_ma_cross,TRADED,123.02,2025-04-16T09:30:00+05:30,90.0,2025-04-16T10:45:00+05:30,125.2,stop_loss_ma_cross,2,4,-20826.00,100.00,-20926.00,
2025-04-17,TRADED,,2025-04-17,2025-04-17T09:30:00+05:30,23309.8,23300,TRADED,90.67,2025-04-17T09:30:00+05:30,42.5,2025-04-17T09:45:00+05:30,107.0,stop_loss_ma_cross,TRADED,67.51,2025-04-17T09:30:00+05:30,50.4,2025-04-17T15:15:00+05:30,0.15,day_close,2,4,-4745.00,100.00,-4845.00,
2025-04-21,TRADED,,2025-04-24,2025-04-21T09:30:00+05:30,23958.7,23950,NO_SIGNAL,,,,,,,TRADED,390.81,2025-04-21T09:30:00+05:30,175.05,2025-04-21T15:15:00+05:30,67.45,day_close,1,2,27456.00,50.00,27406.00,NIFTY_23950_CE_24_APR_25.csv had no qualifying bar with open below prior 25-close SMA between 09:30 and 15:00
2025-04-22,TRADED,,2025-04-24,2025-04-22T09:30:00+05:30,24132.6,24150,TRADED,123.20,2025-04-22T09:30:00+05:30,94.65,2025-04-22T10:45:00+05:30,136.9,stop_loss_ma_cross,TRADED,151.29,2025-04-22T09:30:00+05:30,118.9,2025-04-22T15:15:00+05:30,86.85,day_close,2,4,-3692.00,100.00,-3792.00,
2025-04-23,TRADED,,2025-04-24,2025-04-23T09:30:00+05:30,24317.6,24300,TRADED,58.24,2025-04-23T10:15:00+05:30,45.8,2025-04-23T11:45:00+05:30,56.85,stop_loss_ma_cross,TRADED,161.45,2025-04-23T09:30:00+05:30,87.55,2025-04-23T10:15:00+05:30,154.9,stop_loss_ma_cross,2,4,-21424.00,100.00,-21524.00,
2025-04-24,TRADED,,2025-04-24,2025-04-24T09:30:00+05:30,24253.55,24250,TRADED,76.56,2025-04-24T09:30:00+05:30,44.45,2025-04-24T15:15:00+05:30,0.75,day_close,TRADED,69.02,2025-04-24T09:30:00+05:30,28.45,2025-04-24T15:15:00+05:30,3.35,day_close,2,4,16848.00,100.00,16748.00,
2025-04-25,TRADED,,2025-04-30,2025-04-25T09:30:00+05:30,24319.0,24300,TRADED,185.59,2025-04-25T09:45:00+05:30,152.6,2025-04-25T14:00:00+05:30,118.75,stop_loss_ma_cross,TRADED,190.94,2025-04-25T09:30:00+05:30,157.65,2025-04-25T09:45:00+05:30,211.0,stop_loss_ma_cross,2,4,-6110.00,100.00,-6210.00,
2025-04-28,TRADED,,2025-04-30,2025-04-28T09:30:00+05:30,24117.05,24100,NO_SIGNAL,,,,,,,TRADED,214.31,2025-04-28T09:30:00+05:30,111.1,2025-04-28T15:15:00+05:30,44.05,day_close,1,2,16913.00,50.00,16863.00,NIFTY_24100_CE_30_APR_25.csv had no qualifying bar with open below prior 25-close SMA between 09:30 and 15:00
2025-04-29,TRADED,,2025-04-30,2025-04-29T09:30:00+05:30,24418.25,24400,TRADED,73.58,2025-04-29T09:45:00+05:30,60.35,2025-04-29T10:00:00+05:30,77.15,stop_loss_ma_cross,TRADED,155.66,2025-04-29T09:30:00+05:30,74.84,2025-04-29T12:00:00+05:30,133.94,stop_loss_ma_cross,2,4,-20774.00,100.00,-20874.00,
2025-04-30,TRADED,,2025-04-30,2025-04-30T09:30:00+05:30,24322.25,24300,TRADED,84.22,2025-04-30T09:30:00+05:30,42.4,2025-04-30T15:00:00+05:30,68.75,stop_loss_ma_cross,TRADED,52.59,2025-04-30T09:30:00+05:30,22.9,2025-04-30T15:15:00+05:30,0.35,day_close,2,4,-2028.00,100.00,-2128.00,
2025-05-02,TRADED,,2025-05-08,2025-05-02T09:30:00+05:30,24487.1,24500,TRADED,174.21,2025-05-02T11:00:00+05:30,161.1,2025-05-02T15:15:00+05:30,100.15,day_close,TRADED,292.88,2025-05-02T09:30:00+05:30,169.1,2025-05-02T11:45:00+05:30,267.95,stop_loss_ma_cross,2,4,-10894.00,100.00,-10994.00,
2025-05-05,TRADED,,2025-05-08,2025-05-05T09:30:00+05:30,24442.25,24450,TRADED,160.76,2025-05-05T09:30:00+05:30,128.85,2025-05-05T10:00:00+05:30,166.15,stop_loss_ma_cross,TRADED,209.48,2025-05-05T09:30:00+05:30,147.94,2025-05-05T15:15:00+05:30,105.2,day_close,2,4,374.40,100.00,274.40,
2025-05-06,TRADED,,2025-05-08,2025-05-06T09:30:00+05:30,24433.1,24450,TRADED,119.09,2025-05-06T09:30:00+05:30,77.8,2025-05-06T15:15:00+05:30,40.2,day_close,TRADED,102.09,2025-05-06T09:30:00+05:30,97.05,2025-05-06T10:00:00+05:30,107.25,stop_loss_ma_cross,2,4,6084.00,100.00,5984.00,
2025-05-07,TRADED,,2025-05-08,2025-05-07T09:30:00+05:30,24428.5,24450,TRADED,43.40,2025-05-07T10:00:00+05:30,39.2,2025-05-07T11:30:00+05:30,49.9,stop_loss_ma_cross,TRADED,118.05,2025-05-07T11:30:00+05:30,102.5,2025-05-07T12:00:00+05:30,132.1,stop_loss_ma_cross,2,4,-11518.00,100.00,-11618.00,
2025-05-08,TRADED,,2025-05-08,2025-05-08T09:30:00+05:30,24393.35,24400,TRADED,46.99,2025-05-08T09:30:00+05:30,20.0,2025-05-08T15:15:00+05:30,0.1,day_close,TRADED,87.90,2025-05-08T09:30:00+05:30,41.9,2025-05-08T13:45:00+05:30,57.9,stop_loss_ma_cross,2,4,-26.00,100.00,-126.00,
2025-05-09,TRADED,,2025-05-15,2025-05-09T09:30:00+05:30,24083.55,24100,TRADED,389.22,2025-05-09T09:30:00+05:30,246.5,2025-05-09T15:15:00+05:30,170.4,day_close,NO_SIGNAL,,,,,,,1,2,19266.00,50.00,19216.00,NIFTY_24100_PE_15_MAY_25.csv had no qualifying bar with open below prior 25-close SMA between 09:30 and 15:00
2025-05-12,TRADED,,2025-05-15,2025-05-12T09:30:00+05:30,24596.1,24600,NO_SIGNAL,,,,,,,TRADED,613.34,2025-05-12T09:30:00+05:30,146.3,2025-05-12T15:15:00+05:30,91.5,day_close,1,2,13728.00,50.00,13678.00,NIFTY_24600_CE_15_MAY_25.csv had no qualifying bar with open below prior 25-close SMA between 09:30 and 15:00
2025-05-13,TRADED,,2025-05-15,2025-05-13T09:30:00+05:30,24765.6,24750,TRADED,214.33,2025-05-13T09:30:00+05:30,193.45,2025-05-13T15:15:00+05:30,68.15,day_close,NO_SIGNAL,,,,,,,1,2,32058.00,50.00,32008.00,NIFTY_24750_PE_15_MAY_25.csv had no qualifying bar with open below prior 25-close SMA between 09:30 and 15:00
2025-05-14,TRADED,,2025-05-15,2025-05-14T09:30:00+05:30,24717.9,24700,TRADED,158.73,2025-05-14T09:30:00+05:30,121.1,2025-05-14T15:15:00+05:30,66.65,day_close,TRADED,198.94,2025-05-14T09:30:00+05:30,125.7,2025-05-14T13:00:00+05:30,197.95,stop_loss_ma_cross,2,4,-5668.00,100.00,-5768.00,
2025-05-15,TRADED,,2025-05-15,2025-05-15T09:30:00+05:30,24611.3,24600,TRADED,124.42,2025-05-15T09:30:00+05:30,62.9,2025-05-15T10:45:00+05:30,197.0,stop_loss_ma_cross,TRADED,79.03,2025-05-15T09:30:00+05:30,66.8,2025-05-15T09:45:00+05:30,116.85,stop_loss_ma_cross,2,4,-48919.00,100.00,-49019.00,
2025-05-16,TRADED,,2025-05-22,2025-05-16T09:30:00+05:30,25033.25,25050,TRADED,155.82,2025-05-16T11:15:00+05:30,155.5,2025-05-16T15:15:00+05:30,169.7,day_close,TRADED,355.03,2025-05-16T09:30:00+05:30,182.05,2025-05-16T15:15:00+05:30,188.45,day_close,2,4,-6396.00,100.00,-6496.00,
2025-05-19,TRADED,,2025-05-22,2025-05-19T09:30:00+05:30,25014.15,25000,TRADED,184.83,2025-05-19T09:30:00+05:30,179.5,2025-05-19T10:15:00+05:30,188.95,stop_loss_ma_cross,TRADED,173.32,2025-05-19T09:30:00+05:30,167.1,2025-05-19T12:15:00+05:30,168.05,stop_loss_ma_cross,2,4,-3744.00,100.00,-3844.00,
2025-05-20,TRADED,,2025-05-22,2025-05-20T09:30:00+05:30,24935.4,24950,TRADED,182.15,2025-05-20T09:30:00+05:30,124.9,2025-05-20T15:15:00+05:30,49.45,day_close,TRADED,141.06,2025-05-20T09:30:00+05:30,140.3,2025-05-20T09:45:00+05:30,145.4,stop_loss_ma_cross,2,4,17251.00,100.00,17151.00,
2025-05-21,TRADED,,2025-05-22,2025-05-21T09:30:00+05:30,24738.2,24750,TRADED,179.99,2025-05-21T09:30:00+05:30,113.4,2025-05-21T10:15:00+05:30,215.55,stop_loss_ma_cross,TRADED,94.97,2025-05-21T10:00:00+05:30,90.15,2025-05-21T12:15:00+05:30,128.55,stop_loss_ma_cross,2,4,-37583.00,100.00,-37683.00,
2025-05-22,TRADED,,2025-05-22,2025-05-22T09:30:00+05:30,24591.45,24600,TRADED,259.68,2025-05-22T09:30:00+05:30,76.0,2025-05-22T15:15:00+05:30,5.65,day_close,TRADED,49.68,2025-05-22T10:00:00+05:30,48.7,2025-05-22T10:15:00+05:30,51.3,stop_loss_ma_cross,2,4,16575.00,100.00,16475.00,
2025-05-23,TRADED,,2025-05-29,2025-05-23T09:30:00+05:30,24714.0,24700,TRADED,310.16,2025-05-23T15:00:00+05:30,305.89,2025-05-23T15:15:00+05:30,303.0,day_close,TRADED,250.96,2025-05-23T09:30:00+05:30,175.7,2025-05-23T15:15:00+05:30,133.15,day_close,2,4,10774.40,100.00,10674.40,
2025-05-26,TRADED,,2025-05-29,2025-05-26T09:30:00+05:30,25040.05,25050,NO_SIGNAL,,,,,,,TRADED,291.43,2025-05-26T09:30:00+05:30,189.5,2025-05-26T15:15:00+05:30,209.2,day_close,1,2,-5642.00,50.00,-5692.00,NIFTY_25050_CE_29_MAY_25.csv had no qualifying bar with open below prior 25-close SMA between 09:30 and 15:00
2025-05-27,TRADED,,2025-05-29,2025-05-27T09:30:00+05:30,24791.9,24800,TRADED,342.73,2025-05-27T09:30:00+05:30,222.5,2025-05-27T11:30:00+05:30,376.6,stop_loss_ma_cross,TRADED,148.91,2025-05-27T11:30:00+05:30,122.9,2025-05-27T12:30:00+05:30,173.7,stop_loss_ma_cross,2,4,-54314.00,100.00,-54414.00,
2025-05-28,TRADED,,2025-05-29,2025-05-28T09:30:00+05:30,24768.9,24750,TRADED,268.99,2025-05-28T09:30:00+05:30,195.3,2025-05-28T15:15:00+05:30,117.1,day_close,TRADED,150.13,2025-05-28T09:45:00+05:30,123.15,2025-05-28T15:15:00+05:30,107.35,day_close,2,4,23400.00,100.00,23300.00,
2025-05-29,TRADED,,2025-05-29,2025-05-29T09:30:00+05:30,24802.7,24800,TRADED,126.60,2025-05-29T09:30:00+05:30,60.75,2025-05-29T15:15:00+05:30,33.45,day_close,TRADED,133.27,2025-05-29T09:30:00+05:30,40.85,2025-05-29T11:45:00+05:30,105.5,stop_loss_ma_cross,2,4,-10751.00,100.00,-10851.00,
2025-05-30,TRADED,,2025-06-05,2025-05-30T09:30:00+05:30,24848.05,24850,TRADED,192.23,2025-05-30T10:30:00+05:30,188.0,2025-05-30T14:00:00+05:30,194.0,stop_loss_ma_cross,TRADED,243.05,2025-05-30T09:30:00+05:30,196.9,2025-05-30T10:30:00+05:30,243.7,stop_loss_ma_cross,2,4,-14768.00,100.00,-14868.00,
2025-06-02,TRADED,,2025-06-05,2025-06-02T09:30:00+05:30,24564.8,24550,TRADED,348.13,2025-06-02T09:30:00+05:30,200.7,2025-06-02T12:15:00+05:30,302.85,stop_loss_ma_cross,TRADED,143.87,2025-06-02T13:15:00+05:30,142.55,2025-06-02T15:15:00+05:30,139.95,day_close,2,4,-26923.00,100.00,-27023.00,
2025-06-03,TRADED,,2025-06-05,2025-06-03T09:30:00+05:30,24647.9,24650,TRADED,232.93,2025-06-03T09:30:00+05:30,223.7,2025-06-03T10:30:00+05:30,265.85,stop_loss_ma_cross,TRADED,199.36,2025-06-03T10:15:00+05:30,194.65,2025-06-03T10:45:00+05:30,205.3,stop_loss_ma_cross,2,4,-14768.00,100.00,-14868.00,
2025-06-04,TRADED,,2025-06-05,2025-06-04T09:30:00+05:30,24572.65,24550,TRADED,217.53,2025-06-04T09:30:00+05:30,113.95,2025-06-04T14:00:00+05:30,123.7,stop_loss_ma_cross,TRADED,145.25,2025-06-04T09:30:00+05:30,86.9,2025-06-04T15:15:00+05:30,51.85,day_close,2,4,5538.00,100.00,5438.00,
2025-06-05,TRADED,,2025-06-05,2025-06-05T09:30:00+05:30,24715.35,24700,TRADED,54.64,2025-06-05T10:15:00+05:30,53.7,2025-06-05T11:30:00+05:30,59.1,stop_loss_ma_cross,TRADED,143.42,2025-06-05T09:30:00+05:30,62.2,2025-06-05T15:15:00+05:30,0.3,day_close,2,4,13650.00,100.00,13550.00,
2025-06-06,TRADED,,2025-06-12,2025-06-06T09:30:00+05:30,24728.75,24750,TRADED,212.58,2025-06-06T09:30:00+05:30,165.6,2025-06-06T10:30:00+05:30,227.8,stop_loss_ma_cross,TRADED,172.58,2025-06-06T10:15:00+05:30,157.65,2025-06-06T15:15:00+05:30,71.05,day_close,2,4,5304.00,100.00,5204.00,
2025-06-09,TRADED,,2025-06-12,2025-06-09T09:30:00+05:30,25093.9,25100,TRADED,145.79,2025-06-09T11:45:00+05:30,145.65,2025-06-09T12:15:00+05:30,146.15,stop_loss_ma_cross,TRADED,252.59,2025-06-09T09:30:00+05:30,159.4,2025-06-09T15:15:00+05:30,132.8,day_close,2,4,5746.00,100.00,5646.00,
2025-06-10,TRADED,,2025-06-12,2025-06-10T09:30:00+05:30,25087.75,25100,TRADED,144.61,2025-06-10T09:30:00+05:30,108.35,2025-06-10T15:15:00+05:30,83.0,day_close,TRADED,135.65,2025-06-10T09:30:00+05:30,127.2,2025-06-10T15:00:00+05:30,88.3,stop_loss_ma_cross,2,4,15665.00,100.00,15565.00,
2025-06-11,TRADED,,2025-06-12,2025-06-11T09:30:00+05:30,25135.95,25150,TRADED,81.16,2025-06-11T09:30:00+05:30,65.3,2025-06-11T10:45:00+05:30,89.45,stop_loss_ma_cross,TRADED,105.71,2025-06-11T09:30:00+05:30,96.25,2025-06-11T14:15:00+05:30,87.5,stop_loss_ma_cross,2,4,-5044.00,100.00,-5144.00,
2025-06-12,TRADED,,2025-06-12,2025-06-12T09:30:00+05:30,25173.65,25150,TRADED,82.84,2025-06-12T09:30:00+05:30,58.25,2025-06-12T15:15:00+05:30,0.15,day_close,TRADED,68.96,2025-06-12T09:30:00+05:30,41.25,2025-06-12T09:45:00+05:30,98.0,stop_loss_ma_cross,2,4,-689.00,100.00,-789.00,
2025-06-13,TRADED,,2025-06-19,2025-06-13T09:30:00+05:30,24641.9,24650,TRADED,430.76,2025-06-13T09:30:00+05:30,195.8,2025-06-13T15:15:00+05:30,201.6,day_close,TRADED,149.51,2025-06-13T13:45:00+05:30,143.65,2025-06-13T14:00:00+05:30,152.45,stop_loss_ma_cross,2,4,-4836.00,100.00,-4936.00,
2025-06-16,TRADED,,2025-06-19,2025-06-16T09:30:00+05:30,24786.5,24800,TRADED,123.24,2025-06-16T10:00:00+05:30,115.25,2025-06-16T10:30:00+05:30,166.75,stop_loss_ma_cross,TRADED,241.06,2025-06-16T09:30:00+05:30,147.65,2025-06-16T15:15:00+05:30,83.65,day_close,2,4,2210.00,100.00,2110.00,
2025-06-17,TRADED,,2025-06-19,2025-06-17T09:30:00+05:30,24882.7,24900,TRADED,149.45,2025-06-17T09:30:00+05:30,112.65,2025-06-17T15:15:00+05:30,77.5,day_close,TRADED,135.39,2025-06-17T09:45:00+05:30,130.65,2025-06-17T10:15:00+05:30,136.8,stop_loss_ma_cross,2,4,6500.00,100.00,6400.00,
2025-06-18,TRADED,,2025-06-19,2025-06-18T09:30:00+05:30,24897.05,24900,TRADED,86.64,2025-06-18T10:30:00+05:30,79.25,2025-06-18T15:15:00+05:30,41.25,day_close,TRADED,126.56,2025-06-18T09:30:00+05:30,98.9,2025-06-18T11:15:00+05:30,120.45,stop_loss_ma_cross,2,4,3237.00,100.00,3137.00,
2025-06-19,TRADED,,2025-06-19,2025-06-19T09:30:00+05:30,24816.3,24800,TRADED,98.67,2025-06-19T09:30:00+05:30,54.25,2025-06-19T15:15:00+05:30,1.3,day_close,TRADED,77.18,2025-06-19T09:30:00+05:30,41.3,2025-06-19T15:15:00+05:30,2.05,day_close,2,4,22932.00,100.00,22832.00,
2025-06-20,TRADED,,2025-06-26,2025-06-20T09:30:00+05:30,24831.6,24850,TRADED,175.95,2025-06-20T09:30:00+05:30,159.1,2025-06-20T09:45:00+05:30,182.7,stop_loss_ma_cross,TRADED,193.88,2025-06-20T09:30:00+05:30,161.1,2025-06-20T15:15:00+05:30,76.95,day_close,2,4,14703.00,100.00,14603.00,
2025-06-23,TRADED,,2025-06-26,2025-06-23T09:30:00+05:30,24908.9,24900,TRADED,255.61,2025-06-23T09:30:00+05:30,148.15,2025-06-23T13:30:00+05:30,227.6,stop_loss_ma_cross,TRADED,115.62,2025-06-23T12:45:00+05:30,111.35,2025-06-23T13:00:00+05:30,118.0,stop_loss_ma_cross,2,4,-23426.00,100.00,-23526.00,
2025-06-24,TRADED,,2025-06-26,2025-06-24T09:30:00+05:30,25199.9,25200,TRADED,125.69,2025-06-24T13:30:00+05:30,108.65,2025-06-24T15:15:00+05:30,50.25,day_close,TRADED,279.57,2025-06-24T09:30:00+05:30,109.15,2025-06-24T13:45:00+05:30,186.4,stop_loss_ma_cross,2,4,-5941.00,100.00,-6041.00,
2025-06-25,TRADED,,2025-06-26,2025-06-25T09:30:00+05:30,25159.45,25150,TRADED,153.60,2025-06-25T09:30:00+05:30,99.85,2025-06-25T12:30:00+05:30,123.75,stop_loss_ma_cross,TRADED,99.90,2025-06-25T09:30:00+05:30,75.5,2025-06-25T15:15:00+05:30,35.7,day_close,2,4,3094.00,100.00,2994.00,
2025-06-26,TRADED,,2025-06-26,2025-06-26T09:30:00+05:30,25350.45,25350,NO_SIGNAL,,,,,,,TRADED,141.91,2025-06-26T09:30:00+05:30,60.3,2025-06-26T15:15:00+05:30,0.3,day_close,1,2,15080.00,50.00,15030.00,NIFTY_25350_CE_26_JUN_25.csv had no qualifying bar with open below prior 25-close SMA between 09:30 and 15:00
2025-06-27,TRADED,,2025-07-03,2025-06-27T09:30:00+05:30,25537.3,25550,NO_SIGNAL,,,,,,,TRADED,247.35,2025-06-27T09:30:00+05:30,163.35,2025-06-27T15:15:00+05:30,97.85,day_close,1,2,16510.00,50.00,16460.00,NIFTY_25550_CE_03_JUL_25.csv had no qualifying bar with open below prior 25-close SMA between 09:30 and 15:00
2025-06-30,TRADED,,2025-07-03,2025-06-30T09:30:00+05:30,25631.85,25650,TRADED,139.24,2025-06-30T09:30:00+05:30,136.0,2025-06-30T15:15:00+05:30,78.5,day_close,TRADED,153.99,2025-06-30T09:30:00+05:30,134.75,2025-06-30T10:00:00+05:30,163.35,stop_loss_ma_cross,2,4,6474.00,100.00,6374.00,
2025-07-01,TRADED,,2025-07-03,2025-07-01T09:30:00+05:30,25574.2,25550,TRADED,135.95,2025-07-01T09:30:00+05:30,126.75,2025-07-01T14:15:00+05:30,105.5,stop_loss_ma_cross,TRADED,128.43,2025-07-01T09:30:00+05:30,103.95,2025-07-01T15:15:00+05:30,89.25,day_close,2,4,8307.00,100.00,8207.00,
2025-07-02,TRADED,,2025-07-03,2025-07-02T09:30:00+05:30,25567.85,25550,TRADED,100.47,2025-07-02T09:30:00+05:30,94.0,2025-07-02T15:15:00+05:30,35.55,day_close,TRADED,94.43,2025-07-02T09:30:00+05:30,64.8,2025-07-02T10:45:00+05:30,102.2,stop_loss_ma_cross,2,4,4433.00,100.00,4333.00,
2025-07-03,TRADED,,2025-07-03,2025-07-03T09:30:00+05:30,25434.85,25450,TRADED,87.69,2025-07-03T09:30:00+05:30,39.4,2025-07-03T10:00:00+05:30,115.65,stop_loss_ma_cross,TRADED,63.51,2025-07-03T09:30:00+05:30,63.3,2025-07-03T14:30:00+05:30,31.25,stop_loss_ma_cross,2,4,-12532.00,100.00,-12632.00,
2025-07-04,TRADED,,2025-07-10,2025-07-04T09:30:00+05:30,25424.55,25400,TRADED,230.29,2025-07-04T09:30:00+05:30,168.0,2025-07-04T14:45:00+05:30,183.75,stop_loss_ma_cross,TRADED,140.55,2025-07-04T14:00:00+05:30,138.15,2025-07-04T15:15:00+05:30,104.5,day_close,2,4,3614.00,100.00,3514.00,
2025-07-07,TRADED,,2025-07-10,2025-07-07T09:30:00+05:30,25441.4,25450,TRADED,122.20,2025-07-07T09:30:00+05:30,119.15,2025-07-07T09:45:00+05:30,131.8,stop_loss_ma_cross,TRADED,160.77,2025-07-07T09:30:00+05:30,122.95,2025-07-07T14:45:00+05:30,117.55,stop_loss_ma_cross,2,4,-2925.00,100.00,-3025.00,
2025-07-08,TRADED,,2025-07-10,2025-07-08T09:30:00+05:30,25475.9,25500,TRADED,98.62,2025-07-08T09:30:00+05:30,94.1,2025-07-08T15:00:00+05:30,85.2,stop_loss_ma_cross,TRADED,135.74,2025-07-08T09:30:00+05:30,109.35,2025-07-08T15:15:00+05:30,64.05,day_close,2,4,13052.00,100.00,12952.00,
2025-07-09,TRADED,,2025-07-10,2025-07-09T09:30:00+05:30,25483.35,25500,TRADED,79.88,2025-07-09T09:30:00+05:30,69.7,2025-07-09T10:00:00+05:30,86.6,stop_loss_ma_cross,TRADED,98.52,2025-07-09T09:30:00+05:30,71.9,2025-07-09T14:30:00+05:30,62.05,stop_loss_ma_cross,2,4,-2873.00,100.00,-2973.00,
2025-07-10,TRADED,,2025-07-10,2025-07-10T09:30:00+05:30,25451.9,25450,TRADED,118.56,2025-07-10T09:30:00+05:30,49.2,2025-07-10T15:15:00+05:30,0.2,day_close,TRADED,63.67,2025-07-10T14:15:00+05:30,57.1,2025-07-10T15:00:00+05:30,86.35,stop_loss_ma_cross,2,4,4095.00,100.00,3995.00,
2025-07-11,TRADED,,2025-07-17,2025-07-11T09:30:00+05:30,25309.9,25300,TRADED,214.76,2025-07-11T09:30:00+05:30,143.9,2025-07-11T15:15:00+05:30,74.5,day_close,NO_SIGNAL,,,,,,,1,2,17524.00,50.00,17474.00,NIFTY_25300_PE_17_JUL_25.csv had no qualifying bar with open below prior 25-close SMA between 09:30 and 15:00
2025-07-14,TRADED,,2025-07-17,2025-07-14T09:30:00+05:30,25071.9,25050,TRADED,225.87,2025-07-14T09:30:00+05:30,133.4,2025-07-14T15:00:00+05:30,161.65,stop_loss_ma_cross,TRADED,87.81,2025-07-14T14:30:00+05:30,84.5,2025-07-14T15:15:00+05:30,70.7,day_close,2,4,-4797.00,100.00,-4897.00,
2025-07-15,TRADED,,2025-07-17,2025-07-15T09:30:00+05:30,25147.95,25150,TRADED,82.45,2025-07-15T09:45:00+05:30,75.05,2025-07-15T10:15:00+05:30,81.6,stop_loss_ma_cross,TRADED,136.94,2025-07-15T09:30:00+05:30,81.4,2025-07-15T15:15:00+05:30,43.85,day_close,2,4,7020.00,100.00,6920.00,
2025-07-16,TRADED,,2025-07-17,2025-07-16T09:30:00+05:30,25147.15,25150,TRADED,110.20,2025-07-16T09:30:00+05:30,68.4,2025-07-16T12:45:00+05:30,95.55,stop_loss_ma_cross,TRADED,53.22,2025-07-16T12:00:00+05:30,42.45,2025-07-16T15:15:00+05:30,27.35,day_close,2,4,-4173.00,100.00,-4273.00,
2025-07-17,TRADED,,2025-07-17,2025-07-17T09:30:00+05:30,25209.9,25200,TRADED,56.60,2025-07-17T09:30:00+05:30,43.55,2025-07-17T15:15:00+05:30,0.15,day_close,TRADED,62.45,2025-07-17T09:30:00+05:30,28.8,2025-07-17T10:30:00+05:30,62.65,stop_loss_ma_cross,2,4,1443.00,100.00,1343.00,
2025-07-18,TRADED,,2025-07-24,2025-07-18T09:30:00+05:30,25071.85,25050,TRADED,219.14,2025-07-18T09:30:00+05:30,154.2,2025-07-18T15:15:00+05:30,109.15,day_close,TRADED,143.24,2025-07-18T14:30:00+05:30,139.5,2025-07-18T14:45:00+05:30,148.8,stop_loss_ma_cross,2,4,8255.00,100.00,8155.00,
2025-07-21,TRADED,,2025-07-24,2025-07-21T09:30:00+05:30,24901.9,24900,TRADED,187.01,2025-07-21T09:30:00+05:30,118.4,2025-07-21T10:00:00+05:30,210.0,stop_loss_ma_cross,TRADED,88.38,2025-07-21T09:45:00+05:30,81.9,2025-07-21T15:15:00+05:30,32.55,day_close,2,4,-12025.00,100.00,-12125.00,
2025-07-22,TRADED,,2025-07-24,2025-07-22T09:30:00+05:30,25124.85,25100,TRADED,87.56,2025-07-22T10:00:00+05:30,86.05,2025-07-22T10:15:00+05:30,93.45,stop_loss_ma_cross,TRADED,117.31,2025-07-22T09:30:00+05:30,68.65,2025-07-22T14:30:00+05:30,81.25,stop_loss_ma_cross,2,4,-6240.00,100.00,-6340.00,
2025-07-23,TRADED,,2025-07-24,2025-07-23T09:30:00+05:30,25114.35,25100,TRADED,73.13,2025-07-23T09:45:00+05:30,66.5,2025-07-23T10:00:00+05:30,74.5,stop_loss_ma_cross,TRADED,74.88,2025-07-23T09:30:00+05:30,48.65,2025-07-23T15:15:00+05:30,13.55,day_close,2,4,6006.00,100.00,5906.00,
2025-07-24,TRADED,,2025-07-24,2025-07-24T09:30:00+05:30,25188.8,25200,TRADED,43.61,2025-07-24T09:30:00+05:30,30.0,2025-07-24T15:15:00+05:30,0.15,day_close,TRADED,72.96,2025-07-24T09:30:00+05:30,35.35,2025-07-24T11:30:00+05:30,87.4,stop_loss_ma_cross,2,4,-6812.00,100.00,-6912.00,
2025-07-25,TRADED,,2025-07-31,2025-07-25T09:30:00+05:30,24991.55,25000,TRADED,205.02,2025-07-25T09:30:00+05:30,138.6,2025-07-25T15:15:00+05:30,64.95,day_close,NO_SIGNAL,,,,,,,1,2,18629.00,50.00,18579.00,NIFTY_25000_PE_31_JUL_25.csv had no qualifying bar with open below prior 25-close SMA between 09:30 and 15:00
2025-07-28,TRADED,,2025-07-31,2025-07-28T09:30:00+05:30,24784.05,24800,TRADED,168.69,2025-07-28T09:30:00+05:30,116.1,2025-07-28T10:15:00+05:30,163.0,stop_loss_ma_cross,TRADED,95.48,2025-07-28T10:15:00+05:30,77.35,2025-07-28T11:15:00+05:30,94.75,stop_loss_ma_cross,2,4,-17758.00,100.00,-17858.00,
2025-07-29,TRADED,,2025-07-31,2025-07-29T09:30:00+05:30,24710.0,24700,TRADED,158.14,2025-07-29T09:30:00+05:30,121.0,2025-07-29T13:15:00+05:30,114.85,stop_loss_ma_cross,TRADED,95.10,2025-07-29T11:30:00+05:30,91.5,2025-07-29T15:15:00+05:30,32.95,day_close,2,4,15782.00,100.00,15682.00,
2025-07-30,TRADED,,2025-07-31,2025-07-30T09:30:00+05:30,24832.65,24850,TRADED,54.77,2025-07-30T10:30:00+05:30,51.8,2025-07-30T11:15:00+05:30,68.15,stop_loss_ma_cross,TRADED,154.71,2025-07-30T09:30:00+05:30,80.0,2025-07-30T15:15:00+05:30,47.95,day_close,2,4,3042.00,100.00,2942.00,
2025-07-31,TRADED,,2025-07-31,2025-07-31T09:30:00+05:30,24708.4,24700,TRADED,175.95,2025-07-31T09:30:00+05:30,54.6,2025-07-31T12:15:00+05:30,135.0,stop_loss_ma_cross,TRADED,27.86,2025-07-31T11:30:00+05:30,21.2,2025-07-31T15:15:00+05:30,0.4,day_close,2,4,-16536.00,100.00,-16636.00,
2025-08-01,TRADED,,2025-08-07,2025-08-01T09:30:00+05:30,24685.5,24700,TRADED,238.22,2025-08-01T09:30:00+05:30,150.0,2025-08-01T15:15:00+05:30,90.55,day_close,NO_SIGNAL,,,,,,,1,2,14937.00,50.00,14887.00,NIFTY_24700_PE_07_AUG_25.csv had no qualifying bar with open below prior 25-close SMA between 09:30 and 15:00
2025-08-04,TRADED,,2025-08-07,2025-08-04T09:30:00+05:30,24659.65,24650,TRADED,163.47,2025-08-04T09:30:00+05:30,148.4,2025-08-04T11:15:00+05:30,149.05,stop_loss_ma_cross,TRADED,137.21,2025-08-04T09:30:00+05:30,120.65,2025-08-04T09:45:00+05:30,155.95,stop_loss_ma_cross,2,4,-10387.00,100.00,-10487.00,
2025-08-05,TRADED,,2025-08-07,2025-08-05T09:30:00+05:30,24672.75,24650,TRADED,148.32,2025-08-05T09:30:00+05:30,121.8,2025-08-05T15:15:00+05:30,99.1,day_close,TRADED,110.36,2025-08-05T09:30:00+05:30,93.6,2025-08-05T09:45:00+05:30,117.85,stop_loss_ma_cross,2,4,-1443.00,100.00,-1543.00,
2025-08-06,TRADED,,2025-08-07,2025-08-06T09:30:00+05:30,24650.55,24650,TRADED,88.93,2025-08-06T09:45:00+05:30,84.55,2025-08-06T15:15:00+05:30,41.9,day_close,TRADED,105.97,2025-08-06T09:30:00+05:30,82.95,2025-08-06T10:45:00+05:30,116.0,stop_loss_ma_cross,2,4,1456.00,100.00,1356.00,
2025-08-07,TRADED,,2025-08-07,2025-08-07T09:30:00+05:30,24526.25,24550,TRADED,102.56,2025-08-07T09:30:00+05:30,41.55,2025-08-07T15:15:00+05:30,35.7,day_close,TRADED,111.76,2025-08-07T14:30:00+05:30,82.45,2025-08-07T15:15:00+05:30,0.3,day_close,2,4,21840.00,100.00,21740.00,
2025-08-08,TRADED,,2025-08-14,2025-08-08T09:30:00+05:30,24514.95,24500,TRADED,134.69,2025-08-08T10:15:00+05:30,128.25,2025-08-08T15:15:00+05:30,85.35,day_close,TRADED,153.97,2025-08-08T09:30:00+05:30,117.3,2025-08-08T11:00:00+05:30,157.7,stop_loss_ma_cross,2,4,-390.00,100.00,-490.00,
2025-08-11,TRADED,,2025-08-14,2025-08-11T09:30:00+05:30,24400.9,24400,TRADED,167.54,2025-08-11T09:30:00+05:30,136.7,2025-08-11T10:30:00+05:30,160.75,stop_loss_ma_cross,TRADED,107.13,2025-08-11T10:15:00+05:30,101.25,2025-08-11T15:15:00+05:30,43.15,day_close,2,4,7813.00,100.00,7713.00,
2025-08-12,TRADED,,2025-08-14,2025-08-12T09:30:00+05:30,24618.85,24600,TRADED,87.72,2025-08-12T11:15:00+05:30,74.65,2025-08-12T12:30:00+05:30,102.05,stop_loss_ma_cross,TRADED,166.87,2025-08-12T09:30:00+05:30,80.4,2025-08-12T14:15:00+05:30,108.9,stop_loss_ma_cross,2,4,-15574.00,100.00,-15674.00,
2025-08-13,TRADED,,2025-08-14,2025-08-13T09:30:00+05:30,24546.5,24550,TRADED,112.97,2025-08-13T09:30:00+05:30,88.6,2025-08-13T10:00:00+05:30,120.6,stop_loss_ma_cross,TRADED,71.72,2025-08-13T09:30:00+05:30,67.55,2025-08-13T15:15:00+05:30,28.2,day_close,2,4,871.00,100.00,771.00,
2025-08-14,TRADED,,2025-08-14,2025-08-14T09:30:00+05:30,24634.0,24650,TRADED,57.10,2025-08-14T09:30:00+05:30,44.1,2025-08-14T15:15:00+05:30,0.15,day_close,TRADED,77.42,2025-08-14T09:30:00+05:30,56.5,2025-08-14T15:15:00+05:30,19.6,day_close,2,4,19981.00,100.00,19881.00,
2025-08-18,TRADED,,2025-08-21,2025-08-18T09:30:00+05:30,24964.8,24950,TRADED,120.67,2025-08-18T14:30:00+05:30,120.05,2025-08-18T15:15:00+05:30,98.1,day_close,TRADED,310.72,2025-08-18T09:30:00+05:30,108.8,2025-08-18T15:15:00+05:30,119.7,day_close,2,4,1833.00,100.00,1733.00,
2025-08-19,TRADED,,2025-08-21,2025-08-19T09:30:00+05:30,24921.55,24900,TRADED,156.82,2025-08-19T09:30:00+05:30,113.65,2025-08-19T12:00:00+05:30,128.0,stop_loss_ma_cross,TRADED,88.07,2025-08-19T09:30:00+05:30,75.6,2025-08-19T09:45:00+05:30,89.55,stop_loss_ma_cross,2,4,-8398.00,100.00,-8498.00,
2025-08-20,TRADED,,2025-08-21,2025-08-20T09:30:00+05:30,24937.65,24950,TRADED,94.90,2025-08-20T09:30:00+05:30,62.3,2025-08-20T10:30:00+05:30,98.65,stop_loss_ma_cross,TRADED,70.00,2025-08-20T09:45:00+05:30,63.7,2025-08-20T15:15:00+05:30,23.45,day_close,2,4,-26.00,100.00,-126.00,
2025-08-21,TRADED,,2025-08-21,2025-08-21T09:30:00+05:30,25065.7,25050,TRADED,56.04,2025-08-21T09:30:00+05:30,48.2,2025-08-21T10:00:00+05:30,71.4,stop_loss_ma_cross,TRADED,71.95,2025-08-21T09:30:00+05:30,30.9,2025-08-21T15:15:00+05:30,0.15,day_close,2,4,923.00,100.00,823.00,
2025-08-22,TRADED,,2025-08-28,2025-08-22T09:30:00+05:30,24986.9,25000,TRADED,211.66,2025-08-22T09:30:00+05:30,119.5,2025-08-22T15:15:00+05:30,71.5,day_close,NO_SIGNAL,,,,,,,1,2,11960.00,50.00,11910.00,NIFTY_25000_PE_28_AUG_25.csv had no qualifying bar with open below prior 25-close SMA between 09:30 and 15:00
2025-08-25,TRADED,,2025-08-28,2025-08-25T09:30:00+05:30,24947.8,24950,TRADED,109.63,2025-08-25T09:30:00+05:30,99.85,2025-08-25T09:45:00+05:30,109.8,stop_loss_ma_cross,TRADED,116.88,2025-08-25T09:30:00+05:30,85.2,2025-08-25T15:15:00+05:30,62.3,day_close,2,4,2327.00,100.00,2227.00,
2025-08-26,TRADED,,2025-08-28,2025-08-26T09:30:00+05:30,24799.75,24800,TRADED,207.97,2025-08-26T09:30:00+05:30,84.25,2025-08-26T15:15:00+05:30,39.45,day_close,TRADED,54.47,2025-08-26T13:45:00+05:30,53.6,2025-08-26T14:00:00+05:30,58.9,stop_loss_ma_cross,2,4,9230.00,100.00,9130.00,
2025-08-28,TRADED,,2025-08-28,2025-08-28T09:30:00+05:30,24529.35,24550,TRADED,243.68,2025-08-28T09:30:00+05:30,46.1,2025-08-28T15:15:00+05:30,0.3,day_close,TRADED,15.70,2025-08-28T11:00:00+05:30,11.3,2025-08-28T12:30:00+05:30,18.95,stop_loss_ma_cross,2,4,8879.00,100.00,8779.00,
2025-08-29,TRADED,,2025-09-02,2025-08-29T09:30:00+05:30,24532.55,24550,TRADED,153.11,2025-08-29T09:30:00+05:30,116.95,2025-08-29T15:15:00+05:30,47.65,day_close,TRADED,92.96,2025-08-29T10:45:00+05:30,79.05,2025-08-29T13:15:00+05:30,102.6,stop_loss_ma_cross,2,4,10855.00,100.00,10755.00,
2025-09-01,TRADED,,2025-09-02,2025-09-01T09:30:00+05:30,24529.25,24550,TRADED,86.54,2025-09-01T09:30:00+05:30,71.7,2025-09-01T12:30:00+05:30,82.6,stop_loss_ma_cross,TRADED,96.92,2025-09-01T09:30:00+05:30,62.5,2025-09-01T15:15:00+05:30,26.4,day_close,2,4,5512.00,100.00,5412.00,
2025-09-02,TRADED,,2025-09-02,2025-09-02T09:30:00+05:30,24653.9,24650,TRADED,78.28,2025-09-02T13:30:00+05:30,57.9,2025-09-02T15:15:00+05:30,0.15,day_close,TRADED,90.27,2025-09-02T09:30:00+05:30,34.6,2025-09-02T14:00:00+05:30,70.05,stop_loss_ma_cross,2,4,4758.00,100.00,4658.00,
2025-09-03,TRADED,,2025-09-09,2025-09-03T09:30:00+05:30,24598.55,24600,TRADED,204.98,2025-09-03T09:30:00+05:30,138.5,2025-09-03T12:30:00+05:30,155.15,stop_loss_ma_cross,TRADED,104.96,2025-09-03T12:00:00+05:30,99.95,2025-09-03T15:15:00+05:30,59.45,day_close,2,4,5161.00,100.00,5061.00,
2025-09-04,TRADED,,2025-09-09,2025-09-04T09:30:00+05:30,24898.45,24900,TRADED,71.90,2025-09-04T13:45:00+05:30,66.7,2025-09-04T15:15:00+05:30,39.45,day_close,TRADED,275.82,2025-09-04T09:30:00+05:30,93.6,2025-09-04T14:00:00+05:30,156.1,stop_loss_ma_cross,2,4,-10205.00,100.00,-10305.00,
2025-09-05,TRADED,,2025-09-09,2025-09-05T09:30:00+05:30,24784.45,24800,TRADED,120.07,2025-09-05T09:30:00+05:30,90.7,2025-09-05T14:00:00+05:30,86.55,stop_loss_ma_cross,TRADED,92.04,2025-09-05T09:30:00+05:30,82.1,2025-09-05T10:15:00+05:30,168.2,stop_loss_ma_cross,2,4,-22347.00,100.00,-22447.00,
2025-09-08,TRADED,,2025-09-09,2025-09-08T09:30:00+05:30,24787.75,24800,TRADED,87.67,2025-09-08T15:00:00+05:30,69.8,2025-09-08T15:15:00+05:30,55.85,day_close,TRADED,128.33,2025-09-08T09:30:00+05:30,64.6,2025-09-08T15:15:00+05:30,52.9,day_close,2,4,5629.00,100.00,5529.00,
2025-09-09,TRADED,,2025-09-09,2025-09-09T09:30:00+05:30,24850.15,24850,TRADED,58.73,2025-09-09T09:30:00+05:30,48.65,2025-09-09T14:15:00+05:30,41.8,stop_loss_ma_cross,TRADED,60.15,2025-09-09T09:30:00+05:30,39.6,2025-09-09T10:45:00+05:30,54.65,stop_loss_ma_cross,2,4,-3172.00,100.00,-3272.00,
2025-09-10,TRADED,,2025-09-16,2025-09-10T09:30:00+05:30,24990.9,25000,TRADED,115.65,2025-09-10T13:15:00+05:30,112.4,2025-09-10T15:15:00+05:30,119.35,day_close,TRADED,189.32,2025-09-10T09:30:00+05:30,109.75,2025-09-10T14:45:00+05:30,114.55,stop_loss_ma_cross,2,4,-4095.00,100.00,-4195.00,
2025-09-11,TRADED,,2025-09-16,2025-09-11T09:30:00+05:30,24985.2,25000,TRADED,126.96,2025-09-11T09:30:00+05:30,114.0,2025-09-11T12:30:00+05:30,122.35,stop_loss_ma_cross,TRADED,103.03,2025-09-11T09:30:00+05:30,89.2,2025-09-11T15:15:00+05:30,72.4,day_close,2,4,1157.00,100.00,1057.00,
2025-09-12,TRADED,,2025-09-16,2025-09-12T09:30:00+05:30,25060.0,25050,TRADED,120.51,2025-09-12T15:00:00+05:30,119.35,2025-09-12T15:15:00+05:30,125.2,day_close,TRADED,101.68,2025-09-12T09:30:00+05:30,66.45,2025-09-12T15:15:00+05:30,42.5,day_close,2,4,3666.00,100.00,3566.00,
2025-09-15,TRADED,,2025-09-16,2025-09-15T09:30:00+05:30,25114.3,25100,TRADED,91.39,2025-09-15T09:30:00+05:30,72.6,2025-09-15T15:15:00+05:30,46.3,day_close,TRADED,64.66,2025-09-15T09:30:00+05:30,49.75,2025-09-15T10:45:00+05:30,62.55,stop_loss_ma_cross,2,4,2470.00,100.00,2370.00,
2025-09-16,TRADED,,2025-09-16,2025-09-16T09:30:00+05:30,25113.6,25100,TRADED,54.19,2025-09-16T09:30:00+05:30,46.65,2025-09-16T09:45:00+05:30,67.85,stop_loss_ma_cross,TRADED,50.50,2025-09-16T09:30:00+05:30,27.0,2025-09-16T15:15:00+05:30,0.15,day_close,2,4,429.00,100.00,329.00,
2025-09-17,TRADED,,2025-09-23,2025-09-17T09:30:00+05:30,25302.6,25300,TRADED,143.63,2025-09-17T14:15:00+05:30,142.1,2025-09-17T15:00:00+05:30,151.9,stop_loss_ma_cross,TRADED,154.50,2025-09-17T09:30:00+05:30,87.85,2025-09-17T15:15:00+05:30,73.0,day_close,2,4,273.00,100.00,173.00,
2025-09-18,TRADED,,2025-09-23,2025-09-18T09:30:00+05:30,25424.75,25400,TRADED,109.69,2025-09-18T12:45:00+05:30,103.45,2025-09-18T15:15:00+05:30,120.9,day_close,TRADED,110.64,2025-09-18T09:30:00+05:30,58.55,2025-09-18T13:15:00+05:30,87.85,stop_loss_ma_cross,2,4,-13195.00,100.00,-13295.00,
2025-09-19,TRADED,,2025-09-23,2025-09-19T09:30:00+05:30,25364.8,25350,TRADED,143.13,2025-09-19T09:30:00+05:30,91.2,2025-09-19T15:00:00+05:30,85.65,stop_loss_ma_cross,TRADED,72.00,2025-09-19T13:15:00+05:30,69.3,2025-09-19T15:15:00+05:30,64.95,day_close,2,4,1534.00,100.00,1434.00,
2025-09-22,TRADED,,2025-09-23,2025-09-22T09:30:00+05:30,25286.5,25300,TRADED,102.27,2025-09-22T09:30:00+05:30,60.15,2025-09-22T15:15:00+05:30,25.7,day_close,TRADED,53.65,2025-09-22T09:45:00+05:30,44.65,2025-09-22T11:30:00+05:30,50.9,stop_loss_ma_cross,2,4,6292.00,100.00,6192.00,
2025-09-23,TRADED,,2025-09-23,2025-09-23T09:30:00+05:30,25186.25,25200,TRADED,124.04,2025-09-23T09:30:00+05:30,35.4,2025-09-23T13:45:00+05:30,51.3,stop_loss_ma_cross,TRADED,52.05,2025-09-23T12:30:00+05:30,52.0,2025-09-23T15:15:00+05:30,28.8,day_close,2,4,858.00,100.00,758.00,
2025-09-24,TRADED,,2025-09-30,2025-09-24T09:30:00+05:30,25072.3,25050,TRADED,243.94,2025-09-24T09:30:00+05:30,157.6,2025-09-24T15:15:00+05:30,139.5,day_close,TRADED,65.57,2025-09-24T13:00:00+05:30,64.45,2025-09-24T14:45:00+05:30,70.6,stop_loss_ma_cross,2,4,2067.00,100.00,1967.00,
2025-09-25,TRADED,,2025-09-30,2025-09-25T09:30:00+05:30,25059.3,25050,TRADED,159.86,2025-09-25T09:30:00+05:30,125.6,2025-09-25T15:15:00+05:30,57.2,day_close,NO_SIGNAL,,,,,,,1,2,17264.00,50.00,17214.00,NIFTY_25050_PE_30_SEP_25.csv had no qualifying bar with open below prior 25-close SMA between 09:30 and 15:00
2025-09-26,TRADED,,2025-09-30,2025-09-26T09:30:00+05:30,24790.9,24800,TRADED,253.60,2025-09-26T09:30:00+05:30,114.35,2025-09-26T15:15:00+05:30,44.6,day_close,NO_SIGNAL,,,,,,,1,2,17615.00,50.00,17565.00,NIFTY_24800_PE_30_SEP_25.csv had no qualifying bar with open below prior 25-close SMA between 09:30 and 15:00
2025-09-29,TRADED,,2025-09-30,2025-09-29T09:30:00+05:30,24712.9,24700,TRADED,140.41,2025-09-29T09:30:00+05:30,107.75,2025-09-29T10:15:00+05:30,139.5,stop_loss_ma_cross,TRADED,57.78,2025-09-29T09:30:00+05:30,47.95,2025-09-29T12:00:00+05:30,59.0,stop_loss_ma_cross,2,4,-12168.00,100.00,-12268.00,
2025-09-30,TRADED,,2025-09-30,2025-09-30T09:30:00+05:30,24668.6,24650,TRADED,124.98,2025-09-30T09:30:00+05:30,71.5,2025-09-30T15:15:00+05:30,0.2,day_close,TRADED,43.12,2025-09-30T11:15:00+05:30,37.15,2025-09-30T12:00:00+05:30,45.75,stop_loss_ma_cross,2,4,15262.00,100.00,15162.00,
2025-10-01,TRADED,,2025-10-07,2025-10-01T09:30:00+05:30,24652.2,24650,TRADED,167.17,2025-10-01T09:30:00+05:30,137.35,2025-10-01T11:15:00+05:30,158.0,stop_loss_ma_cross,TRADED,119.32,2025-10-01T09:30:00+05:30,104.1,2025-10-01T15:15:00+05:30,32.85,day_close,2,4,12116.00,100.00,12016.00,
2025-10-03,TRADED,,2025-10-07,2025-10-03T09:30:00+05:30,24779.45,24800,TRADED,107.04,2025-10-03T09:30:00+05:30,89.05,2025-10-03T10:00:00+05:30,115.0,stop_loss_ma_cross,TRADED,111.01,2025-10-03T09:30:00+05:30,79.1,2025-10-03T15:15:00+05:30,35.1,day_close,2,4,3653.00,100.00,3553.00,
2025-10-06,TRADED,,2025-10-07,2025-10-06T09:30:00+05:30,24900.45,24900,NO_SIGNAL,,,,,,,TRADED,100.21,2025-10-06T09:30:00+05:30,58.65,2025-10-06T15:15:00+05:30,9.05,day_close,1,2,12376.00,50.00,12326.00,NIFTY_24900_CE_07_OCT_25.csv had no qualifying bar with open below prior 25-close SMA between 09:30 and 15:00
2025-10-07,TRADED,,2025-10-07,2025-10-07T09:30:00+05:30,25119.9,25100,TRADED,56.83,2025-10-07T11:45:00+05:30,46.85,2025-10-07T12:15:00+05:30,72.8,stop_loss_ma_cross,TRADED,92.51,2025-10-07T09:30:00+05:30,33.3,2025-10-07T15:15:00+05:30,1.95,day_close,2,4,364.00,100.00,264.00,
2025-10-08,TRADED,,2025-10-14,2025-10-08T09:30:00+05:30,25175.3,25200,TRADED,122.31,2025-10-08T09:30:00+05:30,117.15,2025-10-08T15:15:00+05:30,43.8,day_close,TRADED,113.63,2025-10-08T09:30:00+05:30,97.8,2025-10-08T10:15:00+05:30,114.75,stop_loss_ma_cross,2,4,13624.00,100.00,13524.00,
2025-10-09,TRADED,,2025-10-14,2025-10-09T09:30:00+05:30,25107.35,25100,TRADED,109.33,2025-10-09T09:45:00+05:30,96.15,2025-10-09T10:30:00+05:30,103.1,stop_loss_ma_cross,TRADED,101.99,2025-10-09T09:30:00+05:30,81.75,2025-10-09T10:00:00+05:30,110.05,stop_loss_ma_cross,2,4,-10205.00,100.00,-10305.00,
2025-10-10,TRADED,,2025-10-14,2025-10-10T09:30:00+05:30,25231.45,25250,NO_SIGNAL,,,,,,,TRADED,134.24,2025-10-10T09:30:00+05:30,74.5,2025-10-10T15:15:00+05:30,41.15,day_close,1,2,8151.00,50.00,8101.00,NIFTY_25250_CE_14_OCT_25.csv had no qualifying bar with open below prior 25-close SMA between 09:30 and 15:00
2025-10-13,TRADED,,2025-10-14,2025-10-13T09:30:00+05:30,25196.2,25200,TRADED,178.36,2025-10-13T09:30:00+05:30,83.15,2025-10-13T14:30:00+05:30,93.7,stop_loss_ma_cross,TRADED,59.26,2025-10-13T14:15:00+05:30,51.85,2025-10-13T15:15:00+05:30,40.8,day_close,2,4,-910.00,100.00,-1010.00,
2025-10-14,TRADED,,2025-10-14,2025-10-14T09:30:00+05:30,25291.8,25300,TRADED,32.66,2025-10-14T09:45:00+05:30,31.4,2025-10-14T15:15:00+05:30,0.1,day_close,TRADED,114.48,2025-10-14T09:30:00+05:30,44.0,2025-10-14T10:15:00+05:30,116.4,stop_loss_ma_cross,2,4,-11726.00,100.00,-11826.00,
2025-10-15,TRADED,,2025-10-20,2025-10-15T09:30:00+05:30,25253.3,25250,NO_SIGNAL,,,,,,,TRADED,172.49,2025-10-15T09:30:00+05:30,83.55,2025-10-15T15:15:00+05:30,54.3,day_close,1,2,7085.00,50.00,7035.00,NIFTY_25250_CE_20_OCT_25.csv had no qualifying bar with open below prior 25-close SMA between 09:30 and 15:00
2025-10-16,TRADED,,2025-10-20,2025-10-16T09:30:00+05:30,25424.75,25400,NO_SIGNAL,,,,,,,TRADED,117.97,2025-10-16T09:30:00+05:30,62.4,2025-10-16T15:15:00+05:30,32.6,day_close,1,2,7228.00,50.00,7178.00,NIFTY_25400_CE_20_OCT_25.csv had no qualifying bar with open below prior 25-close SMA between 09:30 and 15:00
2025-10-17,TRADED,,2025-10-20,2025-10-17T09:30:00+05:30,25604.55,25600,TRADED,147.16,2025-10-17T13:15:00+05:30,142.2,2025-10-17T13:30:00+05:30,152.65,stop_loss_ma_cross,TRADED,120.41,2025-10-17T09:30:00+05:30,80.35,2025-10-17T13:15:00+05:30,64.25,stop_loss_ma_cross,2,4,429.00,100.00,329.00,
2025-10-20,TRADED,,2025-10-20,2025-10-20T09:30:00+05:30,25879.4,25900,TRADED,32.40,2025-10-20T11:30:00+05:30,31.45,2025-10-20T13:00:00+05:30,34.25,stop_loss_ma_cross,TRADED,195.33,2025-10-20T09:30:00+05:30,60.55,2025-10-20T14:30:00+05:30,85.95,stop_loss_ma_cross,2,4,-8372.00,100.00,-8472.00,
2025-10-21,SKIPPED,missing_spot_timestamp,,2025-10-21T09:30:00+05:30,,,MISSING_TIMESTAMP,,,,,,,MISSING_TIMESTAMP,,,,,,,0,0,0.00,0.00,0.00,"Missing spot monitoring timestamps: 2025-10-21T09:30:00+05:30, 2025-10-21T09:45:00+05:30, 2025-10-21T10:00:00+05:30, 2025-10-21T10:15:00+05:30, 2025-10-21T10:30:00+05:30, 2025-10-21T10:45:00+05:30, 2025-10-21T11:00:00+05:30, 2025-10-21T11:15:00+05:30, 2025-10-21T11:30:00+05:30, 2025-10-21T11:45:00+05:30, 2025-10-21T12:00:00+05:30, 2025-10-21T12:15:00+05:30, 2025-10-21T12:30:00+05:30, 2025-10-21T12:45:00+05:30, 2025-10-21T13:00:00+05:30, 2025-10-21T13:15:00+05:30, 2025-10-21T13:30:00+05:30, 2025-10-21T15:00:00+05:30, 2025-10-21T15:15:00+05:30"
2025-10-23,TRADED,,2025-10-28,2025-10-23T09:30:00+05:30,26055.25,26050,TRADED,146.90,2025-10-23T13:45:00+05:30,137.1,2025-10-23T15:15:00+05:30,70.2,day_close,TRADED,217.87,2025-10-23T09:30:00+05:30,91.85,2025-10-23T14:15:00+05:30,117.4,stop_loss_ma_cross,2,4,9711.00,100.00,9611.00,
2025-10-24,TRADED,,2025-10-28,2025-10-24T09:30:00+05:30,25885.85,25900,TRADED,249.96,2025-10-24T09:30:00+05:30,141.3,2025-10-24T15:15:00+05:30,59.8,day_close,NO_SIGNAL,,,,,,,1,2,20670.00,50.00,20620.00,NIFTY_25900_PE_28_OCT_25.csv had no qualifying bar with open below prior 25-close SMA between 09:30 and 15:00
2025-10-27,TRADED,,2025-10-28,2025-10-27T09:30:00+05:30,25889.15,25900,TRADED,125.60,2025-10-27T13:30:00+05:30,123.65,2025-10-27T13:45:00+05:30,129.45,stop_loss_ma_cross,TRADED,126.39,2025-10-27T09:30:00+05:30,57.8,2025-10-27T15:15:00+05:30,32.2,day_close,2,4,4108.00,100.00,4008.00,
2025-10-28,TRADED,,2025-10-28,2025-10-28T09:30:00+05:30,25987.45,26000,TRADED,87.60,2025-10-28T09:30:00+05:30,69.25,2025-10-28T09:45:00+05:30,92.6,stop_loss_ma_cross,TRADED,70.66,2025-10-28T09:30:00+05:30,61.65,2025-10-28T10:00:00+05:30,71.1,stop_loss_ma_cross,2,4,-9568.00,100.00,-9668.00,
2025-10-29,TRADED,,2025-11-04,2025-10-29T09:30:00+05:30,26010.75,26000,NO_SIGNAL,,,,,,,TRADED,187.75,2025-10-29T09:30:00+05:30,117.75,2025-10-29T15:15:00+05:30,93.6,day_close,1,2,5759.00,50.00,5709.00,NIFTY_26000_CE_04_NOV_25.csv had no qualifying bar with open below prior 25-close SMA between 09:30 and 15:00
2025-10-30,TRADED,,2025-11-04,2025-10-30T09:30:00+05:30,25978.85,26000,TRADED,215.64,2025-10-30T09:30:00+05:30,142.55,2025-10-30T15:15:00+05:30,92.7,day_close,NO_SIGNAL,,,,,,,1,2,12441.00,50.00,12391.00,NIFTY_26000_PE_04_NOV_25.csv had no qualifying bar with open below prior 25-close SMA between 09:30 and 15:00
2025-10-31,TRADED,,2025-11-04,2025-10-31T09:30:00+05:30,25917.15,25900,TRADED,156.14,2025-10-31T09:30:00+05:30,150.2,2025-10-31T09:45:00+05:30,157.5,stop_loss_ma_cross,TRADED,103.44,2025-10-31T09:30:00+05:30,85.8,2025-10-31T10:30:00+05:30,114.75,stop_loss_ma_cross,2,4,-10465.00,100.00,-10565.00,
2025-11-03,TRADED,,2025-11-04,2025-11-03T09:30:00+05:30,25677.7,25700,TRADED,189.46,2025-11-03T09:30:00+05:30,95.65,2025-11-03T14:15:00+05:30,130.5,stop_loss_ma_cross,TRADED,52.24,2025-11-03T10:00:00+05:30,51.4,2025-11-03T10:15:00+05:30,67.7,stop_loss_ma_cross,2,4,-14339.00,100.00,-14439.00,
2025-11-04,TRADED,,2025-11-04,2025-11-04T09:30:00+05:30,25729.85,25750,TRADED,89.85,2025-11-04T09:30:00+05:30,41.9,2025-11-04T15:15:00+05:30,0.15,day_close,NO_SIGNAL,,,,,,,1,2,10335.00,50.00,10285.00,NIFTY_25750_PE_04_NOV_25.csv had no qualifying bar with open below prior 25-close SMA between 09:30 and 15:00
2025-11-06,TRADED,,2025-11-11,2025-11-06T09:30:00+05:30,25625.6,25650,TRADED,177.25,2025-11-06T09:30:00+05:30,135.7,2025-11-06T15:15:00+05:30,61.15,day_close,TRADED,126.92,2025-11-06T09:30:00+05:30,116.35,2025-11-06T10:15:00+05:30,162.55,stop_loss_ma_cross,2,4,6331.00,100.00,6231.00,
2025-11-07,TRADED,,2025-11-11,2025-11-07T09:30:00+05:30,25350.1,25350,TRADED,266.21,2025-11-07T09:30:00+05:30,118.7,2025-11-07T13:00:00+05:30,191.05,stop_loss_ma_cross,TRADED,49.79,2025-11-07T11:30:00+05:30,49.3,2025-11-07T15:15:00+05:30,34.65,day_close,2,4,-16042.00,100.00,-16142.00,
2025-11-10,TRADED,,2025-11-11,2025-11-10T09:30:00+05:30,25539.6,25550,TRADED,104.42,2025-11-10T13:45:00+05:30,100.0,2025-11-10T14:15:00+05:30,112.7,stop_loss_ma_cross,TRADED,136.02,2025-11-10T09:30:00+05:30,70.55,2025-11-10T15:15:00+05:30,37.65,day_close,2,4,4212.00,100.00,4112.00,
2025-11-11,TRADED,,2025-11-11,2025-11-11T09:30:00+05:30,25527.25,25550,TRADED,111.92,2025-11-11T09:30:00+05:30,46.35,2025-11-11T13:30:00+05:30,65.65,stop_loss_ma_cross,TRADED,49.56,2025-11-11T12:00:00+05:30,47.2,2025-11-11T15:15:00+05:30,0.1,day_close,2,4,6188.00,100.00,6088.00,
2025-11-12,TRADED,,2025-11-18,2025-11-12T09:30:00+05:30,25792.75,25800,NO_SIGNAL,,,,,,,TRADED,244.35,2025-11-12T09:30:00+05:30,115.2,2025-11-12T15:15:00+05:30,79.05,day_close,1,2,8879.00,50.00,8829.00,NIFTY_25800_CE_18_NOV_25.csv had no qualifying bar with open below prior 25-close SMA between 09:30 and 15:00
2025-11-13,TRADED,,2025-11-18,2025-11-13T09:30:00+05:30,25875.8,25900,TRADED,151.98,2025-11-13T09:30:00+05:30,137.75,2025-11-13T10:45:00+05:30,158.0,stop_loss_ma_cross,TRADED,116.75,2025-11-13T10:00:00+05:30,114.75,2025-11-13T14:00:00+05:30,98.2,stop_loss_ma_cross,2,4,-2002.00,100.00,-2102.00,
2025-11-14,TRADED,,2025-11-18,2025-11-14T09:30:00+05:30,25824.0,25800,TRADED,234.20,2025-11-14T09:30:00+05:30,168.45,2025-11-14T15:15:00+05:30,187.65,day_close,TRADED,76.36,2025-11-14T11:00:00+05:30,73.8,2025-11-14T11:30:00+05:30,89.85,stop_loss_ma_cross,2,4,-10205.00,100.00,-10305.00,
2025-11-17,TRADED,,2025-11-18,2025-11-17T09:30:00+05:30,25966.45,25950,TRADED,79.35,2025-11-17T11:30:00+05:30,75.0,2025-11-17T11:45:00+05:30,86.3,stop_loss_ma_cross,TRADED,165.98,2025-11-17T09:30:00+05:30,62.45,2025-11-17T15:15:00+05:30,40.7,day_close,2,4,1677.00,100.00,1577.00,
2025-11-18,TRADED,,2025-11-18,2025-11-18T09:30:00+05:30,25963.2,25950,TRADED,96.32,2025-11-18T09:30:00+05:30,57.1,2025-11-18T14:15:00+05:30,57.4,stop_loss_ma_cross,TRADED,53.52,2025-11-18T09:30:00+05:30,52.2,2025-11-18T09:45:00+05:30,54.35,stop_loss_ma_cross,2,4,-1677.00,100.00,-1777.00,
2025-11-19,TRADED,,2025-11-25,2025-11-19T09:30:00+05:30,25903.65,25900,TRADED,207.10,2025-11-19T09:30:00+05:30,167.5,2025-11-19T12:00:00+05:30,201.9,stop_loss_ma_cross,TRADED,132.17,2025-11-19T09:30:00+05:30,131.6,2025-11-19T15:15:00+05:30,78.4,day_close,2,4,3848.00,100.00,3748.00,
2025-11-20,TRADED,,2025-11-25,2025-11-20T09:30:00+05:30,26103.7,26100,NO_SIGNAL,,,,,,,TRADED,181.03,2025-11-20T09:30:00+05:30,118.15,2025-11-20T15:15:00+05:30,71.95,day_close,1,2,11492.00,50.00,11442.00,NIFTY_26100_CE_25_NOV_25.csv had no qualifying bar with open below prior 25-close SMA between 09:30 and 15:00
2025-11-21,TRADED,,2025-11-25,2025-11-21T09:30:00+05:30,26158.55,26150,TRADED,142.89,2025-11-21T09:30:00+05:30,125.5,2025-11-21T14:30:00+05:30,111.45,stop_loss_ma_cross,TRADED,109.90,2025-11-21T09:30:00+05:30,105.15,2025-11-21T09:45:00+05:30,117.0,stop_loss_ma_cross,2,4,-468.00,100.00,-568.00,
2025-11-24,TRADED,,2025-11-25,2025-11-24T09:30:00+05:30,26113.95,26100,TRADED,120.48,2025-11-24T09:30:00+05:30,104.6,2025-11-24T15:15:00+05:30,32.25,day_close,TRADED,93.14,2025-11-24T09:30:00+05:30,61.4,2025-11-24T12:15:00+05:30,78.8,stop_loss_ma_cross,2,4,13247.00,100.00,13147.00,
2025-11-25,TRADED,,2025-11-25,2025-11-25T09:30:00+05:30,25954.85,25950,TRADED,165.91,2025-11-25T09:30:00+05:30,55.7,2025-11-25T15:15:00+05:30,0.2,day_close,TRADED,29.25,2025-11-25T10:15:00+05:30,24.3,2025-11-25T11:00:00+05:30,55.45,stop_loss_ma_cross,2,4,5291.00,100.00,5191.00,
2025-11-26,TRADED,,2025-12-02,2025-11-26T09:30:00+05:30,25979.6,26000,TRADED,164.37,2025-11-26T09:30:00+05:30,154.7,2025-11-26T09:45:00+05:30,184.7,stop_loss_ma_cross,TRADED,147.24,2025-11-26T09:30:00+05:30,114.1,2025-11-26T15:15:00+05:30,57.25,day_close,2,4,5941.00,100.00,5841.00,
2025-11-27,TRADED,,2025-12-02,2025-11-27T09:30:00+05:30,26282.55,26300,TRADED,104.10,2025-11-27T12:00:00+05:30,96.5,2025-11-27T15:15:00+05:30,78.4,day_close,TRADED,194.58,2025-11-27T09:30:00+05:30,113.15,2025-11-27T13:15:00+05:30,176.5,stop_loss_ma_cross,2,4,-12805.00,100.00,-12905.00,
2025-11-28,TRADED,,2025-12-02,2025-11-28T09:30:00+05:30,26231.0,26250,TRADED,119.50,2025-11-28T09:30:00+05:30,106.85,2025-11-28T10:45:00+05:30,121.25,stop_loss_ma_cross,TRADED,110.59,2025-11-28T09:30:00+05:30,97.4,2025-11-28T14:00:00+05:30,100.7,stop_loss_ma_cross,2,4,-5642.00,100.00,-5742.00,
2025-12-01,TRADED,,2025-12-02,2025-12-01T09:30:00+05:30,26284.75,26300,TRADED,69.48,2025-12-01T10:00:00+05:30,67.0,2025-12-01T10:15:00+05:30,74.4,stop_loss_ma_cross,TRADED,115.42,2025-12-01T09:30:00+05:30,71.8,2025-12-01T11:45:00+05:30,117.1,stop_loss_ma_cross,2,4,-14742.00,100.00,-14842.00,
2025-12-02,TRADED,,2025-12-02,2025-12-02T09:30:00+05:30,26131.25,26150,TRADED,114.52,2025-12-02T09:30:00+05:30,46.1,2025-12-02T15:15:00+05:30,0.1,day_close,NO_SIGNAL,,,,,,,1,2,11440.00,50.00,11390.00,NIFTY_26150_PE_02_DEC_25.csv had no qualifying bar with open below prior 25-close SMA between 09:30 and 15:00
2025-12-03,TRADED,,2025-12-09,2025-12-03T09:30:00+05:30,25962.85,25950,TRADED,249.02,2025-12-03T09:30:00+05:30,167.95,2025-12-03T15:00:00+05:30,156.25,stop_loss_ma_cross,TRADED,110.92,2025-12-03T14:15:00+05:30,103.75,2025-12-03T15:15:00+05:30,86.9,day_close,2,4,6383.00,100.00,6283.00,
2025-12-04,TRADED,,2025-12-09,2025-12-04T09:30:00+05:30,25994.45,26000,TRADED,135.43,2025-12-04T12:00:00+05:30,135.4,2025-12-04T12:15:00+05:30,139.25,stop_loss_ma_cross,TRADED,137.86,2025-12-04T09:30:00+05:30,104.6,2025-12-04T13:45:00+05:30,106.8,stop_loss_ma_cross,2,4,-2613.00,100.00,-2713.00,
2025-12-05,TRADED,,2025-12-09,2025-12-05T09:30:00+05:30,26036.6,26050,TRADED,112.82,2025-12-05T09:30:00+05:30,108.0,2025-12-05T10:15:00+05:30,139.95,stop_loss_ma_cross,TRADED,105.14,2025-12-05T09:30:00+05:30,96.85,2025-12-05T15:15:00+05:30,28.1,day_close,2,4,8528.00,100.00,8428.00,
2025-12-08,TRADED,,2025-12-09,2025-12-08T09:30:00+05:30,26139.6,26150,TRADED,98.08,2025-12-08T09:30:00+05:30,77.55,2025-12-08T15:15:00+05:30,13.2,day_close,TRADED,78.91,2025-12-08T09:30:00+05:30,67.6,2025-12-08T10:00:00+05:30,92.55,stop_loss_ma_cross,2,4,9204.00,100.00,9104.00,
2025-12-09,TRADED,,2025-12-09,2025-12-09T09:30:00+05:30,25799.25,25800,TRADED,247.16,2025-12-09T09:30:00+05:30,60.2,2025-12-09T15:15:00+05:30,38.15,day_close,TRADED,24.41,2025-12-09T11:15:00+05:30,19.1,2025-12-09T11:45:00+05:30,33.25,stop_loss_ma_cross,2,4,1014.00,100.00,914.00,
2025-12-10,TRADED,,2025-12-16,2025-12-10T09:30:00+05:30,25888.05,25900,TRADED,141.97,2025-12-10T09:30:00+05:30,138.1,2025-12-10T09:45:00+05:30,150.5,stop_loss_ma_cross,TRADED,143.37,2025-12-10T09:30:00+05:30,122.3,2025-12-10T11:00:00+05:30,150.0,stop_loss_ma_cross,2,4,-11466.00,100.00,-11566.00,
2025-12-11,TRADED,,2025-12-16,2025-12-11T09:30:00+05:30,25801.35,25800,TRADED,159.15,2025-12-11T09:30:00+05:30,140.25,2025-12-11T10:15:00+05:30,147.65,stop_loss_ma_cross,TRADED,104.33,2025-12-11T09:30:00+05:30,99.65,2025-12-11T09:45:00+05:30,154.9,stop_loss_ma_cross,2,4,-17329.00,100.00,-17429.00,
2025-12-12,TRADED,,2025-12-16,2025-12-12T09:30:00+05:30,26010.15,26000,NO_SIGNAL,,,,,,,TRADED,174.26,2025-12-12T09:30:00+05:30,78.55,2025-12-12T15:15:00+05:30,52.85,day_close,1,2,6162.00,50.00,6112.00,NIFTY_26000_CE_16_DEC_25.csv had no qualifying bar with open below prior 25-close SMA between 09:30 and 15:00
2025-12-15,TRADED,,2025-12-16,2025-12-15T09:30:00+05:30,25918.75,25900,TRADED,169.68,2025-12-15T09:30:00+05:30,91.75,2025-12-15T12:00:00+05:30,149.3,stop_loss_ma_cross,TRADED,40.09,2025-12-15T10:30:00+05:30,39.3,2025-12-15T10:45:00+05:30,41.9,stop_loss_ma_cross,2,4,-16679.00,100.00,-16779.00,
2025-12-16,TRADED,,2025-12-16,2025-12-16T09:30:00+05:30,25922.75,25900,TRADED,130.46,2025-12-16T09:30:00+05:30,61.65,2025-12-16T15:15:00+05:30,0.1,day_close,TRADED,29.96,2025-12-16T12:30:00+05:30,26.4,2025-12-16T12:45:00+05:30,30.5,stop_loss_ma_cross,2,4,13897.00,100.00,13797.00,
2025-12-17,TRADED,,2025-12-23,2025-12-17T09:30:00+05:30,25903.9,25900,TRADED,153.81,2025-12-17T09:30:00+05:30,146.7,2025-12-17T15:15:00+05:30,95.8,day_close,TRADED,119.66,2025-12-17T09:30:00+05:30,104.45,2025-12-17T10:00:00+05:30,126.45,stop_loss_ma_cross,2,4,6474.00,100.00,6374.00,
2025-12-18,TRADED,,2025-12-23,2025-12-18T09:30:00+05:30,25780.15,25800,TRADED,146.64,2025-12-18T09:30:00+05:30,115.85,2025-12-18T10:30:00+05:30,146.5,stop_loss_ma_cross,TRADED,98.66,2025-12-18T10:15:00+05:30,95.7,2025-12-18T14:15:00+05:30,83.0,stop_loss_ma_cross,2,4,-5707.00,100.00,-5807.00,
2025-12-19,TRADED,,2025-12-23,2025-12-19T09:30:00+05:30,25951.25,25950,TRADED,79.47,2025-12-19T11:45:00+05:30,69.3,2025-12-19T12:15:00+05:30,83.3,stop_loss_ma_cross,TRADED,148.05,2025-12-19T09:30:00+05:30,82.0,2025-12-19T15:15:00+05:30,63.6,day_close,2,4,104.00,100.00,4.00,
2025-12-22,TRADED,,2025-12-23,2025-12-22T09:30:00+05:30,26125.5,26150,NO_SIGNAL,,,,,,,TRADED,202.03,2025-12-22T09:30:00+05:30,75.55,2025-12-22T15:15:00+05:30,52.1,day_close,1,2,5577.00,50.00,5527.00,NIFTY_26150_CE_23_DEC_25.csv had no qualifying bar with open below prior 25-close SMA between 09:30 and 15:00
2025-12-23,TRADED,,2025-12-23,2025-12-23T09:30:00+05:30,26150.0,26150,TRADED,51.86,2025-12-23T09:30:00+05:30,40.35,2025-12-23T10:00:00+05:30,50.7,stop_loss_ma_cross,TRADED,62.31,2025-12-23T09:30:00+05:30,45.3,2025-12-23T15:15:00+05:30,0.1,day_close,2,4,8021.00,100.00,7921.00,
2025-12-24,TRADED,,2025-12-30,2025-12-24T09:30:00+05:30,26217.6,26200,TRADED,125.82,2025-12-24T09:45:00+05:30,123.45,2025-12-24T10:15:00+05:30,130.15,stop_loss_ma_cross,TRADED,106.79,2025-12-24T09:30:00+05:30,81.95,2025-12-24T13:30:00+05:30,87.0,stop_loss_ma_cross,2,4,-4095.00,100.00,-4195.00,
2025-12-26,TRADED,,2025-12-30,2025-12-26T09:30:00+05:30,26131.85,26150,TRADED,125.73,2025-12-26T09:30:00+05:30,68.05,2025-12-26T15:15:00+05:30,33.0,day_close,NO_SIGNAL,,,,,,,1,2,8593.00,50.00,8543.00,NIFTY_26150_PE_30_DEC_25.csv had no qualifying bar with open below prior 25-close SMA between 09:30 and 15:00
2025-12-29,TRADED,,2025-12-30,2025-12-29T09:30:00+05:30,26054.05,26050,TRADED,81.45,2025-12-29T09:30:00+05:30,64.15,2025-12-29T15:15:00+05:30,18.95,day_close,TRADED,56.17,2025-12-29T09:30:00+05:30,45.25,2025-12-29T10:00:00+05:30,57.2,stop_loss_ma_cross,2,4,7605.00,100.00,7505.00,
2025-12-30,TRADED,,2025-12-30,2025-12-30T09:30:00+05:30,25884.75,25900,TRADED,105.81,2025-12-30T09:30:00+05:30,30.45,2025-12-30T13:45:00+05:30,56.75,stop_loss_ma_cross,TRADED,22.96,2025-12-30T10:00:00+05:30,22.4,2025-12-30T12:00:00+05:30,27.0,stop_loss_ma_cross,2,4,-9074.00,100.00,-9174.00,
2025-12-31,SKIPPED,no_same_week_expiry,,2025-12-31T09:30:00+05:30,26013.1,,MISSING_FILE,,,,,,,MISSING_FILE,,,,,,,0,0,0.00,0.00,0.00,No expiry folder exists on or after this trade date.
