strategy,cycle_id,pos_id,leg_no,trade_date,expiry,side,sell_strike,sell_time,sell_price,buy_time,buy_price,spot_at_open,spot_at_close,tp_points,sl_price,lots,lot_size,units,gross_pnl,charges,net_pnl,open_reason,close_reason
adjust,1,1,1,2025-01-01,2025-01-02,CE,23950,2025-01-01T09:30:00+05:30,23.15,2025-01-01T15:20:00+05:30,47.5,23645.2,23744.6,25.0,0.0,3,65,195,-4748.25,57.7,-4805.95,cycle_start,eod_gap
adjust,1,1,2,2025-01-01,2025-01-02,PE,23300,2025-01-01T09:30:00+05:30,21.15,2025-01-01T14:00:00+05:30,10.1,23645.2,23801.4,25.0,0.0,3,65,195,2154.75,53.91,2100.84,cycle_start,decay_50
adjust,1,1,3,2025-01-01,2025-01-02,PE,23650,2025-01-01T14:00:00+05:30,57.4,2025-01-02T10:29:00+05:30,28.05,23801.4,23878.5,25.0,0.0,3,65,195,5723.25,65.46,5657.79,decay_50,decay_50
adjust,1,1,4,2025-01-01,2025-01-02,CE,23900,2025-01-01T15:20:00+05:30,65.9,2025-01-02T12:00:00+05:30,125.85,23744.6,23960.65,25.0,0.0,3,65,195,-11690.25,76.29,-11766.54,eod_gap,no_roll_available
adjust,1,1,5,2025-01-02,2025-01-02,PE,23850,2025-01-02T10:29:00+05:30,79.0,2025-01-02T12:00:00+05:30,37.5,23878.5,23960.65,25.0,0.0,3,65,195,8092.5,72.24,8020.26,decay_50,no_roll_available
adjust,2,1,1,2025-01-03,2025-01-09,CE,24650,2025-01-03T09:30:00+05:30,24.5,2025-01-03T12:29:00+05:30,12.05,24130.85,24059.1,25.0,0.0,3,65,195,2427.75,55.0,2372.75,cycle_start,decay_50
adjust,2,1,2,2025-01-03,2025-01-09,PE,23500,2025-01-03T09:30:00+05:30,26.95,2025-01-03T11:58:00+05:30,13.35,24130.85,24132.45,25.0,0.0,3,65,195,2652.0,55.79,2596.21,cycle_start,decay_50
adjust,2,1,3,2025-01-03,2025-01-09,PE,23550,2025-01-03T11:58:00+05:30,16.0,2025-01-06T09:19:00+05:30,22.3,24132.45,24034.05,25.0,0.0,3,65,195,-1228.5,53.55,-1282.05,decay_50,tp
adjust,2,1,4,2025-01-03,2025-01-09,CE,24550,2025-01-03T12:29:00+05:30,19.6,2025-01-03T15:20:00+05:30,15.55,24059.1,24004.5,25.0,0.0,3,65,195,789.75,53.95,735.8,decay_50,eod_gap
adjust,2,1,5,2025-01-03,2025-01-09,CE,24450,2025-01-03T15:20:00+05:30,25.55,2025-01-06T09:19:00+05:30,24.25,24004.5,24034.05,25.0,0.0,3,65,195,253.5,56.35,197.15,eod_gap,tp
adjust,2,2,6,2025-01-06,2025-01-09,CE,24550,2025-01-06T09:20:00+05:30,13.75,2025-01-06T14:13:00+05:30,6.85,24022.4,23625.55,13.29,0.0,3,65,195,1345.5,51.59,1293.91,reentry,decay_50
adjust,2,2,7,2025-01-06,2025-01-09,PE,23400,2025-01-06T09:20:00+05:30,12.85,2025-01-07T12:11:00+05:30,37.0,24022.4,23729.15,13.29,0.0,3,65,195,-4709.25,53.95,-4763.2,reentry,tp
adjust,2,2,8,2025-01-06,2025-01-09,CE,23900,2025-01-06T14:13:00+05:30,87.35,2025-01-07T12:11:00+05:30,56.75,23625.55,23729.15,13.29,0.0,3,65,195,5967.0,76.21,5890.79,decay_50,tp
adjust,2,3,9,2025-01-07,2025-01-09,CE,24200,2025-01-07T12:12:00+05:30,11.55,2025-01-08T09:16:00+05:30,5.6,23723.55,23697.2,12.42,0.0,3,65,195,1160.25,50.87,1109.38,reentry,tp
adjust,2,3,10,2025-01-07,2025-01-09,PE,23150,2025-01-07T12:12:00+05:30,13.0,2025-01-08T09:16:00+05:30,6.4,23723.55,23697.2,12.42,0.0,3,65,195,1287.0,51.34,1235.66,reentry,tp
adjust,2,4,11,2025-01-08,2025-01-09,CE,24050,2025-01-08T09:17:00+05:30,12.7,2025-01-08T10:24:00+05:30,6.35,23697.7,23602.3,11.85,0.0,3,65,195,1238.25,51.25,1187.0,reentry,decay_50
adjust,2,4,12,2025-01-08,2025-01-09,PE,23250,2025-01-08T09:17:00+05:30,10.7,2025-01-08T14:11:00+05:30,5.2,23697.7,23684.35,11.85,0.0,3,65,195,1072.5,50.6,1021.9,reentry,decay_50
adjust,2,4,13,2025-01-08,2025-01-09,CE,24000,2025-01-08T10:24:00+05:30,8.4,2025-01-08T12:31:00+05:30,4.15,23602.3,23514.75,11.85,0.0,3,65,195,828.75,49.88,778.87,decay_50,decay_50
adjust,2,4,14,2025-01-08,2025-01-09,CE,23800,2025-01-08T12:31:00+05:30,10.85,2025-01-09T09:17:00+05:30,14.0,23514.75,23638.7,11.85,0.0,3,65,195,-614.25,51.41,-665.66,decay_50,tp
adjust,2,4,15,2025-01-08,2025-01-09,PE,23550,2025-01-08T14:11:00+05:30,28.55,2025-01-08T15:20:00+05:30,24.65,23684.35,23688.6,11.85,0.0,3,65,195,760.5,57.21,703.29,decay_50,eod_gap
adjust,2,4,16,2025-01-08,2025-01-09,PE,23600,2025-01-08T15:20:00+05:30,35.54,2025-01-09T09:17:00+05:30,39.75,23688.6,23638.7,11.85,0.0,3,65,195,-820.95,60.45,-881.4,eod_gap,tp
adjust,3,1,1,2025-01-10,2025-01-16,CE,24050,2025-01-10T09:30:00+05:30,25.05,2025-01-10T15:20:00+05:30,14.25,23520.8,23443.35,25.0,0.0,3,65,195,2106.0,55.34,2050.66,cycle_start,eod_gap
adjust,3,1,2,2025-01-10,2025-01-16,PE,22900,2025-01-10T09:30:00+05:30,24.25,2025-01-13T12:34:00+05:30,39.95,23520.8,23216.95,25.0,0.0,3,65,195,-3061.5,57.35,-3118.85,cycle_start,tp
adjust,3,1,3,2025-01-10,2025-01-16,CE,23900,2025-01-10T15:20:00+05:30,26.85,2025-01-13T09:15:00+05:30,12.9,23443.35,23217.65,25.0,0.0,3,65,195,2720.25,55.72,2664.53,eod_gap,decay_50
adjust,3,1,4,2025-01-13,2025-01-16,CE,23600,2025-01-13T09:15:00+05:30,43.7,2025-01-13T12:34:00+05:30,27.5,23217.65,23216.95,25.0,0.0,3,65,195,3159.0,61.64,3097.36,decay_50,tp
adjust,3,2,5,2025-01-13,2025-01-16,CE,23800,2025-01-13T12:35:00+05:30,12.05,2025-01-13T15:20:00+05:30,8.4,23211.25,23090.9,12.77,0.0,3,65,195,711.75,51.25,660.5,reentry,eod_gap
adjust,3,2,6,2025-01-13,2025-01-16,PE,22500,2025-01-13T12:35:00+05:30,12.65,2025-01-14T11:43:00+05:30,8.65,23211.25,23195.6,12.77,0.0,3,65,195,780.0,51.44,728.56,reentry,tp
adjust,3,2,7,2025-01-13,2025-01-16,CE,23600,2025-01-13T15:20:00+05:30,16.89,2025-01-14T11:43:00+05:30,11.45,23090.9,23195.6,12.77,0.0,3,65,195,1060.8,52.85,1007.95,eod_gap,tp
adjust,3,3,8,2025-01-14,2025-01-16,CE,23600,2025-01-14T11:44:00+05:30,11.5,2025-01-15T09:18:00+05:30,7.85,23198.55,23231.25,12.18,0.0,3,65,195,711.75,51.05,660.7,reentry,no_roll_available
adjust,3,3,9,2025-01-14,2025-01-16,PE,22700,2025-01-14T11:44:00+05:30,12.05,2025-01-15T09:18:00+05:30,5.95,23198.55,23231.25,12.18,0.0,3,65,195,1189.5,51.04,1138.46,reentry,no_roll_available
adjust,3,4,10,2025-01-15,2025-01-16,CE,23550,2025-01-15T09:19:00+05:30,10.25,2025-01-15T13:03:00+05:30,5.09,23225.45,23232.95,12.01,0.0,3,65,195,1006.2,50.47,955.73,reentry,decay_50
adjust,3,4,11,2025-01-15,2025-01-16,PE,22900,2025-01-15T09:19:00+05:30,13.0,2025-01-15T15:03:00+05:30,7.65,23225.45,23211.55,12.01,0.0,3,65,195,1043.25,51.45,991.8,reentry,tp
adjust,3,4,12,2025-01-15,2025-01-16,CE,23500,2025-01-15T13:03:00+05:30,6.75,2025-01-15T15:03:00+05:30,5.25,23232.95,23211.55,12.01,0.0,3,65,195,292.5,49.52,242.98,decay_50,tp
adjust,4,1,1,2025-01-17,2025-01-23,CE,23750,2025-01-17T09:30:00+05:30,22.2,2025-01-17T15:20:00+05:30,15.5,23228.65,23204.1,25.0,0.0,3,65,195,1306.5,54.67,1251.83,cycle_start,eod_gap
adjust,4,1,2,2025-01-17,2025-01-23,PE,22650,2025-01-17T09:30:00+05:30,25.75,2025-01-20T11:24:00+05:30,12.75,23228.65,23315.85,25.0,0.0,3,65,195,2535.0,55.41,2479.59,cycle_start,decay_50
adjust,4,1,3,2025-01-17,2025-01-23,CE,23650,2025-01-17T15:20:00+05:30,26.6,2025-01-21T09:17:00+05:30,36.6,23204.1,23403.75,25.0,0.0,3,65,195,-1950.0,57.71,-2007.71,eod_gap,tp
adjust,4,1,4,2025-01-20,2025-01-23,PE,22850,2025-01-20T11:24:00+05:30,25.45,2025-01-20T15:20:00+05:30,20.0,23315.85,23335.7,25.0,0.0,3,65,195,1062.75,55.95,1006.8,decay_50,eod_gap
adjust,4,1,5,2025-01-20,2025-01-23,PE,23050,2025-01-20T15:20:00+05:30,42.25,2025-01-21T09:17:00+05:30,30.45,23335.7,23403.75,25.0,0.0,3,65,195,2301.0,61.49,2239.51,eod_gap,tp
adjust,4,2,6,2025-01-21,2025-01-23,CE,23850,2025-01-21T09:18:00+05:30,10.4,2025-01-21T14:10:00+05:30,5.2,23389.75,23221.9,11.57,0.0,3,65,195,1014.0,50.52,963.48,reentry,decay_50
adjust,4,2,7,2025-01-21,2025-01-23,PE,22800,2025-01-21T09:18:00+05:30,12.15,2025-01-22T09:36:00+05:30,19.75,23389.75,23100.6,11.57,0.0,3,65,195,-1482.0,52.26,-1534.26,reentry,tp
adjust,4,2,8,2025-01-21,2025-01-23,CE,23650,2025-01-21T14:10:00+05:30,17.35,2025-01-21T15:00:00+05:30,8.44,23221.9,23013.65,11.57,0.0,3,65,195,1737.45,52.72,1684.73,decay_50,decay_50
adjust,4,2,9,2025-01-21,2025-01-23,CE,23350,2025-01-21T15:00:00+05:30,35.79,2025-01-22T09:36:00+05:30,29.9,23013.65,23100.6,11.57,0.0,3,65,195,1148.55,59.66,1088.89,decay_50,tp
adjust,4,3,10,2025-01-22,2025-01-23,CE,23500,2025-01-22T09:37:00+05:30,12.45,2025-01-22T11:33:00+05:30,6.0,23099.55,23053.6,12.84,0.0,3,65,195,1257.75,51.15,1206.6,reentry,decay_50
adjust,4,3,11,2025-01-22,2025-01-23,PE,22700,2025-01-22T09:37:00+05:30,12.25,2025-01-22T14:36:00+05:30,7.05,23099.55,23096.35,12.84,0.0,3,65,195,1014.0,51.19,962.81,reentry,tp
adjust,4,3,12,2025-01-22,2025-01-23,CE,23400,2025-01-22T11:33:00+05:30,9.69,2025-01-22T14:36:00+05:30,8.5,23053.6,23096.35,12.84,0.0,3,65,195,232.05,50.61,181.44,decay_50,tp
adjust,5,1,1,2025-01-24,2025-01-30,CE,23800,2025-01-24T09:30:00+05:30,24.6,2025-01-24T14:15:00+05:30,11.95,23237.35,23124.7,25.0,0.0,3,65,195,2466.75,55.02,2411.73,cycle_start,decay_50
adjust,5,1,2,2025-01-24,2025-01-30,PE,22550,2025-01-24T09:30:00+05:30,23.95,2025-01-28T09:15:00+05:30,28.65,23237.35,22936.15,25.0,0.0,3,65,195,-916.5,56.29,-972.79,cycle_start,tp
adjust,5,1,3,2025-01-24,2025-01-30,CE,23700,2025-01-24T14:15:00+05:30,18.6,2025-01-24T15:20:00+05:30,15.6,23124.7,23101.0,25.0,0.0,3,65,195,585.0,53.68,531.32,decay_50,eod_gap
adjust,5,1,4,2025-01-24,2025-01-30,CE,23600,2025-01-24T15:20:00+05:30,24.0,2025-01-27T10:20:00+05:30,11.95,23101.0,22891.0,25.0,0.0,3,65,195,2349.75,54.86,2294.89,eod_gap,decay_50
adjust,5,1,5,2025-01-27,2025-01-30,CE,23250,2025-01-27T10:20:00+05:30,50.45,2025-01-27T15:20:00+05:30,32.29,22891.0,22832.4,25.0,0.0,3,65,195,3541.2,63.91,3477.29,decay_50,eod_gap
adjust,5,1,6,2025-01-27,2025-01-30,CE,23100,2025-01-27T15:20:00+05:30,60.05,2025-01-28T09:15:00+05:30,75.0,22832.4,22936.15,25.0,0.0,3,65,195,-2915.25,70.27,-2985.52,eod_gap,tp
adjust,5,2,7,2025-01-28,2025-01-30,CE,23500,2025-01-28T09:16:00+05:30,12.7,2025-01-28T15:20:00+05:30,8.75,22929.15,22969.75,12.35,0.0,3,65,195,770.25,51.46,718.79,reentry,eod_gap
adjust,5,2,8,2025-01-28,2025-01-30,PE,22350,2025-01-28T09:16:00+05:30,10.9,2025-01-28T14:35:00+05:30,5.35,22929.15,23121.8,12.35,0.0,3,65,195,1082.25,50.67,1031.58,reentry,decay_50
adjust,5,2,9,2025-01-28,2025-01-30,PE,22600,2025-01-28T14:35:00+05:30,15.6,2025-01-29T15:20:00+05:30,14.2,23121.8,23164.9,12.35,0.0,3,65,195,273.0,52.73,220.27,decay_50,eod_gap
adjust,5,2,10,2025-01-28,2025-01-30,CE,23300,2025-01-28T15:20:00+05:30,29.6,2025-01-30T09:38:00+05:30,67.15,22969.75,23204.3,12.35,0.0,3,65,195,-7322.25,61.19,-7383.44,eod_gap,tp
adjust,5,2,11,2025-01-29,2025-01-30,PE,23000,2025-01-29T15:20:00+05:30,90.45,2025-01-30T09:38:00+05:30,47.1,23164.9,23204.3,12.35,0.0,3,65,195,8453.25,76.23,8377.02,eod_gap,tp
adjust,5,3,12,2025-01-30,2025-01-30,CE,23550,2025-01-30T09:39:00+05:30,11.95,2025-01-30T10:46:00+05:30,8.44,23205.5,23292.7,11.95,0.0,3,65,195,684.45,51.23,633.22,reentry,tp
adjust,5,3,13,2025-01-30,2025-01-30,PE,22750,2025-01-30T09:39:00+05:30,11.15,2025-01-30T10:22:00+05:30,5.3,23205.5,23295.15,11.95,0.0,3,65,195,1140.75,50.73,1090.02,reentry,decay_50
adjust,5,3,14,2025-01-30,2025-01-30,PE,22850,2025-01-30T10:22:00+05:30,9.69,2025-01-30T10:46:00+05:30,6.55,23295.15,23292.7,11.95,0.0,3,65,195,612.3,50.44,561.86,decay_50,tp
adjust,6,1,1,2025-01-31,2025-02-06,CE,24500,2025-01-31T09:30:00+05:30,25.55,2025-02-01T11:50:00+05:30,12.5,23319.15,23473.0,25.0,0.0,3,65,195,2544.75,55.33,2489.42,cycle_start,tp
adjust,6,1,2,2025-01-31,2025-02-06,PE,21950,2025-01-31T09:30:00+05:30,23.65,2025-01-31T14:43:00+05:30,11.75,23319.15,23485.15,25.0,0.0,3,65,195,2320.5,54.74,2265.76,cycle_start,decay_50
adjust,6,1,3,2025-01-31,2025-02-06,PE,22150,2025-01-31T14:43:00+05:30,16.39,2025-02-01T11:50:00+05:30,15.9,23485.15,23473.0,25.0,0.0,3,65,195,95.55,53.1,42.45,decay_50,tp
adjust,6,2,4,2025-02-01,2025-02-06,CE,24500,2025-02-01T11:51:00+05:30,11.6,2025-02-01T12:21:00+05:30,10.4,23402.3,23483.3,12.41,0.0,3,65,195,234.0,51.3,182.7,reentry,tp
adjust,6,2,5,2025-02-01,2025-02-06,PE,21900,2025-02-01T11:51:00+05:30,12.6,2025-02-01T12:12:00+05:30,5.85,23402.3,23521.55,12.41,0.0,3,65,195,1316.25,51.18,1265.07,reentry,decay_50
adjust,6,2,6,2025-02-01,2025-02-06,PE,22450,2025-02-01T12:12:00+05:30,14.95,2025-02-01T12:21:00+05:30,10.3,23521.55,23483.3,12.41,0.0,3,65,195,906.75,52.22,854.53,decay_50,tp
adjust,6,3,7,2025-02-01,2025-02-06,CE,24450,2025-02-01T12:22:00+05:30,11.7,2025-02-01T13:04:00+05:30,5.75,23488.45,23398.9,11.98,0.0,3,65,195,1160.25,50.93,1109.32,reentry,decay_50
adjust,6,3,8,2025-02-01,2025-02-06,PE,22550,2025-02-01T12:22:00+05:30,11.75,2025-02-01T15:05:00+05:30,6.8,23488.45,23497.95,11.98,0.0,3,65,195,965.25,51.03,914.22,reentry,tp
adjust,6,3,9,2025-02-01,2025-02-06,CE,24200,2025-02-01T13:04:00+05:30,11.4,2025-02-01T15:05:00+05:30,10.05,23398.9,23497.95,11.98,0.0,3,65,195,263.25,51.22,212.03,decay_50,tp
adjust,6,4,10,2025-02-01,2025-02-06,CE,24150,2025-02-01T15:06:00+05:30,11.7,2025-02-03T09:15:00+05:30,4.95,23490.85,23271.85,12.44,0.0,3,65,195,1316.25,50.86,1265.39,reentry,decay_50
adjust,6,4,11,2025-02-01,2025-02-06,PE,22750,2025-02-01T15:06:00+05:30,12.65,2025-02-03T11:01:00+05:30,11.75,23490.85,23320.45,12.44,0.0,3,65,195,175.5,51.71,123.79,reentry,tp
adjust,6,4,12,2025-02-03,2025-02-06,CE,23800,2025-02-03T09:15:00+05:30,17.35,2025-02-03T11:01:00+05:30,12.55,23271.85,23320.45,12.44,0.0,3,65,195,936.0,53.07,882.93,decay_50,tp
adjust,6,5,13,2025-02-03,2025-02-06,CE,23800,2025-02-03T11:02:00+05:30,11.95,2025-02-05T10:35:00+05:30,56.0,23316.25,23768.8,12.38,0.0,3,65,195,-8589.75,55.35,-8645.1,reentry,tp
adjust,6,5,14,2025-02-03,2025-02-06,PE,22750,2025-02-03T11:02:00+05:30,12.1,2025-02-04T09:15:00+05:30,4.84,23316.25,23495.7,12.38,0.0,3,65,195,1415.7,50.96,1364.74,reentry,decay_50
adjust,6,5,15,2025-02-04,2025-02-06,PE,23050,2025-02-04T09:15:00+05:30,13.85,2025-02-04T14:45:00+05:30,6.9,23495.7,23692.6,12.38,0.0,3,65,195,1355.25,51.62,1303.63,decay_50,decay_50
adjust,6,5,16,2025-02-04,2025-02-06,PE,23450,2025-02-04T14:45:00+05:30,35.0,2025-02-04T15:20:00+05:30,23.65,23692.6,23735.35,12.38,0.0,3,65,195,2213.25,58.9,2154.35,decay_50,eod_gap
adjust,6,5,17,2025-02-04,2025-02-06,PE,23600,2025-02-04T15:20:00+05:30,54.75,2025-02-05T09:43:00+05:30,27.1,23735.35,23796.0,12.38,0.0,3,65,195,5391.75,64.65,5327.1,eod_gap,decay_50
adjust,6,5,18,2025-02-05,2025-02-06,PE,23700,2025-02-05T09:43:00+05:30,56.0,2025-02-05T10:35:00+05:30,52.3,23796.0,23768.8,12.38,0.0,3,65,195,721.5,67.18,654.32,decay_50,tp
adjust,6,6,19,2025-02-05,2025-02-06,CE,24000,2025-02-05T15:01:00+05:30,11.4,2025-02-06T09:17:00+05:30,7.15,23701.4,23726.25,11.32,0.0,3,65,195,828.75,50.96,777.79,reentry,tp
adjust,6,6,20,2025-02-05,2025-02-06,PE,23400,2025-02-05T15:01:00+05:30,10.95,2025-02-06T09:15:00+05:30,4.7,23701.4,23723.65,11.32,0.0,3,65,195,1218.75,50.63,1168.12,reentry,decay_50
adjust,6,6,21,2025-02-06,2025-02-06,PE,23450,2025-02-06T09:15:00+05:30,6.35,2025-02-06T09:17:00+05:30,4.59,23723.65,23726.25,11.32,0.0,3,65,195,343.2,49.35,293.85,decay_50,tp
adjust,7,1,1,2025-02-07,2025-02-13,CE,24200,2025-02-07T09:30:00+05:30,24.05,2025-02-07T10:18:00+05:30,11.95,23595.4,23536.5,25.0,0.0,3,65,195,2359.5,54.87,2304.63,cycle_start,decay_50
adjust,7,1,2,2025-02-07,2025-02-13,PE,22900,2025-02-07T09:30:00+05:30,23.25,2025-02-07T10:58:00+05:30,11.5,23595.4,23612.25,25.0,0.0,3,65,195,2291.25,54.61,2236.64,cycle_start,decay_50
adjust,7,1,3,2025-02-07,2025-02-13,CE,24150,2025-02-07T10:18:00+05:30,15.25,2025-02-07T11:59:00+05:30,17.5,23536.5,23646.6,25.0,0.0,3,65,195,-438.75,52.92,-491.67,decay_50,tp
adjust,7,1,4,2025-02-07,2025-02-13,PE,22950,2025-02-07T10:58:00+05:30,13.9,2025-02-07T11:59:00+05:30,10.25,23612.25,23646.6,25.0,0.0,3,65,195,711.75,51.92,659.83,decay_50,tp
adjust,7,2,5,2025-02-07,2025-02-13,CE,24200,2025-02-07T12:00:00+05:30,13.05,2025-02-07T15:20:00+05:30,8.9,23650.3,23568.7,12.99,0.0,3,65,195,809.25,51.57,757.68,reentry,eod_gap
adjust,7,2,6,2025-02-07,2025-02-13,PE,23000,2025-02-07T12:00:00+05:30,12.55,2025-02-11T09:42:00+05:30,25.25,23650.3,23341.65,12.99,0.0,3,65,195,-2476.5,52.85,-2529.35,reentry,tp
adjust,7,2,7,2025-02-07,2025-02-13,CE,24100,2025-02-07T15:20:00+05:30,15.15,2025-02-10T10:08:00+05:30,7.5,23568.7,23408.25,12.99,0.0,3,65,195,1491.75,52.03,1439.72,eod_gap,decay_50
adjust,7,2,8,2025-02-10,2025-02-13,CE,23900,2025-02-10T10:08:00+05:30,20.75,2025-02-10T15:20:00+05:30,15.3,23408.25,23378.75,12.99,0.0,3,65,195,1062.75,54.25,1008.5,decay_50,eod_gap
adjust,7,2,9,2025-02-10,2025-02-13,CE,23800,2025-02-10T15:20:00+05:30,25.65,2025-02-11T09:42:00+05:30,16.35,23378.75,23341.65,12.99,0.0,3,65,195,1813.5,55.69,1757.81,eod_gap,tp
adjust,7,3,10,2025-02-11,2025-02-13,CE,23850,2025-02-11T09:43:00+05:30,12.85,2025-02-11T11:54:00+05:30,6.35,23348.15,23255.35,13.59,0.0,3,65,195,1267.5,51.29,1216.21,reentry,decay_50
adjust,7,3,11,2025-02-11,2025-02-13,PE,22900,2025-02-11T09:43:00+05:30,13.6,2025-02-12T15:20:00+05:30,36.29,23348.15,23049.05,13.59,0.0,3,65,195,-4424.55,54.1,-4478.65,reentry,no_roll_available
adjust,7,3,12,2025-02-11,2025-02-13,CE,23750,2025-02-11T11:54:00+05:30,10.65,2025-02-11T14:33:00+05:30,5.3,23255.35,23035.1,13.59,0.0,3,65,195,1043.25,50.6,992.65,decay_50,decay_50
adjust,7,3,13,2025-02-11,2025-02-13,CE,23300,2025-02-11T14:33:00+05:30,42.25,2025-02-12T09:24:00+05:30,20.95,23035.1,23000.3,13.59,0.0,3,65,195,4153.5,60.67,4092.83,decay_50,decay_50
adjust,7,3,14,2025-02-12,2025-02-13,CE,23200,2025-02-12T09:24:00+05:30,38.2,2025-02-12T09:45:00+05:30,18.3,23000.3,22885.65,13.59,0.0,3,65,195,3880.5,59.32,3821.18,decay_50,decay_50
adjust,7,3,15,2025-02-12,2025-02-13,CE,23000,2025-02-12T09:45:00+05:30,61.6,2025-02-12T15:20:00+05:30,115.0,22885.65,23049.05,13.59,0.0,3,65,195,-10413.0,74.16,-10487.16,decay_50,no_roll_available
adjust,7,4,16,2025-02-12,2025-02-13,CE,23350,2025-02-12T15:21:00+05:30,12.4,2025-02-13T10:25:00+05:30,9.55,23054.35,23162.6,12.68,0.0,3,65,195,555.75,51.45,504.3,reentry,tp
adjust,7,4,17,2025-02-12,2025-02-13,PE,22750,2025-02-12T15:21:00+05:30,11.95,2025-02-13T09:42:00+05:30,5.45,23054.35,23126.9,12.68,0.0,3,65,195,1267.5,50.97,1216.53,reentry,decay_50
adjust,7,4,18,2025-02-13,2025-02-13,PE,22850,2025-02-13T09:42:00+05:30,11.05,2025-02-13T10:25:00+05:30,7.4,23126.9,23162.6,12.68,0.0,3,65,195,711.75,50.89,660.86,decay_50,tp
adjust,8,1,1,2025-02-14,2025-02-20,CE,23600,2025-02-14T09:30:00+05:30,23.05,2025-02-14T12:48:00+05:30,11.5,23038.1,22837.25,25.0,0.0,3,65,195,2252.25,54.55,2197.7,cycle_start,decay_50
adjust,8,1,2,2025-02-14,2025-02-20,PE,22450,2025-02-14T09:30:00+05:30,22.9,2025-02-14T15:20:00+05:30,27.95,23038.1,22922.95,25.0,0.0,3,65,195,-984.75,55.94,-1040.69,cycle_start,eod_gap
adjust,8,1,3,2025-02-14,2025-02-20,CE,23350,2025-02-14T12:48:00+05:30,31.95,2025-02-18T09:42:00+05:30,21.95,22837.25,22914.1,25.0,0.0,3,65,195,1950.0,57.92,1892.08,decay_50,tp
adjust,8,1,4,2025-02-14,2025-02-20,PE,22550,2025-02-14T15:20:00+05:30,41.9,2025-02-18T09:42:00+05:30,31.65,22922.95,22914.1,25.0,0.0,3,65,195,1998.75,61.5,1937.25,eod_gap,tp
adjust,8,2,5,2025-02-18,2025-02-20,CE,23450,2025-02-18T09:43:00+05:30,13.1,2025-02-18T14:24:00+05:30,7.4,22932.2,22927.65,12.85,0.0,3,65,195,1111.5,51.45,1060.05,reentry,no_roll_available
adjust,8,2,6,2025-02-18,2025-02-20,PE,22350,2025-02-18T09:43:00+05:30,11.45,2025-02-18T14:24:00+05:30,5.7,22932.2,22927.65,12.85,0.0,3,65,195,1121.25,50.85,1070.4,reentry,no_roll_available
adjust,8,3,7,2025-02-18,2025-02-20,CE,23400,2025-02-18T14:25:00+05:30,10.3,2025-02-18T15:20:00+05:30,7.9,22932.05,22937.35,12.3,0.0,3,65,195,468.0,50.73,417.27,reentry,eod_gap
adjust,8,3,8,2025-02-18,2025-02-20,PE,22500,2025-02-18T14:25:00+05:30,13.2,2025-02-19T09:38:00+05:30,7.7,22932.05,22900.95,12.3,0.0,3,65,195,1072.5,51.51,1020.99,reentry,tp
adjust,8,3,9,2025-02-18,2025-02-20,CE,23350,2025-02-18T15:20:00+05:30,10.85,2025-02-19T09:24:00+05:30,5.15,22937.35,22849.45,12.3,0.0,3,65,195,1111.5,50.64,1060.86,eod_gap,decay_50
adjust,8,3,10,2025-02-19,2025-02-20,CE,23250,2025-02-19T09:24:00+05:30,9.8,2025-02-19T09:38:00+05:30,11.05,22849.45,22900.95,12.3,0.0,3,65,195,-243.75,50.86,-294.61,decay_50,tp
adjust,8,4,11,2025-02-19,2025-02-20,CE,23250,2025-02-19T09:39:00+05:30,10.6,2025-02-19T15:20:00+05:30,7.9,22899.45,22929.65,11.24,0.0,3,65,195,526.5,50.81,475.69,reentry,eod_gap
adjust,8,4,12,2025-02-19,2025-02-20,PE,22550,2025-02-19T09:39:00+05:30,10.85,2025-02-19T12:16:00+05:30,5.0,22899.45,23011.55,11.24,0.0,3,65,195,1140.75,50.63,1090.12,reentry,decay_50
adjust,8,4,13,2025-02-19,2025-02-20,PE,22750,2025-02-19T12:16:00+05:30,16.39,2025-02-20T09:22:00+05:30,24.8,23011.55,22864.1,11.24,0.0,3,65,195,-1639.95,53.87,-1693.82,decay_50,tp
adjust,8,4,14,2025-02-19,2025-02-20,CE,23100,2025-02-19T15:20:00+05:30,24.6,2025-02-20T09:20:00+05:30,12.1,22929.65,22856.0,11.24,0.0,3,65,195,2437.5,55.03,2382.47,eod_gap,decay_50
adjust,8,4,15,2025-02-20,2025-02-20,CE,23050,2025-02-20T09:20:00+05:30,18.05,2025-02-20T09:22:00+05:30,18.75,22856.0,22864.1,11.24,0.0,3,65,195,-136.5,53.8,-190.3,decay_50,tp
adjust,9,1,1,2025-02-21,2025-02-27,CE,23350,2025-02-21T09:30:00+05:30,22.35,2025-02-21T13:48:00+05:30,11.1,22889.05,22723.7,25.0,0.0,3,65,195,2193.75,54.33,2139.42,cycle_start,decay_50
adjust,9,1,2,2025-02-21,2025-02-27,PE,22400,2025-02-21T09:30:00+05:30,22.8,2025-02-24T12:00:00+05:30,38.5,22889.05,22591.35,25.0,0.0,3,65,195,-3061.5,56.83,-3118.33,cycle_start,tp
adjust,9,1,3,2025-02-21,2025-02-27,CE,23150,2025-02-21T13:48:00+05:30,30.65,2025-02-24T09:16:00+05:30,14.2,22723.7,22628.0,25.0,0.0,3,65,195,3207.75,56.89,3150.86,decay_50,decay_50
adjust,9,1,4,2025-02-24,2025-02-27,CE,23000,2025-02-24T09:16:00+05:30,31.85,2025-02-24T10:58:00+05:30,15.75,22628.0,22553.15,25.0,0.0,3,65,195,3139.5,57.35,3082.15,decay_50,decay_50
adjust,9,1,5,2025-02-24,2025-02-27,CE,22800,2025-02-24T10:58:00+05:30,42.65,2025-02-24T12:00:00+05:30,45.3,22553.15,22591.35,25.0,0.0,3,65,195,-516.75,62.89,-579.64,decay_50,tp
adjust,9,2,6,2025-02-24,2025-02-27,CE,23050,2025-02-24T12:01:00+05:30,12.95,2025-02-25T09:16:00+05:30,5.45,22592.15,22554.3,13.09,0.0,3,65,195,1462.5,51.24,1411.26,reentry,no_roll_available
adjust,9,2,7,2025-02-24,2025-02-27,PE,22150,2025-02-24T12:01:00+05:30,11.7,2025-02-25T09:16:00+05:30,7.6,22592.15,22554.3,13.09,0.0,3,65,195,799.5,51.09,748.41,reentry,no_roll_available
adjust,9,3,8,2025-02-25,2025-02-27,CE,22900,2025-02-25T09:17:00+05:30,11.55,2025-02-25T10:49:00+05:30,5.7,22560.3,22565.05,12.61,0.0,3,65,195,1140.75,50.88,1089.87,reentry,decay_50
adjust,9,3,9,2025-02-25,2025-02-27,PE,22250,2025-02-25T09:17:00+05:30,12.15,2025-02-25T11:45:00+05:30,6.0,22560.3,22572.8,12.61,0.0,3,65,195,1199.25,51.07,1148.18,reentry,no_roll_available
adjust,9,3,10,2025-02-25,2025-02-27,CE,22850,2025-02-25T10:49:00+05:30,6.8,2025-02-25T11:45:00+05:30,6.75,22565.05,22572.8,12.61,0.0,3,65,195,9.75,49.66,-39.91,decay_50,no_roll_available
adjust,10,1,1,2025-02-28,2025-03-06,CE,22750,2025-02-28T09:30:00+05:30,23.0,2025-02-28T12:32:00+05:30,11.4,22320.5,22225.3,25.0,0.0,3,65,195,2262.0,54.53,2207.47,cycle_start,decay_50
adjust,10,1,2,2025-02-28,2025-03-06,PE,21950,2025-02-28T09:30:00+05:30,24.6,2025-03-03T14:03:00+05:30,50.9,22320.5,22109.45,25.0,0.0,3,65,195,-5128.5,58.4,-5186.9,cycle_start,tp
adjust,10,1,3,2025-02-28,2025-03-06,CE,22600,2025-02-28T12:32:00+05:30,25.55,2025-02-28T15:20:00+05:30,21.0,22225.3,22120.5,25.0,0.0,3,65,195,887.25,56.07,831.18,decay_50,eod_gap
adjust,10,1,4,2025-02-28,2025-03-06,CE,22350,2025-02-28T15:20:00+05:30,75.9,2025-03-03T10:01:00+05:30,37.2,22120.5,22041.8,25.0,0.0,3,65,195,7546.5,71.36,7475.14,eod_gap,decay_50
adjust,10,1,5,2025-03-03,2025-03-06,CE,22250,2025-03-03T10:01:00+05:30,62.85,2025-03-03T14:03:00+05:30,65.5,22041.8,22109.45,25.0,0.0,3,65,195,-516.75,70.21,-586.96,decay_50,tp
adjust,10,2,6,2025-03-03,2025-03-06,CE,22550,2025-03-03T14:04:00+05:30,10.8,2025-03-04T09:15:00+05:30,5.05,22117.4,21985.55,12.13,0.0,3,65,195,1121.25,50.62,1070.63,reentry,decay_50
adjust,10,2,7,2025-03-03,2025-03-06,PE,21650,2025-03-03T14:04:00+05:30,11.55,2025-03-04T13:49:00+05:30,8.0,22117.4,22053.25,12.13,0.0,3,65,195,692.25,51.08,641.17,reentry,tp
adjust,10,2,8,2025-03-04,2025-03-06,CE,22350,2025-03-04T09:15:00+05:30,15.4,2025-03-04T13:49:00+05:30,12.4,21985.55,22053.25,12.13,0.0,3,65,195,585.0,52.52,532.48,decay_50,tp
adjust,10,3,9,2025-03-04,2025-03-06,CE,22350,2025-03-04T13:50:00+05:30,12.9,2025-03-06T09:15:00+05:30,112.15,22057.2,22451.95,12.68,0.0,3,65,195,-19353.75,60.48,-19414.23,reentry,no_roll_available
adjust,10,3,10,2025-03-04,2025-03-06,PE,21700,2025-03-04T13:50:00+05:30,10.4,2025-03-04T15:20:00+05:30,10.4,22057.2,22088.9,12.68,0.0,3,65,195,0.0,50.97,-50.97,reentry,eod_gap
adjust,10,3,11,2025-03-04,2025-03-06,PE,21800,2025-03-04T15:20:00+05:30,19.6,2025-03-05T09:19:00+05:30,9.8,22088.9,22133.55,12.68,0.0,3,65,195,1911.0,53.46,1857.54,eod_gap,decay_50
adjust,10,3,12,2025-03-05,2025-03-06,PE,21850,2025-03-05T09:19:00+05:30,13.5,2025-03-05T10:24:00+05:30,6.75,22133.55,22236.6,12.68,0.0,3,65,195,1316.25,51.51,1264.74,decay_50,decay_50
adjust,10,3,13,2025-03-05,2025-03-06,PE,22050,2025-03-05T10:24:00+05:30,25.75,2025-03-05T11:47:00+05:30,12.55,22236.6,22350.1,12.68,0.0,3,65,195,2574.0,55.39,2518.61,decay_50,decay_50
adjust,10,3,14,2025-03-05,2025-03-06,PE,22300,2025-03-05T11:47:00+05:30,59.25,2025-03-06T09:15:00+05:30,17.55,22350.1,22451.95,12.68,0.0,3,65,195,8131.5,65.06,8066.44,decay_50,no_roll_available
adjust,11,1,1,2025-03-07,2025-03-13,CE,22950,2025-03-07T09:30:00+05:30,24.4,2025-03-10T12:04:00+05:30,15.35,22533.3,22594.85,25.0,0.0,3,65,195,1764.75,55.26,1709.49,cycle_start,tp
adjust,11,1,2,2025-03-07,2025-03-13,PE,22050,2025-03-07T09:30:00+05:30,24.5,2025-03-10T09:31:00+05:30,11.95,22533.3,22595.85,25.0,0.0,3,65,195,2447.25,54.99,2392.26,cycle_start,decay_50
adjust,11,1,3,2025-03-10,2025-03-13,PE,22100,2025-03-10T09:31:00+05:30,14.85,2025-03-10T12:04:00+05:30,11.3,22595.85,22594.85,25.0,0.0,3,65,195,692.25,52.28,639.97,decay_50,tp
adjust,11,2,4,2025-03-10,2025-03-13,CE,23000,2025-03-10T12:05:00+05:30,11.2,2025-03-10T14:41:00+05:30,5.6,22594.9,22451.3,12.06,0.0,3,65,195,1092.0,50.77,1041.23,reentry,decay_50
adjust,11,2,5,2025-03-10,2025-03-13,PE,22100,2025-03-10T12:05:00+05:30,11.5,2025-03-11T15:20:00+05:30,13.15,22594.9,22498.05,12.06,0.0,3,65,195,-321.75,51.51,-373.26,reentry,eod_gap
adjust,11,2,6,2025-03-10,2025-03-13,CE,22800,2025-03-10T14:41:00+05:30,19.05,2025-03-10T15:20:00+05:30,17.0,22451.3,22449.4,12.06,0.0,3,65,195,399.75,53.93,345.82,decay_50,eod_gap
adjust,11,2,7,2025-03-10,2025-03-13,CE,22750,2025-03-10T15:20:00+05:30,23.65,2025-03-11T09:16:00+05:30,11.45,22449.4,22319.1,12.06,0.0,3,65,195,2379.0,54.72,2324.28,eod_gap,decay_50
adjust,11,2,8,2025-03-11,2025-03-13,CE,22550,2025-03-11T09:16:00+05:30,36.75,2025-03-12T09:48:00+05:30,57.6,22319.1,22491.9,12.06,0.0,3,65,195,-4065.75,62.33,-4128.08,decay_50,tp
adjust,11,2,9,2025-03-11,2025-03-13,PE,22450,2025-03-11T15:20:00+05:30,83.25,2025-03-12T09:48:00+05:30,64.4,22498.05,22491.9,12.06,0.0,3,65,195,3675.75,75.75,3600.0,eod_gap,tp
adjust,12,1,1,2025-03-17,2025-03-20,CE,22850,2025-03-17T09:30:00+05:30,22.15,2025-03-17T12:50:00+05:30,11.0,22545.2,22449.6,25.0,0.0,3,65,195,2174.25,54.26,2119.99,cycle_start,decay_50
adjust,12,1,2,2025-03-17,2025-03-20,PE,22250,2025-03-17T09:30:00+05:30,24.9,2025-03-17T15:20:00+05:30,29.9,22545.2,22508.7,25.0,0.0,3,65,195,-975.0,56.66,-1031.66,cycle_start,eod_gap
adjust,12,1,3,2025-03-17,2025-03-20,CE,22700,2025-03-17T12:50:00+05:30,31.7,2025-03-18T13:39:00+05:30,161.75,22449.6,22782.2,25.0,0.0,3,65,195,-25359.75,69.97,-25429.72,decay_50,no_roll_available
adjust,12,1,4,2025-03-17,2025-03-20,PE,22350,2025-03-17T15:20:00+05:30,49.95,2025-03-18T09:31:00+05:30,24.9,22508.7,22662.2,25.0,0.0,3,65,195,4884.75,63.14,4821.61,eod_gap,decay_50
adjust,12,1,5,2025-03-18,2025-03-20,PE,22650,2025-03-18T09:31:00+05:30,98.65,2025-03-18T13:39:00+05:30,48.85,22662.2,22782.2,25.0,0.0,3,65,195,9711.0,78.65,9632.35,decay_50,no_roll_available
adjust,12,2,6,2025-03-19,2025-03-20,CE,23100,2025-03-19T09:24:00+05:30,11.4,2025-03-20T09:16:00+05:30,22.25,22811.85,23013.5,12.13,0.0,3,65,195,-2115.75,52.27,-2168.02,reentry,tp
adjust,12,2,7,2025-03-19,2025-03-20,PE,22450,2025-03-19T09:24:00+05:30,11.65,2025-03-19T10:29:00+05:30,5.75,22811.85,22897.3,12.13,0.0,3,65,195,1150.5,50.91,1099.59,reentry,decay_50
adjust,12,2,8,2025-03-19,2025-03-20,PE,22600,2025-03-19T10:29:00+05:30,13.0,2025-03-19T15:20:00+05:30,14.35,22897.3,22900.0,12.13,0.0,3,65,195,-263.25,52.03,-315.28,decay_50,eod_gap
adjust,12,2,9,2025-03-19,2025-03-20,PE,22650,2025-03-19T15:20:00+05:30,18.6,2025-03-20T09:15:00+05:30,6.1,22900.0,23007.85,12.13,0.0,3,65,195,2437.5,52.86,2384.64,eod_gap,decay_50
adjust,12,2,10,2025-03-20,2025-03-20,PE,22850,2025-03-20T09:15:00+05:30,21.9,2025-03-20T09:16:00+05:30,14.85,23007.85,23013.5,12.13,0.0,3,65,195,1374.75,54.53,1320.22,decay_50,tp
adjust,13,1,1,2025-03-21,2025-03-27,CE,23550,2025-03-21T09:30:00+05:30,23.85,2025-03-24T14:24:00+05:30,238.4,23189.5,23697.85,25.0,0.0,3,65,195,-41837.25,74.44,-41911.69,cycle_start,no_roll_available
adjust,13,1,2,2025-03-21,2025-03-27,PE,22800,2025-03-21T09:30:00+05:30,21.75,2025-03-21T15:20:00+05:30,13.45,23189.5,23355.9,25.0,0.0,3,65,195,1618.5,54.37,1564.13,cycle_start,eod_gap
adjust,13,1,3,2025-03-21,2025-03-27,PE,23200,2025-03-21T15:20:00+05:30,62.55,2025-03-24T09:19:00+05:30,30.2,23355.9,23514.05,25.0,0.0,3,65,195,6308.25,67.07,6241.18,eod_gap,decay_50
adjust,13,1,4,2025-03-24,2025-03-27,PE,23450,2025-03-24T09:19:00+05:30,90.5,2025-03-24T14:24:00+05:30,44.3,23514.05,23697.85,25.0,0.0,3,65,195,9009.0,76.0,8933.0,decay_50,no_roll_available
adjust,13,2,5,2025-03-24,2025-03-27,CE,24200,2025-03-24T14:25:00+05:30,13.5,2025-03-24T15:20:00+05:30,12.5,23700.4,23660.0,13.32,0.0,3,65,195,195.0,52.01,142.99,reentry,eod_gap
adjust,13,2,6,2025-03-24,2025-03-27,PE,23100,2025-03-24T14:25:00+05:30,12.8,2025-03-25T15:20:00+05:30,8.19,23700.4,23670.35,13.32,0.0,3,65,195,898.95,51.44,847.51,reentry,eod_gap
adjust,13,2,7,2025-03-24,2025-03-27,CE,24150,2025-03-24T15:20:00+05:30,16.6,2025-03-25T15:26:00+05:30,8.15,23660.0,23626.25,13.32,0.0,3,65,195,1647.75,52.49,1595.26,eod_gap,decay_50
adjust,13,2,8,2025-03-25,2025-03-27,PE,23200,2025-03-25T15:20:00+05:30,11.25,2025-03-26T09:15:00+05:30,9.75,23670.35,23685.85,13.32,0.0,3,65,195,292.5,51.15,241.35,eod_gap,tp
adjust,13,2,9,2025-03-25,2025-03-27,CE,24100,2025-03-25T15:26:00+05:30,11.0,2025-03-26T09:15:00+05:30,10.75,23626.25,23685.85,13.32,0.0,3,65,195,48.75,51.17,-2.42,decay_50,tp
adjust,13,3,10,2025-03-26,2025-03-27,CE,24100,2025-03-26T09:16:00+05:30,10.75,2025-03-26T11:55:00+05:30,5.35,23699.05,23628.3,11.45,0.0,3,65,195,1053.0,50.63,1002.37,reentry,decay_50
adjust,13,3,11,2025-03-26,2025-03-27,PE,23300,2025-03-26T09:16:00+05:30,11.85,2025-03-27T09:37:00+05:30,15.5,23699.05,23513.3,11.45,0.0,3,65,195,-711.75,51.81,-763.56,reentry,tp
adjust,13,3,12,2025-03-26,2025-03-27,CE,24050,2025-03-26T11:55:00+05:30,7.1,2025-03-26T14:45:00+05:30,3.55,23628.3,23522.95,11.45,0.0,3,65,195,692.25,49.47,642.78,decay_50,decay_50
adjust,13,3,13,2025-03-26,2025-03-27,CE,23850,2025-03-26T14:45:00+05:30,10.1,2025-03-26T15:20:00+05:30,8.94,23522.95,23480.5,11.45,0.0,3,65,195,226.2,50.76,175.44,decay_50,eod_gap
adjust,13,3,14,2025-03-26,2025-03-27,CE,23750,2025-03-26T15:20:00+05:30,17.2,2025-03-27T09:15:00+05:30,6.95,23480.5,23452.7,11.45,0.0,3,65,195,1998.75,52.55,1946.2,eod_gap,decay_50
adjust,13,3,15,2025-03-27,2025-03-27,CE,23600,2025-03-27T09:15:00+05:30,18.3,2025-03-27T09:37:00+05:30,23.45,23452.7,23513.3,11.45,0.0,3,65,195,-1004.25,54.28,-1058.53,decay_50,tp
adjust,14,1,1,2025-03-28,2025-04-03,CE,24050,2025-03-28T09:30:00+05:30,24.25,2025-03-28T13:03:00+05:30,11.8,23552.05,23489.4,25.0,0.0,3,65,195,2427.75,54.91,2372.84,cycle_start,decay_50
adjust,14,1,2,2025-03-28,2025-04-03,PE,23050,2025-03-28T09:30:00+05:30,24.05,2025-04-01T09:16:00+05:30,21.8,23552.05,23420.45,25.0,0.0,3,65,195,438.75,55.72,383.03,cycle_start,tp
adjust,14,1,3,2025-03-28,2025-04-03,CE,23950,2025-03-28T13:03:00+05:30,17.6,2025-04-01T09:15:00+05:30,7.1,23489.4,23417.3,25.0,0.0,3,65,195,2047.5,52.67,1994.83,decay_50,decay_50
adjust,14,1,4,2025-04-01,2025-04-03,CE,23750,2025-04-01T09:15:00+05:30,19.0,2025-04-01T09:16:00+05:30,16.75,23417.3,23420.45,25.0,0.0,3,65,195,438.75,53.89,384.86,decay_50,tp
adjust,14,2,5,2025-04-01,2025-04-03,CE,23850,2025-04-01T09:17:00+05:30,11.9,2025-04-01T10:57:00+05:30,5.8,23438.5,23245.6,12.03,0.0,3,65,195,1189.5,50.99,1138.51,reentry,decay_50
adjust,14,2,6,2025-04-01,2025-04-03,PE,22850,2025-04-01T09:17:00+05:30,11.6,2025-04-02T10:08:00+05:30,15.4,23438.5,23218.95,12.03,0.0,3,65,195,-741.0,51.73,-792.73,reentry,tp
adjust,14,2,7,2025-04-01,2025-04-03,CE,23650,2025-04-01T10:57:00+05:30,13.65,2025-04-01T15:20:00+05:30,7.2,23245.6,23167.25,12.03,0.0,3,65,195,1257.75,51.59,1206.16,decay_50,eod_gap
adjust,14,2,8,2025-04-01,2025-04-03,CE,23450,2025-04-01T15:20:00+05:30,22.45,2025-04-02T10:08:00+05:30,18.89,23167.25,23218.95,12.03,0.0,3,65,195,694.2,55.03,639.17,eod_gap,tp
adjust,14,3,9,2025-04-02,2025-04-03,CE,23550,2025-04-02T10:09:00+05:30,10.7,2025-04-03T09:15:00+05:30,2.04,23235.4,23192.2,11.21,0.0,3,65,195,1688.7,50.33,1638.37,reentry,decay_50
adjust,14,3,10,2025-04-02,2025-04-03,PE,22800,2025-04-02T10:09:00+05:30,11.0,2025-04-02T15:20:00+05:30,8.15,23235.4,23330.25,11.21,0.0,3,65,195,555.75,50.94,504.81,reentry,eod_gap
adjust,14,3,11,2025-04-02,2025-04-03,PE,23000,2025-04-02T15:20:00+05:30,15.45,2025-04-03T09:31:00+05:30,10.3,23330.25,23244.5,11.21,0.0,3,65,195,1004.25,52.35,951.9,eod_gap,tp
adjust,14,3,12,2025-04-03,2025-04-03,CE,23300,2025-04-03T09:15:00+05:30,16.35,2025-04-03T09:31:00+05:30,21.45,23192.2,23244.5,11.21,0.0,3,65,195,-994.5,53.57,-1048.07,decay_50,tp
adjust,15,1,1,2025-04-04,2025-04-09,CE,23500,2025-04-04T09:30:00+05:30,22.5,2025-04-04T10:24:00+05:30,11.05,23064.4,22923.15,25.0,0.0,3,65,195,2232.75,54.36,2178.39,cycle_start,decay_50
adjust,15,1,2,2025-04-04,2025-04-09,PE,22550,2025-04-04T09:30:00+05:30,25.6,2025-04-07T09:15:00+05:30,421.55,23064.4,22026.6,25.0,0.0,3,65,195,-77210.25,90.8,-77301.05,cycle_start,no_roll_available
adjust,15,1,3,2025-04-04,2025-04-09,CE,23300,2025-04-04T10:24:00+05:30,27.55,2025-04-04T14:32:00+05:30,13.55,22923.15,22884.85,25.0,0.0,3,65,195,2730.0,55.97,2674.03,decay_50,decay_50
adjust,15,1,4,2025-04-04,2025-04-09,CE,23200,2025-04-04T14:32:00+05:30,21.35,2025-04-07T09:15:00+05:30,5.2,22884.85,22026.6,25.0,0.0,3,65,195,3149.25,53.54,3095.71,decay_50,no_roll_available
adjust,15,2,5,2025-04-08,2025-04-09,CE,23400,2025-04-08T09:15:00+05:30,12.3,2025-04-08T09:43:00+05:30,6.15,22548.65,22464.95,12.75,0.0,3,65,195,1199.25,51.13,1148.12,reentry,decay_50
adjust,15,2,6,2025-04-08,2025-04-09,PE,21000,2025-04-08T09:15:00+05:30,11.65,2025-04-08T15:20:00+05:30,6.7,22548.65,22528.45,12.75,0.0,3,65,195,965.25,50.99,914.26,reentry,eod_gap
adjust,15,2,7,2025-04-08,2025-04-09,CE,23100,2025-04-08T09:43:00+05:30,11.9,2025-04-09T09:15:00+05:30,4.75,22464.95,22409.7,12.75,0.0,3,65,195,1394.25,50.89,1343.36,decay_50,tp
adjust,15,2,8,2025-04-08,2025-04-09,PE,21600,2025-04-08T15:20:00+05:30,17.7,2025-04-09T09:15:00+05:30,6.75,22528.45,22409.7,12.75,0.0,3,65,195,2135.25,52.67,2082.58,eod_gap,tp
adjust,15,3,9,2025-04-09,2025-04-09,CE,22850,2025-04-09T09:16:00+05:30,12.1,2025-04-09T09:35:00+05:30,7.35,22401.4,22414.55,13.45,0.0,3,65,195,926.25,51.17,875.08,reentry,tp
adjust,15,3,10,2025-04-09,2025-04-09,PE,21850,2025-04-09T09:16:00+05:30,13.0,2025-04-09T09:25:00+05:30,6.1,22401.4,22430.4,13.45,0.0,3,65,195,1345.5,51.31,1294.19,reentry,decay_50
adjust,15,3,11,2025-04-09,2025-04-09,PE,21900,2025-04-09T09:25:00+05:30,7.65,2025-04-09T09:35:00+05:30,5.85,22430.4,22414.55,13.45,0.0,3,65,195,351.0,49.82,301.18,decay_50,tp
adjust,15,4,12,2025-04-09,2025-04-09,CE,22750,2025-04-09T09:36:00+05:30,10.55,2025-04-09T10:10:00+05:30,4.65,22396.0,22401.3,12.16,0.0,3,65,195,1150.5,50.51,1099.99,reentry,decay_50
adjust,15,4,13,2025-04-09,2025-04-09,PE,22050,2025-04-09T09:36:00+05:30,12.15,2025-04-09T10:08:00+05:30,5.85,22396.0,22440.35,12.16,0.0,3,65,195,1228.5,51.06,1177.44,reentry,decay_50
adjust,15,4,14,2025-04-09,2025-04-09,PE,22100,2025-04-09T10:08:00+05:30,7.05,2025-04-09T10:14:00+05:30,6.95,22440.35,22371.2,12.16,0.0,3,65,195,19.5,49.75,-30.25,decay_50,tp
adjust,15,4,15,2025-04-09,2025-04-09,CE,22700,2025-04-09T10:10:00+05:30,6.15,2025-04-09T10:14:00+05:30,4.25,22401.3,22371.2,12.16,0.0,3,65,195,370.5,49.26,321.24,decay_50,tp
adjust,16,1,1,2025-04-11,2025-04-17,CE,23650,2025-04-11T09:30:00+05:30,23.0,2025-04-15T09:45:00+05:30,29.9,22777.95,23303.0,25.0,0.0,3,65,195,-1345.5,56.14,-1401.64,cycle_start,tp
adjust,16,1,2,2025-04-11,2025-04-17,PE,21600,2025-04-11T09:30:00+05:30,23.0,2025-04-15T09:15:00+05:30,5.5,22777.95,23257.05,25.0,0.0,3,65,195,3412.5,54.02,3358.48,cycle_start,decay_50
adjust,16,1,3,2025-04-15,2025-04-17,PE,22850,2025-04-15T09:15:00+05:30,39.35,2025-04-15T09:45:00+05:30,24.55,23257.05,23303.0,25.0,0.0,3,65,195,2886.0,60.18,2825.82,decay_50,tp
adjust,16,2,4,2025-04-15,2025-04-17,CE,23850,2025-04-15T09:46:00+05:30,12.35,2025-04-15T14:31:00+05:30,6.15,23298.95,23315.7,12.83,0.0,3,65,195,1209.0,51.14,1157.86,reentry,decay_50
adjust,16,2,5,2025-04-15,2025-04-17,PE,22600,2025-04-15T09:46:00+05:30,12.55,2025-04-16T09:15:00+05:30,3.6,23298.95,23292.35,12.83,0.0,3,65,195,1745.25,50.97,1694.28,reentry,tp
adjust,16,2,6,2025-04-15,2025-04-17,CE,23800,2025-04-15T14:31:00+05:30,7.4,2025-04-16T09:15:00+05:30,3.45,23315.7,23292.35,12.83,0.0,3,65,195,770.25,49.54,720.71,decay_50,tp
adjust,16,3,7,2025-04-16,2025-04-17,CE,23650,2025-04-16T09:38:00+05:30,10.05,2025-04-17T09:15:00+05:30,5.15,23354.2,23377.45,10.69,0.0,3,65,195,955.5,50.42,905.08,reentry,tp
adjust,16,3,8,2025-04-16,2025-04-17,PE,23050,2025-04-16T09:38:00+05:30,10.75,2025-04-16T15:20:00+05:30,11.05,23354.2,23441.45,10.69,0.0,3,65,195,-58.5,51.12,-109.62,reentry,eod_gap
adjust,16,3,9,2025-04-16,2025-04-17,PE,23150,2025-04-16T15:20:00+05:30,18.55,2025-04-17T09:15:00+05:30,6.1,23441.45,23377.45,10.69,0.0,3,65,195,2427.75,52.85,2374.9,eod_gap,tp
adjust,16,4,10,2025-04-17,2025-04-17,CE,23900,2025-04-17T11:43:00+05:30,10.1,2025-04-17T11:55:00+05:30,4.25,23604.65,23573.7,11.97,0.0,3,65,195,1140.75,50.35,1090.4,reentry,decay_50
adjust,16,4,11,2025-04-17,2025-04-17,PE,23250,2025-04-17T11:43:00+05:30,13.45,2025-04-17T12:14:00+05:30,6.6,23604.65,23634.45,11.97,0.0,3,65,195,1335.75,51.48,1284.27,reentry,decay_50
adjust,16,4,12,2025-04-17,2025-04-17,CE,23800,2025-04-17T11:55:00+05:30,10.45,2025-04-17T12:16:00+05:30,10.25,23573.7,23641.75,11.97,0.0,3,65,195,39.0,50.97,-11.97,decay_50,tp
adjust,16,4,13,2025-04-17,2025-04-17,PE,23300,2025-04-17T12:14:00+05:30,9.4,2025-04-17T12:16:00+05:30,6.5,23634.45,23641.75,11.97,0.0,3,65,195,565.5,50.36,515.14,decay_50,tp
adjust,17,1,1,2025-04-21,2025-04-24,CE,24450,2025-04-21T09:30:00+05:30,26.75,2025-04-22T09:15:00+05:30,26.3,23934.15,24139.85,25.0,0.0,3,65,195,87.75,56.86,30.89,cycle_start,tp
adjust,17,1,2,2025-04-21,2025-04-24,PE,23250,2025-04-21T09:30:00+05:30,24.55,2025-04-21T11:57:00+05:30,11.95,23934.15,24142.9,25.0,0.0,3,65,195,2457.0,55.01,2401.99,cycle_start,decay_50
adjust,17,1,3,2025-04-21,2025-04-24,PE,23750,2025-04-21T11:57:00+05:30,33.9,2025-04-22T09:15:00+05:30,20.35,24142.9,24139.85,25.0,0.0,3,65,195,2642.25,58.31,2583.94,decay_50,tp
adjust,17,2,4,2025-04-22,2025-04-24,CE,24600,2025-04-22T09:16:00+05:30,12.85,2025-04-23T12:52:00+05:30,8.44,24117.25,24232.8,12.51,0.0,3,65,195,859.95,51.48,808.47,reentry,tp
adjust,17,2,5,2025-04-22,2025-04-24,PE,23350,2025-04-22T09:16:00+05:30,12.3,2025-04-22T14:41:00+05:30,6.15,24117.25,24177.8,12.51,0.0,3,65,195,1199.25,51.13,1148.12,reentry,decay_50
adjust,17,2,6,2025-04-22,2025-04-24,PE,23550,2025-04-22T14:41:00+05:30,7.85,2025-04-23T09:54:00+05:30,3.9,24177.8,24326.75,12.51,0.0,3,65,195,770.25,49.7,720.55,decay_50,decay_50
adjust,17,2,7,2025-04-23,2025-04-24,PE,24000,2025-04-23T09:54:00+05:30,12.0,2025-04-23T12:52:00+05:30,13.85,24326.75,24232.8,12.51,0.0,3,65,195,-360.75,51.71,-412.46,decay_50,tp
adjust,17,3,8,2025-04-23,2025-04-24,CE,24550,2025-04-23T13:13:00+05:30,11.35,2025-04-24T09:20:00+05:30,7.25,24238.35,24273.85,10.67,0.0,3,65,195,799.5,50.96,748.54,reentry,tp
adjust,17,3,9,2025-04-23,2025-04-24,PE,23900,2025-04-23T13:13:00+05:30,10.19,2025-04-23T15:20:00+05:30,10.05,24238.35,24326.5,10.67,0.0,3,65,195,27.3,50.88,-23.58,reentry,eod_gap
adjust,17,3,10,2025-04-23,2025-04-24,PE,24150,2025-04-23T15:20:00+05:30,17.75,2025-04-24T09:20:00+05:30,10.9,24326.5,24273.85,10.67,0.0,3,65,195,1335.75,53.04,1282.71,eod_gap,tp
adjust,18,1,1,2025-04-25,2025-04-30,CE,24850,2025-04-25T09:30:00+05:30,25.6,2025-04-25T10:29:00+05:30,12.05,24303.8,23927.5,25.0,0.0,3,65,195,2642.25,55.31,2586.94,cycle_start,decay_50
adjust,18,1,2,2025-04-25,2025-04-30,PE,23550,2025-04-25T09:30:00+05:30,26.05,2025-04-28T15:20:00+05:30,16.39,24303.8,24332.05,25.0,0.0,3,65,195,1883.7,55.81,1827.89,cycle_start,no_roll_available
adjust,18,1,3,2025-04-25,2025-04-30,CE,24300,2025-04-25T10:29:00+05:30,67.45,2025-04-28T15:20:00+05:30,130.25,23927.5,24332.05,25.0,0.0,3,65,195,-12246.0,77.1,-12323.1,decay_50,no_roll_available
adjust,18,2,4,2025-04-28,2025-04-30,CE,24700,2025-04-28T15:21:00+05:30,13.55,2025-04-29T11:10:00+05:30,8.19,24332.75,24360.1,12.82,0.0,3,65,195,1045.2,51.65,993.55,reentry,tp
adjust,18,2,5,2025-04-28,2025-04-30,PE,23250,2025-04-28T15:21:00+05:30,12.45,2025-04-29T09:15:00+05:30,6.2,24332.75,24419.55,12.82,0.0,3,65,195,1218.75,51.17,1167.58,reentry,decay_50
adjust,18,2,6,2025-04-29,2025-04-30,PE,23950,2025-04-29T09:15:00+05:30,14.05,2025-04-29T11:10:00+05:30,12.65,24419.55,24360.1,12.82,0.0,3,65,195,273.0,52.17,220.83,decay_50,tp
adjust,19,1,1,2025-05-02,2025-05-08,CE,25050,2025-05-02T09:30:00+05:30,26.15,2025-05-02T11:32:00+05:30,13.05,24518.55,24351.1,25.0,0.0,3,65,195,2554.5,55.54,2498.96,cycle_start,decay_50
adjust,19,1,2,2025-05-02,2025-05-08,PE,23550,2025-05-02T09:30:00+05:30,25.25,2025-05-05T09:16:00+05:30,17.14,24518.55,24435.3,25.0,0.0,3,65,195,1581.45,55.65,1525.8,cycle_start,tp
adjust,19,1,3,2025-05-02,2025-05-08,CE,24850,2025-05-02T11:32:00+05:30,30.1,2025-05-02T15:20:00+05:30,21.75,24351.1,24327.0,25.0,0.0,3,65,195,1628.25,57.39,1570.86,decay_50,eod_gap
adjust,19,1,4,2025-05-02,2025-05-08,CE,24700,2025-05-02T15:20:00+05:30,39.0,2025-05-05T09:16:00+05:30,42.75,24327.0,24435.3,25.0,0.0,3,65,195,-731.25,61.66,-792.91,eod_gap,tp
adjust,19,2,5,2025-05-05,2025-05-08,CE,25000,2025-05-05T09:17:00+05:30,13.15,2025-05-05T12:20:00+05:30,6.55,24441.25,24435.35,12.62,0.0,3,65,195,1287.0,51.39,1235.61,reentry,decay_50
adjust,19,2,6,2025-05-05,2025-05-08,PE,23350,2025-05-05T09:17:00+05:30,12.55,2025-05-06T09:15:00+05:30,7.5,24441.25,24456.95,12.62,0.0,3,65,195,984.75,51.31,933.44,reentry,tp
adjust,19,2,7,2025-05-05,2025-05-08,CE,24900,2025-05-05T12:20:00+05:30,9.85,2025-05-06T09:15:00+05:30,8.6,24435.35,24456.95,12.62,0.0,3,65,195,243.75,50.66,193.09,decay_50,tp
adjust,19,3,8,2025-05-06,2025-05-08,CE,24850,2025-05-06T09:16:00+05:30,11.3,2025-05-06T10:50:00+05:30,5.6,24481.2,24388.05,11.52,0.0,3,65,195,1111.5,50.8,1060.7,reentry,decay_50
adjust,19,3,9,2025-05-06,2025-05-08,PE,23800,2025-05-06T09:16:00+05:30,12.2,2025-05-07T13:26:00+05:30,13.8,24481.2,24359.25,11.52,0.0,3,65,195,-312.0,51.76,-363.76,reentry,tp
adjust,19,3,10,2025-05-06,2025-05-08,CE,24700,2025-05-06T10:50:00+05:30,9.6,2025-05-06T15:20:00+05:30,6.9,24388.05,24372.1,11.52,0.0,3,65,195,526.5,50.45,476.05,decay_50,eod_gap
adjust,19,3,11,2025-05-06,2025-05-08,CE,24500,2025-05-06T15:20:00+05:30,21.8,2025-05-07T13:26:00+05:30,16.85,24372.1,24359.25,11.52,0.0,3,65,195,965.25,54.67,910.58,eod_gap,tp
adjust,20,1,1,2025-05-09,2025-05-15,CE,24800,2025-05-09T09:30:00+05:30,23.3,2025-05-09T15:14:00+05:30,12.95,24082.45,24000.55,25.0,0.0,3,65,195,2018.25,54.75,1963.5,cycle_start,tp
adjust,20,1,2,2025-05-09,2025-05-15,PE,20800,2025-05-09T09:30:00+05:30,25.3,2025-05-09T10:10:00+05:30,12.55,24082.45,23990.35,25.0,0.0,3,65,195,2486.25,55.27,2430.98,cycle_start,decay_50
adjust,20,1,3,2025-05-09,2025-05-15,PE,21200,2025-05-09T10:10:00+05:30,17.14,2025-05-09T15:14:00+05:30,15.05,23990.35,24000.55,25.0,0.0,3,65,195,407.55,53.23,354.32,decay_50,tp
adjust,20,2,4,2025-05-09,2025-05-15,CE,24800,2025-05-09T15:15:00+05:30,13.4,2025-05-12T15:20:00+05:30,301.2,24003.6,24932.4,13.03,0.0,3,65,195,-56121.0,77.01,-56198.01,reentry,no_roll_available
adjust,20,2,5,2025-05-09,2025-05-15,PE,21000,2025-05-09T15:15:00+05:30,12.65,2025-05-12T09:15:00+05:30,2.2,24003.6,24514.05,13.03,0.0,3,65,195,2037.75,50.88,1986.87,reentry,decay_50
adjust,20,2,6,2025-05-12,2025-05-15,PE,24150,2025-05-12T09:15:00+05:30,36.2,2025-05-12T15:20:00+05:30,29.05,24514.05,24932.4,13.03,0.0,3,65,195,1394.25,59.7,1334.55,decay_50,no_roll_available
adjust,20,3,7,2025-05-12,2025-05-15,CE,25700,2025-05-12T15:21:00+05:30,12.4,2025-05-13T10:43:00+05:30,6.2,24940.2,24688.5,12.24,0.0,3,65,195,1209.0,51.16,1157.84,reentry,decay_50
adjust,20,3,8,2025-05-12,2025-05-15,PE,23650,2025-05-12T15:21:00+05:30,13.05,2025-05-13T11:48:00+05:30,6.9,24940.2,24738.85,12.24,0.0,3,65,195,1199.25,51.4,1147.85,reentry,tp
adjust,20,3,9,2025-05-13,2025-05-15,CE,25600,2025-05-13T10:43:00+05:30,8.65,2025-05-13T11:48:00+05:30,8.44,24688.5,24738.85,12.24,0.0,3,65,195,40.95,50.32,-9.37,decay_50,tp
adjust,20,4,10,2025-05-13,2025-05-15,CE,25500,2025-05-13T11:49:00+05:30,13.1,2025-05-13T13:54:00+05:30,6.45,24734.05,24603.65,12.91,0.0,3,65,195,1296.75,51.37,1245.38,reentry,decay_50
adjust,20,4,11,2025-05-13,2025-05-15,PE,23900,2025-05-13T11:49:00+05:30,13.5,2025-05-13T15:18:00+05:30,9.1,24734.05,24581.9,12.91,0.0,3,65,195,858.0,51.71,806.29,reentry,tp
adjust,20,4,12,2025-05-13,2025-05-15,CE,25400,2025-05-13T13:54:00+05:30,8.75,2025-05-13T15:18:00+05:30,6.6,24603.65,24581.9,12.91,0.0,3,65,195,419.25,50.19,369.06,decay_50,tp
adjust,20,5,13,2025-05-13,2025-05-15,CE,25200,2025-05-13T15:19:00+05:30,13.15,2025-05-14T09:38:00+05:30,8.25,24578.15,24685.2,12.7,0.0,3,65,195,955.5,51.54,903.96,reentry,tp
adjust,20,5,14,2025-05-13,2025-05-15,PE,24000,2025-05-13T15:19:00+05:30,12.85,2025-05-14T09:26:00+05:30,6.25,24578.15,24715.05,12.7,0.0,3,65,195,1287.0,51.29,1235.71,reentry,decay_50
adjust,20,5,15,2025-05-14,2025-05-15,PE,24100,2025-05-14T09:26:00+05:30,9.05,2025-05-14T09:38:00+05:30,7.55,24715.05,24685.2,12.7,0.0,3,65,195,292.5,50.35,242.15,decay_50,tp
adjust,20,6,16,2025-05-14,2025-05-15,CE,25100,2025-05-14T09:39:00+05:30,13.7,2025-05-14T11:47:00+05:30,6.85,24688.6,24660.85,12.27,0.0,3,65,195,1335.75,51.57,1284.18,reentry,decay_50
adjust,20,6,17,2025-05-14,2025-05-15,PE,24200,2025-05-14T09:39:00+05:30,11.55,2025-05-14T14:09:00+05:30,8.94,24688.6,24615.25,12.27,0.0,3,65,195,508.95,51.16,457.79,reentry,tp
adjust,20,6,18,2025-05-14,2025-05-15,CE,25050,2025-05-14T11:47:00+05:30,9.25,2025-05-14T14:09:00+05:30,6.3,24660.85,24615.25,12.27,0.0,3,65,195,575.25,50.3,524.95,decay_50,tp
adjust,20,7,19,2025-05-14,2025-05-15,CE,24950,2025-05-14T14:10:00+05:30,11.35,2025-05-15T09:15:00+05:30,8.0,24610.5,24640.6,11.61,0.0,3,65,195,653.25,51.02,602.23,reentry,tp
adjust,20,7,20,2025-05-14,2025-05-15,PE,24250,2025-05-14T14:10:00+05:30,12.45,2025-05-14T15:20:00+05:30,9.0,24610.5,24664.25,11.61,0.0,3,65,195,672.75,51.41,621.34,reentry,eod_gap
adjust,20,7,21,2025-05-14,2025-05-15,PE,24350,2025-05-14T15:20:00+05:30,16.75,2025-05-15T09:15:00+05:30,11.85,24664.25,24640.6,11.61,0.0,3,65,195,955.5,52.85,902.65,eod_gap,tp
adjust,20,8,22,2025-05-15,2025-05-15,CE,25050,2025-05-15T10:39:00+05:30,11.35,2025-05-15T11:13:00+05:30,5.35,24738.85,24606.95,11.38,0.0,3,65,195,1170.0,50.79,1119.21,reentry,decay_50
adjust,20,8,23,2025-05-15,2025-05-15,PE,24400,2025-05-15T10:39:00+05:30,12.1,2025-05-15T12:26:00+05:30,7.05,24738.85,24641.2,11.38,0.0,3,65,195,984.75,51.15,933.6,reentry,tp
adjust,20,8,24,2025-05-15,2025-05-15,CE,24900,2025-05-15T11:13:00+05:30,15.8,2025-05-15T12:26:00+05:30,15.0,24606.95,24641.2,11.38,0.0,3,65,195,156.0,52.86,103.14,decay_50,tp
adjust,21,1,1,2025-05-16,2025-05-22,CE,25700,2025-05-16T09:30:00+05:30,25.4,2025-05-16T15:20:00+05:30,18.5,25052.0,25012.65,25.0,0.0,3,65,195,1345.5,55.81,1289.69,cycle_start,eod_gap
adjust,21,1,2,2025-05-16,2025-05-22,PE,24250,2025-05-16T09:30:00+05:30,25.95,2025-05-19T11:56:00+05:30,14.45,25052.0,25016.8,25.0,0.0,3,65,195,2242.5,55.61,2186.89,cycle_start,tp
adjust,21,1,3,2025-05-16,2025-05-22,CE,25600,2025-05-16T15:20:00+05:30,26.2,2025-05-19T11:56:00+05:30,19.14,25012.65,25016.8,25.0,0.0,3,65,195,1376.7,56.09,1320.61,eod_gap,tp
adjust,21,2,4,2025-05-19,2025-05-22,CE,25700,2025-05-19T11:57:00+05:30,13.2,2025-05-19T15:20:00+05:30,9.6,25017.95,24944.6,12.38,0.0,3,65,195,702.0,51.67,650.33,reentry,eod_gap
adjust,21,2,5,2025-05-19,2025-05-22,PE,24200,2025-05-19T11:57:00+05:30,12.6,2025-05-20T11:39:00+05:30,9.75,25017.95,24881.95,12.38,0.0,3,65,195,555.75,51.52,504.23,reentry,tp
adjust,21,2,6,2025-05-19,2025-05-22,CE,25550,2025-05-19T15:20:00+05:30,16.35,2025-05-20T11:39:00+05:30,10.15,24944.6,24881.95,12.38,0.0,3,65,195,1209.0,52.59,1156.41,eod_gap,tp
adjust,21,3,7,2025-05-20,2025-05-22,CE,25500,2025-05-20T11:40:00+05:30,12.1,2025-05-20T15:20:00+05:30,6.95,24875.4,24679.4,12.4,0.0,3,65,195,1004.25,51.14,953.11,reentry,eod_gap
adjust,21,3,8,2025-05-20,2025-05-22,PE,24300,2025-05-20T11:40:00+05:30,13.6,2025-05-21T09:15:00+05:30,10.45,24875.4,24758.8,12.4,0.0,3,65,195,614.25,51.86,562.39,reentry,tp
adjust,21,3,9,2025-05-20,2025-05-22,CE,25200,2025-05-20T15:20:00+05:30,19.25,2025-05-21T09:15:00+05:30,14.05,24679.4,24758.8,12.4,0.0,3,65,195,1014.0,53.73,960.27,eod_gap,tp
adjust,21,4,10,2025-05-21,2025-05-22,CE,25200,2025-05-21T09:16:00+05:30,12.65,2025-05-21T15:20:00+05:30,13.35,24712.1,24814.7,12.77,0.0,3,65,195,-136.5,51.85,-188.35,reentry,eod_gap
adjust,21,4,11,2025-05-21,2025-05-22,PE,24300,2025-05-21T09:16:00+05:30,13.65,2025-05-21T10:51:00+05:30,6.8,24712.1,24934.9,12.77,0.0,3,65,195,1335.75,51.55,1284.2,reentry,decay_50
adjust,21,4,12,2025-05-21,2025-05-22,PE,24650,2025-05-21T10:51:00+05:30,33.29,2025-05-22T09:32:00+05:30,160.4,24934.9,24554.0,12.77,0.0,3,65,195,-24786.45,70.29,-24856.74,decay_50,no_roll_available
adjust,21,4,13,2025-05-21,2025-05-22,CE,24950,2025-05-21T15:20:00+05:30,49.35,2025-05-22T09:17:00+05:30,24.45,24814.7,24672.75,12.77,0.0,3,65,195,4855.5,62.93,4792.57,eod_gap,decay_50
adjust,21,4,14,2025-05-22,2025-05-22,CE,24700,2025-05-22T09:17:00+05:30,81.4,2025-05-22T09:32:00+05:30,38.15,24672.75,24554.0,12.77,0.0,3,65,195,8433.75,72.96,8360.79,decay_50,no_roll_available
adjust,22,1,1,2025-05-23,2025-05-29,CE,25350,2025-05-23T09:30:00+05:30,25.05,2025-05-27T15:20:00+05:30,34.79,24700.6,24821.95,25.0,0.0,3,65,195,-1899.3,57.13,-1956.43,cycle_start,eod_gap
adjust,22,1,2,2025-05-23,2025-05-29,PE,24000,2025-05-23T09:30:00+05:30,25.1,2025-05-23T15:20:00+05:30,20.35,24700.6,24859.25,25.0,0.0,3,65,195,926.25,55.89,870.36,cycle_start,eod_gap
adjust,22,1,3,2025-05-23,2025-05-29,PE,24350,2025-05-23T15:20:00+05:30,50.0,2025-05-26T15:20:00+05:30,31.5,24859.25,24996.6,25.0,0.0,3,65,195,3607.5,63.72,3543.78,eod_gap,eod_gap
adjust,22,1,4,2025-05-26,2025-05-29,PE,24700,2025-05-26T15:20:00+05:30,87.35,2025-05-28T09:54:00+05:30,114.0,24996.6,24776.2,25.0,0.0,3,65,195,-5196.75,81.18,-5277.93,eod_gap,tp
adjust,22,1,5,2025-05-27,2025-05-29,CE,25000,2025-05-27T15:20:00+05:30,127.45,2025-05-28T09:54:00+05:30,88.55,24821.95,24776.2,25.0,0.0,3,65,195,7585.5,90.03,7495.47,eod_gap,tp
adjust,22,2,6,2025-05-28,2025-05-29,CE,25450,2025-05-28T09:55:00+05:30,13.65,2025-05-28T11:49:00+05:30,8.9,24768.7,24763.05,12.89,0.0,3,65,195,926.25,51.74,874.51,reentry,no_roll_available
adjust,22,2,7,2025-05-28,2025-05-29,PE,24250,2025-05-28T09:55:00+05:30,12.95,2025-05-28T11:49:00+05:30,6.45,24768.7,24763.05,12.89,0.0,3,65,195,1267.5,51.33,1216.17,reentry,no_roll_available
adjust,22,3,8,2025-05-28,2025-05-29,CE,25400,2025-05-28T11:50:00+05:30,11.85,2025-05-28T14:28:00+05:30,5.7,24774.05,24774.25,12.69,0.0,3,65,195,1199.25,50.96,1148.29,reentry,decay_50
adjust,22,3,9,2025-05-28,2025-05-29,PE,24400,2025-05-28T11:50:00+05:30,14.35,2025-05-29T09:15:00+05:30,4.09,24774.05,24884.5,12.69,0.0,3,65,195,2000.7,51.51,1949.19,reentry,decay_50
adjust,22,3,10,2025-05-28,2025-05-29,CE,25350,2025-05-28T14:28:00+05:30,7.3,2025-05-28T15:20:00+05:30,5.65,24774.25,24745.05,12.69,0.0,3,65,195,321.75,49.7,272.05,decay_50,eod_gap
adjust,22,3,11,2025-05-28,2025-05-29,CE,25150,2025-05-28T15:20:00+05:30,18.0,2025-05-29T09:16:00+05:30,17.05,24745.05,24878.05,12.69,0.0,3,65,195,185.25,53.64,131.61,eod_gap,tp
adjust,22,3,12,2025-05-29,2025-05-29,PE,24700,2025-05-29T09:15:00+05:30,22.45,2025-05-29T09:16:00+05:30,19.2,24884.5,24878.05,12.69,0.0,3,65,195,633.75,55.06,578.69,decay_50,tp
adjust,23,1,1,2025-05-30,2025-06-05,CE,25600,2025-05-30T09:30:00+05:30,24.15,2025-05-30T15:20:00+05:30,14.45,24832.8,24744.25,25.0,0.0,3,65,195,1891.5,55.11,1836.39,cycle_start,eod_gap
adjust,23,1,2,2025-05-30,2025-06-05,PE,24150,2025-05-30T09:30:00+05:30,24.75,2025-06-02T15:20:00+05:30,38.8,24832.8,24717.5,25.0,0.0,3,65,195,-2739.75,57.39,-2797.14,cycle_start,eod_gap
adjust,23,1,3,2025-05-30,2025-06-05,CE,25400,2025-05-30T15:20:00+05:30,31.2,2025-06-02T09:20:00+05:30,15.0,24744.25,24561.35,25.0,0.0,3,65,195,3159.0,57.11,3101.89,eod_gap,decay_50
adjust,23,1,4,2025-06-02,2025-06-05,CE,25050,2025-06-02T09:20:00+05:30,51.65,2025-06-03T13:31:00+05:30,39.05,24561.35,24555.25,25.0,0.0,3,65,195,2457.0,64.83,2392.17,decay_50,tp
adjust,23,1,5,2025-06-02,2025-06-05,PE,24450,2025-06-02T15:20:00+05:30,103.9,2025-06-03T13:31:00+05:30,103.05,24717.5,24555.25,25.0,0.0,3,65,195,165.75,84.79,80.96,eod_gap,tp
adjust,23,2,6,2025-06-03,2025-06-05,CE,25300,2025-06-03T13:32:00+05:30,13.3,2025-06-03T15:20:00+05:30,7.95,24557.25,24545.6,12.49,0.0,3,65,195,1043.25,51.56,991.69,reentry,eod_gap
adjust,23,2,7,2025-06-03,2025-06-05,PE,24000,2025-06-03T13:32:00+05:30,12.25,2025-06-04T09:16:00+05:30,6.5,24557.25,24600.15,12.49,0.0,3,65,195,1121.25,51.14,1070.11,reentry,tp
adjust,23,2,8,2025-06-03,2025-06-05,CE,25250,2025-06-03T15:20:00+05:30,9.95,2025-06-04T09:16:00+05:30,6.7,24545.6,24600.15,12.49,0.0,3,65,195,633.75,50.53,583.22,eod_gap,tp
adjust,23,3,9,2025-06-04,2025-06-05,CE,25100,2025-06-04T09:17:00+05:30,12.9,2025-06-04T10:58:00+05:30,8.4,24591.6,24585.5,12.18,0.0,3,65,195,877.5,51.49,826.01,reentry,tp
adjust,23,3,10,2025-06-04,2025-06-05,PE,24150,2025-06-04T09:17:00+05:30,12.05,2025-06-04T10:22:00+05:30,5.85,24591.6,24594.15,12.18,0.0,3,65,195,1209.0,51.03,1157.97,reentry,decay_50
adjust,23,3,11,2025-06-04,2025-06-05,PE,24200,2025-06-04T10:22:00+05:30,7.5,2025-06-04T10:58:00+05:30,5.9,24594.15,24585.5,12.18,0.0,3,65,195,312.0,49.78,262.22,decay_50,tp
adjust,24,1,1,2025-06-06,2025-06-12,CE,25300,2025-06-06T09:30:00+05:30,24.05,2025-06-09T13:29:00+05:30,58.7,24725.5,25106.15,25.0,0.0,3,65,195,-6756.75,58.92,-6815.67,cycle_start,tp
adjust,24,1,2,2025-06-06,2025-06-12,PE,24200,2025-06-06T09:30:00+05:30,27.85,2025-06-06T12:26:00+05:30,13.65,24725.5,24982.15,25.0,0.0,3,65,195,2769.0,56.07,2712.93,cycle_start,decay_50
adjust,24,1,3,2025-06-06,2025-06-12,PE,24650,2025-06-06T12:26:00+05:30,62.65,2025-06-09T09:15:00+05:30,30.95,24982.15,25117.5,25.0,0.0,3,65,195,6181.5,67.16,6114.34,decay_50,decay_50
adjust,24,1,4,2025-06-09,2025-06-12,PE,24850,2025-06-09T09:15:00+05:30,64.2,2025-06-09T13:29:00+05:30,49.95,25117.5,25106.15,25.0,0.0,3,65,195,2778.75,69.24,2709.51,decay_50,tp
adjust,24,2,5,2025-06-09,2025-06-12,CE,25600,2025-06-09T13:30:00+05:30,12.75,2025-06-10T10:51:00+05:30,6.35,25104.35,25119.5,12.45,0.0,3,65,195,1248.0,51.27,1196.73,reentry,no_roll_available
adjust,24,2,6,2025-06-09,2025-06-12,PE,24500,2025-06-09T13:30:00+05:30,13.3,2025-06-10T10:51:00+05:30,7.5,25104.35,25119.5,12.45,0.0,3,65,195,1131.0,51.52,1079.48,reentry,no_roll_available
adjust,24,3,7,2025-06-10,2025-06-12,CE,25500,2025-06-10T10:52:00+05:30,11.6,2025-06-10T15:20:00+05:30,8.3,25112.0,25105.25,12.16,0.0,3,65,195,643.5,51.12,592.38,reentry,eod_gap
adjust,24,3,8,2025-06-10,2025-06-12,PE,24650,2025-06-10T10:52:00+05:30,13.85,2025-06-11T09:15:00+05:30,7.25,25112.0,25110.45,12.16,0.0,3,65,195,1287.0,51.65,1235.35,reentry,tp
adjust,24,3,9,2025-06-10,2025-06-12,CE,25450,2025-06-10T15:20:00+05:30,10.95,2025-06-11T09:15:00+05:30,7.5,25105.25,25110.45,12.16,0.0,3,65,195,672.75,50.87,621.88,eod_gap,tp
adjust,25,1,1,2025-06-13,2025-06-19,CE,25250,2025-06-13T09:30:00+05:30,23.45,2025-06-16T09:37:00+05:30,15.45,24618.2,24761.75,25.0,0.0,3,65,195,1560.0,55.01,1504.99,cycle_start,tp
adjust,25,1,2,2025-06-13,2025-06-19,PE,23750,2025-06-13T09:30:00+05:30,24.35,2025-06-16T09:15:00+05:30,8.9,24618.2,24767.55,25.0,0.0,3,65,195,3012.75,54.69,2958.06,cycle_start,decay_50
adjust,25,1,3,2025-06-16,2025-06-19,PE,24000,2025-06-16T09:15:00+05:30,14.85,2025-06-16T09:37:00+05:30,13.1,24767.55,24761.75,25.0,0.0,3,65,195,341.25,52.43,288.82,decay_50,tp
adjust,25,2,4,2025-06-16,2025-06-19,CE,25300,2025-06-16T09:38:00+05:30,12.4,2025-06-17T10:29:00+05:30,10.4,24772.2,24872.25,12.06,0.0,3,65,195,390.0,51.52,338.48,reentry,tp
adjust,25,2,5,2025-06-16,2025-06-19,PE,24000,2025-06-16T09:38:00+05:30,12.5,2025-06-16T15:20:00+05:30,13.35,24772.2,24950.45,12.06,0.0,3,65,195,-165.75,51.81,-217.56,reentry,eod_gap
adjust,25,2,6,2025-06-16,2025-06-19,PE,24400,2025-06-16T15:20:00+05:30,28.6,2025-06-17T10:29:00+05:30,17.35,24950.45,24872.25,12.06,0.0,3,65,195,2193.75,56.59,2137.16,eod_gap,tp
adjust,25,3,7,2025-06-17,2025-06-19,CE,25250,2025-06-17T10:30:00+05:30,13.6,2025-06-17T15:20:00+05:30,9.1,24873.25,24859.45,12.74,0.0,3,65,195,877.5,51.74,825.76,reentry,eod_gap
adjust,25,3,8,2025-06-17,2025-06-19,PE,24300,2025-06-17T10:30:00+05:30,12.8,2025-06-18T09:15:00+05:30,9.6,24873.25,24791.35,12.74,0.0,3,65,195,624.0,51.56,572.44,reentry,tp
adjust,25,3,9,2025-06-17,2025-06-19,CE,25150,2025-06-17T15:20:00+05:30,16.8,2025-06-18T09:15:00+05:30,11.6,24859.45,24791.35,12.74,0.0,3,65,195,1014.0,52.84,961.16,eod_gap,tp
adjust,25,4,10,2025-06-18,2025-06-19,CE,25150,2025-06-18T09:16:00+05:30,13.1,2025-06-18T14:26:00+05:30,6.4,24826.5,24752.95,12.64,0.0,3,65,195,1306.5,51.37,1255.13,reentry,decay_50
adjust,25,4,11,2025-06-18,2025-06-19,PE,24400,2025-06-18T09:16:00+05:30,13.05,2025-06-18T10:16:00+05:30,6.5,24826.5,24926.4,12.64,0.0,3,65,195,1277.25,51.36,1225.89,reentry,decay_50
adjust,25,4,12,2025-06-18,2025-06-19,PE,24600,2025-06-18T10:16:00+05:30,15.65,2025-06-19T09:15:00+05:30,13.15,24926.4,24783.9,12.64,0.0,3,65,195,487.5,52.66,434.84,decay_50,tp
adjust,25,4,13,2025-06-18,2025-06-19,CE,24950,2025-06-18T14:26:00+05:30,24.4,2025-06-19T09:15:00+05:30,15.3,24752.95,24783.9,12.64,0.0,3,65,195,1774.5,55.26,1719.24,decay_50,tp
adjust,26,1,1,2025-06-20,2025-06-26,CE,25300,2025-06-20T09:30:00+05:30,23.6,2025-06-23T15:20:00+05:30,25.45,24842.15,24970.4,25.0,0.0,3,65,195,-360.75,55.92,-416.67,cycle_start,eod_gap
adjust,26,1,2,2025-06-20,2025-06-26,PE,24250,2025-06-20T09:30:00+05:30,25.65,2025-06-20T15:20:00+05:30,21.95,24842.15,25133.5,25.0,0.0,3,65,195,721.5,56.18,665.32,cycle_start,eod_gap
adjust,26,1,3,2025-06-20,2025-06-26,PE,24900,2025-06-20T15:20:00+05:30,85.75,2025-06-24T09:15:00+05:30,27.65,25133.5,25216.5,25.0,0.0,3,65,195,11329.5,73.25,11256.25,eod_gap,no_roll_available
adjust,26,1,4,2025-06-23,2025-06-26,CE,25050,2025-06-23T15:20:00+05:30,103.05,2025-06-24T09:15:00+05:30,244.0,24970.4,25216.5,25.0,0.0,3,65,195,-27485.25,96.78,-27582.03,eod_gap,no_roll_available
adjust,26,2,5,2025-06-24,2025-06-26,CE,25700,2025-06-24T09:16:00+05:30,12.05,2025-06-24T13:28:00+05:30,5.85,25235.45,25132.5,11.94,0.0,3,65,195,1209.0,51.03,1157.97,reentry,decay_50
adjust,26,2,6,2025-06-24,2025-06-26,PE,24650,2025-06-24T09:16:00+05:30,13.05,2025-06-24T15:20:00+05:30,13.05,25235.45,25054.25,11.94,0.0,3,65,195,0.0,51.93,-51.93,reentry,eod_gap
adjust,26,2,7,2025-06-24,2025-06-26,CE,25600,2025-06-24T13:28:00+05:30,10.7,2025-06-24T15:03:00+05:30,5.0,25132.5,25026.9,11.94,0.0,3,65,195,1111.5,50.58,1060.92,decay_50,decay_50
adjust,26,2,8,2025-06-24,2025-06-26,CE,25400,2025-06-24T15:03:00+05:30,14.2,2025-06-25T09:15:00+05:30,18.75,25026.9,25146.6,11.94,0.0,3,65,195,-887.25,52.74,-939.99,decay_50,tp
adjust,26,2,9,2025-06-24,2025-06-26,PE,24750,2025-06-24T15:20:00+05:30,20.4,2025-06-25T09:15:00+05:30,9.45,25054.25,25146.6,11.94,0.0,3,65,195,2135.25,53.65,2081.6,eod_gap,tp
adjust,26,3,10,2025-06-25,2025-06-26,CE,25450,2025-06-25T09:16:00+05:30,12.85,2025-06-26T09:15:00+05:30,12.65,25133.05,25282.35,12.51,0.0,3,65,195,39.0,51.84,-12.84,reentry,tp
adjust,26,3,11,2025-06-25,2025-06-26,PE,24800,2025-06-25T09:16:00+05:30,13.35,2025-06-25T15:20:00+05:30,7.9,25133.05,25244.8,12.51,0.0,3,65,195,1062.75,51.57,1011.18,reentry,eod_gap
adjust,26,3,12,2025-06-25,2025-06-26,PE,24950,2025-06-25T15:20:00+05:30,15.1,2025-06-26T09:15:00+05:30,5.4,25244.8,25282.35,12.51,0.0,3,65,195,1891.5,51.83,1839.67,eod_gap,tp
adjust,27,1,1,2025-06-27,2025-07-03,CE,26000,2025-06-27T09:30:00+05:30,28.4,2025-06-30T10:34:00+05:30,19.25,25531.3,25560.75,25.0,0.0,3,65,195,1784.25,56.7,1727.55,cycle_start,tp
adjust,27,1,2,2025-06-27,2025-07-03,PE,24950,2025-06-27T09:30:00+05:30,28.5,2025-06-27T15:03:00+05:30,13.8,25531.3,25644.85,25.0,0.0,3,65,195,2866.5,56.26,2810.24,cycle_start,decay_50
adjust,27,1,3,2025-06-27,2025-07-03,PE,25150,2025-06-27T15:03:00+05:30,22.9,2025-06-30T10:34:00+05:30,21.35,25644.85,25560.75,25.0,0.0,3,65,195,302.25,55.37,246.88,decay_50,tp
adjust,27,2,4,2025-06-30,2025-07-03,CE,26100,2025-06-30T10:35:00+05:30,11.7,2025-06-30T15:20:00+05:30,9.25,25564.5,25515.2,11.5,0.0,3,65,195,477.75,51.23,426.52,reentry,eod_gap
adjust,27,2,5,2025-06-30,2025-07-03,PE,25000,2025-06-30T10:35:00+05:30,12.8,2025-07-01T10:06:00+05:30,7.8,25564.5,25551.25,11.5,0.0,3,65,195,975.0,51.41,923.59,reentry,tp
adjust,27,2,6,2025-06-30,2025-07-03,CE,26000,2025-06-30T15:20:00+05:30,14.95,2025-07-01T10:06:00+05:30,10.4,25515.2,25551.25,11.5,0.0,3,65,195,887.25,52.23,835.02,eod_gap,tp
adjust,27,3,7,2025-07-01,2025-07-03,CE,25950,2025-07-01T10:07:00+05:30,13.45,2025-07-01T15:25:00+05:30,7.25,25552.6,25541.65,12.99,0.0,3,65,195,1209.0,51.54,1157.46,reentry,tp
adjust,27,3,8,2025-07-01,2025-07-03,PE,25150,2025-07-01T10:07:00+05:30,14.2,2025-07-01T15:25:00+05:30,7.25,25552.6,25541.65,12.99,0.0,3,65,195,1355.25,51.75,1303.5,reentry,tp
adjust,28,1,1,2025-07-04,2025-07-10,CE,25850,2025-07-04T09:30:00+05:30,24.9,2025-07-08T09:15:00+05:30,13.65,25415.35,25449.8,25.0,0.0,3,65,195,2193.75,55.25,2138.5,cycle_start,tp
adjust,28,1,2,2025-07-04,2025-07-10,PE,25000,2025-07-04T09:30:00+05:30,28.1,2025-07-07T09:37:00+05:30,14.0,25415.35,25487.3,25.0,0.0,3,65,195,2749.5,56.16,2693.34,cycle_start,decay_50
adjust,28,1,3,2025-07-07,2025-07-10,PE,25050,2025-07-07T09:37:00+05:30,16.85,2025-07-08T09:15:00+05:30,15.1,25487.3,25449.8,25.0,0.0,3,65,195,341.25,53.16,288.09,decay_50,tp
adjust,28,2,4,2025-07-08,2025-07-10,CE,25850,2025-07-08T09:16:00+05:30,12.7,2025-07-08T11:23:00+05:30,6.35,25446.9,25435.2,11.98,0.0,3,65,195,1238.25,51.25,1187.0,reentry,tp
adjust,28,2,5,2025-07-08,2025-07-10,PE,25000,2025-07-08T09:16:00+05:30,12.7,2025-07-08T11:23:00+05:30,6.85,25446.9,25435.2,11.98,0.0,3,65,195,1140.75,51.3,1089.45,reentry,tp
adjust,28,3,6,2025-07-08,2025-07-10,CE,25800,2025-07-08T12:27:00+05:30,10.9,2025-07-09T09:31:00+05:30,7.1,25468.05,25484.4,11.07,0.0,3,65,195,741.0,50.82,690.18,reentry,tp
adjust,28,3,7,2025-07-08,2025-07-10,PE,25150,2025-07-08T12:27:00+05:30,12.6,2025-07-08T15:20:00+05:30,9.65,25468.05,25524.4,11.07,0.0,3,65,195,575.25,51.51,523.74,reentry,eod_gap
adjust,28,3,8,2025-07-08,2025-07-10,PE,25300,2025-07-08T15:20:00+05:30,20.65,2025-07-09T09:31:00+05:30,15.9,25524.4,25484.4,11.07,0.0,3,65,195,926.25,54.27,871.98,eod_gap,tp
adjust,29,1,1,2025-07-11,2025-07-17,CE,25650,2025-07-11T09:30:00+05:30,26.9,2025-07-11T15:20:00+05:30,15.6,25301.55,25143.45,25.0,0.0,3,65,195,2203.5,55.97,2147.53,cycle_start,eod_gap
adjust,29,1,2,2025-07-11,2025-07-17,PE,24950,2025-07-11T09:30:00+05:30,25.85,2025-07-14T15:20:00+05:30,42.05,25301.55,25081.8,25.0,0.0,3,65,195,-3159.0,57.98,-3216.98,cycle_start,eod_gap
adjust,29,1,3,2025-07-11,2025-07-17,CE,25400,2025-07-11T15:20:00+05:30,48.15,2025-07-14T09:25:00+05:30,23.85,25143.45,25053.95,25.0,0.0,3,65,195,4738.5,62.55,4675.95,eod_gap,decay_50
adjust,29,1,4,2025-07-14,2025-07-17,CE,25250,2025-07-14T09:25:00+05:30,48.95,2025-07-15T09:15:00+05:30,59.2,25053.95,25150.45,25.0,0.0,3,65,195,-1998.75,65.83,-2064.58,decay_50,tp
adjust,29,1,5,2025-07-14,2025-07-17,PE,25000,2025-07-14T15:20:00+05:30,54.4,2025-07-15T09:15:00+05:30,37.3,25081.8,25150.45,25.0,0.0,3,65,195,3334.5,65.44,3269.06,eod_gap,tp
adjust,29,2,6,2025-07-15,2025-07-17,CE,25550,2025-07-15T09:16:00+05:30,12.0,2025-07-15T15:09:00+05:30,8.05,25137.95,25186.65,11.22,0.0,3,65,195,770.25,51.21,719.04,reentry,tp
adjust,29,2,7,2025-07-15,2025-07-17,PE,24750,2025-07-15T09:16:00+05:30,11.5,2025-07-15T11:17:00+05:30,5.55,25137.95,25216.35,11.22,0.0,3,65,195,1160.25,50.85,1109.4,reentry,decay_50
adjust,29,2,8,2025-07-15,2025-07-17,PE,24900,2025-07-15T11:17:00+05:30,11.25,2025-07-15T15:09:00+05:30,9.9,25216.35,25186.65,11.22,0.0,3,65,195,263.25,51.16,212.09,decay_50,tp
adjust,30,1,1,2025-07-18,2025-07-24,CE,25450,2025-07-18T09:30:00+05:30,23.5,2025-07-18T15:20:00+05:30,17.55,25074.7,24966.45,25.0,0.0,3,65,195,1160.25,55.2,1105.05,cycle_start,eod_gap
adjust,30,1,2,2025-07-18,2025-07-24,PE,24750,2025-07-18T09:30:00+05:30,26.45,2025-07-21T15:20:00+05:30,13.6,25074.7,25104.9,25.0,0.0,3,65,195,2505.75,55.67,2450.08,cycle_start,eod_gap
adjust,30,1,3,2025-07-18,2025-07-24,CE,25250,2025-07-18T15:20:00+05:30,44.7,2025-07-21T09:26:00+05:30,21.55,24966.45,24898.2,25.0,0.0,3,65,195,4514.25,61.4,4452.85,eod_gap,decay_50
adjust,30,1,4,2025-07-21,2025-07-24,CE,25150,2025-07-21T09:26:00+05:30,34.95,2025-07-22T10:50:00+05:30,60.1,24898.2,25099.3,25.0,0.0,3,65,195,-4904.25,62.05,-4966.3,decay_50,tp
adjust,30,1,5,2025-07-21,2025-07-24,PE,25100,2025-07-21T15:20:00+05:30,80.45,2025-07-22T10:50:00+05:30,72.25,25104.9,25099.3,25.0,0.0,3,65,195,1599.0,75.65,1523.35,eod_gap,tp
adjust,31,1,1,2025-07-25,2025-07-31,CE,25350,2025-07-25T09:30:00+05:30,26.55,2025-07-25T15:20:00+05:30,15.1,24981.45,24840.4,25.0,0.0,3,65,195,2232.75,55.83,2176.92,cycle_start,eod_gap
adjust,31,1,2,2025-07-25,2025-07-31,PE,24650,2025-07-25T09:30:00+05:30,28.1,2025-07-29T11:54:00+05:30,70.2,24981.45,24674.35,25.0,0.0,3,65,195,-8209.5,61.04,-8270.54,cycle_start,tp
adjust,31,1,3,2025-07-25,2025-07-31,CE,25050,2025-07-25T15:20:00+05:30,53.7,2025-07-28T13:01:00+05:30,26.45,24840.4,24722.75,25.0,0.0,3,65,195,5313.75,64.31,5249.44,eod_gap,decay_50
adjust,31,1,4,2025-07-28,2025-07-31,CE,24900,2025-07-28T13:01:00+05:30,51.1,2025-07-28T15:20:00+05:30,44.4,24722.75,24679.25,25.0,0.0,3,65,195,1306.5,65.14,1241.36,decay_50,eod_gap
adjust,31,1,5,2025-07-28,2025-07-31,CE,24750,2025-07-28T15:20:00+05:30,89.6,2025-07-29T11:54:00+05:30,65.7,24679.25,24674.35,25.0,0.0,3,65,195,4660.5,77.61,4582.89,eod_gap,tp
adjust,31,2,6,2025-07-29,2025-07-31,CE,25100,2025-07-29T11:55:00+05:30,13.05,2025-07-30T09:16:00+05:30,12.1,24673.7,24841.15,13.11,0.0,3,65,195,185.25,51.85,133.4,reentry,tp
adjust,31,2,7,2025-07-29,2025-07-31,PE,24350,2025-07-29T11:55:00+05:30,13.9,2025-07-29T13:47:00+05:30,6.85,24673.7,24773.15,13.11,0.0,3,65,195,1374.75,51.63,1323.12,reentry,decay_50
adjust,31,2,8,2025-07-29,2025-07-31,PE,24450,2025-07-29T13:47:00+05:30,11.2,2025-07-29T15:20:00+05:30,7.3,24773.15,24834.35,13.11,0.0,3,65,195,760.5,50.92,709.58,decay_50,eod_gap
adjust,31,2,9,2025-07-29,2025-07-31,PE,24650,2025-07-29T15:20:00+05:30,21.1,2025-07-30T09:16:00+05:30,19.65,24834.35,24841.15,13.11,0.0,3,65,195,282.75,54.72,228.03,eod_gap,tp
adjust,32,1,1,2025-08-01,2025-08-07,CE,25150,2025-08-01T09:30:00+05:30,23.95,2025-08-01T15:11:00+05:30,11.8,24680.2,24540.75,25.0,0.0,3,65,195,2369.25,54.83,2314.42,cycle_start,decay_50
adjust,32,1,2,2025-08-01,2025-08-07,PE,24200,2025-08-01T09:30:00+05:30,26.65,2025-08-04T14:21:00+05:30,13.15,24680.2,24726.05,25.0,0.0,3,65,195,2632.5,55.69,2576.81,cycle_start,decay_50
adjust,32,1,3,2025-08-01,2025-08-07,CE,24900,2025-08-01T15:11:00+05:30,35.9,2025-08-05T09:15:00+05:30,39.7,24540.75,24714.6,25.0,0.0,3,65,195,-741.0,60.54,-801.54,decay_50,tp
adjust,32,1,4,2025-08-04,2025-08-07,PE,24500,2025-08-04T14:21:00+05:30,44.75,2025-08-05T09:15:00+05:30,39.45,24726.05,24714.6,25.0,0.0,3,65,195,1033.5,62.96,970.54,decay_50,tp
adjust,32,2,5,2025-08-05,2025-08-07,CE,25100,2025-08-05T09:16:00+05:30,11.35,2025-08-05T11:57:00+05:30,5.65,24696.2,24619.6,11.74,0.0,3,65,195,1111.5,50.82,1060.68,reentry,decay_50
adjust,32,2,6,2025-08-05,2025-08-07,PE,24250,2025-08-05T09:16:00+05:30,12.8,2025-08-05T15:06:00+05:30,8.8,24696.2,24643.7,11.74,0.0,3,65,195,780.0,51.49,728.51,reentry,tp
adjust,32,2,7,2025-08-05,2025-08-07,CE,25000,2025-08-05T11:57:00+05:30,10.35,2025-08-05T15:06:00+05:30,8.1,24619.6,24643.7,11.74,0.0,3,65,195,438.75,50.76,387.99,decay_50,tp
adjust,32,3,8,2025-08-05,2025-08-07,CE,24950,2025-08-05T15:07:00+05:30,11.3,2025-08-06T10:35:00+05:30,5.2,24640.4,24570.4,11.3,0.0,3,65,195,1189.5,50.77,1138.73,reentry,decay_50
adjust,32,3,9,2025-08-05,2025-08-07,PE,24300,2025-08-05T15:07:00+05:30,11.9,2025-08-05T15:20:00+05:30,10.0,24640.4,24667.1,11.3,0.0,3,65,195,370.5,51.35,319.15,reentry,eod_gap
adjust,32,3,10,2025-08-05,2025-08-07,PE,24350,2025-08-05T15:20:00+05:30,13.7,2025-08-06T12:40:00+05:30,10.0,24667.1,24599.05,11.3,0.0,3,65,195,721.5,51.85,669.65,eod_gap,tp
adjust,32,3,11,2025-08-06,2025-08-07,CE,24850,2025-08-06T10:35:00+05:30,10.75,2025-08-06T12:40:00+05:30,11.1,24570.4,24599.05,11.3,0.0,3,65,195,-68.25,51.13,-119.38,decay_50,tp
adjust,33,1,1,2025-08-08,2025-08-14,CE,24900,2025-08-08T09:30:00+05:30,25.0,2025-08-08T15:20:00+05:30,14.35,24515.2,24344.7,25.0,0.0,3,65,195,2076.75,55.34,2021.41,cycle_start,eod_gap
adjust,33,1,2,2025-08-08,2025-08-14,PE,24100,2025-08-08T09:30:00+05:30,24.2,2025-08-11T14:30:00+05:30,11.85,24515.2,24556.65,25.0,0.0,3,65,195,2408.25,54.9,2353.35,cycle_start,decay_50
adjust,33,1,3,2025-08-08,2025-08-14,CE,24650,2025-08-08T15:20:00+05:30,46.9,2025-08-12T13:57:00+05:30,61.85,24344.7,24584.3,25.0,0.0,3,65,195,-2915.25,65.5,-2980.75,eod_gap,tp
adjust,33,1,4,2025-08-11,2025-08-14,PE,24450,2025-08-11T14:30:00+05:30,58.7,2025-08-12T09:44:00+05:30,28.9,24556.65,24644.85,25.0,0.0,3,65,195,5811.0,65.9,5745.1,decay_50,decay_50
adjust,33,1,5,2025-08-12,2025-08-14,PE,24600,2025-08-12T09:44:00+05:30,67.7,2025-08-12T13:57:00+05:30,79.1,24644.85,24584.3,25.0,0.0,3,65,195,-2223.0,72.73,-2295.73,decay_50,tp
adjust,33,2,6,2025-08-12,2025-08-14,CE,24900,2025-08-12T14:01:00+05:30,10.85,2025-08-12T15:08:00+05:30,5.35,24577.5,24486.75,11.31,0.0,3,65,195,1072.5,50.66,1021.84,reentry,decay_50
adjust,33,2,7,2025-08-12,2025-08-14,PE,24250,2025-08-12T14:01:00+05:30,12.3,2025-08-13T09:16:00+05:30,5.8,24577.5,24597.75,11.31,0.0,3,65,195,1267.5,51.1,1216.4,reentry,decay_50
adjust,33,2,8,2025-08-12,2025-08-14,CE,24800,2025-08-12T15:08:00+05:30,11.15,2025-08-12T15:20:00+05:30,11.45,24486.75,24488.6,11.31,0.0,3,65,195,-58.5,51.27,-109.77,decay_50,eod_gap
adjust,33,2,9,2025-08-12,2025-08-14,CE,24750,2025-08-12T15:20:00+05:30,16.5,2025-08-13T13:21:00+05:30,21.5,24488.6,24606.6,11.31,0.0,3,65,195,-975.0,53.61,-1028.61,eod_gap,tp
adjust,33,2,10,2025-08-13,2025-08-14,PE,24450,2025-08-13T09:16:00+05:30,22.7,2025-08-13T13:21:00+05:30,17.0,24597.75,24606.6,11.31,0.0,3,65,195,1111.5,54.94,1056.56,decay_50,tp
adjust,34,1,1,2025-08-18,2025-08-21,CE,25350,2025-08-18T09:30:00+05:30,25.3,2025-08-18T12:08:00+05:30,12.55,24979.0,24897.6,25.0,0.0,3,65,195,2486.25,55.27,2430.98,cycle_start,decay_50
adjust,34,1,2,2025-08-18,2025-08-21,PE,24650,2025-08-18T09:30:00+05:30,28.3,2025-08-19T09:15:00+05:30,23.0,24979.0,24900.65,25.0,0.0,3,65,195,1033.5,57.0,976.5,cycle_start,tp
adjust,34,1,3,2025-08-18,2025-08-21,CE,25250,2025-08-18T12:08:00+05:30,22.45,2025-08-18T15:20:00+05:30,19.15,24897.6,24873.5,25.0,0.0,3,65,195,643.5,55.05,588.45,decay_50,eod_gap
adjust,34,1,4,2025-08-18,2025-08-21,CE,25200,2025-08-18T15:20:00+05:30,26.1,2025-08-19T09:15:00+05:30,16.6,24873.5,24900.65,25.0,0.0,3,65,195,1852.5,55.84,1796.66,eod_gap,tp
adjust,34,2,5,2025-08-19,2025-08-21,CE,25250,2025-08-19T09:16:00+05:30,13.95,2025-08-20T09:15:00+05:30,6.65,24917.2,24959.3,12.3,0.0,3,65,195,1423.5,51.62,1371.88,reentry,tp
adjust,34,2,6,2025-08-19,2025-08-21,PE,24550,2025-08-19T09:16:00+05:30,11.6,2025-08-19T14:19:00+05:30,5.8,24917.2,24950.3,12.3,0.0,3,65,195,1131.0,50.9,1080.1,reentry,decay_50
adjust,34,2,7,2025-08-19,2025-08-21,PE,24600,2025-08-19T14:19:00+05:30,7.4,2025-08-19T15:20:00+05:30,5.8,24950.3,24984.85,12.3,0.0,3,65,195,312.0,49.74,262.26,decay_50,eod_gap
adjust,34,2,8,2025-08-19,2025-08-21,PE,24700,2025-08-19T15:20:00+05:30,10.05,2025-08-20T09:15:00+05:30,10.6,24984.85,24959.3,12.3,0.0,3,65,195,-107.25,50.89,-158.14,eod_gap,tp
adjust,35,1,1,2025-08-22,2025-08-28,CE,25300,2025-08-22T09:30:00+05:30,24.95,2025-08-22T15:20:00+05:30,15.6,24980.75,24869.9,25.0,0.0,3,65,195,1823.25,55.43,1767.82,cycle_start,eod_gap
adjust,35,1,2,2025-08-22,2025-08-28,PE,24650,2025-08-22T09:30:00+05:30,23.8,2025-08-25T09:39:00+05:30,11.9,24980.75,24966.25,25.0,0.0,3,65,195,2320.5,54.8,2265.7,cycle_start,decay_50
adjust,35,1,3,2025-08-22,2025-08-28,CE,25150,2025-08-22T15:20:00+05:30,34.0,2025-08-25T10:33:00+05:30,25.35,24869.9,24932.3,25.0,0.0,3,65,195,1686.75,58.78,1627.97,eod_gap,tp
adjust,35,1,4,2025-08-25,2025-08-28,PE,24800,2025-08-25T09:39:00+05:30,29.6,2025-08-25T10:33:00+05:30,33.6,24966.25,24932.3,25.0,0.0,3,65,195,-780.0,58.28,-838.28,decay_50,tp
adjust,37,1,1,2025-09-03,2025-09-09,CE,24950,2025-09-03T09:30:00+05:30,22.5,2025-09-04T15:20:00+05:30,36.05,24580.7,24738.75,25.0,0.0,3,65,195,-2642.25,56.53,-2698.78,cycle_start,no_roll_available
adjust,37,1,2,2025-09-03,2025-09-09,PE,24250,2025-09-03T09:30:00+05:30,26.15,2025-09-03T15:12:00+05:30,12.85,24580.7,24731.8,25.0,0.0,3,65,195,2593.5,55.53,2537.97,cycle_start,decay_50
adjust,37,1,3,2025-09-03,2025-09-09,PE,24500,2025-09-03T15:12:00+05:30,36.1,2025-09-04T09:15:00+05:30,17.2,24731.8,24876.6,25.0,0.0,3,65,195,3685.5,58.65,3626.85,decay_50,decay_50
adjust,37,1,4,2025-09-04,2025-09-09,PE,24800,2025-09-04T09:15:00+05:30,71.35,2025-09-04T15:20:00+05:30,113.95,24876.6,24738.75,25.0,0.0,3,65,195,-8307.0,76.76,-8383.76,decay_50,no_roll_available
adjust,37,2,5,2025-09-04,2025-09-09,CE,25100,2025-09-04T15:21:00+05:30,14.0,2025-09-05T11:15:00+05:30,7.0,24736.95,24682.4,13.39,0.0,3,65,195,1365.0,51.67,1313.33,reentry,decay_50
adjust,37,2,6,2025-09-04,2025-09-09,PE,24400,2025-09-04T15:21:00+05:30,13.6,2025-09-05T09:18:00+05:30,6.5,24736.95,24813.95,13.39,0.0,3,65,195,1384.5,51.51,1332.99,reentry,decay_50
adjust,37,2,7,2025-09-05,2025-09-09,PE,24500,2025-09-05T09:18:00+05:30,11.1,2025-09-05T15:20:00+05:30,16.6,24813.95,24738.05,13.39,0.0,3,65,195,-1072.5,51.7,-1124.2,decay_50,eod_gap
adjust,37,2,8,2025-09-05,2025-09-09,CE,24900,2025-09-05T11:15:00+05:30,26.55,2025-09-08T09:15:00+05:30,35.9,24682.4,24804.95,13.39,0.0,3,65,195,-1823.25,57.64,-1880.89,decay_50,tp
adjust,37,2,9,2025-09-05,2025-09-09,PE,24650,2025-09-05T15:20:00+05:30,39.5,2025-09-08T09:15:00+05:30,20.8,24738.05,24804.95,13.39,0.0,3,65,195,3646.5,59.9,3586.6,eod_gap,tp
adjust,38,1,1,2025-09-10,2025-09-16,CE,25300,2025-09-10T09:30:00+05:30,23.85,2025-09-12T09:15:00+05:30,17.0,24983.4,25063.3,25.0,0.0,3,65,195,1335.75,55.25,1280.5,cycle_start,tp
adjust,38,1,2,2025-09-10,2025-09-16,PE,24650,2025-09-10T09:30:00+05:30,23.8,2025-09-11T14:23:00+05:30,11.9,24983.4,25018.45,25.0,0.0,3,65,195,2320.5,54.8,2265.7,cycle_start,decay_50
adjust,38,1,3,2025-09-11,2025-09-16,PE,24700,2025-09-11T14:23:00+05:30,14.55,2025-09-12T09:15:00+05:30,7.3,25018.45,25063.3,25.0,0.0,3,65,195,1413.75,51.85,1361.9,decay_50,tp
adjust,41,1,1,2025-10-01,2025-10-07,CE,25000,2025-10-01T09:30:00+05:30,22.4,2025-10-03T09:58:00+05:30,29.0,24659.95,24825.3,25.0,0.0,3,65,195,-1287.0,55.89,-1342.89,cycle_start,tp
adjust,41,1,2,2025-10-01,2025-10-07,PE,24350,2025-10-01T09:30:00+05:30,26.25,2025-10-01T13:26:00+05:30,12.95,24659.95,24778.45,25.0,0.0,3,65,195,2593.5,55.56,2537.94,cycle_start,decay_50
adjust,41,1,3,2025-10-01,2025-10-07,PE,24550,2025-10-01T13:26:00+05:30,29.85,2025-10-01T15:20:00+05:30,18.75,24778.45,24831.65,25.0,0.0,3,65,195,2164.5,57.06,2107.44,decay_50,eod_gap
adjust,41,1,4,2025-10-01,2025-10-07,PE,24700,2025-10-01T15:20:00+05:30,40.15,2025-10-03T09:58:00+05:30,32.9,24831.65,24825.3,25.0,0.0,3,65,195,1413.75,61.13,1352.62,eod_gap,tp
adjust,44,1,1,2025-10-21,2025-10-28,CE,26300,2025-10-21T13:45:00+05:30,30.0,2025-10-21T14:39:00+05:30,14.95,25924.05,25841.4,25.0,0.0,3,65,195,2934.75,56.77,2877.98,cycle_start,decay_50
adjust,44,1,2,2025-10-21,2025-10-28,PE,25550,2025-10-21T13:45:00+05:30,26.65,2025-10-23T10:28:00+05:30,12.95,25924.05,26079.5,25.0,0.0,3,65,195,2671.5,55.67,2615.83,cycle_start,decay_50
adjust,44,1,3,2025-10-21,2025-10-28,CE,26200,2025-10-21T14:39:00+05:30,28.5,2025-10-23T15:20:00+05:30,35.7,25841.4,25882.65,25.0,0.0,3,65,195,-1404.0,58.16,-1462.16,decay_50,no_roll_available
adjust,44,1,4,2025-10-23,2025-10-28,PE,26050,2025-10-23T10:28:00+05:30,84.05,2025-10-23T15:20:00+05:30,151.35,26079.5,25882.65,25.0,0.0,3,65,195,-13123.5,83.5,-13207.0,decay_50,no_roll_available
adjust,44,2,5,2025-10-23,2025-10-28,CE,26350,2025-10-23T15:21:00+05:30,13.95,2025-10-24T10:43:00+05:30,6.9,25884.0,25814.75,13.19,0.0,3,65,195,1374.75,51.65,1323.1,reentry,decay_50
adjust,44,2,6,2025-10-23,2025-10-28,PE,25500,2025-10-23T15:21:00+05:30,14.5,2025-10-27T09:15:00+05:30,5.55,25884.0,25871.7,13.19,0.0,3,65,195,1745.25,51.68,1693.57,reentry,tp
adjust,44,2,7,2025-10-24,2025-10-28,CE,26200,2025-10-24T10:43:00+05:30,13.9,2025-10-27T09:15:00+05:30,12.15,25814.75,25871.7,13.19,0.0,3,65,195,341.25,52.09,289.16,decay_50,tp
adjust,45,1,1,2025-10-29,2025-11-04,CE,26550,2025-10-29T09:30:00+05:30,24.55,2025-10-30T09:16:00+05:30,12.0,26016.55,25972.0,25.0,0.0,3,65,195,2447.25,55.01,2392.24,cycle_start,decay_50
adjust,45,1,2,2025-10-29,2025-11-04,PE,25600,2025-10-29T09:30:00+05:30,25.95,2025-10-29T15:20:00+05:30,18.65,26016.55,26061.75,25.0,0.0,3,65,195,1423.5,55.97,1367.53,cycle_start,eod_gap
adjust,45,1,3,2025-10-29,2025-11-04,PE,25700,2025-10-29T15:20:00+05:30,27.6,2025-10-31T09:16:00+05:30,44.5,26061.75,25844.0,25.0,0.0,3,65,195,-3295.5,58.67,-3354.17,eod_gap,tp
adjust,45,1,4,2025-10-30,2025-11-04,CE,26400,2025-10-30T09:16:00+05:30,24.05,2025-10-30T15:12:00+05:30,11.8,25972.0,25872.55,25.0,0.0,3,65,195,2388.75,54.86,2333.89,decay_50,decay_50
adjust,45,1,5,2025-10-30,2025-11-04,CE,26200,2025-10-30T15:12:00+05:30,34.3,2025-10-31T09:16:00+05:30,20.5,25872.55,25844.0,25.0,0.0,3,65,195,2691.0,58.44,2632.56,decay_50,tp
adjust,45,2,6,2025-10-31,2025-11-04,CE,26300,2025-10-31T09:17:00+05:30,12.4,2025-10-31T15:20:00+05:30,9.15,25848.05,25715.05,12.49,0.0,3,65,195,633.75,51.41,582.34,reentry,eod_gap
adjust,45,2,7,2025-10-31,2025-11-04,PE,25500,2025-10-31T09:17:00+05:30,14.5,2025-11-03T10:30:00+05:30,14.05,25848.05,25724.7,12.49,0.0,3,65,195,87.75,52.42,35.33,reentry,tp
adjust,45,2,8,2025-10-31,2025-11-04,CE,26200,2025-10-31T15:20:00+05:30,14.55,2025-11-03T09:15:00+05:30,6.1,25715.05,25710.8,12.49,0.0,3,65,195,1647.75,51.74,1596.01,eod_gap,decay_50
adjust,45,2,9,2025-11-03,2025-11-04,CE,26050,2025-11-03T09:15:00+05:30,14.35,2025-11-03T10:30:00+05:30,13.65,25710.8,25724.7,12.49,0.0,3,65,195,136.5,52.34,84.16,decay_50,tp
adjust,46,1,1,2025-11-06,2025-11-11,CE,25950,2025-11-06T09:30:00+05:30,30.05,2025-11-06T12:30:00+05:30,14.95,25620.55,25539.7,25.0,0.0,3,65,195,2944.5,56.78,2887.72,cycle_start,decay_50
adjust,46,1,2,2025-11-06,2025-11-11,PE,25300,2025-11-06T09:30:00+05:30,26.75,2025-11-07T15:20:00+05:30,23.1,25620.55,25501.35,25.0,0.0,3,65,195,711.75,56.58,655.17,cycle_start,eod_gap
adjust,46,1,3,2025-11-06,2025-11-11,CE,25850,2025-11-06T12:30:00+05:30,25.3,2025-11-06T15:20:00+05:30,18.85,25539.7,25506.3,25.0,0.0,3,65,195,1257.75,55.81,1201.94,decay_50,eod_gap
adjust,46,1,4,2025-11-06,2025-11-11,CE,25800,2025-11-06T15:20:00+05:30,26.15,2025-11-07T09:15:00+05:30,12.5,25506.3,25371.15,25.0,0.0,3,65,195,2661.75,55.5,2606.25,eod_gap,decay_50
adjust,46,1,5,2025-11-07,2025-11-11,CE,25550,2025-11-07T09:15:00+05:30,49.35,2025-11-10T09:15:00+05:30,108.15,25371.15,25577.05,25.0,0.0,3,65,195,-11466.0,70.19,-11536.19,decay_50,no_roll_available
adjust,46,1,6,2025-11-07,2025-11-11,PE,25500,2025-11-07T15:20:00+05:30,79.7,2025-11-10T09:15:00+05:30,35.35,25501.35,25577.05,25.0,0.0,3,65,195,8648.25,72.25,8576.0,eod_gap,no_roll_available
adjust,47,1,1,2025-11-12,2025-11-18,CE,26250,2025-11-12T09:30:00+05:30,25.6,2025-11-13T15:20:00+05:30,28.2,25790.25,25881.25,25.0,0.0,3,65,195,-507.0,56.71,-563.71,cycle_start,eod_gap
adjust,47,1,2,2025-11-12,2025-11-18,PE,25400,2025-11-12T09:30:00+05:30,26.9,2025-11-12T15:20:00+05:30,18.5,25790.25,25867.6,25.0,0.0,3,65,195,1638.0,56.22,1581.78,cycle_start,eod_gap
adjust,47,1,3,2025-11-12,2025-11-18,PE,25550,2025-11-12T15:20:00+05:30,30.8,2025-11-14T12:11:00+05:30,25.2,25867.6,25809.95,25.0,0.0,3,65,195,1092.0,57.88,1034.12,eod_gap,tp
adjust,47,1,4,2025-11-13,2025-11-18,CE,26200,2025-11-13T15:20:00+05:30,36.55,2025-11-14T12:11:00+05:30,22.15,25881.25,25809.95,25.0,0.0,3,65,195,2808.0,59.2,2748.8,eod_gap,tp
adjust,47,2,5,2025-11-14,2025-11-18,CE,26300,2025-11-14T12:12:00+05:30,13.85,2025-11-17T09:15:00+05:30,7.1,25832.85,25920.25,12.59,0.0,3,65,195,1316.25,51.64,1264.61,reentry,tp
adjust,47,2,6,2025-11-14,2025-11-18,PE,25450,2025-11-14T12:12:00+05:30,13.25,2025-11-14T15:20:00+05:30,8.7,25832.85,25923.75,12.59,0.0,3,65,195,887.25,51.61,835.64,reentry,eod_gap
adjust,47,2,7,2025-11-14,2025-11-18,PE,25550,2025-11-14T15:20:00+05:30,13.85,2025-11-17T09:15:00+05:30,7.1,25923.75,25920.25,12.59,0.0,3,65,195,1316.25,51.64,1264.61,eod_gap,tp
adjust,48,1,1,2025-11-19,2025-11-25,CE,26350,2025-11-19T09:30:00+05:30,23.9,2025-11-21T12:12:00+05:30,29.85,25901.4,26117.8,25.0,0.0,3,65,195,-1160.25,56.38,-1216.63,cycle_start,tp
adjust,48,1,2,2025-11-19,2025-11-25,PE,25500,2025-11-19T09:30:00+05:30,28.45,2025-11-19T15:20:00+05:30,16.9,25901.4,26053.8,25.0,0.0,3,65,195,2252.25,56.51,2195.74,cycle_start,eod_gap
adjust,48,1,3,2025-11-19,2025-11-25,PE,25750,2025-11-19T15:20:00+05:30,44.0,2025-11-20T11:33:00+05:30,21.75,26053.8,26143.05,25.0,0.0,3,65,195,4338.75,61.22,4277.53,eod_gap,decay_50
adjust,48,1,4,2025-11-20,2025-11-25,PE,25900,2025-11-20T11:33:00+05:30,41.5,2025-11-20T15:20:00+05:30,27.9,26143.05,26196.6,25.0,0.0,3,65,195,2652.0,61.07,2590.93,decay_50,eod_gap
adjust,48,1,5,2025-11-20,2025-11-25,PE,26100,2025-11-20T15:20:00+05:30,69.45,2025-11-21T12:12:00+05:30,85.65,26196.6,26117.8,25.0,0.0,3,65,195,-3159.0,73.78,-3232.78,eod_gap,tp
adjust,48,2,6,2025-11-21,2025-11-25,CE,26450,2025-11-21T12:13:00+05:30,15.5,2025-11-21T15:20:00+05:30,9.5,26121.75,26066.55,13.07,0.0,3,65,195,1170.0,52.3,1117.7,reentry,eod_gap
adjust,48,2,7,2025-11-21,2025-11-25,PE,25750,2025-11-21T12:13:00+05:30,12.95,2025-11-24T09:15:00+05:30,6.4,26121.75,26102.35,13.07,0.0,3,65,195,1277.25,51.33,1225.92,reentry,tp
adjust,48,2,8,2025-11-21,2025-11-25,CE,26350,2025-11-21T15:20:00+05:30,19.35,2025-11-24T09:15:00+05:30,15.6,26066.55,26102.35,13.07,0.0,3,65,195,731.25,53.89,677.36,eod_gap,tp
adjust,49,1,1,2025-11-26,2025-12-02,CE,26350,2025-11-26T09:30:00+05:30,29.75,2025-11-27T15:20:00+05:30,61.45,25991.5,26226.2,25.0,0.0,3,65,195,-6181.5,60.73,-6242.23,cycle_start,no_roll_available
adjust,49,1,2,2025-11-26,2025-12-02,PE,25650,2025-11-26T09:30:00+05:30,25.2,2025-11-26T15:20:00+05:30,15.7,25991.5,26202.45,25.0,0.0,3,65,195,1852.5,55.51,1796.99,cycle_start,eod_gap
adjust,49,1,3,2025-11-26,2025-12-02,PE,26100,2025-11-26T15:20:00+05:30,86.55,2025-11-27T10:50:00+05:30,42.55,26202.45,26308.4,25.0,0.0,3,65,195,8580.0,74.76,8505.24,eod_gap,decay_50
adjust,49,1,4,2025-11-27,2025-12-02,PE,26300,2025-11-27T10:50:00+05:30,97.15,2025-11-27T15:20:00+05:30,128.25,26308.4,26226.2,25.0,0.0,3,65,195,-6064.5,85.11,-6149.61,decay_50,no_roll_available
adjust,49,2,5,2025-11-27,2025-12-02,CE,26550,2025-11-27T15:23:00+05:30,14.8,2025-11-28T13:52:00+05:30,7.2,26217.15,26197.35,12.89,0.0,3,65,195,1482.0,51.91,1430.09,reentry,no_roll_available
adjust,49,2,6,2025-11-27,2025-12-02,PE,25850,2025-11-27T15:23:00+05:30,13.35,2025-11-28T13:52:00+05:30,10.55,26217.15,26197.35,12.89,0.0,3,65,195,546.0,51.8,494.2,reentry,no_roll_available
adjust,50,1,1,2025-12-03,2025-12-09,CE,26350,2025-12-03T09:30:00+05:30,28.35,2025-12-04T12:20:00+05:30,18.65,25966.4,26006.95,25.0,0.0,3,65,195,1891.5,56.64,1834.86,cycle_start,tp
adjust,50,1,2,2025-12-03,2025-12-09,PE,25600,2025-12-03T09:30:00+05:30,23.25,2025-12-03T15:20:00+05:30,15.75,25966.4,25987.55,25.0,0.0,3,65,195,1462.5,54.98,1407.52,cycle_start,eod_gap
adjust,50,1,3,2025-12-03,2025-12-09,PE,25700,2025-12-03T15:20:00+05:30,26.05,2025-12-04T12:20:00+05:30,18.15,25987.55,26006.95,25.0,0.0,3,65,195,1540.5,55.96,1484.54,eod_gap,tp
adjust,50,2,4,2025-12-04,2025-12-09,CE,26400,2025-12-04T12:21:00+05:30,14.25,2025-12-05T10:06:00+05:30,13.05,26012.15,26089.15,12.71,0.0,3,65,195,234.0,52.26,181.74,reentry,tp
adjust,50,2,5,2025-12-04,2025-12-09,PE,25650,2025-12-04T12:21:00+05:30,13.3,2025-12-04T15:20:00+05:30,8.3,26012.15,26032.5,12.71,0.0,3,65,195,975.0,51.59,923.41,reentry,eod_gap
adjust,50,2,6,2025-12-04,2025-12-09,PE,25750,2025-12-04T15:20:00+05:30,15.15,2025-12-05T10:06:00+05:30,8.55,26032.5,26089.15,12.71,0.0,3,65,195,1287.0,52.12,1234.88,eod_gap,tp
adjust,51,1,1,2025-12-10,2025-12-16,CE,26250,2025-12-10T09:30:00+05:30,28.1,2025-12-10T14:12:00+05:30,14.05,25898.7,25759.55,25.0,0.0,3,65,195,2739.75,56.17,2683.58,cycle_start,decay_50
adjust,51,1,2,2025-12-10,2025-12-16,PE,25550,2025-12-10T09:30:00+05:30,26.2,2025-12-11T14:20:00+05:30,12.95,25898.7,25895.45,25.0,0.0,3,65,195,2583.75,55.55,2528.2,cycle_start,decay_50
adjust,51,1,3,2025-12-10,2025-12-16,CE,26050,2025-12-10T14:12:00+05:30,38.8,2025-12-12T12:08:00+05:30,74.85,25759.55,26012.3,25.0,0.0,3,65,195,-7029.75,64.39,-7094.14,decay_50,tp
adjust,51,1,4,2025-12-11,2025-12-16,PE,25750,2025-12-11T14:20:00+05:30,40.3,2025-12-11T15:20:00+05:30,37.9,25895.45,25898.4,25.0,0.0,3,65,195,468.0,61.6,406.4,decay_50,eod_gap
adjust,51,1,5,2025-12-11,2025-12-16,PE,25800,2025-12-11T15:20:00+05:30,50.6,2025-12-12T09:27:00+05:30,25.05,25898.4,26003.85,25.0,0.0,3,65,195,4982.25,63.33,4918.92,eod_gap,decay_50
adjust,51,1,6,2025-12-12,2025-12-16,PE,25950,2025-12-12T09:27:00+05:30,61.4,2025-12-12T12:08:00+05:30,55.45,26003.85,26012.3,25.0,0.0,3,65,195,1160.25,68.94,1091.31,decay_50,tp
