entry_date,status,expiry_date,side,strike,contract_file,spot_entry_timestamp,spot_entry_open,atm_strike,entry_timestamp,entry_price,stop_price,target_price,exit_timestamp,exit_price,exit_reason,points_pnl,gross_pnl,brokerage,net_pnl,remarks
2025-01-01,TRADED,2025-01-02,CE,23950,NIFTY_23950_CE_02_JAN_25.csv,2025-01-01T09:20:00+05:30,23673.1,23650,2025-01-01T09:20:00+05:30,27.3,54.60,10.00,2025-01-01T10:50:00+05:30,54.9,gap_stop_loss,-29.60,-7696.00,50.00,-7746.00,
2025-01-01,TRADED,2025-01-02,PE,23350,NIFTY_23350_PE_02_JAN_25.csv,2025-01-01T09:20:00+05:30,23673.1,23650,2025-01-01T09:20:00+05:30,27.75,55.50,10.00,2025-01-01T15:20:00+05:30,13.8,day_close,11.95,3107.00,50.00,3057.00,
2025-01-02,TRADED,2025-01-02,CE,24050,NIFTY_24050_CE_02_JAN_25.csv,2025-01-02T09:20:00+05:30,23788.2,23800,2025-01-02T09:20:00+05:30,23.15,46.30,10.00,2025-01-02T10:49:00+05:30,46.30,stop_loss,-25.15,-6539.00,50.00,-6589.00,
2025-01-02,TRADED,2025-01-02,PE,23500,NIFTY_23500_PE_02_JAN_25.csv,2025-01-02T09:20:00+05:30,23788.2,23800,2025-01-02T09:20:00+05:30,26.6,53.20,10.00,2025-01-02T10:47:00+05:30,10.00,target,14.60,3796.00,50.00,3746.00,
2025-01-03,TRADED,2025-01-09,CE,24700,NIFTY_24700_CE_09_JAN_25.csv,2025-01-03T09:20:00+05:30,24176.05,24200,2025-01-03T09:20:00+05:30,22.35,44.70,10.00,2025-01-03T12:25:00+05:30,10.0,gap_target,10.35,2691.00,50.00,2641.00,
2025-01-03,TRADED,2025-01-09,PE,23500,NIFTY_23500_PE_09_JAN_25.csv,2025-01-03T09:20:00+05:30,24176.05,24200,2025-01-03T09:20:00+05:30,25.4,50.80,10.00,2025-01-03T15:20:00+05:30,21.7,day_close,1.70,442.00,50.00,392.00,
2025-01-06,TRADED,2025-01-09,CE,24450,NIFTY_24450_CE_09_JAN_25.csv,2025-01-06T09:20:00+05:30,24031.8,24050,2025-01-06T09:20:00+05:30,23.95,47.90,10.00,2025-01-06T14:37:00+05:30,10.00,target,11.95,3107.00,50.00,3057.00,
2025-01-06,TRADED,2025-01-09,PE,23550,NIFTY_23550_PE_09_JAN_25.csv,2025-01-06T09:20:00+05:30,24031.8,24050,2025-01-06T09:20:00+05:30,22.6,45.20,10.00,2025-01-06T09:37:00+05:30,45.20,stop_loss,-24.60,-6396.00,50.00,-6446.00,
2025-01-07,TRADED,2025-01-09,CE,24250,NIFTY_24250_CE_09_JAN_25.csv,2025-01-07T09:20:00+05:30,23754.6,23750,2025-01-07T09:20:00+05:30,23.6,47.20,10.00,2025-01-07T10:09:00+05:30,10.00,target,11.60,3016.00,50.00,2966.00,
2025-01-07,TRADED,2025-01-09,PE,23150,NIFTY_23150_PE_09_JAN_25.csv,2025-01-07T09:20:00+05:30,23754.6,23750,2025-01-07T09:20:00+05:30,24.4,48.80,10.00,2025-01-07T12:49:00+05:30,10.00,target,12.40,3224.00,50.00,3174.00,
2025-01-08,TRADED,2025-01-09,CE,23900,NIFTY_23900_CE_09_JAN_25.csv,2025-01-08T09:20:00+05:30,23679.5,23700,2025-01-08T09:20:00+05:30,27.35,54.70,10.00,2025-01-08T10:59:00+05:30,10.00,target,15.35,3991.00,50.00,3941.00,
2025-01-08,TRADED,2025-01-09,PE,23400,NIFTY_23400_PE_09_JAN_25.csv,2025-01-08T09:20:00+05:30,23679.5,23700,2025-01-08T09:20:00+05:30,24.35,48.70,10.00,2025-01-08T14:13:00+05:30,10.00,target,12.35,3211.00,50.00,3161.00,
2025-01-09,TRADED,2025-01-09,CE,23700,NIFTY_23700_CE_09_JAN_25.csv,2025-01-09T09:20:00+05:30,23616.55,23600,2025-01-09T09:20:00+05:30,24.35,48.70,10.00,2025-01-09T10:47:00+05:30,10.00,target,12.35,3211.00,50.00,3161.00,
2025-01-09,TRADED,2025-01-09,PE,23500,NIFTY_23500_PE_09_JAN_25.csv,2025-01-09T09:20:00+05:30,23616.55,23600,2025-01-09T09:20:00+05:30,22.0,44.00,10.00,2025-01-09T10:11:00+05:30,10.00,target,10.00,2600.00,50.00,2550.00,
2025-01-10,TRADED,2025-01-16,CE,24050,NIFTY_24050_CE_16_JAN_25.csv,2025-01-10T09:20:00+05:30,23561.2,23550,2025-01-10T09:20:00+05:30,26.05,52.10,10.00,2025-01-10T15:20:00+05:30,14.3,day_close,9.75,2535.00,50.00,2485.00,
2025-01-10,TRADED,2025-01-16,PE,22950,NIFTY_22950_PE_16_JAN_25.csv,2025-01-10T09:20:00+05:30,23561.2,23550,2025-01-10T09:20:00+05:30,24.55,49.10,10.00,2025-01-10T09:49:00+05:30,49.10,stop_loss,-26.55,-6903.00,50.00,-6953.00,
2025-01-13,TRADED,2025-01-16,CE,23750,NIFTY_23750_CE_16_JAN_25.csv,2025-01-13T09:20:00+05:30,23242.85,23250,2025-01-13T09:20:00+05:30,24.95,49.90,10.00,2025-01-13T14:43:00+05:30,10.00,target,12.95,3367.00,50.00,3317.00,
2025-01-13,TRADED,2025-01-16,PE,22600,NIFTY_22600_PE_16_JAN_25.csv,2025-01-13T09:20:00+05:30,23242.85,23250,2025-01-13T09:20:00+05:30,24.25,48.50,10.00,2025-01-13T15:20:00+05:30,19.85,day_close,2.40,624.00,50.00,574.00,
2025-01-14,TRADED,2025-01-16,CE,23550,NIFTY_23550_CE_16_JAN_25.csv,2025-01-14T09:20:00+05:30,23211.35,23200,2025-01-14T09:20:00+05:30,23.0,46.00,10.00,2025-01-14T14:38:00+05:30,10.00,target,11.00,2860.00,50.00,2810.00,
2025-01-14,TRADED,2025-01-16,PE,22850,NIFTY_22850_PE_16_JAN_25.csv,2025-01-14T09:20:00+05:30,23211.35,23200,2025-01-14T09:20:00+05:30,23.4,46.80,10.00,2025-01-14T15:20:00+05:30,13.0,day_close,8.40,2184.00,50.00,2134.00,
2025-01-15,TRADED,2025-01-16,CE,23400,NIFTY_23400_CE_16_JAN_25.csv,2025-01-15T09:20:00+05:30,23225.15,23250,2025-01-15T09:20:00+05:30,25.05,50.10,10.00,2025-01-15T13:19:00+05:30,10.00,target,13.05,3393.00,50.00,3343.00,
2025-01-15,TRADED,2025-01-16,PE,23050,NIFTY_23050_PE_16_JAN_25.csv,2025-01-15T09:20:00+05:30,23225.15,23250,2025-01-15T09:20:00+05:30,25.85,51.70,10.00,2025-01-15T15:20:00+05:30,17.35,day_close,6.50,1690.00,50.00,1640.00,
2025-01-17,TRADED,2025-01-23,CE,23750,NIFTY_23750_CE_23_JAN_25.csv,2025-01-17T09:20:00+05:30,23178.2,23200,2025-01-17T09:20:00+05:30,23.9,47.80,10.00,2025-01-17T15:20:00+05:30,15.55,day_close,6.35,1651.00,50.00,1601.00,
2025-01-17,TRADED,2025-01-23,PE,22550,NIFTY_22550_PE_23_JAN_25.csv,2025-01-17T09:20:00+05:30,23178.2,23200,2025-01-17T09:20:00+05:30,24.35,48.70,10.00,2025-01-17T15:20:00+05:30,16.1,day_close,6.25,1625.00,50.00,1575.00,
2025-01-20,TRADED,2025-01-23,CE,23700,NIFTY_23700_CE_23_JAN_25.csv,2025-01-20T09:20:00+05:30,23226.95,23250,2025-01-20T09:20:00+05:30,22.65,45.30,10.00,2025-01-20T15:20:00+05:30,29.2,day_close,-8.55,-2223.00,50.00,-2273.00,
2025-01-20,TRADED,2025-01-23,PE,22700,NIFTY_22700_PE_23_JAN_25.csv,2025-01-20T09:20:00+05:30,23226.95,23250,2025-01-20T09:20:00+05:30,25.25,50.50,10.00,2025-01-20T15:20:00+05:30,12.2,day_close,11.05,2873.00,50.00,2823.00,
2025-01-21,TRADED,2025-01-23,CE,23700,NIFTY_23700_CE_23_JAN_25.csv,2025-01-21T09:20:00+05:30,23395.55,23400,2025-01-21T09:20:00+05:30,26.7,53.40,10.00,2025-01-21T14:37:00+05:30,10.00,target,14.70,3822.00,50.00,3772.00,
2025-01-21,TRADED,2025-01-23,PE,23000,NIFTY_23000_PE_23_JAN_25.csv,2025-01-21T09:20:00+05:30,23395.55,23400,2025-01-21T09:20:00+05:30,25.05,50.10,10.00,2025-01-21T09:57:00+05:30,50.10,stop_loss,-27.05,-7033.00,50.00,-7083.00,
2025-01-22,TRADED,2025-01-23,CE,23400,NIFTY_23400_CE_23_JAN_25.csv,2025-01-22T09:20:00+05:30,23108.25,23100,2025-01-22T09:20:00+05:30,25.2,50.40,10.00,2025-01-22T11:18:00+05:30,10.00,target,13.20,3432.00,50.00,3382.00,
2025-01-22,TRADED,2025-01-23,PE,22750,NIFTY_22750_PE_23_JAN_25.csv,2025-01-22T09:20:00+05:30,23108.25,23100,2025-01-22T09:20:00+05:30,22.0,44.00,10.00,2025-01-22T10:48:00+05:30,10.00,target,10.00,2600.00,50.00,2550.00,
2025-01-23,TRADED,2025-01-23,CE,23200,NIFTY_23200_CE_23_JAN_25.csv,2025-01-23T09:20:00+05:30,23108.1,23100,2025-01-23T09:20:00+05:30,24.1,48.20,10.00,2025-01-23T09:38:00+05:30,48.20,stop_loss,-26.10,-6786.00,50.00,-6836.00,
2025-01-23,TRADED,2025-01-23,PE,23050,NIFTY_23050_PE_23_JAN_25.csv,2025-01-23T09:20:00+05:30,23108.1,23100,2025-01-23T09:20:00+05:30,25.05,50.10,10.00,2025-01-23T09:49:00+05:30,10.00,target,13.05,3393.00,50.00,3343.00,
2025-01-24,TRADED,2025-01-30,CE,23800,NIFTY_23800_CE_30_JAN_25.csv,2025-01-24T09:20:00+05:30,23275.8,23300,2025-01-24T09:20:00+05:30,26.95,53.90,10.00,2025-01-24T14:55:00+05:30,10.00,target,14.95,3887.00,50.00,3837.00,
2025-01-24,TRADED,2025-01-30,PE,22600,NIFTY_22600_PE_30_JAN_25.csv,2025-01-24T09:20:00+05:30,23275.8,23300,2025-01-24T09:20:00+05:30,25.05,50.10,10.00,2025-01-24T15:20:00+05:30,27.85,day_close,-4.80,-1248.00,50.00,-1298.00,
2025-01-27,TRADED,2025-01-30,CE,23450,NIFTY_23450_CE_30_JAN_25.csv,2025-01-27T09:20:00+05:30,22927.3,22950,2025-01-27T09:20:00+05:30,25.5,51.00,10.00,2025-01-27T15:20:00+05:30,13.95,day_close,9.55,2483.00,50.00,2433.00,
2025-01-27,TRADED,2025-01-30,PE,22350,NIFTY_22350_PE_30_JAN_25.csv,2025-01-27T09:20:00+05:30,22927.3,22950,2025-01-27T09:20:00+05:30,23.45,46.90,10.00,2025-01-27T15:20:00+05:30,23.3,day_close,-1.85,-481.00,50.00,-531.00,
2025-01-28,TRADED,2025-01-30,CE,23350,NIFTY_23350_CE_30_JAN_25.csv,2025-01-28T09:20:00+05:30,22927.25,22950,2025-01-28T09:20:00+05:30,27.6,55.20,10.00,2025-01-28T11:41:00+05:30,55.20,stop_loss,-29.60,-7696.00,50.00,-7746.00,
2025-01-28,TRADED,2025-01-30,PE,22500,NIFTY_22500_PE_30_JAN_25.csv,2025-01-28T09:20:00+05:30,22927.25,22950,2025-01-28T09:20:00+05:30,23.8,47.60,10.00,2025-01-28T14:36:00+05:30,10.00,target,11.80,3068.00,50.00,3018.00,
2025-01-29,TRADED,2025-01-30,CE,23350,NIFTY_23350_CE_30_JAN_25.csv,2025-01-29T09:20:00+05:30,23032.85,23050,2025-01-29T09:20:00+05:30,25.65,51.30,10.00,2025-01-29T09:43:00+05:30,51.30,stop_loss,-27.65,-7189.00,50.00,-7239.00,
2025-01-29,TRADED,2025-01-30,PE,22650,NIFTY_22650_PE_30_JAN_25.csv,2025-01-29T09:20:00+05:30,23032.85,23050,2025-01-29T09:20:00+05:30,23.75,47.50,10.00,2025-01-29T11:24:00+05:30,47.50,stop_loss,-25.75,-6695.00,50.00,-6745.00,
2025-01-30,TRADED,2025-01-30,CE,23450,NIFTY_23450_CE_30_JAN_25.csv,2025-01-30T09:20:00+05:30,23158.2,23150,2025-01-30T09:20:00+05:30,24.0,48.00,10.00,2025-01-30T13:14:00+05:30,10.00,target,12.00,3120.00,50.00,3070.00,
2025-01-30,TRADED,2025-01-30,PE,22800,NIFTY_22800_PE_30_JAN_25.csv,2025-01-30T09:20:00+05:30,23158.2,23150,2025-01-30T09:20:00+05:30,26.55,53.10,10.00,2025-01-30T10:06:00+05:30,10.00,target,14.55,3783.00,50.00,3733.00,
2025-01-31,TRADED,2025-02-06,CE,24500,NIFTY_24500_CE_06_FEB_25.csv,2025-01-31T09:20:00+05:30,23301.2,23300,2025-01-31T09:20:00+05:30,24.2,48.40,10.00,2025-01-31T15:20:00+05:30,18.1,day_close,4.10,1066.00,50.00,1016.00,
2025-01-31,TRADED,2025-02-06,PE,22000,NIFTY_22000_PE_06_FEB_25.csv,2025-01-31T09:20:00+05:30,23301.2,23300,2025-01-31T09:20:00+05:30,25.25,50.50,10.00,2025-01-31T15:20:00+05:30,13.0,day_close,10.25,2665.00,50.00,2615.00,
2025-02-01,TRADED,2025-02-06,CE,24300,NIFTY_24300_CE_06_FEB_25.csv,2025-02-01T09:20:00+05:30,23498.5,23500,2025-02-01T09:20:00+05:30,25.1,50.20,10.00,2025-02-01T12:35:00+05:30,10.00,target,13.10,3406.00,50.00,3356.00,
2025-02-01,TRADED,2025-02-06,PE,22400,NIFTY_22400_PE_06_FEB_25.csv,2025-02-01T09:20:00+05:30,23498.5,23500,2025-02-01T09:20:00+05:30,25.95,51.90,10.00,2025-02-01T12:19:00+05:30,10.00,target,13.95,3627.00,50.00,3577.00,
2025-02-03,TRADED,2025-02-06,CE,23700,NIFTY_23700_CE_06_FEB_25.csv,2025-02-03T09:20:00+05:30,23261.5,23250,2025-02-03T09:20:00+05:30,25.75,51.50,10.00,2025-02-03T15:20:00+05:30,19.75,day_close,4.00,1040.00,50.00,990.00,
2025-02-03,TRADED,2025-02-06,PE,22800,NIFTY_22800_PE_06_FEB_25.csv,2025-02-03T09:20:00+05:30,23261.5,23250,2025-02-03T09:20:00+05:30,25.25,50.50,10.00,2025-02-03T15:20:00+05:30,11.6,day_close,11.65,3029.00,50.00,2979.00,
2025-02-04,TRADED,2025-02-06,CE,23750,NIFTY_23750_CE_06_FEB_25.csv,2025-02-04T09:20:00+05:30,23501.5,23500,2025-02-04T09:20:00+05:30,23.55,47.10,10.00,2025-02-04T09:37:00+05:30,47.10,stop_loss,-25.55,-6643.00,50.00,-6693.00,
2025-02-04,TRADED,2025-02-06,PE,23200,NIFTY_23200_PE_06_FEB_25.csv,2025-02-04T09:20:00+05:30,23501.5,23500,2025-02-04T09:20:00+05:30,23.25,46.50,10.00,2025-02-04T10:29:00+05:30,46.50,stop_loss,-25.25,-6565.00,50.00,-6615.00,
2025-02-05,TRADED,2025-02-06,CE,23950,NIFTY_23950_CE_06_FEB_25.csv,2025-02-05T09:20:00+05:30,23766.05,23750,2025-02-05T09:20:00+05:30,22.5,45.00,10.00,2025-02-05T15:20:00+05:30,14.75,day_close,5.75,1495.00,50.00,1445.00,
2025-02-05,TRADED,2025-02-06,PE,23500,NIFTY_23500_PE_06_FEB_25.csv,2025-02-05T09:20:00+05:30,23766.05,23750,2025-02-05T09:20:00+05:30,21.65,43.30,10.00,2025-02-05T10:51:00+05:30,10.00,target,9.65,2509.00,50.00,2459.00,
2025-02-07,TRADED,2025-02-13,CE,24200,NIFTY_24200_CE_13_FEB_25.csv,2025-02-07T09:20:00+05:30,23583.1,23600,2025-02-07T09:20:00+05:30,23.95,47.90,10.00,2025-02-07T10:27:00+05:30,10.00,target,11.95,3107.00,50.00,3057.00,
2025-02-07,TRADED,2025-02-13,PE,22900,NIFTY_22900_PE_13_FEB_25.csv,2025-02-07T09:20:00+05:30,23583.1,23600,2025-02-07T09:20:00+05:30,23.6,47.20,10.00,2025-02-07T11:10:00+05:30,10.00,target,11.60,3016.00,50.00,2966.00,
2025-02-10,TRADED,2025-02-13,CE,23950,NIFTY_23950_CE_13_FEB_25.csv,2025-02-10T09:20:00+05:30,23467.65,23450,2025-02-10T09:20:00+05:30,23.75,47.50,10.00,2025-02-10T13:34:00+05:30,10.00,target,11.75,3055.00,50.00,3005.00,
2025-02-10,TRADED,2025-02-13,PE,23050,NIFTY_23050_PE_13_FEB_25.csv,2025-02-10T09:20:00+05:30,23467.65,23450,2025-02-10T09:20:00+05:30,26.05,52.10,10.00,2025-02-10T15:20:00+05:30,27.95,day_close,-3.90,-1014.00,50.00,-1064.00,
2025-02-11,TRADED,2025-02-13,CE,23750,NIFTY_23750_CE_13_FEB_25.csv,2025-02-11T09:20:00+05:30,23348.0,23350,2025-02-11T09:20:00+05:30,26.75,53.50,10.00,2025-02-11T12:24:00+05:30,10.00,target,14.75,3835.00,50.00,3785.00,
2025-02-11,TRADED,2025-02-13,PE,22950,NIFTY_22950_PE_13_FEB_25.csv,2025-02-11T09:20:00+05:30,23348.0,23350,2025-02-11T09:20:00+05:30,26.4,52.80,10.00,2025-02-11T13:02:00+05:30,52.80,stop_loss,-28.40,-7384.00,50.00,-7434.00,
2025-02-12,TRADED,2025-02-13,CE,23300,NIFTY_23300_CE_13_FEB_25.csv,2025-02-12T09:20:00+05:30,23031.55,23050,2025-02-12T09:20:00+05:30,26.7,53.40,10.00,2025-02-12T09:46:00+05:30,10.00,target,14.70,3822.00,50.00,3772.00,
2025-02-12,TRADED,2025-02-13,PE,22800,NIFTY_22800_PE_13_FEB_25.csv,2025-02-12T09:20:00+05:30,23031.55,23050,2025-02-12T09:20:00+05:30,24.1,48.20,10.00,2025-02-12T09:46:00+05:30,48.20,stop_loss,-26.10,-6786.00,50.00,-6836.00,
2025-02-13,TRADED,2025-02-13,CE,23250,NIFTY_23250_CE_13_FEB_25.csv,2025-02-13T09:20:00+05:30,23081.45,23100,2025-02-13T09:20:00+05:30,25.8,51.60,10.00,2025-02-13T12:41:00+05:30,10.00,target,13.80,3588.00,50.00,3538.00,
2025-02-13,TRADED,2025-02-13,PE,22900,NIFTY_22900_PE_13_FEB_25.csv,2025-02-13T09:20:00+05:30,23081.45,23100,2025-02-13T09:20:00+05:30,22.25,44.50,10.00,2025-02-13T09:24:00+05:30,44.50,stop_loss,-24.25,-6305.00,50.00,-6355.00,
2025-02-14,TRADED,2025-02-20,CE,23600,NIFTY_23600_CE_20_FEB_25.csv,2025-02-14T09:20:00+05:30,23092.05,23100,2025-02-14T09:20:00+05:30,26.3,52.60,10.00,2025-02-14T15:20:00+05:30,12.2,day_close,12.10,3146.00,50.00,3096.00,
2025-02-14,TRADED,2025-02-20,PE,22550,NIFTY_22550_PE_20_FEB_25.csv,2025-02-14T09:20:00+05:30,23092.05,23100,2025-02-14T09:20:00+05:30,25.7,51.40,10.00,2025-02-14T10:42:00+05:30,51.40,stop_loss,-27.70,-7202.00,50.00,-7252.00,
2025-02-17,TRADED,2025-02-20,CE,23350,NIFTY_23350_CE_20_FEB_25.csv,2025-02-17T09:20:00+05:30,22806.05,22800,2025-02-17T09:20:00+05:30,23.55,47.10,10.00,2025-02-17T15:20:00+05:30,30.55,day_close,-9.00,-2340.00,50.00,-2390.00,
2025-02-17,TRADED,2025-02-20,PE,22300,NIFTY_22300_PE_20_FEB_25.csv,2025-02-17T09:20:00+05:30,22806.05,22800,2025-02-17T09:20:00+05:30,25.85,51.70,10.00,2025-02-17T15:20:00+05:30,10.85,day_close,13.00,3380.00,50.00,3330.00,
2025-02-18,TRADED,2025-02-20,CE,23350,NIFTY_23350_CE_20_FEB_25.csv,2025-02-18T09:20:00+05:30,22909.65,22900,2025-02-18T09:20:00+05:30,25.95,51.90,10.00,2025-02-18T15:20:00+05:30,11.2,day_close,12.75,3315.00,50.00,3265.00,
2025-02-18,TRADED,2025-02-20,PE,22450,NIFTY_22450_PE_20_FEB_25.csv,2025-02-18T09:20:00+05:30,22909.65,22900,2025-02-18T09:20:00+05:30,25.75,51.50,10.00,2025-02-18T14:22:00+05:30,10.00,target,13.75,3575.00,50.00,3525.00,
2025-02-19,TRADED,2025-02-20,CE,23150,NIFTY_23150_CE_20_FEB_25.csv,2025-02-19T09:20:00+05:30,22858.45,22850,2025-02-19T09:20:00+05:30,23.3,46.60,10.00,2025-02-19T09:49:00+05:30,46.60,stop_loss,-25.30,-6578.00,50.00,-6628.00,
2025-02-19,TRADED,2025-02-20,PE,22600,NIFTY_22600_PE_20_FEB_25.csv,2025-02-19T09:20:00+05:30,22858.45,22850,2025-02-19T09:20:00+05:30,27.3,54.60,10.00,2025-02-19T09:56:00+05:30,10.00,target,15.30,3978.00,50.00,3928.00,
2025-02-21,TRADED,2025-02-27,CE,23350,NIFTY_23350_CE_27_FEB_25.csv,2025-02-21T09:20:00+05:30,22906.7,22900,2025-02-21T09:20:00+05:30,26.75,53.50,10.00,2025-02-21T15:20:00+05:30,10.45,day_close,14.30,3718.00,50.00,3668.00,
2025-02-21,TRADED,2025-02-27,PE,22400,NIFTY_22400_PE_27_FEB_25.csv,2025-02-21T09:20:00+05:30,22906.7,22900,2025-02-21T09:20:00+05:30,23.6,47.20,10.00,2025-02-21T10:13:00+05:30,47.20,stop_loss,-25.60,-6656.00,50.00,-6706.00,
2025-02-24,TRADED,2025-02-27,CE,23050,NIFTY_23050_CE_27_FEB_25.csv,2025-02-24T09:20:00+05:30,22644.65,22650,2025-02-24T09:20:00+05:30,22.7,45.40,10.00,2025-02-24T13:38:00+05:30,10.00,target,10.70,2782.00,50.00,2732.00,
2025-02-24,TRADED,2025-02-27,PE,22300,NIFTY_22300_PE_27_FEB_25.csv,2025-02-24T09:20:00+05:30,22644.65,22650,2025-02-24T09:20:00+05:30,25.45,50.90,10.00,2025-02-24T15:20:00+05:30,19.7,day_close,3.75,975.00,50.00,925.00,
2025-02-25,TRADED,2025-02-27,CE,22750,NIFTY_22750_CE_27_FEB_25.csv,2025-02-25T09:20:00+05:30,22548.0,22550,2025-02-25T09:20:00+05:30,25.55,51.10,10.00,2025-02-25T11:02:00+05:30,10.00,target,13.55,3523.00,50.00,3473.00,
2025-02-25,TRADED,2025-02-27,PE,22350,NIFTY_22350_PE_27_FEB_25.csv,2025-02-25T09:20:00+05:30,22548.0,22550,2025-02-25T09:20:00+05:30,25.4,50.80,10.00,2025-02-25T11:45:00+05:30,10.00,target,13.40,3484.00,50.00,3434.00,
2025-02-28,TRADED,2025-03-06,CE,22750,NIFTY_22750_CE_06_MAR_25.csv,2025-02-28T09:20:00+05:30,22320.05,22300,2025-02-28T09:20:00+05:30,27.6,55.20,10.00,2025-02-28T12:38:00+05:30,10.00,target,15.60,4056.00,50.00,4006.00,
2025-02-28,TRADED,2025-03-06,PE,21900,NIFTY_21900_PE_06_MAR_25.csv,2025-02-28T09:20:00+05:30,22320.05,22300,2025-02-28T09:20:00+05:30,23.15,46.30,10.00,2025-02-28T12:53:00+05:30,46.30,stop_loss,-25.15,-6539.00,50.00,-6589.00,
2025-03-03,TRADED,2025-03-06,CE,22600,NIFTY_22600_CE_06_MAR_25.csv,2025-03-03T09:20:00+05:30,22256.4,22250,2025-03-03T09:20:00+05:30,22.05,44.10,10.00,2025-03-03T09:52:00+05:30,10.00,target,10.05,2613.00,50.00,2563.00,
2025-03-03,TRADED,2025-03-06,PE,21900,NIFTY_21900_PE_06_MAR_25.csv,2025-03-03T09:20:00+05:30,22256.4,22250,2025-03-03T09:20:00+05:30,26.35,52.70,10.00,2025-03-03T09:45:00+05:30,52.70,stop_loss,-28.35,-7371.00,50.00,-7421.00,
2025-03-04,TRADED,2025-03-06,CE,22250,NIFTY_22250_CE_06_MAR_25.csv,2025-03-04T09:20:00+05:30,21985.15,22000,2025-03-04T09:20:00+05:30,24.95,49.90,10.00,2025-03-04T09:24:00+05:30,49.90,stop_loss,-26.95,-7007.00,50.00,-7057.00,
2025-03-04,TRADED,2025-03-06,PE,21750,NIFTY_21750_PE_06_MAR_25.csv,2025-03-04T09:20:00+05:30,21985.15,22000,2025-03-04T09:20:00+05:30,25.7,51.40,10.00,2025-03-04T15:20:00+05:30,13.7,day_close,10.00,2600.00,50.00,2550.00,
2025-03-05,TRADED,2025-03-06,CE,22300,NIFTY_22300_CE_06_MAR_25.csv,2025-03-05T09:20:00+05:30,22136.1,22150,2025-03-05T09:20:00+05:30,23.75,47.50,10.00,2025-03-05T09:30:00+05:30,47.50,stop_loss,-25.75,-6695.00,50.00,-6745.00,
2025-03-05,TRADED,2025-03-06,PE,21950,NIFTY_21950_PE_06_MAR_25.csv,2025-03-05T09:20:00+05:30,22136.1,22150,2025-03-05T09:20:00+05:30,26.4,52.80,10.00,2025-03-05T11:18:00+05:30,10.00,target,14.40,3744.00,50.00,3694.00,
2025-03-07,TRADED,2025-03-13,CE,23000,NIFTY_23000_CE_13_MAR_25.csv,2025-03-07T09:20:00+05:30,22560.35,22550,2025-03-07T09:20:00+05:30,23.55,47.10,10.00,2025-03-07T15:20:00+05:30,14.5,day_close,7.05,1833.00,50.00,1783.00,
2025-03-07,TRADED,2025-03-13,PE,22050,NIFTY_22050_PE_13_MAR_25.csv,2025-03-07T09:20:00+05:30,22560.35,22550,2025-03-07T09:20:00+05:30,24.5,49.00,10.00,2025-03-07T15:20:00+05:30,17.55,day_close,4.95,1287.00,50.00,1237.00,
2025-03-10,TRADED,2025-03-13,CE,22900,NIFTY_22900_CE_13_MAR_25.csv,2025-03-10T09:20:00+05:30,22578.35,22600,2025-03-10T09:20:00+05:30,24.9,49.80,10.00,2025-03-10T14:24:00+05:30,10.00,target,12.90,3354.00,50.00,3304.00,
2025-03-10,TRADED,2025-03-13,PE,22150,NIFTY_22150_PE_13_MAR_25.csv,2025-03-10T09:20:00+05:30,22578.35,22600,2025-03-10T09:20:00+05:30,23.75,47.50,10.00,2025-03-10T15:20:00+05:30,28.95,day_close,-7.20,-1872.00,50.00,-1922.00,
2025-03-11,TRADED,2025-03-13,CE,22600,NIFTY_22600_CE_13_MAR_25.csv,2025-03-11T09:20:00+05:30,22343.75,22350,2025-03-11T09:20:00+05:30,26.1,52.20,10.00,2025-03-11T10:42:00+05:30,52.20,stop_loss,-28.10,-7306.00,50.00,-7356.00,
2025-03-11,TRADED,2025-03-13,PE,22000,NIFTY_22000_PE_13_MAR_25.csv,2025-03-11T09:20:00+05:30,22343.75,22350,2025-03-11T09:20:00+05:30,23.25,46.50,10.00,2025-03-11T12:41:00+05:30,10.00,target,11.25,2925.00,50.00,2875.00,
2025-03-12,TRADED,2025-03-13,CE,22700,NIFTY_22700_CE_13_MAR_25.csv,2025-03-12T09:20:00+05:30,22533.25,22550,2025-03-12T09:20:00+05:30,27.35,54.70,10.00,2025-03-12T10:02:00+05:30,10.00,target,15.35,3991.00,50.00,3941.00,
2025-03-12,TRADED,2025-03-13,PE,22300,NIFTY_22300_PE_13_MAR_25.csv,2025-03-12T09:20:00+05:30,22533.25,22550,2025-03-12T09:20:00+05:30,23.75,47.50,10.00,2025-03-12T11:37:00+05:30,47.50,stop_loss,-25.75,-6695.00,50.00,-6745.00,
2025-03-17,TRADED,2025-03-20,CE,22850,NIFTY_22850_CE_20_MAR_25.csv,2025-03-17T09:20:00+05:30,22504.2,22500,2025-03-17T09:20:00+05:30,21.05,42.10,10.00,2025-03-17T13:08:00+05:30,10.00,target,9.05,2353.00,50.00,2303.00,
2025-03-17,TRADED,2025-03-20,PE,22200,NIFTY_22200_PE_20_MAR_25.csv,2025-03-17T09:20:00+05:30,22504.2,22500,2025-03-17T09:20:00+05:30,27.45,54.90,10.00,2025-03-17T15:20:00+05:30,22.7,day_close,2.75,715.00,50.00,665.00,
2025-03-18,TRADED,2025-03-20,CE,22850,NIFTY_22850_CE_20_MAR_25.csv,2025-03-18T09:20:00+05:30,22610.45,22600,2025-03-18T09:20:00+05:30,27.55,55.10,10.00,2025-03-18T09:33:00+05:30,55.10,stop_loss,-29.55,-7683.00,50.00,-7733.00,
2025-03-18,TRADED,2025-03-20,PE,22300,NIFTY_22300_PE_20_MAR_25.csv,2025-03-18T09:20:00+05:30,22610.45,22600,2025-03-18T09:20:00+05:30,22.5,45.00,10.00,2025-03-18T13:10:00+05:30,10.00,target,10.50,2730.00,50.00,2680.00,
2025-03-19,TRADED,2025-03-20,CE,23050,NIFTY_23050_CE_20_MAR_25.csv,2025-03-19T09:20:00+05:30,22877.4,22900,2025-03-19T09:20:00+05:30,29.4,58.80,10.00,2025-03-19T15:20:00+05:30,30.2,day_close,-2.80,-728.00,50.00,-778.00,
2025-03-19,TRADED,2025-03-20,PE,22650,NIFTY_22650_PE_20_MAR_25.csv,2025-03-19T09:20:00+05:30,22877.4,22900,2025-03-19T09:20:00+05:30,23.25,46.50,10.00,2025-03-19T15:20:00+05:30,17.45,day_close,3.80,988.00,50.00,938.00,
2025-03-20,TRADED,2025-03-20,CE,23100,NIFTY_23100_CE_20_MAR_25.csv,2025-03-20T09:20:00+05:30,23022.3,23000,2025-03-20T09:20:00+05:30,21.45,42.90,10.00,2025-03-20T09:24:00+05:30,42.90,stop_loss,-23.45,-6097.00,50.00,-6147.00,
2025-03-20,TRADED,2025-03-20,PE,22900,NIFTY_22900_PE_20_MAR_25.csv,2025-03-20T09:20:00+05:30,23022.3,23000,2025-03-20T09:20:00+05:30,20.6,41.20,10.00,2025-03-20T10:30:00+05:30,10.00,target,8.60,2236.00,50.00,2186.00,
2025-03-21,TRADED,2025-03-27,CE,23550,NIFTY_23550_CE_27_MAR_25.csv,2025-03-21T09:20:00+05:30,23195.0,23200,2025-03-21T09:20:00+05:30,26.4,52.80,10.00,2025-03-21T10:47:00+05:30,52.80,stop_loss,-28.40,-7384.00,50.00,-7434.00,
2025-03-21,TRADED,2025-03-27,PE,22800,NIFTY_22800_PE_27_MAR_25.csv,2025-03-21T09:20:00+05:30,23195.0,23200,2025-03-21T09:20:00+05:30,24.75,49.50,10.00,2025-03-21T15:20:00+05:30,13.65,day_close,9.10,2366.00,50.00,2316.00,
2025-03-24,TRADED,2025-03-27,CE,23850,NIFTY_23850_CE_27_MAR_25.csv,2025-03-24T09:20:00+05:30,23513.2,23500,2025-03-24T09:20:00+05:30,23.7,47.40,10.00,2025-03-24T10:36:00+05:30,47.40,stop_loss,-25.70,-6682.00,50.00,-6732.00,
2025-03-24,TRADED,2025-03-27,PE,23150,NIFTY_23150_PE_27_MAR_25.csv,2025-03-24T09:20:00+05:30,23513.2,23500,2025-03-24T09:20:00+05:30,24.5,49.00,10.00,2025-03-24T15:20:00+05:30,17.85,day_close,4.65,1209.00,50.00,1159.00,
2025-03-25,TRADED,2025-03-27,CE,24150,NIFTY_24150_CE_27_MAR_25.csv,2025-03-25T09:20:00+05:30,23726.3,23750,2025-03-25T09:20:00+05:30,27.6,55.20,10.00,2025-03-25T15:16:00+05:30,10.00,target,15.60,4056.00,50.00,4006.00,
2025-03-25,TRADED,2025-03-27,PE,23300,NIFTY_23300_PE_27_MAR_25.csv,2025-03-25T09:20:00+05:30,23726.3,23750,2025-03-25T09:20:00+05:30,26.7,53.40,10.00,2025-03-25T15:20:00+05:30,15.2,day_close,9.50,2470.00,50.00,2420.00,
2025-03-26,TRADED,2025-03-27,CE,23950,NIFTY_23950_CE_27_MAR_25.csv,2025-03-26T09:20:00+05:30,23701.95,23700,2025-03-26T09:20:00+05:30,25.75,51.50,10.00,2025-03-26T12:01:00+05:30,10.00,target,13.75,3575.00,50.00,3525.00,
2025-03-26,TRADED,2025-03-27,PE,23450,NIFTY_23450_PE_27_MAR_25.csv,2025-03-26T09:20:00+05:30,23701.95,23700,2025-03-26T09:20:00+05:30,23.1,46.20,10.00,2025-03-26T13:18:00+05:30,46.20,stop_loss,-25.10,-6526.00,50.00,-6576.00,
2025-03-27,TRADED,2025-03-27,CE,23650,NIFTY_23650_CE_27_MAR_25.csv,2025-03-27T09:20:00+05:30,23507.8,23500,2025-03-27T09:20:00+05:30,25.35,50.70,10.00,2025-03-27T10:50:00+05:30,10.00,target,13.35,3471.00,50.00,3421.00,
2025-03-27,TRADED,2025-03-27,PE,23350,NIFTY_23350_PE_27_MAR_25.csv,2025-03-27T09:20:00+05:30,23507.8,23500,2025-03-27T09:20:00+05:30,23.45,46.90,10.00,2025-03-27T10:05:00+05:30,10.00,target,11.45,2977.00,50.00,2927.00,
2025-03-28,TRADED,2025-04-03,CE,24150,NIFTY_24150_CE_03_APR_25.csv,2025-03-28T09:20:00+05:30,23604.9,23600,2025-03-28T09:20:00+05:30,27.05,54.10,10.00,2025-03-28T12:35:00+05:30,10.00,target,15.05,3913.00,50.00,3863.00,
2025-03-28,TRADED,2025-04-03,PE,23100,NIFTY_23100_PE_03_APR_25.csv,2025-03-28T09:20:00+05:30,23604.9,23600,2025-03-28T09:20:00+05:30,23.6,47.20,10.00,2025-03-28T15:20:00+05:30,20.55,day_close,1.05,273.00,50.00,223.00,
2025-04-01,TRADED,2025-04-03,CE,23700,NIFTY_23700_CE_03_APR_25.csv,2025-04-01T09:20:00+05:30,23417.1,23400,2025-04-01T09:20:00+05:30,22.5,45.00,10.00,2025-04-01T09:39:00+05:30,45.00,stop_loss,-24.50,-6370.00,50.00,-6420.00,
2025-04-01,TRADED,2025-04-03,PE,23100,NIFTY_23100_PE_03_APR_25.csv,2025-04-01T09:20:00+05:30,23417.1,23400,2025-04-01T09:20:00+05:30,26.3,52.60,10.00,2025-04-01T10:56:00+05:30,52.60,stop_loss,-28.30,-7358.00,50.00,-7408.00,
2025-04-02,TRADED,2025-04-03,CE,23450,NIFTY_23450_CE_03_APR_25.csv,2025-04-02T09:20:00+05:30,23205.1,23200,2025-04-02T09:20:00+05:30,22.8,45.60,10.00,2025-04-02T15:20:00+05:30,27.65,day_close,-6.85,-1781.00,50.00,-1831.00,
2025-04-02,TRADED,2025-04-03,PE,22950,NIFTY_22950_PE_03_APR_25.csv,2025-04-02T09:20:00+05:30,23205.1,23200,2025-04-02T09:20:00+05:30,26.8,53.60,10.00,2025-04-02T15:01:00+05:30,10.00,target,14.80,3848.00,50.00,3798.00,
2025-04-04,TRADED,2025-04-09,CE,23500,NIFTY_23500_CE_09_APR_25.csv,2025-04-04T09:20:00+05:30,23094.65,23100,2025-04-04T09:20:00+05:30,26.7,53.40,10.00,2025-04-04T11:47:00+05:30,10.00,target,14.70,3822.00,50.00,3772.00,
2025-04-04,TRADED,2025-04-09,PE,22550,NIFTY_22550_PE_09_APR_25.csv,2025-04-04T09:20:00+05:30,23094.65,23100,2025-04-04T09:20:00+05:30,25.5,51.00,10.00,2025-04-04T15:20:00+05:30,28.25,day_close,-4.75,-1235.00,50.00,-1285.00,
2025-04-08,TRADED,2025-04-09,CE,23050,NIFTY_23050_CE_09_APR_25.csv,2025-04-08T09:20:00+05:30,22525.05,22550,2025-04-08T09:20:00+05:30,24.2,48.40,10.00,2025-04-08T13:30:00+05:30,48.40,stop_loss,-26.20,-6812.00,50.00,-6862.00,
2025-04-08,TRADED,2025-04-09,PE,21600,NIFTY_21600_PE_09_APR_25.csv,2025-04-08T09:20:00+05:30,22525.05,22550,2025-04-08T09:20:00+05:30,25.45,50.90,10.00,2025-04-08T10:36:00+05:30,50.90,stop_loss,-27.45,-7137.00,50.00,-7187.00,
2025-04-09,TRADED,2025-04-09,CE,22700,NIFTY_22700_CE_09_APR_25.csv,2025-04-09T09:20:00+05:30,22412.35,22400,2025-04-09T09:20:00+05:30,26.1,52.20,10.00,2025-04-09T10:05:00+05:30,10.00,target,14.10,3666.00,50.00,3616.00,
2025-04-09,TRADED,2025-04-09,PE,22000,NIFTY_22000_PE_09_APR_25.csv,2025-04-09T09:20:00+05:30,22412.35,22400,2025-04-09T09:20:00+05:30,24.05,48.10,10.00,2025-04-09T09:34:00+05:30,10.00,target,12.05,3133.00,50.00,3083.00,
2025-04-11,TRADED,2025-04-17,CE,23650,NIFTY_23650_CE_17_APR_25.csv,2025-04-11T09:20:00+05:30,22766.05,22750,2025-04-11T09:20:00+05:30,26.2,52.40,10.00,2025-04-11T15:20:00+05:30,30.1,day_close,-5.90,-1534.00,50.00,-1584.00,
2025-04-11,TRADED,2025-04-17,PE,21650,NIFTY_21650_PE_17_APR_25.csv,2025-04-11T09:20:00+05:30,22766.05,22750,2025-04-11T09:20:00+05:30,24.7,49.40,10.00,2025-04-11T15:20:00+05:30,29.55,day_close,-6.85,-1781.00,50.00,-1831.00,
2025-04-15,TRADED,2025-04-17,CE,23750,NIFTY_23750_CE_17_APR_25.csv,2025-04-15T09:20:00+05:30,23278.4,23300,2025-04-15T09:20:00+05:30,24.9,49.80,10.00,2025-04-15T14:09:00+05:30,10.00,target,12.90,3354.00,50.00,3304.00,
2025-04-15,TRADED,2025-04-17,PE,22750,NIFTY_22750_PE_17_APR_25.csv,2025-04-15T09:20:00+05:30,23278.4,23300,2025-04-15T09:20:00+05:30,26.4,52.80,10.00,2025-04-15T15:05:00+05:30,10.00,target,14.40,3744.00,50.00,3694.00,
2025-04-16,TRADED,2025-04-17,CE,23400,NIFTY_23400_CE_17_APR_25.csv,2025-04-16T09:20:00+05:30,23285.3,23300,2025-04-16T09:20:00+05:30,20.8,41.60,10.00,2025-04-16T09:38:00+05:30,41.60,stop_loss,-22.80,-5928.00,50.00,-5978.00,
2025-04-16,TRADED,2025-04-17,PE,23150,NIFTY_23150_PE_17_APR_25.csv,2025-04-16T09:20:00+05:30,23285.3,23300,2025-04-16T09:20:00+05:30,28.4,56.80,10.00,2025-04-16T11:03:00+05:30,56.80,stop_loss,-30.40,-7904.00,50.00,-7954.00,
2025-04-17,TRADED,2025-04-17,CE,23400,NIFTY_23400_CE_17_APR_25.csv,2025-04-17T09:20:00+05:30,23357.65,23350,2025-04-17T09:20:00+05:30,28.1,56.20,10.00,2025-04-17T09:43:00+05:30,56.20,stop_loss,-30.10,-7826.00,50.00,-7876.00,
2025-04-17,TRADED,2025-04-17,PE,23300,NIFTY_23300_PE_17_APR_25.csv,2025-04-17T09:20:00+05:30,23357.65,23350,2025-04-17T09:20:00+05:30,29.9,59.80,10.00,2025-04-17T09:33:00+05:30,59.80,stop_loss,-31.90,-8294.00,50.00,-8344.00,
2025-04-21,TRADED,2025-04-24,CE,24450,NIFTY_24450_CE_24_APR_25.csv,2025-04-21T09:20:00+05:30,23959.4,23950,2025-04-21T09:20:00+05:30,26.25,52.50,10.00,2025-04-21T15:20:00+05:30,33.79,day_close,-9.54,-2480.40,50.00,-2530.40,
2025-04-21,TRADED,2025-04-24,PE,23250,NIFTY_23250_PE_24_APR_25.csv,2025-04-21T09:20:00+05:30,23959.4,23950,2025-04-21T09:20:00+05:30,23.65,47.30,10.00,2025-04-21T15:20:00+05:30,13.6,day_close,8.05,2093.00,50.00,2043.00,
2025-04-22,TRADED,2025-04-24,CE,24450,NIFTY_24450_CE_24_APR_25.csv,2025-04-22T09:20:00+05:30,24089.4,24100,2025-04-22T09:20:00+05:30,23.05,46.10,10.00,2025-04-22T15:20:00+05:30,20.3,day_close,0.75,195.00,50.00,145.00,
2025-04-22,TRADED,2025-04-24,PE,23650,NIFTY_23650_PE_24_APR_25.csv,2025-04-22T09:20:00+05:30,24089.4,24100,2025-04-22T09:20:00+05:30,25.5,51.00,10.00,2025-04-22T14:28:00+05:30,10.00,target,13.50,3510.00,50.00,3460.00,
2025-04-23,TRADED,2025-04-24,CE,24500,NIFTY_24500_CE_24_APR_25.csv,2025-04-23T09:20:00+05:30,24312.85,24300,2025-04-23T09:20:00+05:30,27.7,55.40,10.00,2025-04-23T15:20:00+05:30,23.65,day_close,2.05,533.00,50.00,483.00,
2025-04-23,TRADED,2025-04-24,PE,24100,NIFTY_24100_PE_24_APR_25.csv,2025-04-23T09:20:00+05:30,24312.85,24300,2025-04-23T09:20:00+05:30,22.85,45.70,10.00,2025-04-23T10:10:00+05:30,45.70,stop_loss,-24.85,-6461.00,50.00,-6511.00,
2025-04-25,TRADED,2025-04-30,CE,24850,NIFTY_24850_CE_30_APR_25.csv,2025-04-25T09:20:00+05:30,24327.35,24350,2025-04-25T09:20:00+05:30,26.6,53.20,10.00,2025-04-25T11:19:00+05:30,10.00,target,14.60,3796.00,50.00,3746.00,
2025-04-25,TRADED,2025-04-30,PE,23550,NIFTY_23550_PE_30_APR_25.csv,2025-04-25T09:20:00+05:30,24327.35,24350,2025-04-25T09:20:00+05:30,25.25,50.50,10.00,2025-04-25T10:00:00+05:30,50.50,stop_loss,-27.25,-7085.00,50.00,-7135.00,
2025-04-28,TRADED,2025-04-30,CE,24550,NIFTY_24550_CE_30_APR_25.csv,2025-04-28T09:20:00+05:30,24130.15,24150,2025-04-28T09:20:00+05:30,24.05,48.10,10.00,2025-04-28T15:20:00+05:30,30.6,day_close,-8.55,-2223.00,50.00,-2273.00,
2025-04-28,TRADED,2025-04-30,PE,23500,NIFTY_23500_PE_30_APR_25.csv,2025-04-28T09:20:00+05:30,24130.15,24150,2025-04-28T09:20:00+05:30,25.15,50.30,10.00,2025-04-28T15:20:00+05:30,15.6,day_close,7.55,1963.00,50.00,1913.00,
2025-04-29,TRADED,2025-04-30,CE,24600,NIFTY_24600_CE_30_APR_25.csv,2025-04-29T09:20:00+05:30,24438.5,24450,2025-04-29T09:20:00+05:30,28.35,56.70,10.00,2025-04-29T11:54:00+05:30,10.00,target,16.35,4251.00,50.00,4201.00,
2025-04-29,TRADED,2025-04-30,PE,24200,NIFTY_24200_PE_30_APR_25.csv,2025-04-29T09:20:00+05:30,24438.5,24450,2025-04-29T09:20:00+05:30,22.9,45.80,10.00,2025-04-29T09:43:00+05:30,45.80,stop_loss,-24.90,-6474.00,50.00,-6524.00,
2025-05-02,TRADED,2025-05-08,CE,25000,NIFTY_25000_CE_08_MAY_25.csv,2025-05-02T09:20:00+05:30,24410.3,24400,2025-05-02T09:20:00+05:30,24.6,49.20,10.00,2025-05-02T09:57:00+05:30,49.20,stop_loss,-26.60,-6916.00,50.00,-6966.00,
2025-05-02,TRADED,2025-05-08,PE,23300,NIFTY_23300_PE_08_MAY_25.csv,2025-05-02T09:20:00+05:30,24410.3,24400,2025-05-02T09:20:00+05:30,24.95,49.90,10.00,2025-05-02T15:20:00+05:30,26.0,day_close,-3.05,-793.00,50.00,-843.00,
2025-05-05,TRADED,2025-05-08,CE,24850,NIFTY_24850_CE_08_MAY_25.csv,2025-05-05T09:20:00+05:30,24435.8,24450,2025-05-05T09:20:00+05:30,23.1,46.20,10.00,2025-05-05T15:20:00+05:30,12.35,day_close,8.75,2275.00,50.00,2225.00,
2025-05-05,TRADED,2025-05-08,PE,23800,NIFTY_23800_PE_08_MAY_25.csv,2025-05-05T09:20:00+05:30,24435.8,24450,2025-05-05T09:20:00+05:30,24.9,49.80,10.00,2025-05-05T15:20:00+05:30,18.3,day_close,4.60,1196.00,50.00,1146.00,
2025-05-06,TRADED,2025-05-08,CE,24650,NIFTY_24650_CE_08_MAY_25.csv,2025-05-06T09:20:00+05:30,24454.95,24450,2025-05-06T09:20:00+05:30,27.0,54.00,10.00,2025-05-06T14:58:00+05:30,10.00,target,15.00,3900.00,50.00,3850.00,
2025-05-06,TRADED,2025-05-08,PE,24100,NIFTY_24100_PE_08_MAY_25.csv,2025-05-06T09:20:00+05:30,24454.95,24450,2025-05-06T09:20:00+05:30,25.15,50.30,10.00,2025-05-06T15:20:00+05:30,34.75,day_close,-11.60,-3016.00,50.00,-3066.00,
2025-05-07,TRADED,2025-05-08,CE,24550,NIFTY_24550_CE_08_MAY_25.csv,2025-05-07T09:20:00+05:30,24366.25,24350,2025-05-07T09:20:00+05:30,23.1,46.20,10.00,2025-05-07T09:34:00+05:30,46.20,stop_loss,-25.10,-6526.00,50.00,-6576.00,
2025-05-07,TRADED,2025-05-08,PE,23800,NIFTY_23800_PE_08_MAY_25.csv,2025-05-07T09:20:00+05:30,24366.25,24350,2025-05-07T09:20:00+05:30,24.3,48.60,10.00,2025-05-07T15:20:00+05:30,17.35,day_close,4.95,1287.00,50.00,1237.00,
2025-05-09,TRADED,2025-05-15,CE,24800,NIFTY_24800_CE_15_MAY_25.csv,2025-05-09T09:20:00+05:30,24113.5,24100,2025-05-09T09:20:00+05:30,25.3,50.60,10.00,2025-05-09T15:20:00+05:30,12.75,day_close,10.55,2743.00,50.00,2693.00,
2025-05-09,TRADED,2025-05-15,PE,21150,NIFTY_21150_PE_15_MAY_25.csv,2025-05-09T09:20:00+05:30,24113.5,24100,2025-05-09T09:20:00+05:30,25.4,50.80,10.00,2025-05-09T15:20:00+05:30,13.35,day_close,10.05,2613.00,50.00,2563.00,
2025-05-12,TRADED,2025-05-15,CE,24950,NIFTY_24950_CE_15_MAY_25.csv,2025-05-12T09:20:00+05:30,24562.45,24550,2025-05-12T09:20:00+05:30,27.2,54.40,10.00,2025-05-12T09:54:00+05:30,54.40,stop_loss,-29.20,-7592.00,50.00,-7642.00,
2025-05-12,TRADED,2025-05-15,PE,23950,NIFTY_23950_PE_15_MAY_25.csv,2025-05-12T09:20:00+05:30,24562.45,24550,2025-05-12T09:20:00+05:30,24.55,49.10,10.00,2025-05-12T15:20:00+05:30,19.3,day_close,3.25,845.00,50.00,795.00,
2025-05-13,TRADED,2025-05-15,CE,25450,NIFTY_25450_CE_15_MAY_25.csv,2025-05-13T09:20:00+05:30,24868.35,24850,2025-05-13T09:20:00+05:30,26.15,52.30,10.00,2025-05-13T12:34:00+05:30,10.00,target,14.15,3679.00,50.00,3629.00,
2025-05-13,TRADED,2025-05-15,PE,24100,NIFTY_24100_PE_15_MAY_25.csv,2025-05-13T09:20:00+05:30,24868.35,24850,2025-05-13T09:20:00+05:30,24.2,48.40,10.00,2025-05-13T15:20:00+05:30,18.25,day_close,3.95,1027.00,50.00,977.00,
2025-05-14,TRADED,2025-05-15,CE,25000,NIFTY_25000_CE_15_MAY_25.csv,2025-05-14T09:20:00+05:30,24664.1,24650,2025-05-14T09:20:00+05:30,23.05,46.10,10.00,2025-05-14T12:40:00+05:30,10.00,target,11.05,2873.00,50.00,2823.00,
2025-05-14,TRADED,2025-05-15,PE,24300,NIFTY_24300_PE_15_MAY_25.csv,2025-05-14T09:20:00+05:30,24664.1,24650,2025-05-14T09:20:00+05:30,23.2,46.40,10.00,2025-05-14T10:24:00+05:30,10.00,target,11.20,2912.00,50.00,2862.00,
2025-05-15,TRADED,2025-05-15,CE,24750,NIFTY_24750_CE_15_MAY_25.csv,2025-05-15T09:20:00+05:30,24620.0,24600,2025-05-15T09:20:00+05:30,27.4,54.80,10.00,2025-05-15T10:36:00+05:30,54.80,stop_loss,-29.40,-7644.00,50.00,-7694.00,
2025-05-15,TRADED,2025-05-15,PE,24450,NIFTY_24450_PE_15_MAY_25.csv,2025-05-15T09:20:00+05:30,24620.0,24600,2025-05-15T09:20:00+05:30,25.2,50.40,10.00,2025-05-15T09:45:00+05:30,50.40,stop_loss,-27.20,-7072.00,50.00,-7122.00,
2025-05-16,TRADED,2025-05-22,CE,25700,NIFTY_25700_CE_22_MAY_25.csv,2025-05-16T09:20:00+05:30,25003.5,25000,2025-05-16T09:20:00+05:30,23.3,46.60,10.00,2025-05-16T15:20:00+05:30,18.1,day_close,3.20,832.00,50.00,782.00,
2025-05-16,TRADED,2025-05-22,PE,24150,NIFTY_24150_PE_22_MAY_25.csv,2025-05-16T09:20:00+05:30,25003.5,25000,2025-05-16T09:20:00+05:30,24.6,49.20,10.00,2025-05-16T15:20:00+05:30,19.25,day_close,3.35,871.00,50.00,821.00,
2025-05-19,TRADED,2025-05-22,CE,25600,NIFTY_25600_CE_22_MAY_25.csv,2025-05-19T09:20:00+05:30,25027.85,25050,2025-05-19T09:20:00+05:30,23.65,47.30,10.00,2025-05-19T15:20:00+05:30,13.5,day_close,8.15,2119.00,50.00,2069.00,
2025-05-19,TRADED,2025-05-22,PE,24350,NIFTY_24350_PE_22_MAY_25.csv,2025-05-19T09:20:00+05:30,25027.85,25050,2025-05-19T09:20:00+05:30,23.9,47.80,10.00,2025-05-19T15:20:00+05:30,21.7,day_close,0.20,52.00,50.00,2.00,
2025-05-20,TRADED,2025-05-22,CE,25400,NIFTY_25400_CE_22_MAY_25.csv,2025-05-20T09:20:00+05:30,24975.6,25000,2025-05-20T09:20:00+05:30,25.55,51.10,10.00,2025-05-20T15:16:00+05:30,10.00,target,13.55,3523.00,50.00,3473.00,
2025-05-20,TRADED,2025-05-22,PE,24550,NIFTY_24550_PE_22_MAY_25.csv,2025-05-20T09:20:00+05:30,24975.6,25000,2025-05-20T09:20:00+05:30,23.7,47.40,10.00,2025-05-20T09:54:00+05:30,47.40,stop_loss,-25.70,-6682.00,50.00,-6732.00,
2025-05-21,TRADED,2025-05-22,CE,25050,NIFTY_25050_CE_22_MAY_25.csv,2025-05-21T09:20:00+05:30,24723.55,24700,2025-05-21T09:20:00+05:30,25.7,51.40,10.00,2025-05-21T09:41:00+05:30,51.40,stop_loss,-27.70,-7202.00,50.00,-7252.00,
2025-05-21,TRADED,2025-05-22,PE,24400,NIFTY_24400_PE_22_MAY_25.csv,2025-05-21T09:20:00+05:30,24723.55,24700,2025-05-21T09:20:00+05:30,21.75,43.50,10.00,2025-05-21T15:20:00+05:30,12.1,day_close,7.65,1989.00,50.00,1939.00,
2025-05-22,TRADED,2025-05-22,CE,24950,NIFTY_24950_CE_22_MAY_25.csv,2025-05-22T09:20:00+05:30,24644.7,24650,2025-05-22T09:20:00+05:30,23.45,46.90,10.00,2025-05-22T09:45:00+05:30,10.00,target,11.45,2977.00,50.00,2927.00,
2025-05-22,TRADED,2025-05-22,PE,24400,NIFTY_24400_PE_22_MAY_25.csv,2025-05-22T09:20:00+05:30,24644.7,24650,2025-05-22T09:20:00+05:30,24.65,49.30,10.00,2025-05-22T09:44:00+05:30,10.00,target,12.65,3289.00,50.00,3239.00,
2025-05-23,TRADED,2025-05-29,CE,25250,NIFTY_25250_CE_29_MAY_25.csv,2025-05-23T09:20:00+05:30,24626.5,24650,2025-05-23T09:20:00+05:30,26.95,53.90,10.00,2025-05-23T09:53:00+05:30,53.90,stop_loss,-28.95,-7527.00,50.00,-7577.00,
2025-05-23,TRADED,2025-05-29,PE,23900,NIFTY_23900_PE_29_MAY_25.csv,2025-05-23T09:20:00+05:30,24626.5,24650,2025-05-23T09:20:00+05:30,23.85,47.70,10.00,2025-05-23T15:20:00+05:30,15.7,day_close,6.15,1599.00,50.00,1549.00,
2025-05-26,TRADED,2025-05-29,CE,25650,NIFTY_25650_CE_29_MAY_25.csv,2025-05-26T09:20:00+05:30,25005.2,25000,2025-05-26T09:20:00+05:30,25.05,50.10,10.00,2025-05-26T15:20:00+05:30,21.3,day_close,1.75,455.00,50.00,405.00,
2025-05-26,TRADED,2025-05-29,PE,24250,NIFTY_24250_PE_29_MAY_25.csv,2025-05-26T09:20:00+05:30,25005.2,25000,2025-05-26T09:20:00+05:30,24.0,48.00,10.00,2025-05-26T15:20:00+05:30,22.4,day_close,-0.40,-104.00,50.00,-154.00,
2025-05-27,TRADED,2025-05-29,CE,25550,NIFTY_25550_CE_29_MAY_25.csv,2025-05-27T09:20:00+05:30,24876.2,24900,2025-05-27T09:20:00+05:30,23.75,47.50,10.00,2025-05-27T11:29:00+05:30,47.50,stop_loss,-25.75,-6695.00,50.00,-6745.00,
2025-05-27,TRADED,2025-05-29,PE,24150,NIFTY_24150_PE_29_MAY_25.csv,2025-05-27T09:20:00+05:30,24876.2,24900,2025-05-27T09:20:00+05:30,25.3,50.60,10.00,2025-05-27T15:20:00+05:30,13.65,day_close,9.65,2509.00,50.00,2459.00,
2025-05-28,TRADED,2025-05-29,CE,25450,NIFTY_25450_CE_29_MAY_25.csv,2025-05-28T09:20:00+05:30,24817.75,24800,2025-05-28T09:20:00+05:30,24.1,48.20,10.00,2025-05-28T11:24:00+05:30,10.00,target,12.10,3146.00,50.00,3096.00,
2025-05-28,TRADED,2025-05-29,PE,24250,NIFTY_24250_PE_29_MAY_25.csv,2025-05-28T09:20:00+05:30,24817.75,24800,2025-05-28T09:20:00+05:30,23.5,47.00,10.00,2025-05-28T10:45:00+05:30,10.00,target,11.50,2990.00,50.00,2940.00,
2025-05-29,TRADED,2025-05-29,CE,25000,NIFTY_25000_CE_29_MAY_25.csv,2025-05-29T09:20:00+05:30,24845.2,24850,2025-05-29T09:20:00+05:30,25.6,51.20,10.00,2025-05-29T10:30:00+05:30,10.00,target,13.60,3536.00,50.00,3486.00,
2025-05-29,TRADED,2025-05-29,PE,24750,NIFTY_24750_PE_29_MAY_25.csv,2025-05-29T09:20:00+05:30,24845.2,24850,2025-05-29T09:20:00+05:30,26.95,53.90,10.00,2025-05-29T10:30:00+05:30,53.90,stop_loss,-28.95,-7527.00,50.00,-7577.00,
2025-05-30,TRADED,2025-06-05,CE,25500,NIFTY_25500_CE_05_JUN_25.csv,2025-05-30T09:20:00+05:30,24805.55,24800,2025-05-30T09:20:00+05:30,25.25,50.50,10.00,2025-05-30T15:20:00+05:30,21.7,day_close,1.55,403.00,50.00,353.00,
2025-05-30,TRADED,2025-06-05,PE,24150,NIFTY_24150_PE_05_JUN_25.csv,2025-05-30T09:20:00+05:30,24805.55,24800,2025-05-30T09:20:00+05:30,24.15,48.30,10.00,2025-05-30T15:20:00+05:30,27.2,day_close,-5.05,-1313.00,50.00,-1363.00,
2025-06-02,TRADED,2025-06-05,CE,25300,NIFTY_25300_CE_05_JUN_25.csv,2025-06-02T09:20:00+05:30,24567.75,24550,2025-06-02T09:20:00+05:30,22.9,45.80,10.00,2025-06-02T12:34:00+05:30,45.80,stop_loss,-24.90,-6474.00,50.00,-6524.00,
2025-06-02,TRADED,2025-06-05,PE,23850,NIFTY_23850_PE_05_JUN_25.csv,2025-06-02T09:20:00+05:30,24567.75,24550,2025-06-02T09:20:00+05:30,25.15,50.30,10.00,2025-06-02T15:20:00+05:30,12.3,day_close,10.85,2821.00,50.00,2771.00,
2025-06-03,TRADED,2025-06-05,CE,25400,NIFTY_25400_CE_05_JUN_25.csv,2025-06-03T09:20:00+05:30,24691.85,24700,2025-06-03T09:20:00+05:30,26.2,52.40,10.00,2025-06-03T13:19:00+05:30,10.00,target,14.20,3692.00,50.00,3642.00,
2025-06-03,TRADED,2025-06-05,PE,24000,NIFTY_24000_PE_05_JUN_25.csv,2025-06-03T09:20:00+05:30,24691.85,24700,2025-06-03T09:20:00+05:30,25.8,51.60,10.00,2025-06-03T13:47:00+05:30,10.00,target,13.80,3588.00,50.00,3538.00,
2025-06-04,TRADED,2025-06-05,CE,24950,NIFTY_24950_CE_05_JUN_25.csv,2025-06-04T09:20:00+05:30,24571.25,24550,2025-06-04T09:20:00+05:30,23.0,46.00,10.00,2025-06-04T15:20:00+05:30,14.1,day_close,6.90,1794.00,50.00,1744.00,
2025-06-04,TRADED,2025-06-05,PE,24300,NIFTY_24300_PE_05_JUN_25.csv,2025-06-04T09:20:00+05:30,24571.25,24550,2025-06-04T09:20:00+05:30,27.8,55.60,10.00,2025-06-04T11:11:00+05:30,10.00,target,15.80,4108.00,50.00,4058.00,
2025-06-05,TRADED,2025-06-05,CE,24700,NIFTY_24700_CE_05_JUN_25.csv,2025-06-05T09:20:00+05:30,24625.55,24650,2025-06-05T09:20:00+05:30,26.1,52.20,10.00,2025-06-05T09:25:00+05:30,52.20,stop_loss,-28.10,-7306.00,50.00,-7356.00,
2025-06-05,TRADED,2025-06-05,PE,24550,NIFTY_24550_PE_05_JUN_25.csv,2025-06-05T09:20:00+05:30,24625.55,24650,2025-06-05T09:20:00+05:30,27.65,55.30,10.00,2025-06-05T09:40:00+05:30,10.00,target,15.65,4069.00,50.00,4019.00,
2025-06-06,TRADED,2025-06-12,CE,25350,NIFTY_25350_CE_12_JUN_25.csv,2025-06-06T09:20:00+05:30,24749.65,24750,2025-06-06T09:20:00+05:30,23.85,47.70,10.00,2025-06-06T10:41:00+05:30,47.70,stop_loss,-25.85,-6721.00,50.00,-6771.00,
2025-06-06,TRADED,2025-06-12,PE,24150,NIFTY_24150_PE_12_JUN_25.csv,2025-06-06T09:20:00+05:30,24749.65,24750,2025-06-06T09:20:00+05:30,24.1,48.20,10.00,2025-06-06T13:26:00+05:30,10.00,target,12.10,3146.00,50.00,3096.00,
2025-06-09,TRADED,2025-06-12,CE,25550,NIFTY_25550_CE_12_JUN_25.csv,2025-06-09T09:20:00+05:30,25107.6,25100,2025-06-09T09:20:00+05:30,26.2,52.40,10.00,2025-06-09T15:20:00+05:30,16.45,day_close,7.75,2015.00,50.00,1965.00,
2025-06-09,TRADED,2025-06-12,PE,24600,NIFTY_24600_PE_12_JUN_25.csv,2025-06-09T09:20:00+05:30,25107.6,25100,2025-06-09T09:20:00+05:30,26.25,52.50,10.00,2025-06-09T15:20:00+05:30,18.45,day_close,5.80,1508.00,50.00,1458.00,
2025-06-10,TRADED,2025-06-12,CE,25450,NIFTY_25450_CE_12_JUN_25.csv,2025-06-10T09:20:00+05:30,25128.4,25150,2025-06-10T09:20:00+05:30,24.65,49.30,10.00,2025-06-10T14:34:00+05:30,10.00,target,12.65,3289.00,50.00,3239.00,
2025-06-10,TRADED,2025-06-12,PE,24750,NIFTY_24750_PE_12_JUN_25.csv,2025-06-10T09:20:00+05:30,25128.4,25150,2025-06-10T09:20:00+05:30,25.8,51.60,10.00,2025-06-10T15:20:00+05:30,17.05,day_close,6.75,1755.00,50.00,1705.00,
2025-06-11,TRADED,2025-06-12,CE,25300,NIFTY_25300_CE_12_JUN_25.csv,2025-06-11T09:20:00+05:30,25127.6,25150,2025-06-11T09:20:00+05:30,23.5,47.00,10.00,2025-06-11T11:54:00+05:30,47.00,stop_loss,-25.50,-6630.00,50.00,-6680.00,
2025-06-11,TRADED,2025-06-12,PE,24950,NIFTY_24950_PE_12_JUN_25.csv,2025-06-11T09:20:00+05:30,25127.6,25150,2025-06-11T09:20:00+05:30,28.15,56.30,10.00,2025-06-11T15:20:00+05:30,22.75,day_close,3.40,884.00,50.00,834.00,
2025-06-12,TRADED,2025-06-12,CE,25250,NIFTY_25250_CE_12_JUN_25.csv,2025-06-12T09:20:00+05:30,25164.9,25150,2025-06-12T09:20:00+05:30,23.3,46.60,10.00,2025-06-12T10:17:00+05:30,10.00,target,11.30,2938.00,50.00,2888.00,
2025-06-12,TRADED,2025-06-12,PE,25050,NIFTY_25050_PE_12_JUN_25.csv,2025-06-12T09:20:00+05:30,25164.9,25150,2025-06-12T09:20:00+05:30,20.3,40.60,10.00,2025-06-12T09:43:00+05:30,40.60,stop_loss,-22.30,-5798.00,50.00,-5848.00,
2025-06-13,TRADED,2025-06-19,CE,25250,NIFTY_25250_CE_19_JUN_25.csv,2025-06-13T09:20:00+05:30,24604.6,24600,2025-06-13T09:20:00+05:30,22.9,45.80,10.00,2025-06-13T15:20:00+05:30,20.2,day_close,0.70,182.00,50.00,132.00,
2025-06-13,TRADED,2025-06-19,PE,23700,NIFTY_23700_PE_19_JUN_25.csv,2025-06-13T09:20:00+05:30,24604.6,24600,2025-06-13T09:20:00+05:30,24.05,48.10,10.00,2025-06-13T15:20:00+05:30,20.05,day_close,2.00,520.00,50.00,470.00,
2025-06-16,TRADED,2025-06-19,CE,25200,NIFTY_25200_CE_19_JUN_25.csv,2025-06-16T09:20:00+05:30,24788.3,24800,2025-06-16T09:20:00+05:30,24.6,49.20,10.00,2025-06-16T11:06:00+05:30,49.20,stop_loss,-26.60,-6916.00,50.00,-6966.00,
2025-06-16,TRADED,2025-06-19,PE,24200,NIFTY_24200_PE_19_JUN_25.csv,2025-06-16T09:20:00+05:30,24788.3,24800,2025-06-16T09:20:00+05:30,25.1,50.20,10.00,2025-06-16T15:20:00+05:30,18.65,day_close,4.45,1157.00,50.00,1107.00,
2025-06-17,TRADED,2025-06-19,CE,25250,NIFTY_25250_CE_19_JUN_25.csv,2025-06-17T09:20:00+05:30,24896.05,24900,2025-06-17T09:20:00+05:30,23.5,47.00,10.00,2025-06-17T12:52:00+05:30,10.00,target,11.50,2990.00,50.00,2940.00,
2025-06-17,TRADED,2025-06-19,PE,24350,NIFTY_24350_PE_19_JUN_25.csv,2025-06-17T09:20:00+05:30,24896.05,24900,2025-06-17T09:20:00+05:30,24.65,49.30,10.00,2025-06-17T15:20:00+05:30,17.35,day_close,5.30,1378.00,50.00,1328.00,
2025-06-18,TRADED,2025-06-19,CE,25050,NIFTY_25050_CE_19_JUN_25.csv,2025-06-18T09:20:00+05:30,24831.45,24850,2025-06-18T09:20:00+05:30,23.15,46.30,10.00,2025-06-18T09:33:00+05:30,46.30,stop_loss,-25.15,-6539.00,50.00,-6589.00,
2025-06-18,TRADED,2025-06-19,PE,24550,NIFTY_24550_PE_19_JUN_25.csv,2025-06-18T09:20:00+05:30,24831.45,24850,2025-06-18T09:20:00+05:30,24.4,48.80,10.00,2025-06-18T15:20:00+05:30,21.35,day_close,1.05,273.00,50.00,223.00,
2025-06-19,TRADED,2025-06-19,CE,24850,NIFTY_24850_CE_19_JUN_25.csv,2025-06-19T09:20:00+05:30,24755.3,24750,2025-06-19T09:20:00+05:30,23.5,47.00,10.00,2025-06-19T09:25:00+05:30,47.00,stop_loss,-25.50,-6630.00,50.00,-6680.00,
2025-06-19,TRADED,2025-06-19,PE,24650,NIFTY_24650_PE_19_JUN_25.csv,2025-06-19T09:20:00+05:30,24755.3,24750,2025-06-19T09:20:00+05:30,24.65,49.30,10.00,2025-06-19T09:29:00+05:30,10.00,target,12.65,3289.00,50.00,3239.00,
2025-06-20,TRADED,2025-06-26,CE,25350,NIFTY_25350_CE_26_JUN_25.csv,2025-06-20T09:20:00+05:30,24861.15,24850,2025-06-20T09:20:00+05:30,24.2,48.40,10.00,2025-06-20T10:26:00+05:30,48.40,stop_loss,-26.20,-6812.00,50.00,-6862.00,
2025-06-20,TRADED,2025-06-26,PE,24200,NIFTY_24200_PE_26_JUN_25.csv,2025-06-20T09:20:00+05:30,24861.15,24850,2025-06-20T09:20:00+05:30,24.0,48.00,10.00,2025-06-20T15:20:00+05:30,19.8,day_close,2.20,572.00,50.00,522.00,
2025-06-23,TRADED,2025-06-26,CE,25300,NIFTY_25300_CE_26_JUN_25.csv,2025-06-23T09:20:00+05:30,24930.95,24950,2025-06-23T09:20:00+05:30,26.5,53.00,10.00,2025-06-23T14:04:00+05:30,53.00,stop_loss,-28.50,-7410.00,50.00,-7460.00,
2025-06-23,TRADED,2025-06-26,PE,24350,NIFTY_24350_PE_26_JUN_25.csv,2025-06-23T09:20:00+05:30,24930.95,24950,2025-06-23T09:20:00+05:30,25.0,50.00,10.00,2025-06-23T15:20:00+05:30,18.2,day_close,4.80,1248.00,50.00,1198.00,
2025-06-24,TRADED,2025-06-26,CE,25550,NIFTY_25550_CE_26_JUN_25.csv,2025-06-24T09:20:00+05:30,25234.8,25250,2025-06-24T09:20:00+05:30,23.4,46.80,10.00,2025-06-24T13:43:00+05:30,10.00,target,11.40,2964.00,50.00,2914.00,
2025-06-24,TRADED,2025-06-26,PE,24850,NIFTY_24850_PE_26_JUN_25.csv,2025-06-24T09:20:00+05:30,25234.8,25250,2025-06-24T09:20:00+05:30,23.5,47.00,10.00,2025-06-24T13:36:00+05:30,47.00,stop_loss,-25.50,-6630.00,50.00,-6680.00,
2025-06-25,TRADED,2025-06-26,CE,25400,NIFTY_25400_CE_26_JUN_25.csv,2025-06-25T09:20:00+05:30,25161.9,25150,2025-06-25T09:20:00+05:30,20.95,41.90,10.00,2025-06-25T15:20:00+05:30,20.4,day_close,-1.45,-377.00,50.00,-427.00,
2025-06-25,TRADED,2025-06-26,PE,24950,NIFTY_24950_PE_26_JUN_25.csv,2025-06-25T09:20:00+05:30,25161.9,25150,2025-06-25T09:20:00+05:30,25.7,51.40,10.00,2025-06-25T15:20:00+05:30,14.9,day_close,8.80,2288.00,50.00,2238.00,
2025-06-26,TRADED,2025-06-26,CE,25400,NIFTY_25400_CE_26_JUN_25.csv,2025-06-26T09:20:00+05:30,25282.75,25300,2025-06-26T09:20:00+05:30,20.2,40.40,10.00,2025-06-26T09:21:00+05:30,40.40,stop_loss,-22.20,-5772.00,50.00,-5822.00,
2025-06-26,TRADED,2025-06-26,PE,25200,NIFTY_25200_PE_26_JUN_25.csv,2025-06-26T09:20:00+05:30,25282.75,25300,2025-06-26T09:20:00+05:30,26.55,53.10,10.00,2025-06-26T13:19:00+05:30,10.00,target,14.55,3783.00,50.00,3733.00,
2025-06-27,TRADED,2025-07-03,CE,26100,NIFTY_26100_CE_03_JUL_25.csv,2025-06-27T09:20:00+05:30,25597.8,25600,2025-06-27T09:20:00+05:30,22.8,45.60,10.00,2025-06-27T15:20:00+05:30,17.1,day_close,3.70,962.00,50.00,912.00,
2025-06-27,TRADED,2025-07-03,PE,25050,NIFTY_25050_PE_03_JUL_25.csv,2025-06-27T09:20:00+05:30,25597.8,25600,2025-06-27T09:20:00+05:30,26.55,53.10,10.00,2025-06-27T15:20:00+05:30,18.4,day_close,6.15,1599.00,50.00,1549.00,
2025-06-30,TRADED,2025-07-03,CE,26000,NIFTY_26000_CE_03_JUL_25.csv,2025-06-30T09:20:00+05:30,25610.55,25600,2025-06-30T09:20:00+05:30,25.75,51.50,10.00,2025-06-30T15:20:00+05:30,14.4,day_close,9.35,2431.00,50.00,2381.00,
2025-06-30,TRADED,2025-07-03,PE,25200,NIFTY_25200_PE_03_JUL_25.csv,2025-06-30T09:20:00+05:30,25610.55,25600,2025-06-30T09:20:00+05:30,26.6,53.20,10.00,2025-06-30T15:20:00+05:30,29.4,day_close,-4.80,-1248.00,50.00,-1298.00,
2025-07-01,TRADED,2025-07-03,CE,25900,NIFTY_25900_CE_03_JUL_25.csv,2025-07-01T09:20:00+05:30,25538.75,25550,2025-07-01T09:20:00+05:30,22.6,45.20,10.00,2025-07-01T13:55:00+05:30,10.00,target,10.60,2756.00,50.00,2706.00,
2025-07-01,TRADED,2025-07-03,PE,25150,NIFTY_25150_PE_03_JUL_25.csv,2025-07-01T09:20:00+05:30,25538.75,25550,2025-07-01T09:20:00+05:30,23.4,46.80,10.00,2025-07-01T13:33:00+05:30,10.00,target,11.40,2964.00,50.00,2914.00,
2025-07-02,TRADED,2025-07-03,CE,25750,NIFTY_25750_CE_03_JUL_25.csv,2025-07-02T09:20:00+05:30,25591.35,25600,2025-07-02T09:20:00+05:30,28.1,56.20,10.00,2025-07-02T11:02:00+05:30,10.00,target,16.10,4186.00,50.00,4136.00,
2025-07-02,TRADED,2025-07-03,PE,25400,NIFTY_25400_PE_03_JUL_25.csv,2025-07-02T09:20:00+05:30,25591.35,25600,2025-07-02T09:20:00+05:30,21.2,42.40,10.00,2025-07-02T10:40:00+05:30,42.40,stop_loss,-23.20,-6032.00,50.00,-6082.00,
2025-07-03,TRADED,2025-07-03,CE,25600,NIFTY_25600_CE_03_JUL_25.csv,2025-07-03T09:20:00+05:30,25522.75,25500,2025-07-03T09:20:00+05:30,25.15,50.30,10.00,2025-07-03T09:29:00+05:30,10.00,target,13.15,3419.00,50.00,3369.00,
2025-07-03,TRADED,2025-07-03,PE,25450,NIFTY_25450_PE_03_JUL_25.csv,2025-07-03T09:20:00+05:30,25522.75,25500,2025-07-03T09:20:00+05:30,23.8,47.60,10.00,2025-07-03T09:23:00+05:30,47.60,stop_loss,-25.80,-6708.00,50.00,-6758.00,
2025-07-04,TRADED,2025-07-10,CE,25850,NIFTY_25850_CE_10_JUL_25.csv,2025-07-04T09:20:00+05:30,25411.95,25400,2025-07-04T09:20:00+05:30,26.9,53.80,10.00,2025-07-04T15:20:00+05:30,23.45,day_close,1.45,377.00,50.00,327.00,
2025-07-04,TRADED,2025-07-10,PE,24900,NIFTY_24900_PE_10_JUL_25.csv,2025-07-04T09:20:00+05:30,25411.95,25400,2025-07-04T09:20:00+05:30,22.95,45.90,10.00,2025-07-04T15:20:00+05:30,15.5,day_close,5.45,1417.00,50.00,1367.00,
2025-07-07,TRADED,2025-07-10,CE,25800,NIFTY_25800_CE_10_JUL_25.csv,2025-07-07T09:20:00+05:30,25445.2,25450,2025-07-07T09:20:00+05:30,23.2,46.40,10.00,2025-07-07T15:20:00+05:30,20.55,day_close,0.65,169.00,50.00,119.00,
2025-07-07,TRADED,2025-07-10,PE,25100,NIFTY_25100_PE_10_JUL_25.csv,2025-07-07T09:20:00+05:30,25445.2,25450,2025-07-07T09:20:00+05:30,26.5,53.00,10.00,2025-07-07T15:20:00+05:30,21.9,day_close,2.60,676.00,50.00,626.00,
2025-07-08,TRADED,2025-07-10,CE,25750,NIFTY_25750_CE_10_JUL_25.csv,2025-07-08T09:20:00+05:30,25457.5,25450,2025-07-08T09:20:00+05:30,23.5,47.00,10.00,2025-07-08T15:20:00+05:30,23.45,day_close,-1.95,-507.00,50.00,-557.00,
2025-07-08,TRADED,2025-07-10,PE,25150,NIFTY_25150_PE_10_JUL_25.csv,2025-07-08T09:20:00+05:30,25457.5,25450,2025-07-08T09:20:00+05:30,23.5,47.00,10.00,2025-07-08T13:23:00+05:30,10.00,target,11.50,2990.00,50.00,2940.00,
2025-07-09,TRADED,2025-07-10,CE,25650,NIFTY_25650_CE_10_JUL_25.csv,2025-07-09T09:20:00+05:30,25488.8,25500,2025-07-09T09:20:00+05:30,25.65,51.30,10.00,2025-07-09T15:20:00+05:30,18.7,day_close,4.95,1287.00,50.00,1237.00,
2025-07-09,TRADED,2025-07-10,PE,25350,NIFTY_25350_PE_10_JUL_25.csv,2025-07-09T09:20:00+05:30,25488.8,25500,2025-07-09T09:20:00+05:30,25.1,50.20,10.00,2025-07-09T15:20:00+05:30,23.7,day_close,-0.60,-156.00,50.00,-206.00,
2025-07-11,TRADED,2025-07-17,CE,25650,NIFTY_25650_CE_17_JUL_25.csv,2025-07-11T09:20:00+05:30,25288.45,25300,2025-07-11T09:20:00+05:30,24.9,49.80,10.00,2025-07-11T15:20:00+05:30,15.1,day_close,7.80,2028.00,50.00,1978.00,
2025-07-11,TRADED,2025-07-17,PE,24900,NIFTY_24900_PE_17_JUL_25.csv,2025-07-11T09:20:00+05:30,25288.45,25300,2025-07-11T09:20:00+05:30,24.15,48.30,10.00,2025-07-11T15:20:00+05:30,37.05,day_close,-14.90,-3874.00,50.00,-3924.00,
2025-07-14,TRADED,2025-07-17,CE,25450,NIFTY_25450_CE_17_JUL_25.csv,2025-07-14T09:20:00+05:30,25100.6,25100,2025-07-14T09:20:00+05:30,23.4,46.80,10.00,2025-07-14T15:20:00+05:30,21.2,day_close,0.20,52.00,50.00,2.00,
2025-07-14,TRADED,2025-07-17,PE,24800,NIFTY_24800_PE_17_JUL_25.csv,2025-07-14T09:20:00+05:30,25100.6,25100,2025-07-14T09:20:00+05:30,24.85,49.70,10.00,2025-07-14T15:20:00+05:30,19.95,day_close,2.90,754.00,50.00,704.00,
2025-07-15,TRADED,2025-07-17,CE,25400,NIFTY_25400_CE_17_JUL_25.csv,2025-07-15T09:20:00+05:30,25140.0,25150,2025-07-15T09:20:00+05:30,25.35,50.70,10.00,2025-07-15T15:20:00+05:30,21.9,day_close,1.45,377.00,50.00,327.00,
2025-07-15,TRADED,2025-07-17,PE,24900,NIFTY_24900_PE_17_JUL_25.csv,2025-07-15T09:20:00+05:30,25140.0,25150,2025-07-15T09:20:00+05:30,23.4,46.80,10.00,2025-07-15T12:36:00+05:30,10.00,target,11.40,2964.00,50.00,2914.00,
2025-07-16,TRADED,2025-07-17,CE,25300,NIFTY_25300_CE_17_JUL_25.csv,2025-07-16T09:20:00+05:30,25159.7,25150,2025-07-16T09:20:00+05:30,23.95,47.90,10.00,2025-07-16T15:20:00+05:30,27.1,day_close,-5.15,-1339.00,50.00,-1389.00,
2025-07-16,TRADED,2025-07-17,PE,25050,NIFTY_25050_PE_17_JUL_25.csv,2025-07-16T09:20:00+05:30,25159.7,25150,2025-07-16T09:20:00+05:30,26.05,52.10,10.00,2025-07-16T15:20:00+05:30,12.55,day_close,11.50,2990.00,50.00,2940.00,
2025-07-18,TRADED,2025-07-24,CE,25450,NIFTY_25450_CE_24_JUL_25.csv,2025-07-18T09:20:00+05:30,25087.3,25100,2025-07-18T09:20:00+05:30,25.3,50.60,10.00,2025-07-18T15:20:00+05:30,17.4,day_close,5.90,1534.00,50.00,1484.00,
2025-07-18,TRADED,2025-07-24,PE,24750,NIFTY_24750_PE_24_JUL_25.csv,2025-07-18T09:20:00+05:30,25087.3,25100,2025-07-18T09:20:00+05:30,26.95,53.90,10.00,2025-07-18T10:17:00+05:30,53.90,stop_loss,-28.95,-7527.00,50.00,-7577.00,
2025-07-21,TRADED,2025-07-24,CE,25300,NIFTY_25300_CE_24_JUL_25.csv,2025-07-21T09:20:00+05:30,24955.2,24950,2025-07-21T09:20:00+05:30,22.6,45.20,10.00,2025-07-21T15:20:00+05:30,32.15,day_close,-11.55,-3003.00,50.00,-3053.00,
2025-07-21,TRADED,2025-07-24,PE,24700,NIFTY_24700_PE_24_JUL_25.csv,2025-07-21T09:20:00+05:30,24955.2,24950,2025-07-21T09:20:00+05:30,25.65,51.30,10.00,2025-07-21T15:20:00+05:30,11.3,day_close,12.35,3211.00,50.00,3161.00,
2025-07-22,TRADED,2025-07-24,CE,25350,NIFTY_25350_CE_24_JUL_25.csv,2025-07-22T09:20:00+05:30,25129.55,25150,2025-07-22T09:20:00+05:30,22.35,44.70,10.00,2025-07-22T14:17:00+05:30,10.00,target,10.35,2691.00,50.00,2641.00,
2025-07-22,TRADED,2025-07-24,PE,24900,NIFTY_24900_PE_24_JUL_25.csv,2025-07-22T09:20:00+05:30,25129.55,25150,2025-07-22T09:20:00+05:30,21.95,43.90,10.00,2025-07-22T15:20:00+05:30,18.8,day_close,1.15,299.00,50.00,249.00,
2025-07-23,TRADED,2025-07-24,CE,25250,NIFTY_25250_CE_24_JUL_25.csv,2025-07-23T09:20:00+05:30,25132.55,25150,2025-07-23T09:20:00+05:30,23.3,46.60,10.00,2025-07-23T15:20:00+05:30,37.55,day_close,-16.25,-4225.00,50.00,-4275.00,
2025-07-23,TRADED,2025-07-24,PE,25050,NIFTY_25050_PE_24_JUL_25.csv,2025-07-23T09:20:00+05:30,25132.55,25150,2025-07-23T09:20:00+05:30,29.3,58.60,10.00,2025-07-23T14:58:00+05:30,10.00,target,17.30,4498.00,50.00,4448.00,
2025-07-25,TRADED,2025-07-31,CE,25300,NIFTY_25300_CE_31_JUL_25.csv,2025-07-25T09:20:00+05:30,24935.05,24950,2025-07-25T09:20:00+05:30,25.75,51.50,10.00,2025-07-25T15:20:00+05:30,17.6,day_close,6.15,1599.00,50.00,1549.00,
2025-07-25,TRADED,2025-07-31,PE,24550,NIFTY_24550_PE_31_JUL_25.csv,2025-07-25T09:20:00+05:30,24935.05,24950,2025-07-25T09:20:00+05:30,25.35,50.70,10.00,2025-07-25T15:20:00+05:30,31.5,day_close,-8.15,-2119.00,50.00,-2169.00,
2025-07-28,TRADED,2025-07-31,CE,25150,NIFTY_25150_CE_31_JUL_25.csv,2025-07-28T09:20:00+05:30,24787.8,24800,2025-07-28T09:20:00+05:30,25.3,50.60,10.00,2025-07-28T15:20:00+05:30,15.55,day_close,7.75,2015.00,50.00,1965.00,
2025-07-28,TRADED,2025-07-31,PE,24450,NIFTY_24450_PE_31_JUL_25.csv,2025-07-28T09:20:00+05:30,24787.8,24800,2025-07-28T09:20:00+05:30,22.25,44.50,10.00,2025-07-28T15:20:00+05:30,28.15,day_close,-7.90,-2054.00,50.00,-2104.00,
2025-07-29,TRADED,2025-07-31,CE,25000,NIFTY_25000_CE_31_JUL_25.csv,2025-07-29T09:20:00+05:30,24684.5,24700,2025-07-29T09:20:00+05:30,27.0,54.00,10.00,2025-07-29T15:20:00+05:30,31.2,day_close,-6.20,-1612.00,50.00,-1662.00,
2025-07-29,TRADED,2025-07-31,PE,24400,NIFTY_24400_PE_31_JUL_25.csv,2025-07-29T09:20:00+05:30,24684.5,24700,2025-07-29T09:20:00+05:30,23.45,46.90,10.00,2025-07-29T13:34:00+05:30,10.00,target,11.45,2977.00,50.00,2927.00,
2025-07-30,TRADED,2025-07-31,CE,25000,NIFTY_25000_CE_31_JUL_25.csv,2025-07-30T09:20:00+05:30,24862.0,24850,2025-07-30T09:20:00+05:30,27.1,54.20,10.00,2025-07-30T15:20:00+05:30,20.1,day_close,5.00,1300.00,50.00,1250.00,
2025-07-30,TRADED,2025-07-31,PE,24700,NIFTY_24700_PE_31_JUL_25.csv,2025-07-30T09:20:00+05:30,24862.0,24850,2025-07-30T09:20:00+05:30,24.75,49.50,10.00,2025-07-30T15:20:00+05:30,15.3,day_close,7.45,1937.00,50.00,1887.00,
2025-07-31,TRADED,2025-07-31,CE,24750,NIFTY_24750_CE_31_JUL_25.csv,2025-07-31T09:20:00+05:30,24680.35,24700,2025-07-31T09:20:00+05:30,29.25,58.50,10.00,2025-07-31T11:05:00+05:30,58.50,stop_loss,-31.25,-8125.00,50.00,-8175.00,
2025-07-31,TRADED,2025-07-31,PE,24550,NIFTY_24550_PE_31_JUL_25.csv,2025-07-31T09:20:00+05:30,24680.35,24700,2025-07-31T09:20:00+05:30,24.55,49.10,10.00,2025-07-31T10:44:00+05:30,10.00,target,12.55,3263.00,50.00,3213.00,
2025-08-01,TRADED,2025-08-07,CE,25150,NIFTY_25150_CE_07_AUG_25.csv,2025-08-01T09:20:00+05:30,24725.9,24750,2025-08-01T09:20:00+05:30,27.15,54.30,10.00,2025-08-01T15:20:00+05:30,13.1,day_close,12.05,3133.00,50.00,3083.00,
2025-08-01,TRADED,2025-08-07,PE,24250,NIFTY_24250_PE_07_AUG_25.csv,2025-08-01T09:20:00+05:30,24725.9,24750,2025-08-01T09:20:00+05:30,26.5,53.00,10.00,2025-08-01T15:09:00+05:30,53.00,stop_loss,-28.50,-7410.00,50.00,-7460.00,
2025-08-04,TRADED,2025-08-07,CE,25050,NIFTY_25050_CE_07_AUG_25.csv,2025-08-04T09:20:00+05:30,24642.75,24650,2025-08-04T09:20:00+05:30,22.65,45.30,10.00,2025-08-04T15:20:00+05:30,22.3,day_close,-1.65,-429.00,50.00,-479.00,
2025-08-04,TRADED,2025-08-07,PE,24200,NIFTY_24200_PE_07_AUG_25.csv,2025-08-04T09:20:00+05:30,24642.75,24650,2025-08-04T09:20:00+05:30,22.5,45.00,10.00,2025-08-04T15:20:00+05:30,12.3,day_close,8.20,2132.00,50.00,2082.00,
2025-08-05,TRADED,2025-08-07,CE,24950,NIFTY_24950_CE_07_AUG_25.csv,2025-08-05T09:20:00+05:30,24684.75,24700,2025-08-05T09:20:00+05:30,25.5,51.00,10.00,2025-08-05T14:06:00+05:30,10.00,target,13.50,3510.00,50.00,3460.00,
2025-08-05,TRADED,2025-08-07,PE,24400,NIFTY_24400_PE_07_AUG_25.csv,2025-08-05T09:20:00+05:30,24684.75,24700,2025-08-05T09:20:00+05:30,25.1,50.20,10.00,2025-08-05T15:20:00+05:30,19.25,day_close,3.85,1001.00,50.00,951.00,
2025-08-06,TRADED,2025-08-07,CE,24850,NIFTY_24850_CE_07_AUG_25.csv,2025-08-06T09:20:00+05:30,24652.1,24650,2025-08-06T09:20:00+05:30,24.45,48.90,10.00,2025-08-06T10:45:00+05:30,10.00,target,12.45,3237.00,50.00,3187.00,
2025-08-06,TRADED,2025-08-07,PE,24450,NIFTY_24450_PE_07_AUG_25.csv,2025-08-06T09:20:00+05:30,24652.1,24650,2025-08-06T09:20:00+05:30,24.4,48.80,10.00,2025-08-06T15:20:00+05:30,27.9,day_close,-5.50,-1430.00,50.00,-1480.00,
2025-08-08,TRADED,2025-08-14,CE,24950,NIFTY_24950_CE_14_AUG_25.csv,2025-08-08T09:20:00+05:30,24573.0,24550,2025-08-08T09:20:00+05:30,26.3,52.60,10.00,2025-08-08T15:20:00+05:30,11.55,day_close,12.75,3315.00,50.00,3265.00,
2025-08-08,TRADED,2025-08-14,PE,24200,NIFTY_24200_PE_14_AUG_25.csv,2025-08-08T09:20:00+05:30,24573.0,24550,2025-08-08T09:20:00+05:30,25.95,51.90,10.00,2025-08-08T10:07:00+05:30,51.90,stop_loss,-27.95,-7267.00,50.00,-7317.00,
2025-08-11,TRADED,2025-08-14,CE,24750,NIFTY_24750_CE_14_AUG_25.csv,2025-08-11T09:20:00+05:30,24401.2,24400,2025-08-11T09:20:00+05:30,27.9,55.80,10.00,2025-08-11T15:20:00+05:30,37.25,day_close,-11.35,-2951.00,50.00,-3001.00,
2025-08-11,TRADED,2025-08-14,PE,24050,NIFTY_24050_PE_14_AUG_25.csv,2025-08-11T09:20:00+05:30,24401.2,24400,2025-08-11T09:20:00+05:30,23.3,46.60,10.00,2025-08-11T14:30:00+05:30,10.00,target,11.30,2938.00,50.00,2888.00,
2025-08-12,TRADED,2025-08-14,CE,24800,NIFTY_24800_CE_14_AUG_25.csv,2025-08-12T09:20:00+05:30,24573.3,24550,2025-08-12T09:20:00+05:30,23.75,47.50,10.00,2025-08-12T09:58:00+05:30,47.50,stop_loss,-25.75,-6695.00,50.00,-6745.00,
2025-08-12,TRADED,2025-08-14,PE,24350,NIFTY_24350_PE_14_AUG_25.csv,2025-08-12T09:20:00+05:30,24573.3,24550,2025-08-12T09:20:00+05:30,26.1,52.20,10.00,2025-08-12T15:20:00+05:30,29.05,day_close,-4.95,-1287.00,50.00,-1337.00,
2025-08-13,TRADED,2025-08-14,CE,24750,NIFTY_24750_CE_14_AUG_25.csv,2025-08-13T09:20:00+05:30,24566.2,24550,2025-08-13T09:20:00+05:30,22.7,45.40,10.00,2025-08-13T15:20:00+05:30,21.55,day_close,-0.85,-221.00,50.00,-271.00,
2025-08-13,TRADED,2025-08-14,PE,24400,NIFTY_24400_PE_14_AUG_25.csv,2025-08-13T09:20:00+05:30,24566.2,24550,2025-08-13T09:20:00+05:30,21.9,43.80,10.00,2025-08-13T13:38:00+05:30,10.00,target,9.90,2574.00,50.00,2524.00,
2025-08-14,TRADED,2025-08-14,CE,24700,NIFTY_24700_CE_14_AUG_25.csv,2025-08-14T09:20:00+05:30,24640.15,24650,2025-08-14T09:20:00+05:30,26.2,52.40,10.00,2025-08-14T12:18:00+05:30,10.00,target,14.20,3692.00,50.00,3642.00,
2025-08-14,TRADED,2025-08-14,PE,24550,NIFTY_24550_PE_14_AUG_25.csv,2025-08-14T09:20:00+05:30,24640.15,24650,2025-08-14T09:20:00+05:30,22.1,44.20,10.00,2025-08-14T11:00:00+05:30,10.00,target,10.10,2626.00,50.00,2576.00,
2025-08-18,TRADED,2025-08-21,CE,25350,NIFTY_25350_CE_21_AUG_25.csv,2025-08-18T09:20:00+05:30,24945.05,24950,2025-08-18T09:20:00+05:30,25.9,51.80,10.00,2025-08-18T15:11:00+05:30,10.00,target,13.90,3614.00,50.00,3564.00,
2025-08-18,TRADED,2025-08-21,PE,24600,NIFTY_24600_PE_21_AUG_25.csv,2025-08-18T09:20:00+05:30,24945.05,24950,2025-08-18T09:20:00+05:30,26.65,53.30,10.00,2025-08-18T15:20:00+05:30,19.35,day_close,5.30,1378.00,50.00,1328.00,
2025-08-19,TRADED,2025-08-21,CE,25150,NIFTY_25150_CE_21_AUG_25.csv,2025-08-19T09:20:00+05:30,24905.5,24900,2025-08-19T09:20:00+05:30,22.7,45.40,10.00,2025-08-19T15:20:00+05:30,25.35,day_close,-4.65,-1209.00,50.00,-1259.00,
2025-08-19,TRADED,2025-08-21,PE,24700,NIFTY_24700_PE_21_AUG_25.csv,2025-08-19T09:20:00+05:30,24905.5,24900,2025-08-19T09:20:00+05:30,27.65,55.30,10.00,2025-08-19T14:50:00+05:30,10.00,target,15.65,4069.00,50.00,4019.00,
2025-08-20,TRADED,2025-08-21,CE,25100,NIFTY_25100_CE_21_AUG_25.csv,2025-08-20T09:20:00+05:30,24942.9,24950,2025-08-20T09:20:00+05:30,20.8,41.60,10.00,2025-08-20T11:13:00+05:30,41.60,stop_loss,-22.80,-5928.00,50.00,-5978.00,
2025-08-20,TRADED,2025-08-21,PE,24800,NIFTY_24800_PE_21_AUG_25.csv,2025-08-20T09:20:00+05:30,24942.9,24950,2025-08-20T09:20:00+05:30,24.1,48.20,10.00,2025-08-20T12:11:00+05:30,10.00,target,12.10,3146.00,50.00,3096.00,
2025-08-22,TRADED,2025-08-28,CE,25300,NIFTY_25300_CE_28_AUG_25.csv,2025-08-22T09:20:00+05:30,25022.25,25000,2025-08-22T09:20:00+05:30,27.6,55.20,10.00,2025-08-22T15:20:00+05:30,15.7,day_close,9.90,2574.00,50.00,2524.00,
2025-08-22,TRADED,2025-08-28,PE,24700,NIFTY_24700_PE_28_AUG_25.csv,2025-08-22T09:20:00+05:30,25022.25,25000,2025-08-22T09:20:00+05:30,23.55,47.10,10.00,2025-08-22T14:33:00+05:30,47.10,stop_loss,-25.55,-6643.00,50.00,-6693.00,
2025-08-25,TRADED,2025-08-28,CE,25200,NIFTY_25200_CE_28_AUG_25.csv,2025-08-25T09:20:00+05:30,24922.9,24900,2025-08-25T09:20:00+05:30,21.3,42.60,10.00,2025-08-25T15:20:00+05:30,16.95,day_close,2.35,611.00,50.00,561.00,
2025-08-25,TRADED,2025-08-28,PE,24650,NIFTY_24650_PE_28_AUG_25.csv,2025-08-25T09:20:00+05:30,24922.9,24900,2025-08-25T09:20:00+05:30,21.9,43.80,10.00,2025-08-25T11:33:00+05:30,10.00,target,9.90,2574.00,50.00,2524.00,
2025-08-26,TRADED,2025-08-28,CE,25000,NIFTY_25000_CE_28_AUG_25.csv,2025-08-26T09:20:00+05:30,24846.6,24850,2025-08-26T09:20:00+05:30,26.2,52.40,10.00,2025-08-26T15:20:00+05:30,12.35,day_close,11.85,3081.00,50.00,3031.00,
2025-08-26,TRADED,2025-08-28,PE,24700,NIFTY_24700_PE_28_AUG_25.csv,2025-08-26T09:20:00+05:30,24846.6,24850,2025-08-26T09:20:00+05:30,23.7,47.40,10.00,2025-08-26T09:23:00+05:30,47.40,stop_loss,-25.70,-6682.00,50.00,-6732.00,
2025-08-28,TRADED,2025-08-28,CE,24650,NIFTY_24650_CE_28_AUG_25.csv,2025-08-28T09:20:00+05:30,24575.55,24600,2025-08-28T09:20:00+05:30,25.8,51.60,10.00,2025-08-28T10:58:00+05:30,51.60,stop_loss,-27.80,-7228.00,50.00,-7278.00,
2025-08-28,TRADED,2025-08-28,PE,24500,NIFTY_24500_PE_28_AUG_25.csv,2025-08-28T09:20:00+05:30,24575.55,24600,2025-08-28T09:20:00+05:30,23.45,46.90,10.00,2025-08-28T09:25:00+05:30,46.90,stop_loss,-25.45,-6617.00,50.00,-6667.00,
2025-08-29,TRADED,2025-09-02,CE,24800,NIFTY_24800_CE_02_SEP_25.csv,2025-08-29T09:20:00+05:30,24508.7,24500,2025-08-29T09:20:00+05:30,25.75,51.50,10.00,2025-08-29T14:40:00+05:30,10.00,target,13.75,3575.00,50.00,3525.00,
2025-08-29,TRADED,2025-09-02,PE,24250,NIFTY_24250_PE_02_SEP_25.csv,2025-08-29T09:20:00+05:30,24508.7,24500,2025-08-29T09:20:00+05:30,26.85,53.70,10.00,2025-08-29T14:21:00+05:30,10.00,target,14.85,3861.00,50.00,3811.00,
2025-09-01,TRADED,2025-09-02,CE,24700,NIFTY_24700_CE_02_SEP_25.csv,2025-09-01T09:20:00+05:30,24522.55,24500,2025-09-01T09:20:00+05:30,20.8,41.60,10.00,2025-09-01T15:20:00+05:30,29.0,day_close,-10.20,-2652.00,50.00,-2702.00,
2025-09-01,TRADED,2025-09-02,PE,24400,NIFTY_24400_PE_02_SEP_25.csv,2025-09-01T09:20:00+05:30,24522.55,24500,2025-09-01T09:20:00+05:30,22.85,45.70,10.00,2025-09-01T12:30:00+05:30,10.00,target,10.85,2821.00,50.00,2771.00,
2025-09-03,TRADED,2025-09-09,CE,24900,NIFTY_24900_CE_09_SEP_25.csv,2025-09-03T09:20:00+05:30,24541.2,24550,2025-09-03T09:20:00+05:30,25.5,51.00,10.00,2025-09-03T15:10:00+05:30,51.00,stop_loss,-27.50,-7150.00,50.00,-7200.00,
2025-09-03,TRADED,2025-09-09,PE,24150,NIFTY_24150_PE_09_SEP_25.csv,2025-09-03T09:20:00+05:30,24541.2,24550,2025-09-03T09:20:00+05:30,23.55,47.10,10.00,2025-09-03T15:02:00+05:30,10.00,target,11.55,3003.00,50.00,2953.00,
2025-09-04,TRADED,2025-09-09,CE,25150,NIFTY_25150_CE_09_SEP_25.csv,2025-09-04T09:20:00+05:30,24864.85,24850,2025-09-04T09:20:00+05:30,25.5,51.00,10.00,2025-09-04T15:04:00+05:30,10.00,target,13.50,3510.00,50.00,3460.00,
2025-09-04,TRADED,2025-09-09,PE,24550,NIFTY_24550_PE_09_SEP_25.csv,2025-09-04T09:20:00+05:30,24864.85,24850,2025-09-04T09:20:00+05:30,22.55,45.10,10.00,2025-09-04T15:20:00+05:30,32.7,day_close,-12.15,-3159.00,50.00,-3209.00,
2025-09-05,TRADED,2025-09-09,CE,25050,NIFTY_25050_CE_09_SEP_25.csv,2025-09-05T09:20:00+05:30,24826.25,24850,2025-09-05T09:20:00+05:30,22.1,44.20,10.00,2025-09-05T10:21:00+05:30,10.00,target,10.10,2626.00,50.00,2576.00,
2025-09-05,TRADED,2025-09-09,PE,24650,NIFTY_24650_PE_09_SEP_25.csv,2025-09-05T09:20:00+05:30,24826.25,24850,2025-09-05T09:20:00+05:30,25.7,51.40,10.00,2025-09-05T10:10:00+05:30,51.40,stop_loss,-27.70,-7202.00,50.00,-7252.00,
2025-09-08,TRADED,2025-09-09,CE,24950,NIFTY_24950_CE_09_SEP_25.csv,2025-09-08T09:20:00+05:30,24788.95,24800,2025-09-08T09:20:00+05:30,20.0,40.00,10.00,2025-09-08T15:20:00+05:30,13.9,day_close,4.10,1066.00,50.00,1016.00,
2025-09-08,TRADED,2025-09-09,PE,24650,NIFTY_24650_PE_09_SEP_25.csv,2025-09-08T09:20:00+05:30,24788.95,24800,2025-09-08T09:20:00+05:30,23.55,47.10,10.00,2025-09-08T12:18:00+05:30,10.00,target,11.55,3003.00,50.00,2953.00,
2025-09-09,TRADED,2025-09-09,CE,24900,NIFTY_24900_CE_09_SEP_25.csv,2025-09-09T09:20:00+05:30,24851.85,24850,2025-09-09T09:20:00+05:30,27.8,55.60,10.00,2025-09-09T14:00:00+05:30,10.00,target,15.80,4108.00,50.00,4058.00,
2025-09-09,TRADED,2025-09-09,PE,24800,NIFTY_24800_PE_09_SEP_25.csv,2025-09-09T09:20:00+05:30,24851.85,24850,2025-09-09T09:20:00+05:30,25.95,51.90,10.00,2025-09-09T13:31:00+05:30,10.00,target,13.95,3627.00,50.00,3577.00,
2025-09-10,TRADED,2025-09-16,CE,25300,NIFTY_25300_CE_16_SEP_25.csv,2025-09-10T09:20:00+05:30,24963.0,24950,2025-09-10T09:20:00+05:30,21.5,43.00,10.00,2025-09-10T15:20:00+05:30,22.3,day_close,-2.80,-728.00,50.00,-778.00,
2025-09-10,TRADED,2025-09-16,PE,24650,NIFTY_24650_PE_16_SEP_25.csv,2025-09-10T09:20:00+05:30,24963.0,24950,2025-09-10T09:20:00+05:30,27.0,54.00,10.00,2025-09-10T15:20:00+05:30,19.4,day_close,5.60,1456.00,50.00,1406.00,
2025-09-11,TRADED,2025-09-16,CE,25300,NIFTY_25300_CE_16_SEP_25.csv,2025-09-11T09:20:00+05:30,25002.35,25000,2025-09-11T09:20:00+05:30,22.55,45.10,10.00,2025-09-11T15:20:00+05:30,16.05,day_close,4.50,1170.00,50.00,1120.00,
2025-09-11,TRADED,2025-09-16,PE,24750,NIFTY_24750_PE_16_SEP_25.csv,2025-09-11T09:20:00+05:30,25002.35,25000,2025-09-11T09:20:00+05:30,23.9,47.80,10.00,2025-09-11T15:20:00+05:30,18.45,day_close,3.45,897.00,50.00,847.00,
2025-09-12,TRADED,2025-09-16,CE,25250,NIFTY_25250_CE_16_SEP_25.csv,2025-09-12T09:20:00+05:30,25055.35,25050,2025-09-12T09:20:00+05:30,24.25,48.50,10.00,2025-09-12T15:20:00+05:30,28.95,day_close,-6.70,-1742.00,50.00,-1792.00,
2025-09-12,TRADED,2025-09-16,PE,24900,NIFTY_24900_PE_16_SEP_25.csv,2025-09-12T09:20:00+05:30,25055.35,25050,2025-09-12T09:20:00+05:30,25.5,51.00,10.00,2025-09-12T15:20:00+05:30,17.0,day_close,6.50,1690.00,50.00,1640.00,
2025-09-15,TRADED,2025-09-16,CE,25200,NIFTY_25200_CE_16_SEP_25.csv,2025-09-15T09:20:00+05:30,25091.05,25100,2025-09-15T09:20:00+05:30,26.6,53.20,10.00,2025-09-15T15:20:00+05:30,15.5,day_close,9.10,2366.00,50.00,2316.00,
2025-09-15,TRADED,2025-09-16,PE,25000,NIFTY_25000_PE_16_SEP_25.csv,2025-09-15T09:20:00+05:30,25091.05,25100,2025-09-15T09:20:00+05:30,26.1,52.20,10.00,2025-09-15T15:20:00+05:30,18.9,day_close,5.20,1352.00,50.00,1302.00,
2025-09-17,TRADED,2025-09-23,CE,25600,NIFTY_25600_CE_23_SEP_25.csv,2025-09-17T09:20:00+05:30,25296.45,25300,2025-09-17T09:20:00+05:30,28.0,56.00,10.00,2025-09-17T15:20:00+05:30,31.15,day_close,-5.15,-1339.00,50.00,-1389.00,
2025-09-17,TRADED,2025-09-23,PE,25000,NIFTY_25000_PE_23_SEP_25.csv,2025-09-17T09:20:00+05:30,25296.45,25300,2025-09-17T09:20:00+05:30,25.1,50.20,10.00,2025-09-17T15:20:00+05:30,18.8,day_close,4.30,1118.00,50.00,1068.00,
2025-09-18,TRADED,2025-09-23,CE,25650,NIFTY_25650_CE_23_SEP_25.csv,2025-09-18T09:20:00+05:30,25410.65,25400,2025-09-18T09:20:00+05:30,23.15,46.30,10.00,2025-09-18T15:20:00+05:30,20.45,day_close,0.70,182.00,50.00,132.00,
2025-09-18,TRADED,2025-09-23,PE,25200,NIFTY_25200_PE_23_SEP_25.csv,2025-09-18T09:20:00+05:30,25410.65,25400,2025-09-18T09:20:00+05:30,22.2,44.40,10.00,2025-09-18T15:20:00+05:30,15.55,day_close,4.65,1209.00,50.00,1159.00,
2025-09-19,TRADED,2025-09-23,CE,25550,NIFTY_25550_CE_23_SEP_25.csv,2025-09-19T09:20:00+05:30,25382.0,25400,2025-09-19T09:20:00+05:30,20.8,41.60,10.00,2025-09-19T15:20:00+05:30,16.9,day_close,1.90,494.00,50.00,444.00,
2025-09-19,TRADED,2025-09-23,PE,25250,NIFTY_25250_PE_23_SEP_25.csv,2025-09-19T09:20:00+05:30,25382.0,25400,2025-09-19T09:20:00+05:30,27.9,55.80,10.00,2025-09-19T10:00:00+05:30,55.80,stop_loss,-29.90,-7774.00,50.00,-7824.00,
2025-09-24,TRADED,2025-09-30,CE,25450,NIFTY_25450_CE_30_SEP_25.csv,2025-09-24T09:20:00+05:30,25092.5,25100,2025-09-24T09:20:00+05:30,23.75,47.50,10.00,2025-09-24T15:20:00+05:30,15.5,day_close,6.25,1625.00,50.00,1575.00,
2025-09-24,TRADED,2025-09-30,PE,24800,NIFTY_24800_PE_30_SEP_25.csv,2025-09-24T09:20:00+05:30,25092.5,25100,2025-09-24T09:20:00+05:30,25.6,51.20,10.00,2025-09-24T15:20:00+05:30,21.75,day_close,1.85,481.00,50.00,431.00,
2025-09-25,TRADED,2025-09-30,CE,25350,NIFTY_25350_CE_30_SEP_25.csv,2025-09-25T09:20:00+05:30,25054.4,25050,2025-09-25T09:20:00+05:30,21.95,43.90,10.00,2025-09-25T15:20:00+05:30,12.1,day_close,7.85,2041.00,50.00,1991.00,
2025-09-25,TRADED,2025-09-30,PE,24850,NIFTY_24850_PE_30_SEP_25.csv,2025-09-25T09:20:00+05:30,25054.4,25050,2025-09-25T09:20:00+05:30,27.1,54.20,10.00,2025-09-25T15:03:00+05:30,54.20,stop_loss,-29.10,-7566.00,50.00,-7616.00,
2025-09-26,TRADED,2025-09-30,CE,25100,NIFTY_25100_CE_30_SEP_25.csv,2025-09-26T09:20:00+05:30,24815.15,24800,2025-09-26T09:20:00+05:30,21.35,42.70,10.00,2025-09-26T14:17:00+05:30,10.00,target,9.35,2431.00,50.00,2381.00,
2025-09-26,TRADED,2025-09-30,PE,24650,NIFTY_24650_PE_30_SEP_25.csv,2025-09-26T09:20:00+05:30,24815.15,24800,2025-09-26T09:20:00+05:30,25.05,50.10,10.00,2025-09-26T13:50:00+05:30,50.10,stop_loss,-27.05,-7033.00,50.00,-7083.00,
2025-09-29,TRADED,2025-09-30,CE,24900,NIFTY_24900_CE_30_SEP_25.csv,2025-09-29T09:20:00+05:30,24672.75,24650,2025-09-29T09:20:00+05:30,21.85,43.70,10.00,2025-09-29T12:39:00+05:30,10.00,target,9.85,2561.00,50.00,2511.00,
2025-09-29,TRADED,2025-09-30,PE,24550,NIFTY_24550_PE_30_SEP_25.csv,2025-09-29T09:20:00+05:30,24672.75,24650,2025-09-29T09:20:00+05:30,22.9,45.80,10.00,2025-09-29T10:18:00+05:30,10.00,target,10.90,2834.00,50.00,2784.00,
2025-09-30,TRADED,2025-09-30,CE,24800,NIFTY_24800_CE_30_SEP_25.csv,2025-09-30T09:20:00+05:30,24712.55,24700,2025-09-30T09:20:00+05:30,24.7,49.40,10.00,2025-09-30T10:09:00+05:30,10.00,target,12.70,3302.00,50.00,3252.00,
2025-09-30,TRADED,2025-09-30,PE,24650,NIFTY_24650_PE_30_SEP_25.csv,2025-09-30T09:20:00+05:30,24712.55,24700,2025-09-30T09:20:00+05:30,23.9,47.80,10.00,2025-09-30T09:39:00+05:30,47.80,stop_loss,-25.90,-6734.00,50.00,-6784.00,
2025-10-01,TRADED,2025-10-07,CE,24950,NIFTY_24950_CE_07_OCT_25.csv,2025-10-01T09:20:00+05:30,24621.8,24600,2025-10-01T09:20:00+05:30,26.95,53.90,10.00,2025-10-01T11:46:00+05:30,53.90,stop_loss,-28.95,-7527.00,50.00,-7577.00,
2025-10-01,TRADED,2025-10-07,PE,24300,NIFTY_24300_PE_07_OCT_25.csv,2025-10-01T09:20:00+05:30,24621.8,24600,2025-10-01T09:20:00+05:30,26.85,53.70,10.00,2025-10-01T14:06:00+05:30,10.00,target,14.85,3861.00,50.00,3811.00,
2025-10-03,TRADED,2025-10-07,CE,25000,NIFTY_25000_CE_07_OCT_25.csv,2025-10-03T09:20:00+05:30,24783.65,24800,2025-10-03T09:20:00+05:30,23.85,47.70,10.00,2025-10-03T15:20:00+05:30,29.95,day_close,-8.10,-2106.00,50.00,-2156.00,
2025-10-03,TRADED,2025-10-07,PE,24600,NIFTY_24600_PE_07_OCT_25.csv,2025-10-03T09:20:00+05:30,24783.65,24800,2025-10-03T09:20:00+05:30,25.0,50.00,10.00,2025-10-03T15:20:00+05:30,12.2,day_close,10.80,2808.00,50.00,2758.00,
2025-10-08,TRADED,2025-10-14,CE,25450,NIFTY_25450_CE_14_OCT_25.csv,2025-10-08T09:20:00+05:30,25147.0,25150,2025-10-08T09:20:00+05:30,26.55,53.10,10.00,2025-10-08T15:20:00+05:30,11.5,day_close,13.05,3393.00,50.00,3343.00,
2025-10-08,TRADED,2025-10-14,PE,24850,NIFTY_24850_PE_14_OCT_25.csv,2025-10-08T09:20:00+05:30,25147.0,25150,2025-10-08T09:20:00+05:30,22.35,44.70,10.00,2025-10-08T11:20:00+05:30,44.70,stop_loss,-24.35,-6331.00,50.00,-6381.00,
2025-10-09,TRADED,2025-10-14,CE,25350,NIFTY_25350_CE_14_OCT_25.csv,2025-10-09T09:20:00+05:30,25059.6,25050,2025-10-09T09:20:00+05:30,21.55,43.10,10.00,2025-10-09T11:37:00+05:30,43.10,stop_loss,-23.55,-6123.00,50.00,-6173.00,
2025-10-09,TRADED,2025-10-14,PE,24800,NIFTY_24800_PE_14_OCT_25.csv,2025-10-09T09:20:00+05:30,25059.6,25050,2025-10-09T09:20:00+05:30,23.05,46.10,10.00,2025-10-09T14:53:00+05:30,10.00,target,11.05,2873.00,50.00,2823.00,
2025-10-10,TRADED,2025-10-14,CE,25450,NIFTY_25450_CE_14_OCT_25.csv,2025-10-10T09:20:00+05:30,25221.1,25200,2025-10-10T09:20:00+05:30,20.35,40.70,10.00,2025-10-10T10:20:00+05:30,40.70,stop_loss,-22.35,-5811.00,50.00,-5861.00,
2025-10-10,TRADED,2025-10-14,PE,25050,NIFTY_25050_PE_14_OCT_25.csv,2025-10-10T09:20:00+05:30,25221.1,25200,2025-10-10T09:20:00+05:30,25.3,50.60,10.00,2025-10-10T15:20:00+05:30,12.55,day_close,10.75,2795.00,50.00,2745.00,
2025-10-13,TRADED,2025-10-14,CE,25350,NIFTY_25350_CE_14_OCT_25.csv,2025-10-13T09:20:00+05:30,25213.85,25200,2025-10-13T09:20:00+05:30,29.6,59.20,10.00,2025-10-13T15:20:00+05:30,21.8,day_close,5.80,1508.00,50.00,1458.00,
2025-10-13,TRADED,2025-10-14,PE,25050,NIFTY_25050_PE_14_OCT_25.csv,2025-10-13T09:20:00+05:30,25213.85,25200,2025-10-13T09:20:00+05:30,25.75,51.50,10.00,2025-10-13T14:31:00+05:30,10.00,target,13.75,3575.00,50.00,3525.00,
2025-10-14,TRADED,2025-10-14,CE,25350,NIFTY_25350_CE_14_OCT_25.csv,2025-10-14T09:20:00+05:30,25290.75,25300,2025-10-14T09:20:00+05:30,29.75,59.50,10.00,2025-10-14T10:42:00+05:30,10.00,target,17.75,4615.00,50.00,4565.00,
2025-10-14,TRADED,2025-10-14,PE,25250,NIFTY_25250_PE_14_OCT_25.csv,2025-10-14T09:20:00+05:30,25290.75,25300,2025-10-14T09:20:00+05:30,28.65,57.30,10.00,2025-10-14T09:48:00+05:30,57.30,stop_loss,-30.65,-7969.00,50.00,-8019.00,
2025-10-15,TRADED,2025-10-20,CE,25600,NIFTY_25600_CE_20_OCT_25.csv,2025-10-15T09:20:00+05:30,25242.0,25250,2025-10-15T09:20:00+05:30,24.35,48.70,10.00,2025-10-15T15:20:00+05:30,25.55,day_close,-3.20,-832.00,50.00,-882.00,
2025-10-15,TRADED,2025-10-20,PE,24950,NIFTY_24950_PE_20_OCT_25.csv,2025-10-15T09:20:00+05:30,25242.0,25250,2025-10-15T09:20:00+05:30,24.85,49.70,10.00,2025-10-15T15:20:00+05:30,16.35,day_close,6.50,1690.00,50.00,1640.00,
2025-10-16,TRADED,2025-10-20,CE,25650,NIFTY_25650_CE_20_OCT_25.csv,2025-10-16T09:20:00+05:30,25412.5,25400,2025-10-16T09:20:00+05:30,28.55,57.10,10.00,2025-10-16T13:36:00+05:30,57.10,stop_loss,-30.55,-7943.00,50.00,-7993.00,
2025-10-16,TRADED,2025-10-20,PE,25200,NIFTY_25200_PE_20_OCT_25.csv,2025-10-16T09:20:00+05:30,25412.5,25400,2025-10-16T09:20:00+05:30,27.05,54.10,10.00,2025-10-16T15:20:00+05:30,14.3,day_close,10.75,2795.00,50.00,2745.00,
2025-10-17,TRADED,2025-10-20,CE,25750,NIFTY_25750_CE_20_OCT_25.csv,2025-10-17T09:20:00+05:30,25553.2,25550,2025-10-17T09:20:00+05:30,23.0,46.00,10.00,2025-10-17T10:06:00+05:30,46.00,stop_loss,-25.00,-6500.00,50.00,-6550.00,
2025-10-17,TRADED,2025-10-20,PE,25350,NIFTY_25350_PE_20_OCT_25.csv,2025-10-17T09:20:00+05:30,25553.2,25550,2025-10-17T09:20:00+05:30,26.9,53.80,10.00,2025-10-17T14:31:00+05:30,10.00,target,14.90,3874.00,50.00,3824.00,
2025-10-20,TRADED,2025-10-20,CE,26000,NIFTY_26000_CE_20_OCT_25.csv,2025-10-20T09:20:00+05:30,25903.25,25900,2025-10-20T09:20:00+05:30,26.15,52.30,10.00,2025-10-20T11:16:00+05:30,10.00,target,14.15,3679.00,50.00,3629.00,
2025-10-20,TRADED,2025-10-20,PE,25850,NIFTY_25850_PE_20_OCT_25.csv,2025-10-20T09:20:00+05:30,25903.25,25900,2025-10-20T09:20:00+05:30,26.45,52.90,10.00,2025-10-20T09:25:00+05:30,52.90,stop_loss,-28.45,-7397.00,50.00,-7447.00,
2025-10-23,TRADED,2025-10-28,CE,26400,NIFTY_26400_CE_28_OCT_25.csv,2025-10-23T09:20:00+05:30,26003.2,26000,2025-10-23T09:20:00+05:30,24.45,48.90,10.00,2025-10-23T15:09:00+05:30,10.00,target,12.45,3237.00,50.00,3187.00,
2025-10-23,TRADED,2025-10-28,PE,25700,NIFTY_25700_PE_28_OCT_25.csv,2025-10-23T09:20:00+05:30,26003.2,26000,2025-10-23T09:20:00+05:30,26.4,52.80,10.00,2025-10-23T15:20:00+05:30,32.05,day_close,-7.65,-1989.00,50.00,-2039.00,
2025-10-24,TRADED,2025-10-28,CE,26150,NIFTY_26150_CE_28_OCT_25.csv,2025-10-24T09:20:00+05:30,25851.15,25850,2025-10-24T09:20:00+05:30,26.6,53.20,10.00,2025-10-24T15:20:00+05:30,17.45,day_close,7.15,1859.00,50.00,1809.00,
2025-10-24,TRADED,2025-10-28,PE,25600,NIFTY_25600_PE_28_OCT_25.csv,2025-10-24T09:20:00+05:30,25851.15,25850,2025-10-24T09:20:00+05:30,22.45,44.90,10.00,2025-10-24T13:39:00+05:30,44.90,stop_loss,-24.45,-6357.00,50.00,-6407.00,
2025-10-27,TRADED,2025-10-28,CE,26100,NIFTY_26100_CE_28_OCT_25.csv,2025-10-27T09:20:00+05:30,25862.85,25850,2025-10-27T09:20:00+05:30,22.25,44.50,10.00,2025-10-27T09:40:00+05:30,44.50,stop_loss,-24.25,-6305.00,50.00,-6355.00,
2025-10-27,TRADED,2025-10-28,PE,25750,NIFTY_25750_PE_28_OCT_25.csv,2025-10-27T09:20:00+05:30,25862.85,25850,2025-10-27T09:20:00+05:30,26.45,52.90,10.00,2025-10-27T15:20:00+05:30,12.4,day_close,12.05,3133.00,50.00,3083.00,
2025-10-28,TRADED,2025-10-28,CE,26100,NIFTY_26100_CE_28_OCT_25.csv,2025-10-28T09:20:00+05:30,25968.05,25950,2025-10-28T09:20:00+05:30,26.85,53.70,10.00,2025-10-28T10:32:00+05:30,10.00,target,14.85,3861.00,50.00,3811.00,
2025-10-28,TRADED,2025-10-28,PE,25850,NIFTY_25850_PE_28_OCT_25.csv,2025-10-28T09:20:00+05:30,25968.05,25950,2025-10-28T09:20:00+05:30,23.9,47.80,10.00,2025-10-28T10:31:00+05:30,47.80,stop_loss,-25.90,-6734.00,50.00,-6784.00,
2025-10-29,TRADED,2025-11-04,CE,26500,NIFTY_26500_CE_04_NOV_25.csv,2025-10-29T09:20:00+05:30,25980.55,26000,2025-10-29T09:20:00+05:30,27.35,54.70,10.00,2025-10-29T15:20:00+05:30,29.65,day_close,-4.30,-1118.00,50.00,-1168.00,
2025-10-29,TRADED,2025-11-04,PE,25550,NIFTY_25550_PE_04_NOV_25.csv,2025-10-29T09:20:00+05:30,25980.55,26000,2025-10-29T09:20:00+05:30,23.85,47.70,10.00,2025-10-29T15:20:00+05:30,16.15,day_close,5.70,1482.00,50.00,1432.00,
2025-10-30,TRADED,2025-11-04,CE,26400,NIFTY_26400_CE_04_NOV_25.csv,2025-10-30T09:20:00+05:30,25982.05,26000,2025-10-30T09:20:00+05:30,26.0,52.00,10.00,2025-10-30T15:20:00+05:30,11.95,day_close,12.05,3133.00,50.00,3083.00,
2025-10-30,TRADED,2025-11-04,PE,25650,NIFTY_25650_PE_04_NOV_25.csv,2025-10-30T09:20:00+05:30,25982.05,26000,2025-10-30T09:20:00+05:30,25.75,51.50,10.00,2025-10-30T15:20:00+05:30,28.25,day_close,-4.50,-1170.00,50.00,-1220.00,
2025-10-31,TRADED,2025-11-04,CE,26200,NIFTY_26200_CE_04_NOV_25.csv,2025-10-31T09:20:00+05:30,25863.65,25850,2025-10-31T09:20:00+05:30,24.15,48.30,10.00,2025-10-31T15:20:00+05:30,14.05,day_close,8.10,2106.00,50.00,2056.00,
2025-10-31,TRADED,2025-11-04,PE,25600,NIFTY_25600_PE_04_NOV_25.csv,2025-10-31T09:20:00+05:30,25863.65,25850,2025-10-31T09:20:00+05:30,23.55,47.10,10.00,2025-10-31T15:20:00+05:30,28.5,day_close,-6.95,-1807.00,50.00,-1857.00,
2025-11-03,TRADED,2025-11-04,CE,25950,NIFTY_25950_CE_04_NOV_25.csv,2025-11-03T09:20:00+05:30,25687.45,25700,2025-11-03T09:20:00+05:30,25.9,51.80,10.00,2025-11-03T15:20:00+05:30,20.2,day_close,3.70,962.00,50.00,912.00,
2025-11-03,TRADED,2025-11-04,PE,25500,NIFTY_25500_PE_04_NOV_25.csv,2025-11-03T09:20:00+05:30,25687.45,25700,2025-11-03T09:20:00+05:30,22.4,44.80,10.00,2025-11-03T12:56:00+05:30,10.00,target,10.40,2704.00,50.00,2654.00,
2025-11-04,TRADED,2025-11-04,CE,25850,NIFTY_25850_CE_04_NOV_25.csv,2025-11-04T09:20:00+05:30,25754.6,25750,2025-11-04T09:20:00+05:30,26.15,52.30,10.00,2025-11-04T09:47:00+05:30,10.00,target,14.15,3679.00,50.00,3629.00,
2025-11-04,TRADED,2025-11-04,PE,25650,NIFTY_25650_PE_04_NOV_25.csv,2025-11-04T09:20:00+05:30,25754.6,25750,2025-11-04T09:20:00+05:30,21.9,43.80,10.00,2025-11-04T11:25:00+05:30,43.80,stop_loss,-23.90,-6214.00,50.00,-6264.00,
2025-11-06,TRADED,2025-11-11,CE,26050,NIFTY_26050_CE_11_NOV_25.csv,2025-11-06T09:20:00+05:30,25664.1,25650,2025-11-06T09:20:00+05:30,23.75,47.50,10.00,2025-11-06T11:19:00+05:30,10.00,target,11.75,3055.00,50.00,3005.00,
2025-11-06,TRADED,2025-11-11,PE,25350,NIFTY_25350_PE_11_NOV_25.csv,2025-11-06T09:20:00+05:30,25664.1,25650,2025-11-06T09:20:00+05:30,26.6,53.20,10.00,2025-11-06T15:20:00+05:30,35.3,day_close,-10.70,-2782.00,50.00,-2832.00,
2025-11-07,TRADED,2025-11-11,CE,25650,NIFTY_25650_CE_11_NOV_25.csv,2025-11-07T09:20:00+05:30,25374.2,25350,2025-11-07T09:20:00+05:30,25.8,51.60,10.00,2025-11-07T13:26:00+05:30,51.60,stop_loss,-27.80,-7228.00,50.00,-7278.00,
2025-11-07,TRADED,2025-11-11,PE,25150,NIFTY_25150_PE_11_NOV_25.csv,2025-11-07T09:20:00+05:30,25374.2,25350,2025-11-07T09:20:00+05:30,22.7,45.40,10.00,2025-11-07T12:50:00+05:30,10.00,target,10.70,2782.00,50.00,2732.00,
2025-11-11,TRADED,2025-11-11,CE,25650,NIFTY_25650_CE_11_NOV_25.csv,2025-11-11T09:20:00+05:30,25544.65,25550,2025-11-11T09:20:00+05:30,23.0,46.00,10.00,2025-11-11T09:50:00+05:30,10.00,target,11.00,2860.00,50.00,2810.00,
2025-11-11,TRADED,2025-11-11,PE,25450,NIFTY_25450_PE_11_NOV_25.csv,2025-11-11T09:20:00+05:30,25544.65,25550,2025-11-11T09:20:00+05:30,20.7,41.40,10.00,2025-11-11T10:36:00+05:30,41.40,stop_loss,-22.70,-5902.00,50.00,-5952.00,
2025-11-12,TRADED,2025-11-18,CE,26250,NIFTY_26250_CE_18_NOV_25.csv,2025-11-12T09:20:00+05:30,25808.6,25800,2025-11-12T09:20:00+05:30,25.75,51.50,10.00,2025-11-12T15:20:00+05:30,28.1,day_close,-4.35,-1131.00,50.00,-1181.00,
2025-11-12,TRADED,2025-11-18,PE,25400,NIFTY_25400_PE_18_NOV_25.csv,2025-11-12T09:20:00+05:30,25808.6,25800,2025-11-12T09:20:00+05:30,24.45,48.90,10.00,2025-11-12T15:20:00+05:30,18.05,day_close,4.40,1144.00,50.00,1094.00,
2025-11-13,TRADED,2025-11-18,CE,26200,NIFTY_26200_CE_18_NOV_25.csv,2025-11-13T09:20:00+05:30,25842.75,25850,2025-11-13T09:20:00+05:30,25.55,51.10,10.00,2025-11-13T11:04:00+05:30,51.10,stop_loss,-27.55,-7163.00,50.00,-7213.00,
2025-11-13,TRADED,2025-11-18,PE,25450,NIFTY_25450_PE_18_NOV_25.csv,2025-11-13T09:20:00+05:30,25842.75,25850,2025-11-13T09:20:00+05:30,22.8,45.60,10.00,2025-11-13T15:20:00+05:30,26.4,day_close,-5.60,-1456.00,50.00,-1506.00,
2025-11-14,TRADED,2025-11-18,CE,26200,NIFTY_26200_CE_18_NOV_25.csv,2025-11-14T09:20:00+05:30,25811.1,25800,2025-11-14T09:20:00+05:30,26.8,53.60,10.00,2025-11-14T15:20:00+05:30,23.15,day_close,1.65,429.00,50.00,379.00,
2025-11-14,TRADED,2025-11-18,PE,25450,NIFTY_25450_PE_18_NOV_25.csv,2025-11-14T09:20:00+05:30,25811.1,25800,2025-11-14T09:20:00+05:30,23.2,46.40,10.00,2025-11-14T15:03:00+05:30,10.00,target,11.20,2912.00,50.00,2862.00,
2025-11-17,TRADED,2025-11-18,CE,26150,NIFTY_26150_CE_18_NOV_25.csv,2025-11-17T09:20:00+05:30,25952.45,25950,2025-11-17T09:20:00+05:30,24.6,49.20,10.00,2025-11-17T15:20:00+05:30,19.95,day_close,2.65,689.00,50.00,639.00,
2025-11-17,TRADED,2025-11-18,PE,25800,NIFTY_25800_PE_18_NOV_25.csv,2025-11-17T09:20:00+05:30,25952.45,25950,2025-11-17T09:20:00+05:30,27.85,55.70,10.00,2025-11-17T15:20:00+05:30,12.2,day_close,13.65,3549.00,50.00,3499.00,
2025-11-18,TRADED,2025-11-18,CE,26050,NIFTY_26050_CE_18_NOV_25.csv,2025-11-18T09:20:00+05:30,25946.1,25950,2025-11-18T09:20:00+05:30,21.45,42.90,10.00,2025-11-18T10:00:00+05:30,10.00,target,9.45,2457.00,50.00,2407.00,
2025-11-18,TRADED,2025-11-18,PE,25850,NIFTY_25850_PE_18_NOV_25.csv,2025-11-18T09:20:00+05:30,25946.1,25950,2025-11-18T09:20:00+05:30,23.5,47.00,10.00,2025-11-18T11:40:00+05:30,10.00,target,11.50,2990.00,50.00,2940.00,
2025-11-19,TRADED,2025-11-25,CE,26300,NIFTY_26300_CE_25_NOV_25.csv,2025-11-19T09:20:00+05:30,25858.6,25850,2025-11-19T09:20:00+05:30,26.8,53.60,10.00,2025-11-19T13:05:00+05:30,53.60,stop_loss,-28.80,-7488.00,50.00,-7538.00,
2025-11-19,TRADED,2025-11-25,PE,25400,NIFTY_25400_PE_25_NOV_25.csv,2025-11-19T09:20:00+05:30,25858.6,25850,2025-11-19T09:20:00+05:30,24.0,48.00,10.00,2025-11-19T15:20:00+05:30,12.05,day_close,9.95,2587.00,50.00,2537.00,
2025-11-20,TRADED,2025-11-25,CE,26450,NIFTY_26450_CE_25_NOV_25.csv,2025-11-20T09:20:00+05:30,26099.45,26100,2025-11-20T09:20:00+05:30,22.9,45.80,10.00,2025-11-20T13:52:00+05:30,45.80,stop_loss,-24.90,-6474.00,50.00,-6524.00,
2025-11-20,TRADED,2025-11-25,PE,25700,NIFTY_25700_PE_25_NOV_25.csv,2025-11-20T09:20:00+05:30,26099.45,26100,2025-11-20T09:20:00+05:30,22.5,45.00,10.00,2025-11-20T15:20:00+05:30,11.85,day_close,8.65,2249.00,50.00,2199.00,
2025-11-21,TRADED,2025-11-25,CE,26450,NIFTY_26450_CE_25_NOV_25.csv,2025-11-21T09:20:00+05:30,26136.5,26150,2025-11-21T09:20:00+05:30,21.8,43.60,10.00,2025-11-21T15:05:00+05:30,10.00,target,9.80,2548.00,50.00,2498.00,
2025-11-21,TRADED,2025-11-25,PE,25850,NIFTY_25850_PE_25_NOV_25.csv,2025-11-21T09:20:00+05:30,26136.5,26150,2025-11-21T09:20:00+05:30,26.1,52.20,10.00,2025-11-21T15:20:00+05:30,31.7,day_close,-7.60,-1976.00,50.00,-2026.00,
2025-11-24,TRADED,2025-11-25,CE,26300,NIFTY_26300_CE_25_NOV_25.csv,2025-11-24T09:20:00+05:30,26096.95,26100,2025-11-24T09:20:00+05:30,21.4,42.80,10.00,2025-11-24T13:39:00+05:30,10.00,target,9.40,2444.00,50.00,2394.00,
2025-11-24,TRADED,2025-11-25,PE,25950,NIFTY_25950_PE_25_NOV_25.csv,2025-11-24T09:20:00+05:30,26096.95,26100,2025-11-24T09:20:00+05:30,27.4,54.80,10.00,2025-11-24T15:04:00+05:30,54.80,stop_loss,-29.40,-7644.00,50.00,-7694.00,
2025-11-25,TRADED,2025-11-25,CE,26050,NIFTY_26050_CE_25_NOV_25.csv,2025-11-25T09:20:00+05:30,25963.75,25950,2025-11-25T09:20:00+05:30,24.7,49.40,10.00,2025-11-25T11:44:00+05:30,10.00,target,12.70,3302.00,50.00,3252.00,
2025-11-25,TRADED,2025-11-25,PE,25900,NIFTY_25900_PE_25_NOV_25.csv,2025-11-25T09:20:00+05:30,25963.75,25950,2025-11-25T09:20:00+05:30,27.85,55.70,10.00,2025-11-25T11:59:00+05:30,10.00,target,15.85,4121.00,50.00,4071.00,
2025-11-26,TRADED,2025-12-02,CE,26400,NIFTY_26400_CE_02_DEC_25.csv,2025-11-26T09:20:00+05:30,25969.85,25950,2025-11-26T09:20:00+05:30,22.25,44.50,10.00,2025-11-26T09:51:00+05:30,44.50,stop_loss,-24.25,-6305.00,50.00,-6355.00,
2025-11-26,TRADED,2025-12-02,PE,25650,NIFTY_25650_PE_02_DEC_25.csv,2025-11-26T09:20:00+05:30,25969.85,25950,2025-11-26T09:20:00+05:30,26.4,52.80,10.00,2025-11-26T15:20:00+05:30,15.65,day_close,8.75,2275.00,50.00,2225.00,
2025-11-27,TRADED,2025-12-02,CE,26600,NIFTY_26600_CE_02_DEC_25.csv,2025-11-27T09:20:00+05:30,26250.85,26250,2025-11-27T09:20:00+05:30,23.75,47.50,10.00,2025-11-27T13:23:00+05:30,10.00,target,11.75,3055.00,50.00,3005.00,
2025-11-27,TRADED,2025-12-02,PE,25900,NIFTY_25900_PE_02_DEC_25.csv,2025-11-27T09:20:00+05:30,26250.85,26250,2025-11-27T09:20:00+05:30,23.7,47.40,10.00,2025-11-27T15:20:00+05:30,17.15,day_close,4.55,1183.00,50.00,1133.00,
2025-11-28,TRADED,2025-12-02,CE,26500,NIFTY_26500_CE_02_DEC_25.csv,2025-11-28T09:20:00+05:30,26242.95,26250,2025-11-28T09:20:00+05:30,22.85,45.70,10.00,2025-11-28T15:20:00+05:30,12.55,day_close,8.30,2158.00,50.00,2108.00,
2025-11-28,TRADED,2025-12-02,PE,26000,NIFTY_26000_PE_02_DEC_25.csv,2025-11-28T09:20:00+05:30,26242.95,26250,2025-11-28T09:20:00+05:30,26.3,52.60,10.00,2025-11-28T15:20:00+05:30,21.0,day_close,3.30,858.00,50.00,808.00,
2025-12-01,TRADED,2025-12-02,CE,26450,NIFTY_26450_CE_02_DEC_25.csv,2025-12-01T09:20:00+05:30,26283.5,26300,2025-12-01T09:20:00+05:30,23.3,46.60,10.00,2025-12-01T11:42:00+05:30,10.00,target,11.30,2938.00,50.00,2888.00,
2025-12-01,TRADED,2025-12-02,PE,26150,NIFTY_26150_PE_02_DEC_25.csv,2025-12-01T09:20:00+05:30,26283.5,26300,2025-12-01T09:20:00+05:30,27.25,54.50,10.00,2025-12-01T11:46:00+05:30,54.50,stop_loss,-29.25,-7605.00,50.00,-7655.00,
2025-12-03,TRADED,2025-12-09,CE,26400,NIFTY_26400_CE_09_DEC_25.csv,2025-12-03T09:20:00+05:30,26029.75,26050,2025-12-03T09:20:00+05:30,27.45,54.90,10.00,2025-12-03T15:20:00+05:30,19.35,day_close,6.10,1586.00,50.00,1536.00,
2025-12-03,TRADED,2025-12-09,PE,25700,NIFTY_25700_PE_09_DEC_25.csv,2025-12-03T09:20:00+05:30,26029.75,26050,2025-12-03T09:20:00+05:30,27.25,54.50,10.00,2025-12-03T15:20:00+05:30,25.75,day_close,-0.50,-130.00,50.00,-180.00,
2025-12-04,TRADED,2025-12-09,CE,26250,NIFTY_26250_CE_09_DEC_25.csv,2025-12-04T09:20:00+05:30,25949.5,25950,2025-12-04T09:20:00+05:30,27.95,55.90,10.00,2025-12-04T10:29:00+05:30,55.90,stop_loss,-29.95,-7787.00,50.00,-7837.00,
2025-12-04,TRADED,2025-12-09,PE,25650,NIFTY_25650_PE_09_DEC_25.csv,2025-12-04T09:20:00+05:30,25949.5,25950,2025-12-04T09:20:00+05:30,23.35,46.70,10.00,2025-12-04T14:56:00+05:30,10.00,target,11.35,2951.00,50.00,2901.00,
2025-12-05,TRADED,2025-12-09,CE,26300,NIFTY_26300_CE_09_DEC_25.csv,2025-12-05T09:20:00+05:30,26051.35,26050,2025-12-05T09:20:00+05:30,28.15,56.30,10.00,2025-12-05T12:53:00+05:30,56.30,stop_loss,-30.15,-7839.00,50.00,-7889.00,
2025-12-05,TRADED,2025-12-09,PE,25850,NIFTY_25850_PE_09_DEC_25.csv,2025-12-05T09:20:00+05:30,26051.35,26050,2025-12-05T09:20:00+05:30,28.1,56.20,10.00,2025-12-05T12:22:00+05:30,10.00,target,16.10,4186.00,50.00,4136.00,
2025-12-08,TRADED,2025-12-09,CE,26300,NIFTY_26300_CE_09_DEC_25.csv,2025-12-08T09:20:00+05:30,26157.35,26150,2025-12-08T09:20:00+05:30,24.8,49.60,10.00,2025-12-08T10:59:00+05:30,10.00,target,12.80,3328.00,50.00,3278.00,
2025-12-08,TRADED,2025-12-09,PE,26050,NIFTY_26050_PE_09_DEC_25.csv,2025-12-08T09:20:00+05:30,26157.35,26150,2025-12-08T09:20:00+05:30,26.25,52.50,10.00,2025-12-08T11:01:00+05:30,52.50,stop_loss,-28.25,-7345.00,50.00,-7395.00,
2025-12-09,TRADED,2025-12-09,CE,25900,NIFTY_25900_CE_09_DEC_25.csv,2025-12-09T09:20:00+05:30,25819.6,25800,2025-12-09T09:20:00+05:30,29.45,58.90,10.00,2025-12-09T12:24:00+05:30,58.90,stop_loss,-31.45,-8177.00,50.00,-8227.00,
2025-12-09,TRADED,2025-12-09,PE,25750,NIFTY_25750_PE_09_DEC_25.csv,2025-12-09T09:20:00+05:30,25819.6,25800,2025-12-09T09:20:00+05:30,23.05,46.10,10.00,2025-12-09T09:31:00+05:30,46.10,stop_loss,-25.05,-6513.00,50.00,-6563.00,
2025-12-10,TRADED,2025-12-16,CE,26250,NIFTY_26250_CE_16_DEC_25.csv,2025-12-10T09:20:00+05:30,25880.4,25900,2025-12-10T09:20:00+05:30,27.15,54.30,10.00,2025-12-10T15:20:00+05:30,15.5,day_close,9.65,2509.00,50.00,2459.00,
2025-12-10,TRADED,2025-12-16,PE,25550,NIFTY_25550_PE_16_DEC_25.csv,2025-12-10T09:20:00+05:30,25880.4,25900,2025-12-10T09:20:00+05:30,27.85,55.70,10.00,2025-12-10T15:20:00+05:30,42.9,day_close,-17.05,-4433.00,50.00,-4483.00,
2025-12-11,TRADED,2025-12-16,CE,26150,NIFTY_26150_CE_16_DEC_25.csv,2025-12-11T09:20:00+05:30,25755.95,25750,2025-12-11T09:20:00+05:30,22.85,45.70,10.00,2025-12-11T15:20:00+05:30,26.65,day_close,-5.80,-1508.00,50.00,-1558.00,
2025-12-11,TRADED,2025-12-16,PE,25450,NIFTY_25450_PE_16_DEC_25.csv,2025-12-11T09:20:00+05:30,25755.95,25750,2025-12-11T09:20:00+05:30,23.75,47.50,10.00,2025-12-11T12:27:00+05:30,10.00,target,11.75,3055.00,50.00,3005.00,
2025-12-12,TRADED,2025-12-16,CE,26250,NIFTY_26250_CE_16_DEC_25.csv,2025-12-12T09:20:00+05:30,26003.3,26000,2025-12-12T09:20:00+05:30,20.75,41.50,10.00,2025-12-12T15:20:00+05:30,15.9,day_close,2.85,741.00,50.00,691.00,
2025-12-12,TRADED,2025-12-16,PE,25800,NIFTY_25800_PE_16_DEC_25.csv,2025-12-12T09:20:00+05:30,26003.3,26000,2025-12-12T09:20:00+05:30,26.35,52.70,10.00,2025-12-12T15:20:00+05:30,14.7,day_close,9.65,2509.00,50.00,2459.00,
2025-12-15,TRADED,2025-12-16,CE,26100,NIFTY_26100_CE_16_DEC_25.csv,2025-12-15T09:20:00+05:30,25952.3,25950,2025-12-15T09:20:00+05:30,23.15,46.30,10.00,2025-12-15T15:20:00+05:30,26.8,day_close,-5.65,-1469.00,50.00,-1519.00,
2025-12-15,TRADED,2025-12-16,PE,25800,NIFTY_25800_PE_16_DEC_25.csv,2025-12-15T09:20:00+05:30,25952.3,25950,2025-12-15T09:20:00+05:30,23.75,47.50,10.00,2025-12-15T13:04:00+05:30,10.00,target,11.75,3055.00,50.00,3005.00,
2025-12-17,TRADED,2025-12-23,CE,26200,NIFTY_26200_CE_23_DEC_25.csv,2025-12-17T09:20:00+05:30,25873.45,25850,2025-12-17T09:20:00+05:30,28.3,56.60,10.00,2025-12-17T15:20:00+05:30,18.9,day_close,7.40,1924.00,50.00,1874.00,
2025-12-17,TRADED,2025-12-23,PE,25550,NIFTY_25550_PE_23_DEC_25.csv,2025-12-17T09:20:00+05:30,25873.45,25850,2025-12-17T09:20:00+05:30,24.15,48.30,10.00,2025-12-17T15:20:00+05:30,23.75,day_close,-1.60,-416.00,50.00,-466.00,
2025-12-18,TRADED,2025-12-23,CE,26100,NIFTY_26100_CE_23_DEC_25.csv,2025-12-18T09:20:00+05:30,25777.8,25800,2025-12-18T09:20:00+05:30,22.85,45.70,10.00,2025-12-18T15:20:00+05:30,21.15,day_close,-0.30,-78.00,50.00,-128.00,
2025-12-18,TRADED,2025-12-23,PE,25550,NIFTY_25550_PE_23_DEC_25.csv,2025-12-18T09:20:00+05:30,25777.8,25800,2025-12-18T09:20:00+05:30,27.85,55.70,10.00,2025-12-18T15:20:00+05:30,18.95,day_close,6.90,1794.00,50.00,1744.00,
2025-12-19,TRADED,2025-12-23,CE,26150,NIFTY_26150_CE_23_DEC_25.csv,2025-12-19T09:20:00+05:30,25924.1,25900,2025-12-19T09:20:00+05:30,23.55,47.10,10.00,2025-12-19T15:20:00+05:30,18.9,day_close,2.65,689.00,50.00,639.00,
2025-12-19,TRADED,2025-12-23,PE,25700,NIFTY_25700_PE_23_DEC_25.csv,2025-12-19T09:20:00+05:30,25924.1,25900,2025-12-19T09:20:00+05:30,21.2,42.40,10.00,2025-12-19T15:20:00+05:30,11.15,day_close,8.05,2093.00,50.00,2043.00,
2025-12-24,TRADED,2025-12-30,CE,26450,NIFTY_26450_CE_30_DEC_25.csv,2025-12-24T09:20:00+05:30,26200.65,26200,2025-12-24T09:20:00+05:30,28.85,57.70,10.00,2025-12-24T14:22:00+05:30,10.00,target,16.85,4381.00,50.00,4331.00,
2025-12-24,TRADED,2025-12-30,PE,25950,NIFTY_25950_PE_30_DEC_25.csv,2025-12-24T09:20:00+05:30,26200.65,26200,2025-12-24T09:20:00+05:30,25.45,50.90,10.00,2025-12-24T15:20:00+05:30,20.35,day_close,3.10,806.00,50.00,756.00,
2025-12-26,TRADED,2025-12-30,CE,26300,NIFTY_26300_CE_30_DEC_25.csv,2025-12-26T09:20:00+05:30,26128.8,26150,2025-12-26T09:20:00+05:30,21.05,42.10,10.00,2025-12-26T11:12:00+05:30,10.00,target,9.05,2353.00,50.00,2303.00,
2025-12-26,TRADED,2025-12-30,PE,25950,NIFTY_25950_PE_30_DEC_25.csv,2025-12-26T09:20:00+05:30,26128.8,26150,2025-12-26T09:20:00+05:30,20.75,41.50,10.00,2025-12-26T15:20:00+05:30,26.25,day_close,-7.50,-1950.00,50.00,-2000.00,
